<article xmlns:xsi="http://www.w3.org/2001/XMLSchema-instance"
         xmlns:xlink="http://www.w3.org/1999/xlink"
         xmlns:mml="http://www.w3.org/1998/Math/MathML"
         dtd-version="1.0"
         article-type="research-article">
   <front>
      <journal-meta>
         <journal-id journal-id-type="jstor">englhistrevi</journal-id>
         <journal-id journal-id-type="jstor">j100150</journal-id>
         <journal-title-group>
            <journal-title>The English Historical Review</journal-title>
         </journal-title-group>
         <publisher>
            <publisher-name>Oxford University Press</publisher-name>
         </publisher>
         <issn pub-type="ppub">00138266</issn>
         <issn pub-type="epub">14774534</issn>
      </journal-meta>
      <article-meta>
         <article-id pub-id-type="jstor">1562287</article-id>
         <title-group>
            <article-title>Hirelings and Shepherds: Archbishop Berenguer of Narbonne (1191-1211) and the Ideal Bishop</article-title>
         </title-group>
         <contrib-group>
            <contrib contrib-type="author">
               <string-name>
                  <given-names>Elaine</given-names>
                  <surname>Graham-Leigh</surname>
               </string-name>
            </contrib>
         </contrib-group>
         <pub-date>
            <day>1</day>
            <month>11</month>
            <year>2001</year>
         </pub-date>
         <volume>116</volume>
         <issue>469</issue>
         <issue-id>i270364</issue-id>
         <fpage>1083</fpage>
         <lpage>1102</lpage>
         <page-range>1083-1102</page-range>
         <permissions>
            <copyright-statement>Copyright 2001 Oxford University Press</copyright-statement>
         </permissions>
         <self-uri xlink:href="http://www.jstor.org/stable/1562287"/>
         <custom-meta-group>
            <custom-meta>
               <meta-name>lang</meta-name>
               <meta-value>eng</meta-value>
            </custom-meta>
         </custom-meta-group>
      </article-meta>
   </front>
   <back>
      <fn-group>
         <title>[Footnotes]</title>
         <fn id="d27204e114a1310">
            <label>1</label>
            <p>
               <mixed-citation id="d27204e121" publication-type="book">
M. Lambert, The Cathars (Oxford, 1998), p. 73.<person-group>
                     <string-name>
                        <surname>Lambert</surname>
                     </string-name>
                  </person-group>
                  <fpage>73</fpage>
                  <source>The Cathars</source>
                  <year>1998</year>
               </mixed-citation>
            </p>
         </fn>
         <fn id="d27204e146a1310">
            <label>2</label>
            <p>
               <mixed-citation id="d27204e153" publication-type="book">
M. Roquebert, L'épopée cathare, 4 vols (Toulouse, 1970-89), i, upS-1212: I'invasion,
pp. 151-4<person-group>
                     <string-name>
                        <surname>Roquebert</surname>
                     </string-name>
                  </person-group>
                  <fpage>151</fpage>
                  <volume>i</volume>
                  <source>L'épopée cathare</source>
                  <year>1970</year>
               </mixed-citation>
            </p>
            <p>
               <mixed-citation id="d27204e184" publication-type="book">
C. Thouzellier, Catharisme et Valdéisme en Languedoc à la fin du Xlle et au début
du Xllle siècle (Paris, 1966), p. 208<person-group>
                     <string-name>
                        <surname>Thouzellier</surname>
                     </string-name>
                  </person-group>
                  <fpage>208</fpage>
                  <source>Catharisme et Valdéisme en Languedoc à la fin du XIIe et au début du XIIIe siècle</source>
                  <year>1966</year>
               </mixed-citation>
            </p>
            <p>
               <mixed-citation id="d27204e212" publication-type="book">
H. Tillmann, Pope Innocent III, trans. W. Sax (Amsterdam-
New York-Oxford, 1980), pp. 203-11<person-group>
                     <string-name>
                        <surname>Tillmann</surname>
                     </string-name>
                  </person-group>
                  <fpage>203</fpage>
                  <source>Pope Innocent III</source>
                  <year>1980</year>
               </mixed-citation>
            </p>
            <p>
               <mixed-citation id="d27204e241" publication-type="book">
E. Griffe, Le Languedoc cathare de 1190 à 1210 (Paris,
1971), p. 195, pp. 197-8<person-group>
                     <string-name>
                        <surname>Griffe</surname>
                     </string-name>
                  </person-group>
                  <fpage>195</fpage>
                  <source>Le Languedoc cathare de 1190 à 1210</source>
                  <year>1971</year>
               </mixed-citation>
            </p>
            <p>
               <mixed-citation id="d27204e269" publication-type="book">
M. Lambert, Medieval Heresy. Popular movements from the Gregorian
Reform to the Reformation, 2nd ed. (Oxford, 1992), pp. 82-3 and Cathars, p. 65<person-group>
                     <string-name>
                        <surname>Lambert</surname>
                     </string-name>
                  </person-group>
                  <edition>2</edition>
                  <fpage>82</fpage>
                  <source>Medieval Heresy. Popular movements from the Gregorian Reform to the Reformation</source>
                  <year>1992</year>
               </mixed-citation>
            </p>
            <p>
               <mixed-citation id="d27204e300" publication-type="book">
W. L. Wakefield,
Heresy, Crusade and Inquisition in Southern France 1100-1250 (London, 1974), pp. 65-6<person-group>
                     <string-name>
                        <surname>Wakefield</surname>
                     </string-name>
                  </person-group>
                  <fpage>65</fpage>
                  <source>Heresy, Crusade and Inquisition in Southern France 1100-1250</source>
                  <year>1974</year>
               </mixed-citation>
            </p>
            <p>
               <mixed-citation id="d27204e328" publication-type="book">
J. Strayer,
The Albigensian Crusades, 2nd edn. (University of Michigan 1992), pp. 18-9<person-group>
                     <string-name>
                        <surname>Strayer</surname>
                     </string-name>
                  </person-group>
                  <fpage>18</fpage>
                  <source>The Albigensian Crusades</source>
                  <year>1992</year>
               </mixed-citation>
            </p>
            <p>
               <mixed-citation id="d27204e356" publication-type="journal">
B. M. Bolton,
'Tradition and Temerity. Papal Attitudes to Deviants 1159-1216', Studies in Church History9
(1972), 79-91, at 81.<person-group>
                     <string-name>
                        <surname>Bolton</surname>
                     </string-name>
                  </person-group>
                  <fpage>79</fpage>
                  <volume>9</volume>
                  <source>Studies in Church History</source>
                  <year>1972</year>
               </mixed-citation>
            </p>
         </fn>
         <fn id="d27204e391a1310">
            <label>3</label>
            <p>
               <mixed-citation id="d27204e398" publication-type="book">
J. J. Bauer, 'La Corona de Aragón y las Elecciones de Abad en Montearagón durante les siglos
XI al XIV, VII C[ongreso de la] H[istoria de laj C[orona de] A[ragón], 3 vols (Barcelona, 1962), iii,
pp. 9-20, at 13.<person-group>
                     <string-name>
                        <surname>Bauer</surname>
                     </string-name>
                  </person-group>
                  <comment content-type="section">La Corona de Aragón y las Elecciones de Abad en Montearagón durante les siglos XI al XIV</comment>
                  <fpage>9</fpage>
                  <volume>iii</volume>
                  <source>VII C[ongreso de la] H[istoria de la] C[orona de] A[ragón]</source>
                  <year>1962</year>
               </mixed-citation>
            </p>
         </fn>
         <fn id="d27204e436a1310">
            <label>4</label>
            <p>
               <mixed-citation id="d27204e443" publication-type="book">
J. Villanueva, Viage Literario a las Iglesias de Espana, 22 vols (Madrid, 1803-52), xvi, viage a
Lerida, p. 120.<person-group>
                     <string-name>
                        <surname>Villanueva</surname>
                     </string-name>
                  </person-group>
                  <fpage>120</fpage>
                  <volume>xvi</volume>
                  <source>Viage Literario a las Iglesias de Espana</source>
                  <year>1803</year>
               </mixed-citation>
            </p>
         </fn>
         <fn id="d27204e476a1310">
            <label>5</label>
            <p>
               <mixed-citation id="d27204e483" publication-type="journal">
Paris, Bibliotheque Nationale de France, [Collection]Doat, lv, ff. 255-6V<person-group>
                     <string-name>
                        <surname>Paris</surname>
                     </string-name>
                  </person-group>
                  <fpage>255</fpage>
                  <volume>lv</volume>
                  <source>[Collection]Doat</source>
               </mixed-citation>
            </p>
            <p>
               <mixed-citation id="d27204e507" publication-type="book">
G[allia]
C[hristiana in Provincias Ecclesiasticas Distributa], 16 vols (Paris, 1715-1865), vi, instrumenta,
P-49-<fpage>49</fpage>
                  <volume>vi</volume>
                  <source>G[allia] C[hristiana in Provincias Ecclesiasticas Distributa]</source>
                  <year>1715</year>
               </mixed-citation>
            </p>
         </fn>
         <fn id="d27204e533a1310">
            <label>6</label>
            <p>
               <mixed-citation id="d27204e540" publication-type="book">
P[atrologia] L[atinae cursus completus, series latina], ed. J. P. Migne, 221 vols (Paris, 1844-64),
ccxvi, 613-4<fpage>613</fpage>
                  <volume>ccxvi</volume>
                  <source>P[atrologia] L[atinae cursus completus, series latina]</source>
                  <year>1844</year>
               </mixed-citation>
            </p>
            <p>
               <mixed-citation id="d27204e562" publication-type="book">
G. Besse, Histoire des Dues, Marquis et Comtes de Narbonne, autrement appellez Prince
des Goths, Dues de Septimanie et Marquis de Gothie (Paris, 1660), p. 466.<person-group>
                     <string-name>
                        <surname>Besse</surname>
                     </string-name>
                  </person-group>
                  <fpage>466</fpage>
                  <source>Histoire des Dues, Marquis et Comtes de Narbonne, autrement appellez Prince des Goths, Dues de Septimanie et Marquis de Gothie</source>
                  <year>1660</year>
               </mixed-citation>
            </p>
            <p>
               <mixed-citation id="d27204e590" publication-type="book">
R. Foreville, 'Arnauld-Amalric, Archévêque de
Narbonne (1196-1225)' Narbonne archéologie et histoire, XLVe congrès organisé par la Fédération
historique du Languedoc méditerranéen et du Roussillon, 3 vols, ii, Narbonne au moyen age
(Montpellier, 1973), pp. 129-46<person-group>
                     <string-name>
                        <surname>Foreville</surname>
                     </string-name>
                  </person-group>
                  <comment content-type="section">Arnauld-Amalric, Archévêque de Narbonne (1196-1225)</comment>
                  <fpage>129</fpage>
                  <volume>ii</volume>
                  <source>Narbonne archéologie et histoire, XLVe congrès organisé par la Fédération historique du Languedoc méditerranéen et du Roussillon</source>
                  <year>1973</year>
               </mixed-citation>
            </p>
            <p>
               <mixed-citation id="d27204e631" publication-type="journal">
M. A. Cabrer, 'El Venerable Arnaldo Amalrico (1196-1226). Idea
y Reaiidad de un Cisterciense des Cruzades', Hispania Sacraxlviii (1996), 569-92<person-group>
                     <string-name>
                        <surname>Cabrer</surname>
                     </string-name>
                  </person-group>
                  <fpage>569</fpage>
                  <volume>xlviii</volume>
                  <source>Hispania Sacra</source>
                  <year>1996</year>
               </mixed-citation>
            </p>
            <p>
               <mixed-citation id="d27204e662" publication-type="journal">
B. M. Kienzle,
'Innocent III's Papacy and the Crusade Years 1198-1229: Arnauld Amaury, Gui ofVaux-de-Cernay,
Foulque of Toulouse', Heresisxxix (1999), 49-81.<person-group>
                     <string-name>
                        <surname>Kienzle</surname>
                     </string-name>
                  </person-group>
                  <fpage>49</fpage>
                  <volume>xxix</volume>
                  <source>Heresis</source>
                  <year>1999</year>
               </mixed-citation>
            </p>
         </fn>
         <fn id="d27204e697a1310">
            <label>7</label>
            <p>
               <mixed-citation id="d27204e704" publication-type="journal">
cf. Cicero, De Natura Deorum, ed.
H. Rackham (London 1933), 1, 44, 124, pp. 120-1:<person-group>
                     <string-name>
                        <surname>Cicero</surname>
                     </string-name>
                  </person-group>
                  <fpage>120</fpage>
                  <volume>1</volume>
                  <source>De Natura Deorum</source>
                  <year>1933</year>
               </mixed-citation>
            </p>
         </fn>
         <fn id="d27204e736a1310">
            <label>8</label>
            <p>
               <mixed-citation id="d27204e743" publication-type="book">
[Die] Reg[ister Innocenz'III], ed. O. Hageneder, W. Maleczek and A. A. Strnad, 7 vols (Graz,
Rome, Vienna, 1964), edition continues, vi, 81, pp. 127-9, at p. 128<fpage>127</fpage>
                  <volume>vi</volume>
                  <source>[Die] Reg[ister Innocenz'III]</source>
                  <year>1964</year>
               </mixed-citation>
            </p>
            <p>
               <mixed-citation id="d27204e765" publication-type="journal">
PLccxv, 83-4, at 84.<fpage>83</fpage>
                  <volume>ccxv</volume>
                  <source>PL</source>
               </mixed-citation>
            </p>
         </fn>
         <fn id="d27204e781a1310">
            <label>9</label>
            <p>
               <mixed-citation id="d27204e788" publication-type="journal">
PLccxiv, 903-6, at 905.<fpage>903</fpage>
                  <volume>ccxiv</volume>
                  <source>PL</source>
               </mixed-citation>
            </p>
         </fn>
         <fn id="d27204e804a1310">
            <label>10</label>
            <p>
               <mixed-citation id="d27204e811" publication-type="journal">
Reg.vi, 76, pp. 118-22, at p. 119<issue>76</issue>
                  <fpage>118</fpage>
                  <volume>vi</volume>
                  <source>Reg.</source>
               </mixed-citation>
            </p>
            <p>
               <mixed-citation id="d27204e829" publication-type="journal">
PLccxv, 355-7, at 355.<fpage>355</fpage>
                  <volume>ccxv</volume>
                  <source>PL</source>
               </mixed-citation>
            </p>
         </fn>
         <fn id="d27204e846a1310">
            <label>11</label>
            <p>
               <mixed-citation id="d27204e853" publication-type="journal">
PLccxv, 673-4.<fpage>673</fpage>
                  <volume>ccxv</volume>
                  <source>PL</source>
               </mixed-citation>
            </p>
         </fn>
         <fn id="d27204e869a1310">
            <label>12</label>
            <p>
               <mixed-citation id="d27204e876" publication-type="journal">
Reg.i, 81, pp. 119-20<fpage>119</fpage>
                  <volume>i</volume>
                  <source>Reg.</source>
               </mixed-citation>
            </p>
            <p>
               <mixed-citation id="d27204e891" publication-type="journal">
PLccxiv, 71.<fpage>71</fpage>
                  <volume>ccxiv</volume>
                  <source>PL</source>
               </mixed-citation>
            </p>
         </fn>
         <fn id="d27204e907a1310">
            <label>13</label>
            <p>
               <mixed-citation id="d27204e914" publication-type="journal">
PLccxiv, 904.<fpage>904</fpage>
                  <volume>ccxiv</volume>
                  <source>PL</source>
               </mixed-citation>
            </p>
         </fn>
         <fn id="d27204e930a1310">
            <label>14</label>
            <p>
               <mixed-citation id="d27204e937" publication-type="journal">
'mercenarii potius quam pastores'. The biblical translation of mercenarii is 'hirelings',
cf. John 10, 11-16<fpage>11</fpage>
                  <volume>10</volume>
                  <source>PL</source>
               </mixed-citation>
            </p>
            <p>
               <mixed-citation id="d27204e955" publication-type="journal">
sermons on the Good Shepherd by Gregory
the Great, PLlxxvi, 1127-30<person-group>
                     <string-name>
                        <surname>Shepherd</surname>
                     </string-name>
                  </person-group>
                  <fpage>1127</fpage>
                  <volume>lxxvi</volume>
                  <source>PL</source>
               </mixed-citation>
            </p>
            <p>
               <mixed-citation id="d27204e983" publication-type="journal">
St Augustine, PLxxxviii, 760<person-group>
                     <string-name>
                        <surname>Augustine</surname>
                     </string-name>
                  </person-group>
                  <fpage>760</fpage>
                  <volume>xxxviii</volume>
                  <source>PL</source>
               </mixed-citation>
            </p>
            <p>
               <mixed-citation id="d27204e1008" publication-type="journal">
Anselm of Canterbury, PLclviii, 670-3<fpage>670</fpage>
                  <volume>clviii</volume>
                  <source>PL</source>
               </mixed-citation>
            </p>
            <p>
               <mixed-citation id="d27204e1023" publication-type="journal">
Innocent III, PLccxvii, 405-10.<fpage>405</fpage>
                  <volume>ccxvii</volume>
                  <source>PL</source>
               </mixed-citation>
            </p>
            <p>
               <mixed-citation id="d27204e1038" publication-type="journal">
J. M. Powell, 'Pastor Bonus:
Some Evidence of Honorius III's Use ofthe Sermons of Pope Innocent III', SpeculumIii (1977),
522-37.<object-id pub-id-type="doi">10.2307/2854897</object-id>
                  <fpage>522</fpage>
               </mixed-citation>
            </p>
         </fn>
         <fn id="d27204e1057a1310">
            <label>15</label>
            <p>
               <mixed-citation id="d27204e1064" publication-type="book">
J. Mansi, Sacrorum Conciliorum nova et amplissima collecta, 2nd edn. (Graz, 1961), xxii,
pp. 783-94, at p. 785.<person-group>
                     <string-name>
                        <surname>Mansi</surname>
                     </string-name>
                  </person-group>
                  <edition>2</edition>
                  <fpage>783</fpage>
                  <volume>xxii</volume>
                  <source>Sacrorum Conciliorum nova et amplissima collecta</source>
                  <year>1961</year>
               </mixed-citation>
            </p>
         </fn>
         <fn id="d27204e1099a1310">
            <label>16</label>
            <p>
               <mixed-citation id="d27204e1106" publication-type="journal">
PLccxiv, 903-6.<fpage>903</fpage>
                  <volume>ccxiv</volume>
                  <source>PL</source>
               </mixed-citation>
            </p>
         </fn>
         <fn id="d27204e1123a1310">
            <label>17</label>
            <p>
               <mixed-citation id="d27204e1130" publication-type="journal">
Berenguer was repeated in 1204. GC, vi, p. 59.<fpage>59</fpage>
                  <volume>vi</volume>
                  <source>GC</source>
               </mixed-citation>
            </p>
         </fn>
         <fn id="d27204e1146a1310">
            <label>18</label>
            <p>
               <mixed-citation id="d27204e1153" publication-type="journal">
PLccxiv, 905.<fpage>905</fpage>
                  <volume>ccxiv</volume>
                  <source>PL</source>
               </mixed-citation>
            </p>
         </fn>
         <fn id="d27204e1169a1310">
            <label>19</label>
            <p>
               <mixed-citation id="d27204e1176" publication-type="journal">
Ibid.  </mixed-citation>
            </p>
         </fn>
         <fn id="d27204e1185a1310">
            <label>20</label>
            <p>
               <mixed-citation id="d27204e1192" publication-type="journal">
Reg.vi, 81, pp. 127-9, at p. 128.<fpage>127</fpage>
                  <volume>vi</volume>
                  <source>Reg.</source>
               </mixed-citation>
            </p>
         </fn>
         <fn id="d27204e1208a1310">
            <label>21</label>
            <p>
               <mixed-citation id="d27204e1215" publication-type="journal">
Reg.vi 242, pp. 405-7<fpage>405</fpage>
                  <volume>vi</volume>
                  <source>Reg.</source>
               </mixed-citation>
            </p>
            <p>
               <mixed-citation id="d27204e1230" publication-type="journal">
PL215, 273-4.<fpage>215</fpage>
                  <source>PL</source>
               </mixed-citation>
            </p>
         </fn>
         <fn id="d27204e1243a1310">
            <label>22</label>
            <p>
               <mixed-citation id="d27204e1250" publication-type="journal">
GC,vi, p. 59.<fpage>59</fpage>
                  <volume>vi</volume>
                  <source>GC</source>
               </mixed-citation>
            </p>
         </fn>
         <fn id="d27204e1267a1310">
            <label>24</label>
            <p>
               <mixed-citation id="d27204e1274" publication-type="journal">
Reg.vii, 76, pp. 118-22.<fpage>118</fpage>
                  <volume>vii</volume>
                  <source>Reg.</source>
               </mixed-citation>
            </p>
         </fn>
         <fn id="d27204e1290a1310">
            <label>25</label>
            <p>
               <mixed-citation id="d27204e1297" publication-type="journal">
Reg.vii, 78, pp. 126-7<fpage>126</fpage>
                  <volume>vii</volume>
                  <source>Reg.</source>
               </mixed-citation>
            </p>
            <p>
               <mixed-citation id="d27204e1312" publication-type="journal">
PLccxv, 360-61.<fpage>360</fpage>
                  <volume>ccxv</volume>
                  <source>PL</source>
               </mixed-citation>
            </p>
         </fn>
         <fn id="d27204e1328a1310">
            <label>26</label>
            <p>
               <mixed-citation id="d27204e1335" publication-type="book">
C. De Vic and J. Vaissete, Histoire Générale de Languedoc, 16 vols (Toulouse, 1872-92),
2nd edn. (Osnabruck, 1973), viii, pp.509-11.<person-group>
                     <string-name>
                        <surname>De Vic</surname>
                     </string-name>
                  </person-group>
                  <fpage>509</fpage>
                  <volume>viii</volume>
                  <source>Histoire Générale de Languedoc</source>
                  <year>1872</year>
               </mixed-citation>
            </p>
         </fn>
         <fn id="d27204e1367a1310">
            <label>27</label>
            <p>
               <mixed-citation id="d27204e1374" publication-type="journal">
PLccxv, 674-5.<fpage>674</fpage>
                  <volume>ccxv</volume>
                  <source>PL</source>
               </mixed-citation>
            </p>
         </fn>
         <fn id="d27204e1390a1310">
            <label>28</label>
            <p>
               <mixed-citation id="d27204e1397" publication-type="journal">
PLccxv, 883-5, at 884.<fpage>883</fpage>
                  <volume>ccxv</volume>
                  <source>PL</source>
               </mixed-citation>
            </p>
         </fn>
         <fn id="d27204e1413a1310">
            <label>29</label>
            <p>
               <mixed-citation id="d27204e1420" publication-type="journal">
PLccxv, 1164-5.<fpage>1164</fpage>
                  <volume>ccxv</volume>
                  <source>PL</source>
               </mixed-citation>
            </p>
         </fn>
         <fn id="d27204e1437a1310">
            <label>30</label>
            <p>
               <mixed-citation id="d27204e1444" publication-type="journal">
Strayer, Albigensian Crusades, p. 19<person-group>
                     <string-name>
                        <surname>Strayer</surname>
                     </string-name>
                  </person-group>
                  <fpage>19</fpage>
                  <source>Albigensian Crusades</source>
               </mixed-citation>
            </p>
            <p>
               <mixed-citation id="d27204e1465" publication-type="journal">
Bolton, 'Papal attitudes to deviants', 81,
note 3<person-group>
                     <string-name>
                        <surname>Bolton</surname>
                     </string-name>
                  </person-group>
                  <fpage>81</fpage>
                  <source>Papal attitudes to deviants</source>
               </mixed-citation>
            </p>
            <p>
               <mixed-citation id="d27204e1489" publication-type="journal">
Lambert, Cathars, p. 65.<person-group>
                     <string-name>
                        <surname>Lambert</surname>
                     </string-name>
                  </person-group>
                  <fpage>65</fpage>
                  <source>Cathars</source>
               </mixed-citation>
            </p>
         </fn>
         <fn id="d27204e1511a1310">
            <label>31</label>
            <p>
               <mixed-citation id="d27204e1518" publication-type="partial">
notes 124-33.</mixed-citation>
            </p>
         </fn>
         <fn id="d27204e1525a1310">
            <label>32</label>
            <p>
               <mixed-citation id="d27204e1532" publication-type="book">
R. W. Emery, Heresy and Inquisition in Narbonne (New York, 1941), pp. 14-6.<person-group>
                     <string-name>
                        <surname>Emery</surname>
                     </string-name>
                  </person-group>
                  <fpage>14</fpage>
                  <source>Heresy and Inquisition in Narbonne</source>
                  <year>1941</year>
               </mixed-citation>
            </p>
         </fn>
         <fn id="d27204e1557a1310">
            <label>33</label>
            <p>
               <mixed-citation id="d27204e1564" publication-type="book">
H. Onriot, La Collection
Doat à la Bibliothèque Nationale. Documents sur les recherches de Doat de 1663 à 1670 (Paris, 1917).<person-group>
                     <string-name>
                        <surname>Onriot</surname>
                     </string-name>
                  </person-group>
                  <source>La Collection Doat à la Bibliothèque Nationale. Documents sur les recherches de Doat de 1663 à 1670</source>
                  <year>1917</year>
               </mixed-citation>
            </p>
         </fn>
         <fn id="d27204e1589a1310">
            <label>34</label>
            <p>
               <mixed-citation id="d27204e1596" publication-type="book">
G. de Catel, Histoire des Comtes de Tolose (Toulouse, 1623)<person-group>
                     <string-name>
                        <surname>de Catel</surname>
                     </string-name>
                  </person-group>
                  <source>Histoire des Comtes de Tolose</source>
                  <year>1623</year>
               </mixed-citation>
            </p>
            <p>
               <mixed-citation id="d27204e1617" publication-type="book">
Memoires de l'histoire de
Languedoc (Toulouse, 1633).<source>Memoires de l'histoire de Languedoc</source>
                  <year>1633</year>
               </mixed-citation>
            </p>
         </fn>
         <fn id="d27204e1633a1310">
            <label>35</label>
            <p>
               <mixed-citation id="d27204e1640" publication-type="journal">
DoatW, ff. 255-86.<fpage>255</fpage>
                  <volume>lv</volume>
                  <source>Doat</source>
               </mixed-citation>
            </p>
         </fn>
         <fn id="d27204e1657a1310">
            <label>36</label>
            <p>
               <mixed-citation id="d27204e1664" publication-type="journal">
Catel, Memoires, p. 792.<person-group>
                     <string-name>
                        <surname>Catel</surname>
                     </string-name>
                  </person-group>
                  <fpage>792</fpage>
                  <source>Memoires</source>
               </mixed-citation>
            </p>
         </fn>
         <fn id="d27204e1686a1310">
            <label>37</label>
            <p>
               <mixed-citation id="d27204e1693" publication-type="journal">
J. Font y Bayell, 'Alfons el Cast i el Monastir de Sant Cugat de Valles', VII CHCA, ii, 181-94,
at 191.<person-group>
                     <string-name>
                        <surname>Bayell</surname>
                     </string-name>
                  </person-group>
                  <fpage>181</fpage>
                  <volume>ii</volume>
                  <source>VII CHCA</source>
               </mixed-citation>
            </p>
         </fn>
         <fn id="d27204e1722a1310">
            <label>38</label>
            <p>
               <mixed-citation id="d27204e1729" publication-type="journal">
PLccxv, 884.<fpage>884</fpage>
                  <volume>ccxv</volume>
                  <source>PL</source>
               </mixed-citation>
            </p>
         </fn>
         <fn id="d27204e1745a1310">
            <label>39</label>
            <p>
               <mixed-citation id="d27204e1752" publication-type="book">
A. Potthast, Regesta Pontifica Romanorum inde ab annum post Christum natum 1198 ad
annum 1304, 2 vols, 2nd edn. (Graz, 1957), i, 4317, p. 372.<person-group>
                     <string-name>
                        <surname>Potthast</surname>
                     </string-name>
                  </person-group>
                  <edition>2</edition>
                  <fpage>372</fpage>
                  <volume>i</volume>
                  <source>Regesta Pontifica Romanorum inde ab annum post Christum natum 1198 ad annum 1304</source>
                  <year>1957</year>
               </mixed-citation>
            </p>
         </fn>
         <fn id="d27204e1787a1310">
            <label>40</label>
            <p>
               <mixed-citation id="d27204e1794" publication-type="journal">
PLccxvi, 283-4.<fpage>283</fpage>
                  <volume>ccxvi</volume>
                  <source>PL</source>
               </mixed-citation>
            </p>
         </fn>
         <fn id="d27204e1810a1310">
            <label>41</label>
            <p>
               <mixed-citation id="d27204e1817" publication-type="journal">
PLccxv, 884.<fpage>884</fpage>
                  <volume>ccxv</volume>
                  <source>PL</source>
               </mixed-citation>
            </p>
         </fn>
         <fn id="d27204e1834a1310">
            <label>42</label>
            <p>
               <mixed-citation id="d27204e1841" publication-type="journal">
Reg.vii, 76, pp. 119-20<fpage>119</fpage>
                  <volume>vii</volume>
                  <source>Reg.</source>
               </mixed-citation>
            </p>
            <p>
               <mixed-citation id="d27204e1856" publication-type="book">
Cfonciliorum] Ofecumenicorum] Dfecreta], ed. J. Alberigo, J. A.
Dossetti Perikle, P. Joannou, C. Leonardi and P. Prodi, 3rd edn. (Bologna, 1973), pp. 224-5<fpage>224</fpage>
                  <source>C[onciliorum] O[ecumenicorum] D[ecreta]</source>
                  <year>1973</year>
               </mixed-citation>
            </p>
            <p>
               <mixed-citation id="d27204e1874" publication-type="book">
De Vic and Vaissete, viii, pp. 341-3.  <fpage>341</fpage>
               </mixed-citation>
            </p>
         </fn>
         <fn id="d27204e1886a1310">
            <label>43</label>
            <p>
               <mixed-citation id="d27204e1893" publication-type="journal">
PLccxiv, 903-6<fpage>903</fpage>
                  <volume>ccxiv</volume>
                  <source>PL</source>
               </mixed-citation>
            </p>
            <p>
               <mixed-citation id="d27204e1908" publication-type="journal">
Quia omne caput, Reg.vii, 76, pp. 120,121.<fpage>120</fpage>
                  <volume>vii</volume>
                  <source>Quia omne caput, Reg.</source>
               </mixed-citation>
            </p>
         </fn>
         <fn id="d27204e1924a1310">
            <label>44</label>
            <p>
               <mixed-citation id="d27204e1931" publication-type="journal">
Reg.vi, 242, p. 406.<fpage>406</fpage>
                  <volume>vi</volume>
                  <source>Reg.</source>
               </mixed-citation>
            </p>
         </fn>
         <fn id="d27204e1947a1310">
            <label>45</label>
            <p>
               <mixed-citation id="d27204e1954" publication-type="journal">
GC, vi, p. 59.<fpage>59</fpage>
                  <volume>vi</volume>
                  <source>GC</source>
               </mixed-citation>
            </p>
         </fn>
         <fn id="d27204e1970a1310">
            <label>46</label>
            <p>
               <mixed-citation id="d27204e1977" publication-type="book">
De Vic and Vaissète, viii, p. 509  <fpage>509</fpage>
               </mixed-citation>
            </p>
         </fn>
         <fn id="d27204e1989a1310">
            <label>47</label>
            <p>
               <mixed-citation id="d27204e1996" publication-type="journal">
Reg.vi, 241, pp. 403-5<fpage>403</fpage>
                  <volume>vi</volume>
                  <source>Reg.</source>
               </mixed-citation>
            </p>
            <p>
               <mixed-citation id="d27204e2011" publication-type="journal">
PLccxv, 272-3.<fpage>272</fpage>
                  <volume>ccxv</volume>
                  <source>PL</source>
               </mixed-citation>
            </p>
            <p>
               <mixed-citation id="d27204e2026" publication-type="journal">
Reg.i,
pp. 367-71<fpage>367</fpage>
                  <volume>i</volume>
                  <source>Reg.</source>
               </mixed-citation>
            </p>
            <p>
               <mixed-citation id="d27204e2045" publication-type="book">
P. Gabriel, Series Praesulum Maguelonensem et Monspeliensem (Toulouse, 1665),
p. 260.<person-group>
                     <string-name>
                        <surname>Gabriel</surname>
                     </string-name>
                  </person-group>
                  <fpage>260</fpage>
                  <source>Series Praesulum Maguelonensem et Monspeliensem</source>
                  <year>1665</year>
               </mixed-citation>
            </p>
         </fn>
         <fn id="d27204e2075a1310">
            <label>49</label>
            <p>
               <mixed-citation id="d27204e2082" publication-type="journal">
PLccxv, 1165.<fpage>1165</fpage>
                  <volume>ccxv</volume>
                  <source>PL</source>
               </mixed-citation>
            </p>
         </fn>
         <fn id="d27204e2098a1310">
            <label>50</label>
            <p>
               <mixed-citation id="d27204e2105" publication-type="book">
P. de Marca, Marca Hispanica sive Limes Hispanicus, ed. E. Baluze (Paris, 1688), p. 1386.<person-group>
                     <string-name>
                        <surname>de Marca</surname>
                     </string-name>
                  </person-group>
                  <fpage>1386</fpage>
                  <source>Marca Hispanica sive Limes Hispanicus</source>
                  <year>1688</year>
               </mixed-citation>
            </p>
         </fn>
         <fn id="d27204e2130a1310">
            <label>51</label>
            <p>
               <mixed-citation id="d27204e2137" publication-type="journal">
GC, vi, p. 59.<fpage>59</fpage>
                  <volume>vi</volume>
                  <source>GC</source>
               </mixed-citation>
            </p>
         </fn>
         <fn id="d27204e2153a1310">
            <label>52</label>
            <p>
               <mixed-citation id="d27204e2160" publication-type="journal">
Ibid.  </mixed-citation>
            </p>
         </fn>
         <fn id="d27204e2169a1310">
            <label>53</label>
            <p>
               <mixed-citation id="d27204e2176" publication-type="journal">
Doatlv, ff. 281-3v.<fpage>281</fpage>
                  <volume>lv</volume>
                  <source>Doat</source>
               </mixed-citation>
            </p>
         </fn>
         <fn id="d27204e2192a1310">
            <label>54</label>
            <p>
               <mixed-citation id="d27204e2199" publication-type="journal">
Ibid., f. 28IV.  <fpage>281V</fpage>
               </mixed-citation>
            </p>
         </fn>
         <fn id="d27204e2212a1310">
            <label>55</label>
            <p>
               <mixed-citation id="d27204e2219" publication-type="journal">
GC, vi, p. 59.<fpage>59</fpage>
                  <volume>vi</volume>
                  <source>GC</source>
               </mixed-citation>
            </p>
         </fn>
         <fn id="d27204e2235a1310">
            <label>56</label>
            <p>
               <mixed-citation id="d27204e2242" publication-type="journal">
Doatlv, f. 282.<fpage>282</fpage>
                  <volume>lv</volume>
                  <source>Doat</source>
               </mixed-citation>
            </p>
         </fn>
         <fn id="d27204e2258a1310">
            <label>57</label>
            <p>
               <mixed-citation id="d27204e2265" publication-type="journal">
Ibid., ff.247-248v, at 247.  <fpage>247</fpage>
               </mixed-citation>
            </p>
         </fn>
         <fn id="d27204e2277a1310">
            <label>58</label>
            <p>
               <mixed-citation id="d27204e2284" publication-type="journal">
Ibid., f. 247V.  <fpage>247V</fpage>
               </mixed-citation>
            </p>
         </fn>
         <fn id="d27204e2296a1310">
            <label>59</label>
            <p>
               <mixed-citation id="d27204e2303" publication-type="journal">
GC, vi, p. 322<fpage>322</fpage>
                  <volume>vi</volume>
                  <source>GC</source>
               </mixed-citation>
            </p>
         </fn>
         <fn id="d27204e2319a1310">
            <label>60</label>
            <p>
               <mixed-citation id="d27204e2326" publication-type="book">
P. Cabau, 'Foulque, marchand et troubadour de Marseilles, moine et abbé du Thoronet,
évêque de Toulouse (v. 1155/60-25/12/1231)', Les Cisterciens de Languedoc (Xllle-XIVe siècles), ed. E.
Privat, Cahiers de Fanjeaux 21 (Toulouse, 1986), 151-79, at 159.<person-group>
                     <string-name>
                        <surname>Cabau</surname>
                     </string-name>
                  </person-group>
                  <comment content-type="section">Foulque, marchand et troubadour de Marseilles, moine et abbé du Thoronet, évêque de Toulouse (v. 1155/60-25/12/1231)</comment>
                  <fpage>151</fpage>
                  <volume>21</volume>
                  <source>Les Cisterciens de Languedoc (XIIIe-XIVe siècles)</source>
                  <year>1986</year>
               </mixed-citation>
            </p>
         </fn>
         <fn id="d27204e2365a1310">
            <label>61</label>
            <p>
               <mixed-citation id="d27204e2372" publication-type="journal">
Reg.vi, 81, pp. 127-8.<fpage>127</fpage>
                  <volume>vi</volume>
                  <source>Reg.</source>
               </mixed-citation>
            </p>
         </fn>
         <fn id="d27204e2388a1310">
            <label>62</label>
            <p>
               <mixed-citation id="d27204e2395" publication-type="journal">
Ibid., p. 128.  <fpage>128</fpage>
               </mixed-citation>
            </p>
         </fn>
         <fn id="d27204e2407a1310">
            <label>63</label>
            <p>
               <mixed-citation id="d27204e2414" publication-type="journal">
PLccxiv, 903-6.<fpage>903</fpage>
                  <volume>ccxiv</volume>
                  <source>PL</source>
               </mixed-citation>
            </p>
         </fn>
         <fn id="d27204e2430a1310">
            <label>64</label>
            <p>
               <mixed-citation id="d27204e2437" publication-type="journal">
A. Duran Gudiol, 'Garcia de Gudal Obispo de Huesca y Jaca (1201-1236)', Hispania Sacraxii
(1959), 291-331, at 319-20.<person-group>
                     <string-name>
                        <surname>Gudiol</surname>
                     </string-name>
                  </person-group>
                  <fpage>291</fpage>
                  <volume>xii</volume>
                  <source>Hispania Sacra</source>
                  <year>1959</year>
               </mixed-citation>
            </p>
         </fn>
         <fn id="d27204e2469a1310">
            <label>65</label>
            <p>
               <mixed-citation id="d27204e2476" publication-type="journal">
Villanueva, Viage Literario, xvi, p. 119.<person-group>
                     <string-name>
                        <surname>Villanueva</surname>
                     </string-name>
                  </person-group>
                  <fpage>119</fpage>
                  <volume>xvi</volume>
                  <source>Viage Literario</source>
               </mixed-citation>
            </p>
         </fn>
         <fn id="d27204e2501a1310">
            <label>66</label>
            <p>
               <mixed-citation id="d27204e2508" publication-type="journal">
Duran Gudiol, 'Garcia de Gudal', 320.<person-group>
                     <string-name>
                        <surname>Gudiol</surname>
                     </string-name>
                  </person-group>
                  <fpage>320</fpage>
                  <source>Garcia de Gudal</source>
               </mixed-citation>
            </p>
         </fn>
         <fn id="d27204e2531a1310">
            <label>67</label>
            <p>
               <mixed-citation id="d27204e2538" publication-type="journal">
Ibid., 319.  <fpage>319</fpage>
               </mixed-citation>
            </p>
         </fn>
         <fn id="d27204e2550a1310">
            <label>68</label>
            <p>
               <mixed-citation id="d27204e2557" publication-type="book">
A. Ubieto Arleta, 'Disputas entre les Obispados de Huesca y Lérida en el siglo XII\ Estudios
de Edad Media de la Corona de Aragón, 2 vols (Zaragoza, 1946), ii, 187-240 at 214-15<person-group>
                     <string-name>
                        <surname>Arleta</surname>
                     </string-name>
                  </person-group>
                  <comment content-type="section">Disputas entre les Obispados de Huesca y Lérida en el siglo XII</comment>
                  <fpage>187</fpage>
                  <volume>ii</volume>
                  <source>Estudios de Edad Media de la Corona de Aragón</source>
                  <year>1946</year>
               </mixed-citation>
            </p>
            <p>
               <mixed-citation id="d27204e2591" publication-type="journal">
Duran
Gudiol, 'Garcia de Gudal', 308.<person-group>
                     <string-name>
                        <surname>Gudiol</surname>
                     </string-name>
                  </person-group>
                  <fpage>308</fpage>
                  <source>Garcia de Gudal</source>
               </mixed-citation>
            </p>
         </fn>
         <fn id="d27204e2616a1310">
            <label>69</label>
            <p>
               <mixed-citation id="d27204e2623" publication-type="book">
R. C. Figueria, 'Papal
reserved powers and the limitations on legatine authority', in Popes, Teachers and Canon Law in the
Middle Ages, ed. J. R. Sweeney and S. Chodorow (New York, 1989), pp. 191-211<person-group>
                     <string-name>
                        <surname>Figueria</surname>
                     </string-name>
                  </person-group>
                  <comment content-type="section">Papal reserved powers and the limitations on legatine authority</comment>
                  <fpage>191</fpage>
                  <source>Popes, Teachers and Canon Law in the Middle Ages</source>
                  <year>1989</year>
               </mixed-citation>
            </p>
            <p>
               <mixed-citation id="d27204e2657" publication-type="journal">
K. Pennington,
'Johannes Teutonicus and Papal Legates', Archivum Historiae Pontificiae21 (1983), 183-94.<person-group>
                     <string-name>
                        <surname>Pennington</surname>
                     </string-name>
                  </person-group>
                  <fpage>183</fpage>
                  <volume>21</volume>
                  <source>Archivum Historiae Pontificiae</source>
                  <year>1983</year>
               </mixed-citation>
            </p>
         </fn>
         <fn id="d27204e2689a1310">
            <label>70</label>
            <p>
               <mixed-citation id="d27204e2696" publication-type="journal">
Reg.i, 93, pp. 134-5<fpage>134</fpage>
                  <volume>i</volume>
                  <source>Reg.</source>
               </mixed-citation>
            </p>
            <p>
               <mixed-citation id="d27204e2711" publication-type="journal">
PLccxiv, 81-3.<fpage>81</fpage>
                  <volume>ccxiv</volume>
                  <source>PL</source>
               </mixed-citation>
            </p>
         </fn>
         <fn id="d27204e2727a1310">
            <label>71</label>
            <p>
               <mixed-citation id="d27204e2734" publication-type="journal">
Reg.ii, 113, pp. 237-8, at p. 238<fpage>237</fpage>
                  <volume>ii</volume>
                  <source>Reg.</source>
               </mixed-citation>
            </p>
            <p>
               <mixed-citation id="d27204e2749" publication-type="journal">
PLccxiv, 676-7.<fpage>676</fpage>
                  <volume>ccxiv</volume>
                  <source>PL</source>
               </mixed-citation>
            </p>
         </fn>
         <fn id="d27204e2765a1310">
            <label>72</label>
            <p>
               <mixed-citation id="d27204e2772" publication-type="journal">
Reg.vii, 77, pp. 122-6, at pp. 125-6<fpage>122</fpage>
                  <volume>vii</volume>
                  <source>Reg.</source>
               </mixed-citation>
            </p>
            <p>
               <mixed-citation id="d27204e2787" publication-type="journal">
PLccxv, 360.<fpage>360</fpage>
                  <volume>ccxv</volume>
                  <source>PL</source>
               </mixed-citation>
            </p>
         </fn>
         <fn id="d27204e2804a1310">
            <label>73</label>
            <p>
               <mixed-citation id="d27204e2811" publication-type="journal">
Reg.vi, 241, pp. 403-5.<fpage>403</fpage>
                  <volume>vi</volume>
                  <source>Reg.</source>
               </mixed-citation>
            </p>
         </fn>
         <fn id="d27204e2827a1310">
            <label>74</label>
            <p>
               <mixed-citation id="d27204e2834" publication-type="journal">
Reg.vi, 242, pp. 406-7.<fpage>406</fpage>
                  <volume>vi</volume>
                  <source>Reg.</source>
               </mixed-citation>
            </p>
         </fn>
         <fn id="d27204e2850a1310">
            <label>75</label>
            <p>
               <mixed-citation id="d27204e2857" publication-type="book">
De Vic and Vaissete, viii, pp. 510-11.  <fpage>510</fpage>
               </mixed-citation>
            </p>
         </fn>
         <fn id="d27204e2869a1310">
            <label>76</label>
            <p>
               <mixed-citation id="d27204e2876" publication-type="journal">
Bolton, 'Papal attitudes to deviants', 81.<person-group>
                     <string-name>
                        <surname>Bolton</surname>
                     </string-name>
                  </person-group>
                  <fpage>81</fpage>
                  <source>Papal attitudes to deviants</source>
               </mixed-citation>
            </p>
         </fn>
         <fn id="d27204e2898a1310">
            <label>77</label>
            <p>
               <mixed-citation id="d27204e2905" publication-type="journal">
Lambert, Medieval Heresy, pp. 82-3.<person-group>
                     <string-name>
                        <surname>Lambert</surname>
                     </string-name>
                  </person-group>
                  <fpage>82</fpage>
                  <source>Medieval Heresy</source>
               </mixed-citation>
            </p>
         </fn>
         <fn id="d27204e2927a1310">
            <label>78</label>
            <p>
               <mixed-citation id="d27204e2934" publication-type="book">
P. Kehr, Papsturkunden [in Spanien Vorabeiten zur Hispania Pontifica], 2 vols (Berlin,
1926-28), ii, Navarra undAragdn, p. 524<person-group>
                     <string-name>
                        <surname>Kehr</surname>
                     </string-name>
                  </person-group>
                  <fpage>524</fpage>
                  <volume>ii</volume>
                  <source>Papsturkunden [in Spanien Vorabeiten zur Hispania Pontifica]</source>
                  <year>1926</year>
               </mixed-citation>
            </p>
            <p>
               <mixed-citation id="d27204e2965" publication-type="journal">
Duran Gudiol, 'Garcia de Gudal', 319-20.<person-group>
                     <string-name>
                        <surname>Gudiol</surname>
                     </string-name>
                  </person-group>
                  <fpage>319</fpage>
                  <source>Garcia de Gudal</source>
               </mixed-citation>
            </p>
         </fn>
         <fn id="d27204e2988a1310">
            <label>79</label>
            <p>
               <mixed-citation id="d27204e2995" publication-type="book">
J. Lladonosa Pujol, Lérida Medieval, 2 vols (Lerida, 1974), i, siglos XII-XIII, pp. 28-9.<person-group>
                     <string-name>
                        <surname>Pujol</surname>
                     </string-name>
                  </person-group>
                  <fpage>28</fpage>
                  <volume>i</volume>
                  <source>Lérida Medieval</source>
                  <year>1974</year>
               </mixed-citation>
            </p>
         </fn>
         <fn id="d27204e3024a1310">
            <label>80</label>
            <p>
               <mixed-citation id="d27204e3031" publication-type="journal">
Kehr, Papsturkunden, i, Katolonien, pp. 504-5.<person-group>
                     <string-name>
                        <surname>Kehr</surname>
                     </string-name>
                  </person-group>
                  <fpage>504</fpage>
                  <volume>i</volume>
                  <source>Papsturkunden</source>
               </mixed-citation>
            </p>
         </fn>
         <fn id="d27204e3056a1310">
            <label>81</label>
            <p>
               <mixed-citation id="d27204e3063" publication-type="journal">
Ibid., p. 519.  <fpage>519</fpage>
               </mixed-citation>
            </p>
         </fn>
         <fn id="d27204e3075a1310">
            <label>82</label>
            <p>
               <mixed-citation id="d27204e3082" publication-type="journal">
Ibid., pp. 534-5.  <fpage>534</fpage>
               </mixed-citation>
            </p>
         </fn>
         <fn id="d27204e3094a1310">
            <label>83</label>
            <p>
               <mixed-citation id="d27204e3101" publication-type="journal">
Ibid., pp. 538-9.  <fpage>538</fpage>
               </mixed-citation>
            </p>
         </fn>
         <fn id="d27204e3113a1310">
            <label>84</label>
            <p>
               <mixed-citation id="d27204e3120" publication-type="journal">
Villanueva, Viage Literario, xvi, pp. 275-7.<person-group>
                     <string-name>
                        <surname>Villanueva</surname>
                     </string-name>
                  </person-group>
                  <fpage>275</fpage>
                  <volume>xvi</volume>
                  <source>Viage Literario</source>
               </mixed-citation>
            </p>
         </fn>
         <fn id="d27204e3146a1310">
            <label>85</label>
            <p>
               <mixed-citation id="d27204e3153" publication-type="journal">
Ibid., p. 121.  <fpage>121</fpage>
               </mixed-citation>
            </p>
         </fn>
         <fn id="d27204e3165a1310">
            <label>86</label>
            <p>
               <mixed-citation id="d27204e3172" publication-type="journal">
R. P. Angeli Manrique, Annales Cisterciensis, 4 vols (Lyons, 1642), ii, p. 120.<person-group>
                     <string-name>
                        <surname>Manrique</surname>
                     </string-name>
                  </person-group>
                  <fpage>120</fpage>
                  <volume>ii</volume>
                  <source>Annales Cisterciensis</source>
                  <year>1642</year>
               </mixed-citation>
            </p>
         </fn>
         <fn id="d27204e3201a1310">
            <label>87</label>
            <p>
               <mixed-citation id="d27204e3208" publication-type="journal">
Emery, Heresy, p. 55.<person-group>
                     <string-name>
                        <surname>Emery</surname>
                     </string-name>
                  </person-group>
                  <fpage>55</fpage>
                  <source>Heresy</source>
               </mixed-citation>
            </p>
         </fn>
         <fn id="d27204e3230a1310">
            <label>88</label>
            <p>
               <mixed-citation id="d27204e3237" publication-type="journal">
Ibid., pp. 55-6.  <fpage>55</fpage>
               </mixed-citation>
            </p>
         </fn>
         <fn id="d27204e3249a1310">
            <label>89</label>
            <p>
               <mixed-citation id="d27204e3256" publication-type="journal">
Doatlv, ff. 269-74V.<fpage>269</fpage>
                  <volume>lv</volume>
                  <source>Doat</source>
               </mixed-citation>
            </p>
         </fn>
         <fn id="d27204e3272a1310">
            <label>90</label>
            <p>
               <mixed-citation id="d27204e3279" publication-type="partial">
De Vic and Vaissète, vi, p. 657.</mixed-citation>
            </p>
            <p>
               <mixed-citation id="d27204e3285" publication-type="journal">
J.
Caille, 'Origine et development de la seigneurie temporelle de l'Archeveque dans la ville et terroir de
Narbonne', Narbonne archéologie et histoire, 9-36.<person-group>
                     <string-name>
                        <surname>Caille</surname>
                     </string-name>
                  </person-group>
                  <fpage>9</fpage>
                  <source>Narbonne archéologie et histoire</source>
               </mixed-citation>
            </p>
         </fn>
         <fn id="d27204e3315a1310">
            <label>91</label>
            <p>
               <mixed-citation id="d27204e3322" publication-type="journal">
Catel, Memoires, p. 792.<person-group>
                     <string-name>
                        <surname>Catel</surname>
                     </string-name>
                  </person-group>
                  <fpage>792</fpage>
                  <source>Memoires</source>
               </mixed-citation>
            </p>
         </fn>
         <fn id="d27204e3344a1310">
            <label>92</label>
            <p>
               <mixed-citation id="d27204e3351" publication-type="journal">
Foreville, 'Arnauld Amalric', 1314<person-group>
                     <string-name>
                        <surname>Foreville</surname>
                     </string-name>
                  </person-group>
                  <fpage>131</fpage>
                  <source>Arnauld Amalric</source>
               </mixed-citation>
            </p>
            <p>
               <mixed-citation id="d27204e3372" publication-type="journal">
Emery, Heresy, pp. 60-2.<person-group>
                     <string-name>
                        <surname>Emery</surname>
                     </string-name>
                  </person-group>
                  <fpage>60</fpage>
                  <source>Heresy</source>
               </mixed-citation>
            </p>
         </fn>
         <fn id="d27204e3394a1310">
            <label>93</label>
            <p>
               <mixed-citation id="d27204e3401" publication-type="journal">
Bauer, Elecciones de Abad de Montearagón , 12-3.<person-group>
                     <string-name>
                        <surname>Bauer</surname>
                     </string-name>
                  </person-group>
                  <fpage>12</fpage>
                  <source>Elecciones de Abad de Montearagón</source>
               </mixed-citation>
            </p>
         </fn>
         <fn id="d27204e3423a1310">
            <label>94</label>
            <p>
               <mixed-citation id="d27204e3430" publication-type="journal">
Ibid., 9.  <fpage>9</fpage>
               </mixed-citation>
            </p>
         </fn>
         <fn id="d27204e3442a1310">
            <label>95</label>
            <p>
               <mixed-citation id="d27204e3449" publication-type="book">
J. Ventura, Alfons el Cast, El Primer Comte-Rei (Barcelona, 1961), p. 190.<person-group>
                     <string-name>
                        <surname>Ventura</surname>
                     </string-name>
                  </person-group>
                  <fpage>190</fpage>
                  <source>Alfons el Cast, El Primer Comte-Rei</source>
                  <year>1961</year>
               </mixed-citation>
            </p>
            <p>
               <mixed-citation id="d27204e3473" publication-type="book">
Ripoll, P. E. Schramm, J. F. Cabestany and E.
Bague, Els Primers Comtes-Reis: Ramon Berenguer IV, Alfons el Cast, Pere el Catolic (Barcelona,
1960), p. 35<person-group>
                     <string-name>
                        <surname>Ripoll</surname>
                     </string-name>
                  </person-group>
                  <fpage>35</fpage>
                  <source>Els Primers Comtes-Reis: Ramon Berenguer IV, Alfons el Cast, Pere el Catolic</source>
                  <year>1960</year>
               </mixed-citation>
            </p>
            <p>
               <mixed-citation id="d27204e3504" publication-type="book">
Cistercian house of Poblet, Cartulari de Poblet.
Edició del Manuscrit de Tarragona, Institut d'Estudis Catalans (Barcelona, 1938) 29, pp. 11-12.<person-group>
                     <string-name>
                        <surname>Cistercian house of Poblet</surname>
                     </string-name>
                  </person-group>
                  <fpage>11</fpage>
                  <volume>29</volume>
                  <source>Cartulari de Poblet. Edició del Manuscrit de Tarragona, Institut d'Estudis Catalans</source>
                  <year>1938</year>
               </mixed-citation>
            </p>
         </fn>
         <fn id="d27204e3536a1310">
            <label>96</label>
            <p>
               <mixed-citation id="d27204e3543" publication-type="journal">
E. Lourie, 'The Will of Alfonso I
'El Batallador'. A Reassessment of Aragon and Navarre', Speculum1 (1975), 635-51.<object-id pub-id-type="doi">10.2307/2855471</object-id>
                  <fpage>635</fpage>
               </mixed-citation>
            </p>
         </fn>
         <fn id="d27204e3560a1310">
            <label>97</label>
            <p>
               <mixed-citation id="d27204e3567" publication-type="journal">
Ventura, Alfons el Cast, p. 190.<person-group>
                     <string-name>
                        <surname>Ventura</surname>
                     </string-name>
                  </person-group>
                  <fpage>190</fpage>
                  <source>Alfons el Cast</source>
               </mixed-citation>
            </p>
         </fn>
         <fn id="d27204e3589a1310">
            <label>98</label>
            <p>
               <mixed-citation id="d27204e3596" publication-type="journal">
Bauer, Elecciones de Abad de Montearagón , 13.<person-group>
                     <string-name>
                        <surname>Bauer</surname>
                     </string-name>
                  </person-group>
                  <fpage>13</fpage>
                  <source>Elecciones de Abad de Montearagón</source>
               </mixed-citation>
            </p>
         </fn>
         <fn id="d27204e3618a1310">
            <label>99</label>
            <p>
               <mixed-citation id="d27204e3625" publication-type="book">
C. Higounet, 'Un grand chapitre de l'histoire du Xlle siècle: la rivalrie des
maisons de Toulouse et de Barcelone pour la prépondérance méridonale', Mélanges de l'histoire du
moyen âge à la memoire de Louis Halpen (Paris, 1951), pp. 313-22, at 320<person-group>
                     <string-name>
                        <surname>Higounet</surname>
                     </string-name>
                  </person-group>
                  <comment content-type="section">Un grand chapitre de l'histoire du XIIe siècle: la rivalrie des maisons de Toulouse et de Barcelone pour la prépondérance méridonale</comment>
                  <fpage>313</fpage>
                  <source>Mélanges de l'histoire du moyen âge à la memoire de Louis Halpen</source>
                  <year>1951</year>
               </mixed-citation>
            </p>
            <p>
               <mixed-citation id="d27204e3659" publication-type="book">
Cabestany, 'Alfons el Cast'
in Schramm et al, Comtes-Reis, 73<person-group>
                     <string-name>
                        <surname>Cabestany</surname>
                     </string-name>
                  </person-group>
                  <comment content-type="section">Alfons el Cast</comment>
                  <fpage>73</fpage>
                  <source>Comtes-Reis</source>
               </mixed-citation>
            </p>
            <p>
               <mixed-citation id="d27204e3687" publication-type="journal">
Ventura, Alfons el Cast, p. 269<person-group>
                     <string-name>
                        <surname>Ventura</surname>
                     </string-name>
                  </person-group>
                  <fpage>269</fpage>
                  <source>Alfons el Cast</source>
               </mixed-citation>
            </p>
            <p>
               <mixed-citation id="d27204e3709" publication-type="book">
J. Shideler, A Medieval
Catalan Noble Family: The Montcadas 1000-1230 (Berkeley 1983), p. 115.<person-group>
                     <string-name>
                        <surname>Shideler</surname>
                     </string-name>
                  </person-group>
                  <fpage>115</fpage>
                  <source>A Medieval Catalan Noble Family: The Montcadas 1000-1230</source>
                  <year>1983</year>
               </mixed-citation>
            </p>
         </fn>
         <fn id="d27204e3738a1310">
            <label>100</label>
            <p>
               <mixed-citation id="d27204e3745" publication-type="partial">
De Vic and Vaissète, iii, p. 726.</mixed-citation>
            </p>
         </fn>
         <fn id="d27204e3752a1310">
            <label>101</label>
            <p>
               <mixed-citation id="d27204e3759" publication-type="partial">
Ibid., vi, p. 139.</mixed-citation>
            </p>
         </fn>
         <fn id="d27204e3766a1310">
            <label>102</label>
            <p>
               <mixed-citation id="d27204e3773" publication-type="journal">
Doatxlviii, ff. 3435v.<fpage>34</fpage>
                  <volume>xlviii</volume>
                  <source>Doat</source>
               </mixed-citation>
            </p>
            <p>
               <mixed-citation id="d27204e3788" publication-type="journal">
J. Caille, 'Les Seigneurs de Narbonne
dans le conflit Toulouse-Barcelone au Xlle siecle', Annales du MidiIxxxxvii (1985), 227-44<person-group>
                     <string-name>
                        <surname>Caille</surname>
                     </string-name>
                  </person-group>
                  <fpage>227</fpage>
                  <volume>lxxxxvii</volume>
                  <source>Annales du Midi</source>
                  <year>1985</year>
               </mixed-citation>
            </p>
            <p>
               <mixed-citation id="d27204e3819" publication-type="book">
'Ermengarde, vicomtesse de Narbonne (1127/1129-1196/97), une grande figure féminine du Midi
aristocratique', Lafemme dans l'histoire et la société méridionales. Actes du 66 congrès de la FHLMR
(Narbonne, 1994) (Narbonne, 1995), 9-50.<comment content-type="section">Ermengarde, vicomtesse de Narbonne (1127/1129-1196/97), une grande figure féminine du Midi aristocratique</comment>
                  <fpage>9</fpage>
                  <source>La femme dans l'histoire et la société méridionales. Actes du 66 congrès de la FHLMR (Narbonne, 1994)</source>
                  <year>1995</year>
               </mixed-citation>
            </p>
         </fn>
         <fn id="d27204e3846a1310">
            <label>103</label>
            <p>
               <mixed-citation id="d27204e3853" publication-type="journal">
Cartulari de Poblet, 30, p. 12.<fpage>12</fpage>
                  <volume>30</volume>
                  <source>Cartulari de Poblet</source>
               </mixed-citation>
            </p>
         </fn>
         <fn id="d27204e3869a1310">
            <label>104</label>
            <p>
               <mixed-citation id="d27204e3876" publication-type="journal">
Pierre des Vaux de Cernay, Historia Albigensis, PLccxiii, lxvi, 653.<person-group>
                     <string-name>
                        <surname>de Cernay</surname>
                     </string-name>
                  </person-group>
                  <fpage>653</fpage>
                  <volume>ccxiii</volume>
                  <source>Historia Albigensis, PL</source>
               </mixed-citation>
            </p>
         </fn>
         <fn id="d27204e3901a1310">
            <label>105</label>
            <p>
               <mixed-citation id="d27204e3908" publication-type="journal">
De Marca, Marca Hispanica, p. 1384<person-group>
                     <string-name>
                        <surname>De Marca</surname>
                     </string-name>
                  </person-group>
                  <fpage>1384</fpage>
                  <source>Marca Hispanica</source>
               </mixed-citation>
            </p>
            <p>
               <mixed-citation id="d27204e3929" publication-type="book">
C. Compayre, Etudes historiques et documents inédits
sur l'Albigeois, le Castrais et l'ancien diocèse de Lavaur (Albi, 1841), p. 227.<person-group>
                     <string-name>
                        <surname>Compayre</surname>
                     </string-name>
                  </person-group>
                  <fpage>227</fpage>
                  <source>Etudes historiques et documents inédits sur l'Albigeois, le Castrais et l'ancien diocèse de Lavaur</source>
                  <year>1841</year>
               </mixed-citation>
            </p>
         </fn>
         <fn id="d27204e3958a1310">
            <label>106</label>
            <p>
               <mixed-citation id="d27204e3965" publication-type="other">
D. Smith, 'Innocent III and Aragon-
Catalonia. Studies on Papal Power', Ph.D. thesis (University of Birmingham, 1997), pp. 94-165</mixed-citation>
            </p>
            <p>
               <mixed-citation id="d27204e3974" publication-type="journal">
'Peter II of Aragon, Innocent III and the Albigensian crusade', Innocentius Papa III: Urbs et Orbis,
forthcoming.<source>Innocentius Papa III: Urbs et Orbis</source>
               </mixed-citation>
            </p>
            <p>
               <mixed-citation id="d27204e3986" publication-type="book">
T. N.
Bisson, The Medieval Crown of Aragon, A Short History (Oxford, 1986), p. 49<person-group>
                     <string-name>
                        <surname>Bisson</surname>
                     </string-name>
                  </person-group>
                  <fpage>49</fpage>
                  <source>The Medieval Crown of Aragon, A Short History</source>
                  <year>1986</year>
               </mixed-citation>
            </p>
            <p>
               <mixed-citation id="d27204e4015" publication-type="book">
J. Ventura, Pere el
Catolic i Simó de Montfort (Barcelona, 1960), pp. 193-6<person-group>
                     <string-name>
                        <surname>Ventura</surname>
                     </string-name>
                  </person-group>
                  <fpage>193</fpage>
                  <source>Pere el Catolic i Simó de Montfort</source>
                  <year>1960</year>
               </mixed-citation>
            </p>
            <p>
               <mixed-citation id="d27204e4043" publication-type="book">
Bagué, 'Pere el Catolic', in Schramm etal,
Comtes-Reis, 103-45, at I23&gt;<person-group>
                     <string-name>
                        <surname>Bagué</surname>
                     </string-name>
                  </person-group>
                  <comment content-type="section">Pere el Catolic</comment>
                  <fpage>103</fpage>
                  <source>Comtes-Reis</source>
               </mixed-citation>
            </p>
         </fn>
         <fn id="d27204e4072a1310">
            <label>107</label>
            <p>
               <mixed-citation id="d27204e4079" publication-type="book">
D. Mansilla, La Documentacion Pontifica hasto Inocencio III (965-1216) (Rome, 1955),
p. 429.<person-group>
                     <string-name>
                        <surname>Mansilla</surname>
                     </string-name>
                  </person-group>
                  <fpage>429</fpage>
                  <source>La Documentacion Pontifica hasto Inocencio III (965-1216)</source>
                  <year>1955</year>
               </mixed-citation>
            </p>
         </fn>
         <fn id="d27204e4108a1310">
            <label>108</label>
            <p>
               <mixed-citation id="d27204e4115" publication-type="journal">
PLccxvi, 171-2.<fpage>171</fpage>
                  <volume>ccxvi</volume>
                  <source>PL</source>
               </mixed-citation>
            </p>
            <p>
               <mixed-citation id="d27204e4130" publication-type="journal">
PLccxvi, 173.<fpage>173</fpage>
                  <volume>ccxvi</volume>
                  <source>PL</source>
               </mixed-citation>
            </p>
         </fn>
         <fn id="d27204e4147a1310">
            <label>109</label>
            <p>
               <mixed-citation id="d27204e4154" publication-type="journal">
Paris, Bibliotheque Nationale de France, Collection Baluzelxxxi, f. 25<person-group>
                     <string-name>
                        <surname>Paris</surname>
                     </string-name>
                  </person-group>
                  <fpage>25</fpage>
                  <volume>lxxxi</volume>
                  <source>Collection Baluze</source>
               </mixed-citation>
            </p>
            <p>
               <mixed-citation id="d27204e4178" publication-type="journal">
Doatlxxv, fF.16-18.<fpage>16</fpage>
                  <volume>lxxv</volume>
                  <source>Doat</source>
               </mixed-citation>
            </p>
         </fn>
         <fn id="d27204e4194a1310">
            <label>110</label>
            <p>
               <mixed-citation id="d27204e4201" publication-type="journal">
Pierre des Vaux, xlvii, 603-4.  <fpage>16</fpage>
               </mixed-citation>
            </p>
         </fn>
         <fn id="d27204e4213a1310">
            <label>111</label>
            <p>
               <mixed-citation id="d27204e4220" publication-type="journal">
Ibid., xxvi, 576.  <fpage>576</fpage>
               </mixed-citation>
            </p>
         </fn>
         <fn id="d27204e4232a1310">
            <label>112</label>
            <p>
               <mixed-citation id="d27204e4239" publication-type="journal">
Baluze lxxxi, f. 25.  </mixed-citation>
            </p>
         </fn>
         <fn id="d27204e4248a1310">
            <label>113</label>
            <p>
               <mixed-citation id="d27204e4255" publication-type="book">
C. B. Bouchard, Spirituality and Administration. The Role of the Bishop in Twelfth-Century
Auxerre (Cambridge, Mass., 1979), pp. 142-3.<person-group>
                     <string-name>
                        <surname>Bouchard</surname>
                     </string-name>
                  </person-group>
                  <fpage>142</fpage>
                  <source>Spirituality and Administration. The Role of the Bishop in Twelfth-Century Auxerre</source>
                  <year>1979</year>
               </mixed-citation>
            </p>
         </fn>
         <fn id="d27204e4284a1310">
            <label>114</label>
            <p>
               <mixed-citation id="d27204e4291" publication-type="book">
Ibid., p. 139.  <fpage>139</fpage>
               </mixed-citation>
            </p>
         </fn>
         <fn id="d27204e4304a1310">
            <label>115</label>
            <p>
               <mixed-citation id="d27204e4311" publication-type="book">
Ibid., p. 144.  <fpage>144</fpage>
               </mixed-citation>
            </p>
         </fn>
         <fn id="d27204e4323a1310">
            <label>116</label>
            <p>
               <mixed-citation id="d27204e4330" publication-type="journal">
Lladonosa Pujol, Lérida Medieval, p. 28.<person-group>
                     <string-name>
                        <surname>Pujol</surname>
                     </string-name>
                  </person-group>
                  <fpage>28</fpage>
                  <source>Lérida Medieval</source>
               </mixed-citation>
            </p>
         </fn>
         <fn id="d27204e4352a1310">
            <label>117</label>
            <p>
               <mixed-citation id="d27204e4359" publication-type="journal">
Villanueva, Viage Literario, p. 122.<person-group>
                     <string-name>
                        <surname>Villanueva</surname>
                     </string-name>
                  </person-group>
                  <fpage>122</fpage>
                  <source>Viage Literario</source>
               </mixed-citation>
            </p>
         </fn>
         <fn id="d27204e4381a1310">
            <label>118</label>
            <p>
               <mixed-citation id="d27204e4388" publication-type="journal">
Doatlv, ff. 255-256<fpage>255</fpage>
                  <volume>lv</volume>
                  <source>Doat</source>
               </mixed-citation>
            </p>
            <p>
               <mixed-citation id="d27204e4403" publication-type="journal">
GC, vi, instrumenta, p. 49.<fpage>49</fpage>
                  <volume>vi</volume>
                  <source>GC</source>
               </mixed-citation>
            </p>
         </fn>
         <fn id="d27204e4419a1310">
            <label>119</label>
            <p>
               <mixed-citation id="d27204e4426" publication-type="journal">
Doatlv, ff. 275-8, 275v.<fpage>275</fpage>
                  <volume>lv</volume>
                  <source>Doat</source>
               </mixed-citation>
            </p>
         </fn>
         <fn id="d27204e4442a1310">
            <label>120</label>
            <p>
               <mixed-citation id="d27204e4449" publication-type="journal">
Emery, Heresy, p. 56.<person-group>
                     <string-name>
                        <surname>Emery</surname>
                     </string-name>
                  </person-group>
                  <fpage>56</fpage>
                  <source>Heresy</source>
               </mixed-citation>
            </p>
         </fn>
         <fn id="d27204e4472a1310">
            <label>121</label>
            <p>
               <mixed-citation id="d27204e4479" publication-type="journal">
Alberigo et al, COD, pp. 239-40<person-group>
                     <string-name>
                        <surname>Alberigo</surname>
                     </string-name>
                  </person-group>
                  <fpage>239</fpage>
               </mixed-citation>
            </p>
            <p>
               <mixed-citation id="d27204e4497" publication-type="journal">
Tillmann, Pope Innocent III, pp. 190-4.<person-group>
                     <string-name>
                        <surname>Tillmann</surname>
                     </string-name>
                  </person-group>
                  <fpage>190</fpage>
                  <source>Pope Innocent III</source>
               </mixed-citation>
            </p>
         </fn>
         <fn id="d27204e4519a1310">
            <label>122</label>
            <p>
               <mixed-citation id="d27204e4526" publication-type="journal">
Reg.vi, 81, pp. 127-9.<fpage>127</fpage>
                  <volume>vi</volume>
                  <source>Reg.</source>
               </mixed-citation>
            </p>
         </fn>
         <fn id="d27204e4542a1310">
            <label>123</label>
            <p>
               <mixed-citation id="d27204e4549" publication-type="journal">
PLccxvii, 405-10<fpage>405</fpage>
                  <volume>ccxvii</volume>
                  <source>PL</source>
               </mixed-citation>
            </p>
            <p>
               <mixed-citation id="d27204e4564" publication-type="journal">
Powell, 'Pastor Bonus', 528-9.<person-group>
                     <string-name>
                        <surname>Powell</surname>
                     </string-name>
                  </person-group>
                  <fpage>528</fpage>
                  <source>Pastor Bonus</source>
               </mixed-citation>
            </p>
         </fn>
         <fn id="d27204e4586a1310">
            <label>124</label>
            <p>
               <mixed-citation id="d27204e4593" publication-type="journal">
Mansi, Sacrorum Conciliorum, xxii, p. 785.<person-group>
                     <string-name>
                        <surname>Mansi</surname>
                     </string-name>
                  </person-group>
                  <fpage>785</fpage>
                  <volume>xxii</volume>
                  <source>Sacrorum Conciliorum</source>
               </mixed-citation>
            </p>
         </fn>
         <fn id="d27204e4618a1310">
            <label>125</label>
            <p>
               <mixed-citation id="d27204e4625" publication-type="journal">
Reg.i, 396, p. 595<fpage>595</fpage>
                  <volume>i</volume>
                  <source>Reg.</source>
               </mixed-citation>
            </p>
            <p>
               <mixed-citation id="d27204e4640" publication-type="journal">
PLccxiv, 374.<fpage>374</fpage>
                  <volume>ccxiv</volume>
                  <source>PL</source>
               </mixed-citation>
            </p>
         </fn>
         <fn id="d27204e4656a1310">
            <label>126</label>
            <p>
               <mixed-citation id="d27204e4663" publication-type="journal">
Reg.i, 494, pp. 722-3<fpage>722</fpage>
                  <volume>i</volume>
                  <source>Reg.</source>
               </mixed-citation>
            </p>
            <p>
               <mixed-citation id="d27204e4678" publication-type="journal">
PLccxiv, 457-8.<fpage>457</fpage>
                  <volume>ccxiv</volume>
                  <source>PL</source>
               </mixed-citation>
            </p>
         </fn>
         <fn id="d27204e4695a1310">
            <label>127</label>
            <p>
               <mixed-citation id="d27204e4702" publication-type="journal">
Reg.vi, 241, pp. 403-5.<fpage>403</fpage>
                  <volume>vi</volume>
                  <source>Reg.</source>
               </mixed-citation>
            </p>
         </fn>
         <fn id="d27204e4718a1310">
            <label>128</label>
            <p>
               <mixed-citation id="d27204e4725" publication-type="journal">
Reg.vii, 84, pp. 135-7<fpage>135</fpage>
                  <volume>vii</volume>
                  <source>Reg.</source>
               </mixed-citation>
            </p>
            <p>
               <mixed-citation id="d27204e4740" publication-type="journal">
PLccxv, 366.<fpage>366</fpage>
                  <volume>ccxv</volume>
                  <source>PL</source>
               </mixed-citation>
            </p>
            <p>
               <mixed-citation id="d27204e4755" publication-type="journal">
GC, iii, p. 1215.<fpage>1215</fpage>
                  <volume>iii</volume>
                  <source>GC</source>
               </mixed-citation>
            </p>
         </fn>
         <fn id="d27204e4771a1310">
            <label>129</label>
            <p>
               <mixed-citation id="d27204e4778" publication-type="journal">
PLccxv, 682.<fpage>682</fpage>
                  <volume>ccxv</volume>
                  <source>PL</source>
               </mixed-citation>
            </p>
         </fn>
         <fn id="d27204e4794a1310">
            <label>130</label>
            <p>
               <mixed-citation id="d27204e4801" publication-type="journal">
GC, xvi, pp. 558-9.<fpage>558</fpage>
                  <volume>xvi</volume>
                  <source>GC</source>
               </mixed-citation>
            </p>
         </fn>
         <fn id="d27204e4817a1310">
            <label>131</label>
            <p>
               <mixed-citation id="d27204e4824" publication-type="journal">
PLccxvi, 409.<fpage>409</fpage>
                  <volume>ccxvi</volume>
                  <source>PL</source>
               </mixed-citation>
            </p>
         </fn>
         <fn id="d27204e4840a1310">
            <label>132</label>
            <p>
               <mixed-citation id="d27204e4847" publication-type="journal">
PLccxvi, 409-10.<fpage>409</fpage>
                  <volume>ccxvi</volume>
                  <source>PL</source>
               </mixed-citation>
            </p>
         </fn>
         <fn id="d27204e4864a1310">
            <label>133</label>
            <p>
               <mixed-citation id="d27204e4871" publication-type="journal">
PLccxvi, 408-9<fpage>408</fpage>
                  <volume>ccxvi</volume>
                  <source>PL</source>
               </mixed-citation>
            </p>
            <p>
               <mixed-citation id="d27204e4886" publication-type="journal">
GC, i, pp. 989-90.<fpage>989</fpage>
                  <volume>i</volume>
                  <source>GC</source>
               </mixed-citation>
            </p>
         </fn>
         <fn id="d27204e4902a1310">
            <label>134</label>
            <p>
               <mixed-citation id="d27204e4909" publication-type="journal">
GC, i, p. 990.<fpage>990</fpage>
                  <volume>i</volume>
                  <source>GC</source>
               </mixed-citation>
            </p>
         </fn>
         <fn id="d27204e4925a1310">
            <label>135</label>
            <p>
               <mixed-citation id="d27204e4932" publication-type="journal">
PLccxiv, 1091-3: 'morbo caduco', lit. 'falling sickness'.<fpage>1091</fpage>
                  <volume>ccxiv</volume>
                  <source>PL</source>
               </mixed-citation>
            </p>
         </fn>
         <fn id="d27204e4948a1310">
            <label>136</label>
            <p>
               <mixed-citation id="d27204e4955" publication-type="journal">
PLccxiv, 1093.<fpage>1093</fpage>
                  <volume>ccxiv</volume>
                  <source>PL</source>
               </mixed-citation>
            </p>
         </fn>
         <fn id="d27204e4971a1310">
            <label>137</label>
            <p>
               <mixed-citation id="d27204e4978" publication-type="journal">
Reg.vii, 17, pp. 35-6<fpage>35</fpage>
                  <volume>vii</volume>
                  <source>Reg.</source>
               </mixed-citation>
            </p>
            <p>
               <mixed-citation id="d27204e4993" publication-type="journal">
PLccxv, 300-1.<fpage>300</fpage>
                  <volume>ccxv</volume>
                  <source>PL</source>
               </mixed-citation>
            </p>
         </fn>
         <fn id="d27204e5009a1310">
            <label>138</label>
            <p>
               <mixed-citation id="d27204e5016" publication-type="journal">
PLccxvi, 408-9.<fpage>408</fpage>
                  <volume>ccxvi</volume>
                  <source>PL</source>
               </mixed-citation>
            </p>
         </fn>
         <fn id="d27204e5033a1310">
            <label>139</label>
            <p>
               <mixed-citation id="d27204e5040" publication-type="journal">
PLccxvi, 408.<fpage>408</fpage>
                  <volume>ccxvi</volume>
                  <source>PL</source>
               </mixed-citation>
            </p>
         </fn>
         <fn id="d27204e5056a1310">
            <label>140</label>
            <p>
               <mixed-citation id="d27204e5063" publication-type="journal">
GC, i, pp. 775-6.<fpage>775</fpage>
                  <volume>i</volume>
                  <source>GC</source>
               </mixed-citation>
            </p>
         </fn>
         <fn id="d27204e5079a1310">
            <label>141</label>
            <p>
               <mixed-citation id="d27204e5086" publication-type="journal">
Reg.vii, 166, p. 293-4<fpage>293</fpage>
                  <volume>vii</volume>
                  <source>Reg.</source>
               </mixed-citation>
            </p>
            <p>
               <mixed-citation id="d27204e5101" publication-type="journal">
PLccxv, 474-5.<fpage>474</fpage>
                  <volume>ccxv</volume>
                  <source>PL</source>
               </mixed-citation>
            </p>
         </fn>
         <fn id="d27204e5117a1310">
            <label>142</label>
            <p>
               <mixed-citation id="d27204e5124" publication-type="book">
M. Douglas, Purity and
Danger (London, 1966)<person-group>
                     <string-name>
                        <surname>Douglas</surname>
                     </string-name>
                  </person-group>
                  <source>Purity and Danger</source>
                  <year>1966</year>
               </mixed-citation>
            </p>
            <p>
               <mixed-citation id="d27204e5148" publication-type="book">
R. I. Moore, The Formation of a Persecuting
Society. Power and Deviance in Western Europe 950-1250 (Oxford, 1987), pp. 100-1.<person-group>
                     <string-name>
                        <surname>Moore</surname>
                     </string-name>
                  </person-group>
                  <fpage>100</fpage>
                  <source>The Formation of a Persecuting Society. Power and Deviance in Western Europe 950-1250</source>
                  <year>1987</year>
               </mixed-citation>
            </p>
         </fn>
         <fn id="d27204e5177a1310">
            <label>143</label>
            <p>
               <mixed-citation id="d27204e5184" publication-type="journal">
Doatlv, ff. 286-7<fpage>286</fpage>
                  <volume>lv</volume>
                  <source>Doat</source>
               </mixed-citation>
            </p>
            <p>
               <mixed-citation id="d27204e5199" publication-type="journal">
CC, vi, instrumenta p. 52.<fpage>52</fpage>
                  <volume>vi</volume>
                  <source>CC</source>
               </mixed-citation>
            </p>
         </fn>
         <fn id="d27204e5215a1310">
            <label>144</label>
            <p>
               <mixed-citation id="d27204e5222" publication-type="journal">
GC, vi, p. 879.<fpage>879</fpage>
                  <volume>vi</volume>
                  <source>GC</source>
               </mixed-citation>
            </p>
         </fn>
         <fn id="d27204e5239a1310">
            <label>145</label>
            <p>
               <mixed-citation id="d27204e5246" publication-type="journal">
PLccxvi, 613-4<fpage>613</fpage>
                  <volume>ccxvi</volume>
                  <source>PL</source>
               </mixed-citation>
            </p>
            <p>
               <mixed-citation id="d27204e5261" publication-type="journal">
Besse, Dues de Narbonne, p. 466.<person-group>
                     <string-name>
                        <surname>Besse</surname>
                     </string-name>
                  </person-group>
                  <fpage>466</fpage>
                  <source>Dues de Narbonne</source>
               </mixed-citation>
            </p>
         </fn>
         <fn id="d27204e5283a1310">
            <label>146</label>
            <p>
               <mixed-citation id="d27204e5290" publication-type="partial">
B.M. Bolton, 'Signposts from the Past: Reflections on Innocent III's Providential Path',
Innocentius papa III: Urbs et Orbis, forthcoming.</mixed-citation>
            </p>
         </fn>
         <fn id="d27204e5300a1310">
            <label>147</label>
            <p>
               <mixed-citation id="d27204e5307" publication-type="journal">
Alberigo et al., COD, canon 12, pp. 240-1.<person-group>
                     <string-name>
                        <surname>Alberigo</surname>
                     </string-name>
                  </person-group>
                  <fpage>240</fpage>
                  <source>COD</source>
               </mixed-citation>
            </p>
         </fn>
         <fn id="d27204e5329a1310">
            <label>148</label>
            <p>
               <mixed-citation id="d27204e5336" publication-type="journal">
Mansi, Sacrorum Conciliorum, xxii, p. 785.<person-group>
                     <string-name>
                        <surname>Mansi</surname>
                     </string-name>
                  </person-group>
                  <fpage>785</fpage>
                  <volume>xxii</volume>
                  <source>Sacrorum Conciliorum</source>
               </mixed-citation>
            </p>
         </fn>
         <fn id="d27204e5361a1310">
            <label>149</label>
            <p>
               <mixed-citation id="d27204e5368" publication-type="book">
Guillaume de Puylaurens, Chronica 1145-1275, ed. J. Duvernoy, 2nd edn. (Paris, 1996), 6,
pp. 48-9.<person-group>
                     <string-name>
                        <surname>de Puylaurens</surname>
                     </string-name>
                  </person-group>
                  <fpage>48</fpage>
                  <volume>6</volume>
                  <source>Chronica 1145-1275</source>
                  <year>1996</year>
               </mixed-citation>
            </p>
         </fn>
         <fn id="d27204e5400a1310">
            <label>150</label>
            <p>
               <mixed-citation id="d27204e5407" publication-type="book">
Ibid., 7, pp. 50-1.<person-group>
                     <string-name>
                        <surname>de Puylaurens</surname>
                     </string-name>
                  </person-group>
                  <fpage>50</fpage>
                  <volume>7</volume>
                  <source>Chronica 1145-1275</source>
                  <year>1996</year>
               </mixed-citation>
            </p>
         </fn>
      </fn-group>
   </back>
</article>
