<article dtd-version="1.0" article-type="research-article">
   <front>
      <journal-meta>
         <journal-id xmlns:xlink="http://www.w3.org/1999/xlink" journal-id-type="jstor">englhistrevi</journal-id>
         <journal-id xmlns:xlink="http://www.w3.org/1999/xlink" journal-id-type="jstor">j100150</journal-id>
         <journal-title-group xmlns:xlink="http://www.w3.org/1999/xlink">
            <journal-title>The English Historical Review</journal-title>
         </journal-title-group>
         <publisher>
            <publisher-name>Oxford University Press</publisher-name>
         </publisher>
         <issn xmlns:xlink="http://www.w3.org/1999/xlink" pub-type="ppub">00138266</issn>
         <issn xmlns:xlink="http://www.w3.org/1999/xlink" pub-type="epub">14774534</issn>
      </journal-meta>
      <article-meta>
         <article-id xmlns:xlink="http://www.w3.org/1999/xlink" pub-id-type="jstor">20108206</article-id>
         <article-id pub-id-type="pub-doi">10.1093/ehr/cel375</article-id>
         <title-group>
            <article-title>Richard Jebb, John S. Ewart and the Round Table, 1898-1926</article-title>
         </title-group>
         <contrib-group>
            <contrib>
               <string-name xmlns:xlink="http://www.w3.org/1999/xlink">
                  <given-names>Simon J.</given-names>
                  <surname>Potter</surname>
               </string-name>
            </contrib>
         </contrib-group>
         <pub-date xmlns:xlink="http://www.w3.org/1999/xlink">
            <day>1</day>
            <month>2</month>
            <year>2007</year>
         </pub-date>
         <volume>122</volume>
         <issue>495</issue>
         <issue-id xmlns:xlink="http://www.w3.org/1999/xlink">i20108200</issue-id>
         <fpage>105</fpage>
         <lpage>132</lpage>
         <permissions>
            <copyright-statement>Copyright 2007 Oxford University Press</copyright-statement>
         </permissions>
         <self-uri xmlns:xlink="http://www.w3.org/1999/xlink"
                   xlink:href="http://www.jstor.org/stable/20108206"/>
         <custom-meta-group xmlns:xlink="http://www.w3.org/1999/xlink">
            <custom-meta>
               <meta-name>lang</meta-name>
               <meta-value>eng</meta-value>
            </custom-meta>
         </custom-meta-group>
      </article-meta>
   </front>
   <back>
      <fn-group xmlns:xlink="http://www.w3.org/1999/xlink">
         <title>[Footnotes]</title>
         <fn id="d37299e113a1310">
            <label>1</label>
            <p>
               <mixed-citation id="d37299e120" publication-type="other">
Richard Jebb, Studies in Colonial Nationalism (London, 1905)</mixed-citation>
            </p>
         </fn>
         <fn id="d37299e127a1310">
            <label>2</label>
            <p>
               <mixed-citation id="d37299e134" publication-type="other">
Jebb, Studies in Colonial Nationalism, 291</mixed-citation>
            </p>
            <p>
               <mixed-citation id="d37299e140" publication-type="other">
Richard Jebb, 'Colonial Nationalism',
Empire Review (Aug. 1902), 12-4.</mixed-citation>
            </p>
         </fn>
         <fn id="d37299e150a1310">
            <label>3</label>
            <p>
               <mixed-citation id="d37299e157" publication-type="other">
J. D. B. Miller, Richard Jebb
and the Problem of Empire (London, 1956)</mixed-citation>
            </p>
            <p>
               <mixed-citation id="d37299e166" publication-type="other">
S. J.
Potter, News and the British World: The Emergence of an Imperial Press System, 1876-1922 (Oxford,
2003), 113-18.</mixed-citation>
            </p>
         </fn>
         <fn id="d37299e179a1310">
            <label>4</label>
            <p>
               <mixed-citation id="d37299e186" publication-type="other">
W. Nimocks, Milner's Young Men:
The "Kindergarten" in Edwardian Imperial Affairs (Durham, 1968)</mixed-citation>
            </p>
            <p>
               <mixed-citation id="d37299e195" publication-type="other">
J. Kendle, The Round Table
Movement and Imperial Union (Toronto, 1975)</mixed-citation>
            </p>
            <p>
               <mixed-citation id="d37299e204" publication-type="other">
A. C. May, 'The Round Table, 1910-66' (D.Phil,
thesis, Oxford, 1995)</mixed-citation>
            </p>
            <p>
               <mixed-citation id="d37299e214" publication-type="other">
D. Lavin, From Empire to Commonwealth: A Biography of Lionel Curtis
(Oxford, 1995)</mixed-citation>
            </p>
            <p>
               <mixed-citation id="d37299e223" publication-type="other">
J. Kendle, Federal Britain: A History (London, 1997), 79-104</mixed-citation>
            </p>
            <p>
               <mixed-citation id="d37299e229" publication-type="other">
I. R. Smith,
'Milner, the "Kindergarten" and South Africa', in A. Bosco and A. May (ed.), The Round Table:
The Empire/Commonwealth and British Foreign Policy (London, 1997).</mixed-citation>
            </p>
         </fn>
         <fn id="d37299e243a1310">
            <label>5</label>
            <p>
               <mixed-citation id="d37299e250" publication-type="other">
Lavin, Empire to Commonwealth, 107, 323.</mixed-citation>
            </p>
         </fn>
         <fn id="d37299e257a1310">
            <label>6</label>
            <p>
               <mixed-citation id="d37299e264" publication-type="other">
N. Mansergh, The Commonwealth Experience, Volume I, the Durham Report to the Anglo-Irish
Treaty (London, 1982 [1969]), 221</mixed-citation>
            </p>
            <p>
               <mixed-citation id="d37299e273" publication-type="other">
'The London
"Moot", Dominion Nationalism and Imperial Federation' in Bosco and May (ed.), The Round
Table, 223-4</mixed-citation>
            </p>
            <p>
               <mixed-citation id="d37299e285" publication-type="other">
D. Judd, Empire:
The British Imperial Experience from 1765 to the Present (London, 1996), 152-3</mixed-citation>
            </p>
            <p>
               <mixed-citation id="d37299e295" publication-type="other">
D. Kennedy, Britain and Empire, 1880-1945 (London, 2002), 38-9.</mixed-citation>
            </p>
         </fn>
         <fn id="d37299e302a1310">
            <label>7</label>
            <p>
               <mixed-citation id="d37299e309" publication-type="other">
P. A.
Buckner and C. Bridge, 'Reinventing the British World', Round Table 368 (2003), 77-88</mixed-citation>
            </p>
            <p>
               <mixed-citation id="d37299e318" publication-type="other">
C. Bridge and K. Fedorowich (ed.), The British World: Diaspora, Culture and
Identity (London, 2003)</mixed-citation>
            </p>
            <p>
               <mixed-citation id="d37299e327" publication-type="other">
Journal of Imperial and Commonwealth
History, xxxi, no. 2 (May 2003).</mixed-citation>
            </p>
         </fn>
         <fn id="d37299e337a1310">
            <label>8</label>
            <p>
               <mixed-citation id="d37299e344" publication-type="other">
Richard Jebb, The Britannic Question: A Survey of Alternatives (London, 1913), 15</mixed-citation>
            </p>
            <p>
               <mixed-citation id="d37299e350" publication-type="other">
A. S. Thompson, 'The Language of Imperialism and the
Meanings of Empire: Imperial Discourse in British Politics, 1895-1914', Journal of British Studies,
xxxvi, no. 2 (Apr. 1997), 147-77.</mixed-citation>
            </p>
         </fn>
         <fn id="d37299e363a1310">
            <label>9</label>
            <p>
               <mixed-citation id="d37299e370" publication-type="other">
O. D. Skelton, Life and Letters of Sir Wilfrid Laurier
(2 vols, Toronto, 1921)</mixed-citation>
            </p>
            <p>
               <mixed-citation id="d37299e379" publication-type="other">
S. Ward, Australia and
the British Embrace: The Demise of the Imperial Ideal (Melbourne, 2001), 5-6.</mixed-citation>
            </p>
         </fn>
         <fn id="d37299e389a1310">
            <label>10</label>
            <p>
               <mixed-citation id="d37299e396" publication-type="other">
N. Penlington, Canada and Imperialism, 1896-1899 (Toronto, 1965)</mixed-citation>
            </p>
            <p>
               <mixed-citation id="d37299e402" publication-type="other">
C. Berger, The
Sense of Power: Studies in the Ideas of Canadian Imperialism, 1867-1914 (Toronto, 1970)</mixed-citation>
            </p>
            <p>
               <mixed-citation id="d37299e411" publication-type="other">
R. Cook in The Politics of John W. Dafoe and the Free Press (Toronto, 1963), 24</mixed-citation>
            </p>
            <p>
               <mixed-citation id="d37299e418" publication-type="other">
The Dafoe-Sifton Correspondence, 1919-1927 (Altona,
1966), xiii-xiv</mixed-citation>
            </p>
            <p>
               <mixed-citation id="d37299e427" publication-type="other">
'Nationalism in Canada or Portnoy's Complaint Revisited', South Atlantic
Quarterly, LXIX, no. 1 (winter 1970), 1-19, at 10-12</mixed-citation>
            </p>
            <p>
               <mixed-citation id="d37299e436" publication-type="other">
J. Eddy and D. Schreuder (ed.), The Rise of Colonial Nationalism: Australia, New Zealand,
Canada and South Africa First Assert Their Nationalities, 1880-1914 (Sydney, 1988), 7-8, 20</mixed-citation>
            </p>
            <p>
               <mixed-citation id="d37299e445" publication-type="other">
L. Foster, High Hopes: The Men and Motives of
the Australian Round Table (Melbourne, 1986).</mixed-citation>
            </p>
         </fn>
         <fn id="d37299e456a1310">
            <label>11</label>
            <p>
               <mixed-citation id="d37299e463" publication-type="other">
D. L. Cole, 'The Problem of "Nationalism" and "Imperialism" in British Settlement
Colonies', Journal of British Studies, x, no. 2 (May 1971), 160-82</mixed-citation>
            </p>
            <p>
               <mixed-citation id="d37299e472" publication-type="other">
Cole's review of Berger's
Sense of Power, 'Canada's "Nationalistic" Imperialists', Journal of Canadian Studies, v, no. 3 (Aug.
1971), 44-9</mixed-citation>
            </p>
            <p>
               <mixed-citation id="d37299e484" publication-type="other">
'"The Crimson Thread of Kinship": Ethnic Ideas in Australia, 1870-
1914', Historical Studies, xiv, no. 56 (Apr. 1971), 511-25</mixed-citation>
            </p>
         </fn>
         <fn id="d37299e494a1310">
            <label>12</label>
            <p>
               <mixed-citation id="d37299e501" publication-type="other">
N. Meaney, 'Britishness and Australian Identity: The Problem of Nationalism in Australian
History and Historiography', Australian Historical Studies, xxxii, no. 116 (Apr. 2001), 76-90</mixed-citation>
            </p>
            <p>
               <mixed-citation id="d37299e510" publication-type="other">
Ward, Australia and the British Embrace, 1-12.</mixed-citation>
            </p>
         </fn>
         <fn id="d37299e517a1310">
            <label>13</label>
            <p>
               <mixed-citation id="d37299e524" publication-type="other">
Thompson, 'The Language of Imperialism'.</mixed-citation>
            </p>
         </fn>
         <fn id="d37299e531a1310">
            <label>14</label>
            <p>
               <mixed-citation id="d37299e538" publication-type="other">
R. J. D. Page, 'Canada and the Imperial Idea in the Boer War Years', Journal of Canadian Studies,
v, no. 1 (Feb. 1970), 33-49</mixed-citation>
            </p>
            <p>
               <mixed-citation id="d37299e547" publication-type="other">
T. Cook, 'George R. Parkin and the Concept of Britannic Idealism',
Journal of Canadian Studies, x, no. 3 (Aug. 1975), 15-31</mixed-citation>
            </p>
            <p>
               <mixed-citation id="d37299e556" publication-type="other">
A. S.
Thompson, 'The Languages of Loyalism in Southern Africa, English Historical Review, cxviii, no.
477 (June 2003), 617-50, at 635-9</mixed-citation>
            </p>
            <p>
               <mixed-citation id="d37299e569" publication-type="other">
P. Mandler, '"Race" and "Nation" in Mid-Victorian Thought',
in S. Collini, R. Whatmore and B. Young (ed.), History, Religion, and Culture: British Intellectual
History, 1750-1950 (Cambridge, 2000).</mixed-citation>
            </p>
         </fn>
         <fn id="d37299e582a1310">
            <label>15</label>
            <p>
               <mixed-citation id="d37299e589" publication-type="other">
J. M. Ward, Colonial Self Government: The British Experience, 1759-1856 (London, 1976)</mixed-citation>
            </p>
            <p>
               <mixed-citation id="d37299e595" publication-type="other">
P. Harling, The
Modern British State: An Historical Introduction [Cambridge, 2001], 1</mixed-citation>
            </p>
            <p>
               <mixed-citation id="d37299e604" publication-type="other">
The Commonwealth Experience, i, 23</mixed-citation>
            </p>
         </fn>
         <fn id="d37299e611a1310">
            <label>16</label>
            <p>
               <mixed-citation id="d37299e618" publication-type="other">
J. Belich, Making Peoples: A History of the New Zealanders from Polynesian
Settlement to the End of the Nineteenth Century (Auckland, 1996), 368-75.</mixed-citation>
            </p>
         </fn>
         <fn id="d37299e629a1310">
            <label>17</label>
            <p>
               <mixed-citation id="d37299e636" publication-type="other">
Kendle, The Round Table, 166—8</mixed-citation>
            </p>
            <p>
               <mixed-citation id="d37299e642" publication-type="other">
Jebb and the Problem
of Empire, esp. 39-43.</mixed-citation>
            </p>
         </fn>
         <fn id="d37299e652a1310">
            <label>18</label>
            <p>
               <mixed-citation id="d37299e659" publication-type="other">
Jebb, Britannic Question, 114-5</mixed-citation>
            </p>
            <p>
               <mixed-citation id="d37299e665" publication-type="other">
Kendle, The Round
Table, 130-55.</mixed-citation>
            </p>
         </fn>
         <fn id="d37299e675a1310">
            <label>19</label>
            <p>
               <mixed-citation id="d37299e682" publication-type="other">
J. R. Seeley, The Expansion of England: Two Courses of
Lectures (London, 1883)</mixed-citation>
            </p>
            <p>
               <mixed-citation id="d37299e691" publication-type="other">
Jebb, Studies in Colonial Nationalism, viii.</mixed-citation>
            </p>
         </fn>
         <fn id="d37299e698a1310">
            <label>20</label>
            <p>
               <mixed-citation id="d37299e705" publication-type="other">
Hocken Library, Dunedin, William Downie Stewart papers, MS-0985-019/008 Curtis to
W. Downie Stewart, 6 Aug. 1912.</mixed-citation>
            </p>
         </fn>
         <fn id="d37299e715a1310">
            <label>21</label>
            <p>
               <mixed-citation id="d37299e722" publication-type="other">
Jebb papers, series A, Garran to Jebb, 26
Feb. 1901</mixed-citation>
            </p>
            <p>
               <mixed-citation id="d37299e731" publication-type="other">
15 Feb. 1904</mixed-citation>
            </p>
            <p>
               <mixed-citation id="d37299e737" publication-type="other">
Jebb to Hodgkinson, 2 Dec. 1902</mixed-citation>
            </p>
            <p>
               <mixed-citation id="d37299e744" publication-type="other">
Jebb to Canadian
Press Clipping Bureau, 28 Dec. 1906</mixed-citation>
            </p>
            <p>
               <mixed-citation id="d37299e753" publication-type="other">
Jebb to Australian Press Cutting Agency, 27
Apr. 1911.</mixed-citation>
            </p>
         </fn>
         <fn id="d37299e763a1310">
            <label>22</label>
            <p>
               <mixed-citation id="d37299e770" publication-type="other">
Potter, News and the British World, 180.</mixed-citation>
            </p>
         </fn>
         <fn id="d37299e778a1310">
            <label>23</label>
            <p>
               <mixed-citation id="d37299e785" publication-type="other">
National Library of Australia, Canberra, Alfred Deakin papers, MS 1540/15/1562 Jebb to
Alfred Deakin, 19 May 1907.</mixed-citation>
            </p>
         </fn>
         <fn id="d37299e795a1310">
            <label>24</label>
            <p>
               <mixed-citation id="d37299e802" publication-type="other">
Jebb papers, series A, copy of
Jebb to DuVernet, 4 Dec. 1911</mixed-citation>
            </p>
            <p>
               <mixed-citation id="d37299e811" publication-type="other">
Jebb to Fabian Ware, 30 July 1912.</mixed-citation>
            </p>
         </fn>
         <fn id="d37299e818a1310">
            <label>25</label>
            <p>
               <mixed-citation id="d37299e825" publication-type="other">
Ibid.</mixed-citation>
            </p>
            <p>
               <mixed-citation id="d37299e831" publication-type="other">
Jebb to Arthur Hawkes, 19 June 1911</mixed-citation>
            </p>
            <p>
               <mixed-citation id="d37299e837" publication-type="other">
Jebb to Deakin, 22 June 1911</mixed-citation>
            </p>
            <p>
               <mixed-citation id="d37299e844" publication-type="other">
S. J. Potter, 'The Imperial Significance of the
Canadian-American Reciprocity Proposals of 1911', Historical Journal, xlvii, no. 1 (Mar. 2004),
81-100.</mixed-citation>
            </p>
         </fn>
         <fn id="d37299e857a1310">
            <label>26</label>
            <p>
               <mixed-citation id="d37299e864" publication-type="other">
British News of Canada entitled 'How a Yankee looks at it'</mixed-citation>
            </p>
            <p>
               <mixed-citation id="d37299e870" publication-type="other">
Jebb papers, series A, copy of Jebb to Hawkes, 4 Sept. 1911.</mixed-citation>
            </p>
         </fn>
         <fn id="d37299e877a1310">
            <label>27</label>
            <p>
               <mixed-citation id="d37299e884" publication-type="other">
North York Central Library, Toronto, John A. Cooper papers, box 5, file 45, leaflet—'The
Canadian League, Its Growth and Progress—Bulletin No. 1, 18 Mar. 1911'.</mixed-citation>
            </p>
         </fn>
         <fn id="d37299e894a1310">
            <label>28</label>
            <p>
               <mixed-citation id="d37299e901" publication-type="other">
P. Stevens, The 1911 General Election: A Study in Canadian Politics
(Toronto, 1970), 80-5.</mixed-citation>
            </p>
         </fn>
         <fn id="d37299e912a1310">
            <label>29</label>
            <p>
               <mixed-citation id="d37299e919" publication-type="other">
'The American
Bid for Canadian Trade', The Times (London), 12 Feb. 1910</mixed-citation>
            </p>
            <p>
               <mixed-citation id="d37299e928" publication-type="other">
'The Strength of American
Enterprise in Canada', Nineteenth Century and After (July 1910).</mixed-citation>
            </p>
         </fn>
         <fn id="d37299e938a1310">
            <label>30</label>
            <p>
               <mixed-citation id="d37299e945" publication-type="other">
J. English, The Decline of Politics: The
Conservatives and the Party System 1901-20 (Toronto, 1977), 53-69.</mixed-citation>
            </p>
         </fn>
         <fn id="d37299e955a1310">
            <label>31</label>
            <p>
               <mixed-citation id="d37299e962" publication-type="other">
R. A. Preston, Canada and 'Imperial Defense': A Study of the Origins
of the British Commonwealth's Defense Organization, 1867-1919 (Durham, 1967)</mixed-citation>
            </p>
            <p>
               <mixed-citation id="d37299e971" publication-type="other">
M. L. Hadley
and R. Sarty, Tin-Pots and Pirate Ships: Canadian Naval Forces and German Sea Raiders, 1880-1918
(Ottawa and Kingston, 1991).</mixed-citation>
            </p>
         </fn>
         <fn id="d37299e984a1310">
            <label>32</label>
            <p>
               <mixed-citation id="d37299e991" publication-type="other">
Jebb papers, series A, copy of Jebb to Hawkes, 30 July 1912.</mixed-citation>
            </p>
         </fn>
         <fn id="d37299e998a1310">
            <label>33</label>
            <p>
               <mixed-citation id="d37299e1005" publication-type="other">
Ibid.</mixed-citation>
            </p>
            <p>
               <mixed-citation id="d37299e1011" publication-type="other">
Jebb to C. H. Cahan, 25 Sept. 1912.</mixed-citation>
            </p>
         </fn>
         <fn id="d37299e1018a1310">
            <label>34</label>
            <p>
               <mixed-citation id="d37299e1025" publication-type="other">
Ibid.</mixed-citation>
            </p>
            <p>
               <mixed-citation id="d37299e1031" publication-type="other">
Jebb to Hawkes, 1 Aug. 1913.</mixed-citation>
            </p>
         </fn>
         <fn id="d37299e1039a1310">
            <label>35</label>
            <p>
               <mixed-citation id="d37299e1046" publication-type="other">
'The Imperial Emigrant and His Political Religion' (Jan. 1912)</mixed-citation>
            </p>
            <p>
               <mixed-citation id="d37299e1052" publication-type="other">
'An Imperial Deadlock
and the Way Out: An English Canadian's View' (July 1913).</mixed-citation>
            </p>
         </fn>
         <fn id="d37299e1062a1310">
            <label>36</label>
            <p>
               <mixed-citation id="d37299e1069" publication-type="other">
Jebb papers, series A, Richard Feetham to Jebb, 14 Mar. 1906.</mixed-citation>
            </p>
         </fn>
         <fn id="d37299e1076a1310">
            <label>38</label>
            <p>
               <mixed-citation id="d37299e1083" publication-type="other">
Jebb papers, series A, copy of Jebb to 'Victor', 27 May 1898.</mixed-citation>
            </p>
         </fn>
         <fn id="d37299e1090a1310">
            <label>39</label>
            <p>
               <mixed-citation id="d37299e1097" publication-type="other">
Ibid.</mixed-citation>
            </p>
            <p>
               <mixed-citation id="d37299e1103" publication-type="other">
Jebb to Herbert Brookes, 28 Mar. 1921.</mixed-citation>
            </p>
         </fn>
         <fn id="d37299e1110a1310">
            <label>40</label>
            <p>
               <mixed-citation id="d37299e1117" publication-type="other">
Jebb papers, series A, copy of Jebb to DuVernet, 27 Apr. 1911.</mixed-citation>
            </p>
         </fn>
         <fn id="d37299e1124a1310">
            <label>41</label>
            <p>
               <mixed-citation id="d37299e1131" publication-type="other">
Richard Jebb, The Imperial Conference (2 vols, London, 1911)</mixed-citation>
            </p>
         </fn>
         <fn id="d37299e1139a1310">
            <label>42</label>
            <p>
               <mixed-citation id="d37299e1146" publication-type="other">
Jebb papers, series A, copy of Jebb to Atkinson, 22 June 1911</mixed-citation>
            </p>
            <p>
               <mixed-citation id="d37299e1152" publication-type="other">
Jebb to Garran, 2 Jan.
1912</mixed-citation>
            </p>
            <p>
               <mixed-citation id="d37299e1161" publication-type="other">
Richard Jebb, 'The Empire and Germany, United Empire (Jan. 1912), 11-8.</mixed-citation>
            </p>
         </fn>
         <fn id="d37299e1168a1310">
            <label>43</label>
            <p>
               <mixed-citation id="d37299e1175" publication-type="other">
Jebb papers, series A, copy of Jebb to H. J. Wilson, 1 June 1914.</mixed-citation>
            </p>
         </fn>
         <fn id="d37299e1182a1310">
            <label>44</label>
            <p>
               <mixed-citation id="d37299e1189" publication-type="other">
Ibid.</mixed-citation>
            </p>
            <p>
               <mixed-citation id="d37299e1195" publication-type="other">
Jebb to Deakin, 31 Oct. 1912.</mixed-citation>
            </p>
         </fn>
         <fn id="d37299e1202a1310">
            <label>45</label>
            <p>
               <mixed-citation id="d37299e1209" publication-type="other">
Jebb, Britannic Question, 11-7, 34, 82. May, 'The Round Table, 1910-66', 96.</mixed-citation>
            </p>
         </fn>
         <fn id="d37299e1216a1310">
            <label>46</label>
            <p>
               <mixed-citation id="d37299e1223" publication-type="other">
'Ourselves and Our Purpose', Britannic Review (May 1914).</mixed-citation>
            </p>
         </fn>
         <fn id="d37299e1230a1310">
            <label>47</label>
            <p>
               <mixed-citation id="d37299e1237" publication-type="other">
Potter, News and the British World, 181-3.</mixed-citation>
            </p>
         </fn>
         <fn id="d37299e1245a1310">
            <label>48</label>
            <p>
               <mixed-citation id="d37299e1252" publication-type="other">
Jebb papers, series A, Hawkes to Jebb, 31 May 1913</mixed-citation>
            </p>
            <p>
               <mixed-citation id="d37299e1258" publication-type="other">
Manitoba Free Press, 3 Sept. 1912</mixed-citation>
            </p>
            <p>
               <mixed-citation id="d37299e1264" publication-type="other">
Cook, Politics of Dafoe, 59</mixed-citation>
            </p>
            <p>
               <mixed-citation id="d37299e1271" publication-type="other">
Dafoe to Borden, 24 Jan.
1923</mixed-citation>
            </p>
            <p>
               <mixed-citation id="d37299e1280" publication-type="other">
Cook (ed.), Dafoe-Sifton Correspondence, 148.</mixed-citation>
            </p>
         </fn>
         <fn id="d37299e1287a1310">
            <label>49</label>
            <p>
               <mixed-citation id="d37299e1294" publication-type="other">
May, 'The Round Table, 1910-66', 123-6.</mixed-citation>
            </p>
         </fn>
         <fn id="d37299e1301a1310">
            <label>50</label>
            <p>
               <mixed-citation id="d37299e1308" publication-type="other">
Jebb papers, series A, copies of Jebb to Ware, 2 June and 30 July 1912</mixed-citation>
            </p>
            <p>
               <mixed-citation id="d37299e1314" publication-type="other">
J. Eayrs, 'The Round Table Movement in Canada, 1909-1920',
Canadian Historical Review, xxxviii, no. 1 (Mar. 1957), 1-20, at 8-10</mixed-citation>
            </p>
            <p>
               <mixed-citation id="d37299e1323" publication-type="other">
Kendle, The Round
Table, 115-24.</mixed-citation>
            </p>
         </fn>
         <fn id="d37299e1333a1310">
            <label>51</label>
            <p>
               <mixed-citation id="d37299e1340" publication-type="other">
Jebb papers, series A, copy of Jebb to Geoffrey Robinson, 27 Sept. 1912.</mixed-citation>
            </p>
         </fn>
         <fn id="d37299e1347a1310">
            <label>52</label>
            <p>
               <mixed-citation id="d37299e1354" publication-type="other">
Ibid.</mixed-citation>
            </p>
            <p>
               <mixed-citation id="d37299e1360" publication-type="other">
Robinson to Jebb, 30 Sept. 1912</mixed-citation>
            </p>
         </fn>
         <fn id="d37299e1367a1310">
            <label>53</label>
            <p>
               <mixed-citation id="d37299e1374" publication-type="other">
J. S. Ewart, The Kingdom of Canada: Imperial Federation, the Colonial Conferences, the Alaska
Boundary and Other Essays (Toronto, 1908), 1-30</mixed-citation>
            </p>
            <p>
               <mixed-citation id="d37299e1383" publication-type="other">
Lord Knutsford, 18 July 1889</mixed-citation>
            </p>
            <p>
               <mixed-citation id="d37299e1389" publication-type="other">
Joseph Pope,
Memoirs of the Right Honourable Sir John Alexander Macdonald G.C.B., First Prime Minister of the
Dominion of Canada (2 vols, Ottawa, 1894), i, 312-3.</mixed-citation>
            </p>
         </fn>
         <fn id="d37299e1403a1310">
            <label>54</label>
            <p>
               <mixed-citation id="d37299e1410" publication-type="other">
Ewart, Kingdom of Canada, 28-9.</mixed-citation>
            </p>
         </fn>
         <fn id="d37299e1417a1310">
            <label>55</label>
            <p>
               <mixed-citation id="d37299e1424" publication-type="other">
J. S. Ewart, 'No. 1—Canadian Independence', The Kingdom Papers (Mar. 1911)</mixed-citation>
            </p>
            <p>
               <mixed-citation id="d37299e1430" publication-type="other">
'No. 10—Difficulties, Dangers, Duties', 291-2, Kingdom Papers (June 1912).</mixed-citation>
            </p>
         </fn>
         <fn id="d37299e1437a1310">
            <label>56</label>
            <p>
               <mixed-citation id="d37299e1444" publication-type="other">
D. Cole, 'John S. Ewart and Canadian Nationalism', Historical Papers: Canadian Historical
Association (1969), 62-73, at 69.</mixed-citation>
            </p>
         </fn>
         <fn id="d37299e1454a1310">
            <label>57</label>
            <p>
               <mixed-citation id="d37299e1461" publication-type="other">
Ellis M. Cook, 'Nationalism versus Imperialism', United Empire (Aug. 1911), 571-3.</mixed-citation>
            </p>
         </fn>
         <fn id="d37299e1468a1310">
            <label>58</label>
            <p>
               <mixed-citation id="d37299e1475" publication-type="other">
John S. Ewart, 'Nationalism versus Imperialism', United Empire (Oct. 1911), 713-18.</mixed-citation>
            </p>
         </fn>
         <fn id="d37299e1482a1310">
            <label>59</label>
            <p>
               <mixed-citation id="d37299e1489" publication-type="other">
Richard Jebb 'Nationalism versus Imperialism', United Empire (Nov. 1911), 768-73</mixed-citation>
            </p>
            <p>
               <mixed-citation id="d37299e1495" publication-type="other">
Cook,
ibid., 773-4.</mixed-citation>
            </p>
         </fn>
         <fn id="d37299e1506a1310">
            <label>60</label>
            <p>
               <mixed-citation id="d37299e1513" publication-type="other">
'Editorial Notes and Comments', United Empire (Apr. 1912).</mixed-citation>
            </p>
         </fn>
         <fn id="d37299e1520a1310">
            <label>61</label>
            <p>
               <mixed-citation id="d37299e1527" publication-type="other">
Ewart, Kingdom of Canada, 26.</mixed-citation>
            </p>
         </fn>
         <fn id="d37299e1534a1310">
            <label>62</label>
            <p>
               <mixed-citation id="d37299e1541" publication-type="other">
Jebb papers, series A, copy of Jebb to Ewart, 9 Jan. 1913.</mixed-citation>
            </p>
         </fn>
         <fn id="d37299e1548a1310">
            <label>63</label>
            <p>
               <mixed-citation id="d37299e1555" publication-type="other">
Ibid., Ewart to Jebb, 26 Feb. 1913</mixed-citation>
            </p>
            <p>
               <mixed-citation id="d37299e1561" publication-type="other">
Jebb, Britannic
Question, 192 n.</mixed-citation>
            </p>
         </fn>
         <fn id="d37299e1571a1310">
            <label>64</label>
            <p>
               <mixed-citation id="d37299e1578" publication-type="other">
Miller, Jebb and the Problem of Empire, 43-5.</mixed-citation>
            </p>
         </fn>
         <fn id="d37299e1585a1310">
            <label>65</label>
            <p>
               <mixed-citation id="d37299e1592" publication-type="other">
Jebb papers, series A, copy of Jebb to Ewart, 23 Apr. 1913.</mixed-citation>
            </p>
         </fn>
         <fn id="d37299e1600a1310">
            <label>66</label>
            <p>
               <mixed-citation id="d37299e1607" publication-type="other">
'Ourselves and Our Purpose', Britannic Review (May 1914)</mixed-citation>
            </p>
            <p>
               <mixed-citation id="d37299e1613" publication-type="other">
Ewart, Kingdom of Canada, 137-48, 275-88</mixed-citation>
            </p>
            <p>
               <mixed-citation id="d37299e1619" publication-type="other">
Miller, Jebb and the Problem of Empire, 43-5.</mixed-citation>
            </p>
         </fn>
         <fn id="d37299e1626a1310">
            <label>67</label>
            <p>
               <mixed-citation id="d37299e1633" publication-type="other">
Jebb, Britannic Question, 23 n.</mixed-citation>
            </p>
         </fn>
         <fn id="d37299e1640a1310">
            <label>68</label>
            <p>
               <mixed-citation id="d37299e1647" publication-type="other">
Jebb papers, series A, copy of Jebb to Hawkes, 28 Aug. 1913</mixed-citation>
            </p>
            <p>
               <mixed-citation id="d37299e1653" publication-type="other">
Jebb to
J. C. Walsh, 20 Feb. 1914.</mixed-citation>
            </p>
         </fn>
         <fn id="d37299e1663a1310">
            <label>69</label>
            <p>
               <mixed-citation id="d37299e1670" publication-type="other">
Kendle, The Round Table, 181-205</mixed-citation>
            </p>
            <p>
               <mixed-citation id="d37299e1676" publication-type="other">
Lavin, Empire to Commonwealth, 124-30</mixed-citation>
            </p>
            <p>
               <mixed-citation id="d37299e1682" publication-type="other">
The Project of a
Commonwealth (London, 1915)</mixed-citation>
            </p>
            <p>
               <mixed-citation id="d37299e1692" publication-type="other">
The Commonwealth of Nations (London,
1916).</mixed-citation>
            </p>
         </fn>
         <fn id="d37299e1702a1310">
            <label>70</label>
            <p>
               <mixed-citation id="d37299e1709" publication-type="other">
May, 'The Round Table, 1910-66', 104</mixed-citation>
            </p>
            <p>
               <mixed-citation id="d37299e1715" publication-type="other">
John S. Willison papers 29/223/21875-8 copy of Milner to Glazebrook, 8 Mar. 1916.</mixed-citation>
            </p>
         </fn>
         <fn id="d37299e1722a1310">
            <label>71</label>
            <p>
               <mixed-citation id="d37299e1729" publication-type="other">
May, 'The Round Table, 1910-66', 95-6, 101-6</mixed-citation>
            </p>
            <p>
               <mixed-citation id="d37299e1735" publication-type="other">
W. G. Osmond, Frederic Eggleston: An
Intellectual in Australian Politics (Sydney, 1975), esp. 59-67, 81-107</mixed-citation>
            </p>
            <p>
               <mixed-citation id="d37299e1744" publication-type="other">
C. R. J. Rickerd, 'Canada and the Elliptical Round Table, 1908-
1917'(Hons. thesis, Harvard, 1995), 40-2</mixed-citation>
            </p>
            <p>
               <mixed-citation id="d37299e1754" publication-type="other">
Rickerd, 'Canada, the Round Table and the Idea of
Imperial Federation', in May and Bosco (ed.), The Round Table, 198-9.</mixed-citation>
            </p>
         </fn>
         <fn id="d37299e1765a1310">
            <label>72</label>
            <p>
               <mixed-citation id="d37299e1772" publication-type="other">
Cooper papers, box 27, file 1</mixed-citation>
            </p>
            <p>
               <mixed-citation id="d37299e1778" publication-type="other">
Round Table in
Canada, 10 Feb. 1917</mixed-citation>
            </p>
            <p>
               <mixed-citation id="d37299e1787" publication-type="other">
Kendle, The Round Table,
187-98, 207-13</mixed-citation>
            </p>
            <p>
               <mixed-citation id="d37299e1797" publication-type="other">
Rickerd, 'Canada and the Elliptical Round Table', 69-106</mixed-citation>
            </p>
            <p>
               <mixed-citation id="d37299e1803" publication-type="other">
Rickerd, 'Canada
and the Round Table', 204-9.</mixed-citation>
            </p>
         </fn>
         <fn id="d37299e1813a1310">
            <label>73</label>
            <p>
               <mixed-citation id="d37299e1820" publication-type="other">
University of Melbourne Archives, Melbourne, Sir William Harrison Moore papers,
11/6/2/5 'Notes for memo on history of Round Table to 1935'</mixed-citation>
            </p>
            <p>
               <mixed-citation id="d37299e1829" publication-type="other">
11/6/3/6 minutes of conference of
groups, 20-21 Sept. 1919</mixed-citation>
            </p>
            <p>
               <mixed-citation id="d37299e1838" publication-type="other">
Foster, High Hopes, 85-6.</mixed-citation>
            </p>
         </fn>
         <fn id="d37299e1845a1310">
            <label>74</label>
            <p>
               <mixed-citation id="d37299e1852" publication-type="other">
C. P. Stacey, Canada and the Age of Conflict: A History of Canadian External Policies (2 vols,
Toronto, 1977 and 1981), i, 56, 75, 80-1</mixed-citation>
            </p>
            <p>
               <mixed-citation id="d37299e1861" publication-type="other">
J. E. Kendle, The Colonial and Imperial Conferences,
1887-1911: A Study in Imperial Organization (London, 1967), 174-8.</mixed-citation>
            </p>
         </fn>
         <fn id="d37299e1871a1310">
            <label>75</label>
            <p>
               <mixed-citation id="d37299e1878" publication-type="other">
Stacey, Canada and the Age of Conflict, i, 204-8</mixed-citation>
            </p>
            <p>
               <mixed-citation id="d37299e1884" publication-type="other">
S. Roskill, Hankey: Man of Secrets (3 vols, London, 1970,1972 and 1974), i, esp. 365-6</mixed-citation>
            </p>
            <p>
               <mixed-citation id="d37299e1890" publication-type="other">
Thompson, Imperial Britain, 171-5.</mixed-citation>
            </p>
         </fn>
         <fn id="d37299e1897a1310">
            <label>76</label>
            <p>
               <mixed-citation id="d37299e1904" publication-type="other">
P. G. Wigley, Canada and the Transition to Commonwealth: British-Canadian Relations,
1917-1926 (Cambridge, 1977), 29.</mixed-citation>
            </p>
         </fn>
         <fn id="d37299e1914a1310">
            <label>77</label>
            <p>
               <mixed-citation id="d37299e1921" publication-type="other">
Ibid., 9-15</mixed-citation>
            </p>
            <p>
               <mixed-citation id="d37299e1927" publication-type="other">
R. C. Brown, 'Sir Robert Borden, the Great War and Anglo-Canadian
Relations', in J. S. Moir (ed.), Character and Circumstance: Essays in Honour of Donald Grant
Creighton (Toronto, 1970), 207-17.</mixed-citation>
            </p>
         </fn>
         <fn id="d37299e1941a1310">
            <label>78</label>
            <p>
               <mixed-citation id="d37299e1948" publication-type="other">
A. B. Keith, Selected Speeches and Documents on British Colonial Policy, 1763-1917 (2 vols,
London, 1933 [1918]), ii, 380-1, 387, 398</mixed-citation>
            </p>
            <p>
               <mixed-citation id="d37299e1957" publication-type="other">
Brown, 'Borden and Anglo-Canadian Relations',
216-20.</mixed-citation>
            </p>
         </fn>
         <fn id="d37299e1967a1310">
            <label>79</label>
            <p>
               <mixed-citation id="d37299e1974" publication-type="other">
Z. A. Lash, Defence and Foreign Affairs: A Suggestion for the Empire (Toronto, 1917)</mixed-citation>
            </p>
            <p>
               <mixed-citation id="d37299e1980" publication-type="other">
Kendle, The Round Table, 188-9</mixed-citation>
            </p>
            <p>
               <mixed-citation id="d37299e1986" publication-type="other">
Stacey, Canada and the Age of Conflict, i, 200.</mixed-citation>
            </p>
         </fn>
         <fn id="d37299e1993a1310">
            <label>80</label>
            <p>
               <mixed-citation id="d37299e2000" publication-type="other">
Stacey, Canada and the Age of Conflict, i, 210.</mixed-citation>
            </p>
         </fn>
         <fn id="d37299e2007a1310">
            <label>81</label>
            <p>
               <mixed-citation id="d37299e2014" publication-type="other">
Kendle, The Round Table, 214-17</mixed-citation>
            </p>
            <p>
               <mixed-citation id="d37299e2020" publication-type="other">
May, 'The Round Table, 1910-66', 108-9, 169-71</mixed-citation>
            </p>
            <p>
               <mixed-citation id="d37299e2026" publication-type="other">
Willison papers, 29/223/21886-9 copy of
Milner to Glazebrook, 21 Apr. 1917</mixed-citation>
            </p>
            <p>
               <mixed-citation id="d37299e2036" publication-type="other">
Eayrs, 'Round Table Movement in
Canada', 18-9.</mixed-citation>
            </p>
         </fn>
         <fn id="d37299e2046a1310">
            <label>82</label>
            <p>
               <mixed-citation id="d37299e2053" publication-type="other">
Harry Ransom Centre, Austin, Texas, J. L. Garvin papers, Alfred Milner to J. L. Garvin, 27
May 1917.</mixed-citation>
            </p>
         </fn>
         <fn id="d37299e2063a1310">
            <label>83</label>
            <p>
               <mixed-citation id="d37299e2070" publication-type="other">
John. S. Ewart, 'No. 21—Imperial Projects and the Republic of Canada', Kingdom Papers
(1917).</mixed-citation>
            </p>
         </fn>
         <fn id="d37299e2081a1310">
            <label>84</label>
            <p>
               <mixed-citation id="d37299e2088" publication-type="other">
Ewart, 'Canadian Independence'</mixed-citation>
            </p>
         </fn>
         <fn id="d37299e2095a1310">
            <label>85</label>
            <p>
               <mixed-citation id="d37299e2102" publication-type="other">
John S. Ewart, Independence Papers: Reprints Principally from the Canadian Nation and the
Statesman (Ottawa, 1921), 3-4.</mixed-citation>
            </p>
         </fn>
         <fn id="d37299e2112a1310">
            <label>86</label>
            <p>
               <mixed-citation id="d37299e2119" publication-type="other">
Ewart, 'Canadian Independence'.</mixed-citation>
            </p>
         </fn>
         <fn id="d37299e2126a1310">
            <label>87</label>
            <p>
               <mixed-citation id="d37299e2133" publication-type="other">
Ewart, Independence Papers, 51-2.</mixed-citation>
            </p>
         </fn>
         <fn id="d37299e2140a1310">
            <label>88</label>
            <p>
               <mixed-citation id="d37299e2147" publication-type="other">
Ewart, 'Imperial Projects and the Republic of Canada', 388-9.</mixed-citation>
            </p>
         </fn>
         <fn id="d37299e2154a1310">
            <label>89</label>
            <p>
               <mixed-citation id="d37299e2161" publication-type="other">
M. Donelly, Dafoe of the Free Press (Toronto,
1968)</mixed-citation>
            </p>
            <p>
               <mixed-citation id="d37299e2170" publication-type="other">
Donelly, 'J. W Dafoe and Lionel Curtis—Two Concepts of the
Commonwealth', Political Studies, viii, 2 (June 1960), 170-82.</mixed-citation>
            </p>
         </fn>
         <fn id="d37299e2181a1310">
            <label>90</label>
            <p>
               <mixed-citation id="d37299e2188" publication-type="other">
Keith, British Colonial Policy, i, preface.</mixed-citation>
            </p>
         </fn>
         <fn id="d37299e2195a1310">
            <label>91</label>
            <p>
               <mixed-citation id="d37299e2202" publication-type="other">
Jebb papers, series A, A. B. Keith to Jebb, 25 May 1921</mixed-citation>
            </p>
            <p>
               <mixed-citation id="d37299e2208" publication-type="other">
R. F. Shinn Jr, 'Arthur
Berriedale Keith: The Logic of Responsible Government and Closer Union', in Bosco and May
(ed.), The Round Table</mixed-citation>
            </p>
            <p>
               <mixed-citation id="d37299e2220" publication-type="other">
R. F. Shinn Jr, Arthur Berriedale Keith, 1879-1944:
Chief Ornament of Scottish Learning (Aberdeen, 1990).</mixed-citation>
            </p>
         </fn>
         <fn id="d37299e2230a1310">
            <label>92</label>
            <p>
               <mixed-citation id="d37299e2237" publication-type="other">
Jebb papers, series A, copy of Jebb to Leopold Amery, 22 Oct. 1912</mixed-citation>
            </p>
            <p>
               <mixed-citation id="d37299e2243" publication-type="other">
Jebb, Britannic
Question, 85-6</mixed-citation>
            </p>
            <p>
               <mixed-citation id="d37299e2252" publication-type="other">
Richard Jebb, 'Empire Development Board: Reception of the Proposal by the
Royal Commission', United Empire (Dec. 1912), 979-85.</mixed-citation>
            </p>
         </fn>
         <fn id="d37299e2262a1310">
            <label>93</label>
            <p>
               <mixed-citation id="d37299e2269" publication-type="other">
Jebb papers, series A, copy of unpublished letter to Morning Post, 17 June 1918</mixed-citation>
            </p>
            <p>
               <mixed-citation id="d37299e2275" publication-type="other">
National Review, 17 June 1918.</mixed-citation>
            </p>
         </fn>
         <fn id="d37299e2282a1310">
            <label>94</label>
            <p>
               <mixed-citation id="d37299e2289" publication-type="other">
Richard Jebb, 'The Britannic Commonwealth', Overseas (Sept. 1917).</mixed-citation>
            </p>
         </fn>
         <fn id="d37299e2296a1310">
            <label>95</label>
            <p>
               <mixed-citation id="d37299e2303" publication-type="other">
Jebb papers, series A, copy of Jebb to Wilson, 19 May 1918.</mixed-citation>
            </p>
         </fn>
         <fn id="d37299e2311a1310">
            <label>96</label>
            <p>
               <mixed-citation id="d37299e2318" publication-type="other">
Richard Jebb, 'Empire Reconstruction: A Proposal to Autonomists', United Empire (May
1917). 341.</mixed-citation>
            </p>
         </fn>
         <fn id="d37299e2328a1310">
            <label>97</label>
            <p>
               <mixed-citation id="d37299e2335" publication-type="other">
Cooper papers, box 18, file 24, Cooper to Jebb, 4 Mar. 1921.</mixed-citation>
            </p>
         </fn>
         <fn id="d37299e2342a1310">
            <label>98</label>
            <p>
               <mixed-citation id="d37299e2349" publication-type="other">
Cook, Politics of
Dafoe, 21-6.</mixed-citation>
            </p>
         </fn>
         <fn id="d37299e2359a1310">
            <label>99</label>
            <p>
               <mixed-citation id="d37299e2366" publication-type="other">
Cooper papers, box 18, file 47, Dafoe to Cooper, 22 Feb. 1921.</mixed-citation>
            </p>
         </fn>
         <fn id="d37299e2373a1310">
            <label>100</label>
            <p>
               <mixed-citation id="d37299e2380" publication-type="other">
Jebb papers, series A, Cooper to Jebb, 14 Apr. 1919</mixed-citation>
            </p>
            <p>
               <mixed-citation id="d37299e2386" publication-type="other">
Cooper papers, box 18, file 47, Jebb to
Cooper, 26 Jan. 1921</mixed-citation>
            </p>
            <p>
               <mixed-citation id="d37299e2395" publication-type="other">
copy of Cooper to Jebb, 14 Feb. 1921.</mixed-citation>
            </p>
         </fn>
         <fn id="d37299e2402a1310">
            <label>101</label>
            <p>
               <mixed-citation id="d37299e2409" publication-type="other">
Jebb papers, series A, J. Vernon McKenzie to Jebb, 18 Apr. 1921.</mixed-citation>
            </p>
         </fn>
         <fn id="d37299e2417a1310">
            <label>102</label>
            <p>
               <mixed-citation id="d37299e2424" publication-type="other">
Richard Jebb, 'The Imperial Conference—A Retrospect', Production
(Sept. 1918)</mixed-citation>
            </p>
            <p>
               <mixed-citation id="d37299e2433" publication-type="other">
Jebb, 'Preference At Last', Production (June 1919)</mixed-citation>
            </p>
            <p>
               <mixed-citation id="d37299e2439" publication-type="other">
Jebb papers, series A, Ewart to Jebb,
2 Aug. 1913.</mixed-citation>
            </p>
         </fn>
         <fn id="d37299e2449a1310">
            <label>103</label>
            <p>
               <mixed-citation id="d37299e2456" publication-type="other">
Jebb papers, series A, copy of Jebb to Tilby, 14 Mar. 1919.</mixed-citation>
            </p>
         </fn>
         <fn id="d37299e2463a1310">
            <label>104</label>
            <p>
               <mixed-citation id="d37299e2470" publication-type="other">
Stacey, Canada and the Age of Conflict, i, 207-9, 216</mixed-citation>
            </p>
            <p>
               <mixed-citation id="d37299e2476" publication-type="other">
Borden's speech to the Empire
Parliamentary Association, 21 June 1918</mixed-citation>
            </p>
            <p>
               <mixed-citation id="d37299e2485" publication-type="other">
A. B. Keith, Speeches
and Documents on the British Dominions, 1918-1931 (London, 1931), 5</mixed-citation>
            </p>
            <p>
               <mixed-citation id="d37299e2495" publication-type="other">
N. Meaney, 'In History's Page: Identity
and Myth', in Deryck Schreuder and Stuart Ward (ed.), Australia's Empire (Oxford,
forthcoming).</mixed-citation>
            </p>
         </fn>
         <fn id="d37299e2508a1310">
            <label>105</label>
            <p>
               <mixed-citation id="d37299e2515" publication-type="other">
Jebb papers, series A, Amery to Jebb, 10 Oct. 1918</mixed-citation>
            </p>
            <p>
               <mixed-citation id="d37299e2521" publication-type="other">
3 Jan. 1917.</mixed-citation>
            </p>
         </fn>
         <fn id="d37299e2528a1310">
            <label>106</label>
            <p>
               <mixed-citation id="d37299e2535" publication-type="other">
Ibid.</mixed-citation>
            </p>
            <p>
               <mixed-citation id="d37299e2541" publication-type="other">
Jebb to Amery, 13 Oct. 1918.</mixed-citation>
            </p>
         </fn>
         <fn id="d37299e2548a1310">
            <label>107</label>
            <p>
               <mixed-citation id="d37299e2555" publication-type="other">
Ibid.</mixed-citation>
            </p>
            <p>
               <mixed-citation id="d37299e2561" publication-type="other">
Amery to Jebb, 22 Oct. 1918</mixed-citation>
            </p>
            <p>
               <mixed-citation id="d37299e2567" publication-type="other">
Amery to Jebb, 3 Nov. 1920.</mixed-citation>
            </p>
         </fn>
         <fn id="d37299e2575a1310">
            <label>108</label>
            <p>
               <mixed-citation id="d37299e2582" publication-type="other">
News International Archive, London (henceforth NIA), Willison collection, Willison to
B. K. Long, 14 May 1921.</mixed-citation>
            </p>
         </fn>
         <fn id="d37299e2592a1310">
            <label>109</label>
            <p>
               <mixed-citation id="d37299e2599" publication-type="other">
John Willison, 'Canada in the Empire', Nineteenth Century and After (July 1922).</mixed-citation>
            </p>
         </fn>
         <fn id="d37299e2606a1310">
            <label>110</label>
            <p>
               <mixed-citation id="d37299e2613" publication-type="other">
NIA, Willison collection, Willison to F. G. R. S. Peterson, 25 Apr. 1923.</mixed-citation>
            </p>
         </fn>
         <fn id="d37299e2620a1310">
            <label>111</label>
            <p>
               <mixed-citation id="d37299e2627" publication-type="other">
Jebb papers, series A, copy of Jebb to E. Wrench, 26 Nov. 1919.</mixed-citation>
            </p>
         </fn>
         <fn id="d37299e2634a1310">
            <label>112</label>
            <p>
               <mixed-citation id="d37299e2641" publication-type="other">
Stacey, Canada and the Age of Conflict, i, 240-51.</mixed-citation>
            </p>
         </fn>
         <fn id="d37299e2648a1310">
            <label>113</label>
            <p>
               <mixed-citation id="d37299e2655" publication-type="other">
Jebb papers, series A, copy of Jebb to W. S. Fielding, 14 July 1919</mixed-citation>
            </p>
            <p>
               <mixed-citation id="d37299e2661" publication-type="other">
unpublished letter to The
Times, 25 Mar. 1919.</mixed-citation>
            </p>
         </fn>
         <fn id="d37299e2672a1310">
            <label>114</label>
            <p>
               <mixed-citation id="d37299e2679" publication-type="other">
Jebb papers, series A, copy of Jebb to W. C. Bridgeman, 26 Mar. 1919</mixed-citation>
            </p>
            <p>
               <mixed-citation id="d37299e2685" publication-type="other">
Jebb to
Wilson, 5 Apr. 1919</mixed-citation>
            </p>
            <p>
               <mixed-citation id="d37299e2694" publication-type="other">
Jebb to Brookes, 12 May 1923.</mixed-citation>
            </p>
         </fn>
         <fn id="d37299e2701a1310">
            <label>115</label>
            <p>
               <mixed-citation id="d37299e2708" publication-type="other">
Ewart's articles in the Ottawa Citizen, 26 Aug. to 1 Sept. 1919</mixed-citation>
            </p>
         </fn>
         <fn id="d37299e2715a1310">
            <label>116</label>
            <p>
               <mixed-citation id="d37299e2722" publication-type="other">
Ewart, Independence Papers, 61.</mixed-citation>
            </p>
         </fn>
         <fn id="d37299e2729a1310">
            <label>117</label>
            <p>
               <mixed-citation id="d37299e2736" publication-type="other">
Jebb papers, series A, Cooper to Jebb, 11 Dec. 1919.</mixed-citation>
            </p>
         </fn>
         <fn id="d37299e2743a1310">
            <label>118</label>
            <p>
               <mixed-citation id="d37299e2750" publication-type="other">
Ibid.</mixed-citation>
            </p>
            <p>
               <mixed-citation id="d37299e2756" publication-type="other">
series A, copy of Jebb to Cooper, 7 July 1921</mixed-citation>
            </p>
            <p>
               <mixed-citation id="d37299e2762" publication-type="other">
Arthur Griffith, The Resurrection of Hungary: A Parallel for Ireland
(Dublin, 1904)</mixed-citation>
            </p>
         </fn>
         <fn id="d37299e2772a1310">
            <label>119</label>
            <p>
               <mixed-citation id="d37299e2779" publication-type="other">
Roger
Graham, Arthur Meighen (2 vols, Toronto, i960 and 1963), i, 198.</mixed-citation>
            </p>
         </fn>
         <fn id="d37299e2790a1310">
            <label>120</label>
            <p>
               <mixed-citation id="d37299e2797" publication-type="other">
Jebb papers, series A, Ewart to Jebb, 28 Feb. 1921.</mixed-citation>
            </p>
         </fn>
         <fn id="d37299e2804a1310">
            <label>121</label>
            <p>
               <mixed-citation id="d37299e2811" publication-type="other">
Ibid.</mixed-citation>
            </p>
            <p>
               <mixed-citation id="d37299e2817" publication-type="other">
Jebb to Cooper, 7 July 1921</mixed-citation>
            </p>
            <p>
               <mixed-citation id="d37299e2823" publication-type="other">
Stacey, Canada and the
Age of Conflict, i, 334-48</mixed-citation>
            </p>
            <p>
               <mixed-citation id="d37299e2833" publication-type="other">
Wigley, Canada and the Transition to Commonwealth, 117-29.</mixed-citation>
            </p>
         </fn>
         <fn id="d37299e2840a1310">
            <label>122</label>
            <p>
               <mixed-citation id="d37299e2847" publication-type="other">
Stacey, Canada and the Age of Conflict, i,
313-17.</mixed-citation>
            </p>
         </fn>
         <fn id="d37299e2857a1310">
            <label>123</label>
            <p>
               <mixed-citation id="d37299e2864" publication-type="other">
Jebb papers, series A, Jebb to Gregory, 16 July 1921.</mixed-citation>
            </p>
         </fn>
         <fn id="d37299e2871a1310">
            <label>124</label>
            <p>
               <mixed-citation id="d37299e2878" publication-type="other">
Jebb and the
Problem of Empire, 23-4.</mixed-citation>
            </p>
         </fn>
         <fn id="d37299e2888a1310">
            <label>125</label>
            <p>
               <mixed-citation id="d37299e2895" publication-type="other">
Jebb, Empire in Eclipse</mixed-citation>
            </p>
         </fn>
         <fn id="d37299e2903a1310">
            <label>126</label>
            <p>
               <mixed-citation id="d37299e2910" publication-type="other">
Stacey, Canada and the Age of Conflict, i, 299-300</mixed-citation>
            </p>
            <p>
               <mixed-citation id="d37299e2916" publication-type="other">
John S. Ewart, The Roots and Causes of
the Wars (1914-1918) (2 vols, London, 1925).</mixed-citation>
            </p>
         </fn>
         <fn id="d37299e2926a1310">
            <label>127</label>
            <p>
               <mixed-citation id="d37299e2933" publication-type="other">
John S. Ewart, Canada and British Wars (Ottawa, c. 1925-6), 19-20.</mixed-citation>
            </p>
         </fn>
         <fn id="d37299e2940a1310">
            <label>128</label>
            <p>
               <mixed-citation id="d37299e2947" publication-type="other">
John S. Ewart, 'No. 1—Canada and the Next War', Independence Papers (May 1925)</mixed-citation>
            </p>
            <p>
               <mixed-citation id="d37299e2953" publication-type="other">
John
S. Ewart, 'No. 2—The Next War and Consultation', Independence Papers (June 1925).</mixed-citation>
            </p>
         </fn>
         <fn id="d37299e2963a1310">
            <label>129</label>
            <p>
               <mixed-citation id="d37299e2970" publication-type="other">
Cook, Politics of Dafoe, 92-7.</mixed-citation>
            </p>
         </fn>
         <fn id="d37299e2977a1310">
            <label>130</label>
            <p>
               <mixed-citation id="d37299e2984" publication-type="other">
Ibid., 139-44, 182</mixed-citation>
            </p>
            <p>
               <mixed-citation id="d37299e2990" publication-type="other">
D. J. Hall, Clifford Sifton (2 vols, Vancouver, 1981 and 1985), ii, 294,
311-16</mixed-citation>
            </p>
            <p>
               <mixed-citation id="d37299e2999" publication-type="other">
Ramsay Cook, 'J. W. Dafoe at the Imperial Conference, 1923', Canadian Historical
Review, xli, no. 1 (Mar. 1960), 19-40</mixed-citation>
            </p>
            <p>
               <mixed-citation id="d37299e3009" publication-type="other">
J. W. Dafoe, Clifford Sifton in Relation to His Times
(Toronto, 1931), 460-78.</mixed-citation>
            </p>
         </fn>
         <fn id="d37299e3019a1310">
            <label>131</label>
            <p>
               <mixed-citation id="d37299e3026" publication-type="other">
Terence de Vere White, Kevin O'Higgins (Dublin, 1986 [London,
1948]), 247-8</mixed-citation>
            </p>
            <p>
               <mixed-citation id="d37299e3035" publication-type="other">
Wigley, Canada and the Transition to Commonwealth,
279-83</mixed-citation>
            </p>
            <p>
               <mixed-citation id="d37299e3044" publication-type="other">
Dafoe to Sifton, 12 Feb. 1923</mixed-citation>
            </p>
            <p>
               <mixed-citation id="d37299e3051" publication-type="other">
Cook (ed.), Dafoe-Sifton Correspondence, 153</mixed-citation>
            </p>
            <p>
               <mixed-citation id="d37299e3057" publication-type="other">
Dafoe to Sifton, 20 Nov. 1926</mixed-citation>
            </p>
            <p>
               <mixed-citation id="d37299e3063" publication-type="other">
ibid., 254-5.</mixed-citation>
            </p>
         </fn>
         <fn id="d37299e3071a1310">
            <label>132</label>
            <p>
               <mixed-citation id="d37299e3078" publication-type="other">
Dafoe to Sifton, 26 Aug. 1919</mixed-citation>
            </p>
            <p>
               <mixed-citation id="d37299e3084" publication-type="other">
Cook (ed.), Dafoe-Sifton
Correspondence, 11-2</mixed-citation>
            </p>
            <p>
               <mixed-citation id="d37299e3093" publication-type="other">
Dafoe to Sifton, 18 May 1921</mixed-citation>
            </p>
            <p>
               <mixed-citation id="d37299e3100" publication-type="other">
ibid., 69-74</mixed-citation>
            </p>
            <p>
               <mixed-citation id="d37299e3106" publication-type="other">
Dafoe to Sifton,
12 Feb. 1923</mixed-citation>
            </p>
            <p>
               <mixed-citation id="d37299e3115" publication-type="other">
ibid., 150-3.</mixed-citation>
            </p>
         </fn>
         <fn id="d37299e3122a1310">
            <label>133</label>
            <p>
               <mixed-citation id="d37299e3129" publication-type="other">
Stacey, Canada and the Age of Conflict, i, 332.</mixed-citation>
            </p>
         </fn>
         <fn id="d37299e3136a1310">
            <label>134</label>
            <p>
               <mixed-citation id="d37299e3143" publication-type="other">
LAC, Mackenzie King Diaries Online, www.collectionscanada.ca/ø5/ø532, entry for 18
Jan. 1924</mixed-citation>
            </p>
            <p>
               <mixed-citation id="d37299e3152" publication-type="other">
J. W. Dafoe, 'The Ideas and
Influence of John S. Ewart', Canadian Historical Review, xiv, no. 2 (June 1933), 136-42.</mixed-citation>
            </p>
         </fn>
         <fn id="d37299e3162a1310">
            <label>135</label>
            <p>
               <mixed-citation id="d37299e3169" publication-type="other">
Stacey, Canada and the Age of Conflict, i, 238-9, 299-300</mixed-citation>
            </p>
            <p>
               <mixed-citation id="d37299e3175" publication-type="other">
Cole, 'Ewart and Canadian
Nationalism', 72.</mixed-citation>
            </p>
         </fn>
         <fn id="d37299e3185a1310">
            <label>136</label>
            <p>
               <mixed-citation id="d37299e3192" publication-type="other">
Eddy and Schreuder (ed.), Rise of Colonial Nationalism, 65.</mixed-citation>
            </p>
         </fn>
         <fn id="d37299e3199a1310">
            <label>137</label>
            <p>
               <mixed-citation id="d37299e3206" publication-type="other">
Miller, Jebb and the Problem of Empire, 47</mixed-citation>
            </p>
            <p>
               <mixed-citation id="d37299e3212" publication-type="other">
Eddy and
Schreuder (ed.), Rise of Colonial Nationalism.</mixed-citation>
            </p>
         </fn>
         <fn id="d37299e3223a1310">
            <label>138</label>
            <p>
               <mixed-citation id="d37299e3230" publication-type="other">
P. J. Marshall, 'Imperial Britain', Journal of Imperial and Commonwealth History, xxiii,
no. 3 (Sept. 1995), 379-94.</mixed-citation>
            </p>
         </fn>
         <fn id="d37299e3240a1310">
            <label>139</label>
            <p>
               <mixed-citation id="d37299e3247" publication-type="other">
Willison papers, 9/74/6223-4, A. H. U. Colquhoun to Willison, c. 1919</mixed-citation>
            </p>
         </fn>
         <fn id="d37299e3254a1310">
            <label>140</label>
            <p>
               <mixed-citation id="d37299e3261" publication-type="other">
G. Martin, 'The Idea of "Imperial Federation"', in R. Hyam and G. Martin (ed.),
Reappraisals in British Imperial History (London, 1975), 134.</mixed-citation>
            </p>
         </fn>
         <fn id="d37299e3271a1310">
            <label>141</label>
            <p>
               <mixed-citation id="d37299e3278" publication-type="other">
Cole, 'Ewart and Canadian Nationalism', 67-9.</mixed-citation>
            </p>
         </fn>
         <fn id="d37299e3285a1310">
            <label>142</label>
            <p>
               <mixed-citation id="d37299e3292" publication-type="other">
May 'The London "Moot", Dominion Nationalism and Imperial Federation', 229.</mixed-citation>
            </p>
         </fn>
         <fn id="d37299e3299a1310">
            <label>143</label>
            <p>
               <mixed-citation id="d37299e3306" publication-type="other">
Kendle, 187-98, 207-14</mixed-citation>
            </p>
            <p>
               <mixed-citation id="d37299e3312" publication-type="other">
Rickerd, 'Canada and the Elliptical Round Table' and 'Canada
and the Round Table'.</mixed-citation>
            </p>
         </fn>
         <fn id="d37299e3323a1310">
            <label>144</label>
            <p>
               <mixed-citation id="d37299e3330" publication-type="other">
NLA,
Dawson collection, Willison to Robinson, 31 Jan. 1916</mixed-citation>
            </p>
            <p>
               <mixed-citation id="d37299e3339" publication-type="other">
Willison, 'Canada in the Empire'.
By 1921</mixed-citation>
            </p>
            <p>
               <mixed-citation id="d37299e3348" publication-type="other">
Second Imperial Press Conference, Ottawa, 1921</mixed-citation>
            </p>
            <p>
               <mixed-citation id="d37299e3355" publication-type="other">
R. Donald (ed.), The Imperial Press
Conference in Canada (London, 1921), 132-3.</mixed-citation>
            </p>
         </fn>
         <fn id="d37299e3365a1310">
            <label>145</label>
            <p>
               <mixed-citation id="d37299e3372" publication-type="other">
E. M. Andrews, The Anzac Illusion: Anglo-Australian Relations During World War I (Cambridge,
1993), esp. 213-25.</mixed-citation>
            </p>
         </fn>
         <fn id="d37299e3382a1310">
            <label>146</label>
            <p>
               <mixed-citation id="d37299e3389" publication-type="other">
G. Martin, 'The Irish Free State and the Evolution of the Commonwealth',
in Hyam and Martin (ed.), Reappraisals, 220-2</mixed-citation>
            </p>
            <p>
               <mixed-citation id="d37299e3398" publication-type="other">
Wigley, Canada and the Transition to
Commonwealth, 283.</mixed-citation>
            </p>
         </fn>
         <fn id="d37299e3408a1310">
            <label>147</label>
            <p>
               <mixed-citation id="d37299e3415" publication-type="other">
J. Darwin, A Third British Empire? The Dominion Idea in Imperial Polities', in Judith
Brown and Wm. R. Louis (ed.), The Oxford History of the British Empire, Volume IV, the Twentieth
Century (Oxford, 1999).</mixed-citation>
            </p>
         </fn>
      </fn-group>
   </back>
</article>
