<article dtd-version="1.0" article-type="research-article">
   <front>
      <journal-meta>
         <journal-id xmlns:xlink="http://www.w3.org/1999/xlink" journal-id-type="jstor">englhistrevi</journal-id>
         <journal-id xmlns:xlink="http://www.w3.org/1999/xlink" journal-id-type="jstor">j100150</journal-id>
         <journal-title-group xmlns:xlink="http://www.w3.org/1999/xlink">
            <journal-title>The English Historical Review</journal-title>
         </journal-title-group>
         <publisher>
            <publisher-name>Oxford University Press</publisher-name>
         </publisher>
         <issn xmlns:xlink="http://www.w3.org/1999/xlink" pub-type="ppub">00138266</issn>
         <issn xmlns:xlink="http://www.w3.org/1999/xlink" pub-type="epub">14774534</issn>
      </journal-meta>
      <article-meta>
         <article-id xmlns:xlink="http://www.w3.org/1999/xlink" pub-id-type="jstor">20108203</article-id>
         <article-id pub-id-type="pub-doi">10.1093/ehr/cel372</article-id>
         <title-group>
            <article-title>'Affronts &amp; Insolencies': The Voices of Radwinter and Popular Opposition to Laudianism</article-title>
         </title-group>
         <contrib-group>
            <contrib>
               <string-name xmlns:xlink="http://www.w3.org/1999/xlink">
                  <given-names>John</given-names>
                  <surname>Walter</surname>
               </string-name>
            </contrib>
         </contrib-group>
         <pub-date xmlns:xlink="http://www.w3.org/1999/xlink">
            <day>1</day>
            <month>2</month>
            <year>2007</year>
         </pub-date>
         <volume>122</volume>
         <issue>495</issue>
         <issue-id xmlns:xlink="http://www.w3.org/1999/xlink">i20108200</issue-id>
         <fpage>35</fpage>
         <lpage>60</lpage>
         <permissions>
            <copyright-statement>Copyright 2007 Oxford University Press</copyright-statement>
         </permissions>
         <self-uri xmlns:xlink="http://www.w3.org/1999/xlink"
                   xlink:href="http://www.jstor.org/stable/20108203"/>
         <custom-meta-group xmlns:xlink="http://www.w3.org/1999/xlink">
            <custom-meta>
               <meta-name>lang</meta-name>
               <meta-value>eng</meta-value>
            </custom-meta>
         </custom-meta-group>
      </article-meta>
   </front>
   <back>
      <fn-group xmlns:xlink="http://www.w3.org/1999/xlink">
         <title>[Footnotes]</title>
         <fn id="d37871e113a1310">
            <label>1</label>
            <p>
               <mixed-citation id="d37871e120" publication-type="other">
E[ssex] Rfecord] O[ffice], D/P 22/I/9, fo. Ir; Bodleian Lib[rary Oxford], MS Rawlinson
D158, fo. 4v.</mixed-citation>
            </p>
         </fn>
         <fn id="d37871e130a1310">
            <label>2</label>
            <p>
               <mixed-citation id="d37871e137" publication-type="other">
ERO, D/ACA/52;/53;/54.</mixed-citation>
            </p>
         </fn>
         <fn id="d37871e144a1310">
            <label>3</label>
            <p>
               <mixed-citation id="d37871e151" publication-type="other">
Bodleian Lib., MS Rawlinson D158, fos 43-55V.</mixed-citation>
            </p>
            <p>
               <mixed-citation id="d37871e157" publication-type="other">
H[ouse of]
L[ords] R[ecord] O[ffice], MP HL 23 June 1660</mixed-citation>
            </p>
            <p>
               <mixed-citation id="d37871e166" publication-type="other">
John Walker, An Attempt Towards Recovering an Account of the Numbers and Sufferings of the Clergy
of the Church of England ... in the Late Times of the Grand Rebellion (1714)</mixed-citation>
            </p>
            <p>
               <mixed-citation id="d37871e176" publication-type="other">
G. B. Tatham, Dr John
Walker and the Sufferings of the Clergy (Cambridge, 1911), 135ff [Calendar of the Walker Mss.].</mixed-citation>
            </p>
         </fn>
         <fn id="d37871e186a1310">
            <label>4</label>
            <p>
               <mixed-citation id="d37871e193" publication-type="other">
Keith Wrightson's, from his 'The Politics of the Parish in Early
Modern England', in P. Griffiths, etal. (ed.), The Experience of Authority in Early Modern England
(Basingstoke, 1996), esp. 25-31.</mixed-citation>
            </p>
         </fn>
         <fn id="d37871e207a1310">
            <label>5</label>
            <p>
               <mixed-citation id="d37871e214" publication-type="other">
'Drake, Richard', in H. C. G. Mathew and Brian Harrison (ed.), O[xford] D[ictionary of]
N[ational] B[iography] (61 vols, Oxford, 2004), xyi&amp;amp;gt 880</mixed-citation>
            </p>
            <p>
               <mixed-citation id="d37871e223" publication-type="other">
Bodleian Lib., MS Rawlinson D158,
fos 1-4v</mixed-citation>
            </p>
            <p>
               <mixed-citation id="d37871e232" publication-type="other">
ERO, D/P 22/1/9, fo. 1r.</mixed-citation>
            </p>
         </fn>
         <fn id="d37871e239a1310">
            <label>6</label>
            <p>
               <mixed-citation id="d37871e246" publication-type="other">
Smith, The Ecclesiastical History of Essex Under the Long Parliament and Commonwealth
(Colchester, n.d.), 290.</mixed-citation>
            </p>
         </fn>
         <fn id="d37871e256a1310">
            <label>7</label>
            <p>
               <mixed-citation id="d37871e263" publication-type="other">
PRO S [tate] P[apers], 16/35, fos 5-5V</mixed-citation>
            </p>
            <p>
               <mixed-citation id="d37871e269" publication-type="other">
ERO, Q/RTh 1</mixed-citation>
            </p>
            <p>
               <mixed-citation id="d37871e275" publication-type="other">
Q/RTh 5</mixed-citation>
            </p>
            <p>
               <mixed-citation id="d37871e282" publication-type="other">
HLRO, MP HL 1642.</mixed-citation>
            </p>
         </fn>
         <fn id="d37871e289a1310">
            <label>8</label>
            <p>
               <mixed-citation id="d37871e296" publication-type="other">
ERO, D/ACA/ 49-54.</mixed-citation>
            </p>
         </fn>
         <fn id="d37871e303a1310">
            <label>9</label>
            <p>
               <mixed-citation id="d37871e310" publication-type="other">
ERO, Q/SR210/70&amp;amp;71</mixed-citation>
            </p>
            <p>
               <mixed-citation id="d37871e316" publication-type="other">
PRO STAC 8/287/21, m. 1</mixed-citation>
            </p>
            <p>
               <mixed-citation id="d37871e322" publication-type="other">
ASSI 35/68/1/55.</mixed-citation>
            </p>
         </fn>
         <fn id="d37871e329a1310">
            <label>10</label>
            <p>
               <mixed-citation id="d37871e336" publication-type="other">
ERO, D/D M 203; D/DY f1.</mixed-citation>
            </p>
         </fn>
         <fn id="d37871e344a1310">
            <label>11</label>
            <p>
               <mixed-citation id="d37871e351" publication-type="other">
Drake's account in Bodleian Lib.,
MS Rawlinson D158, fos 43-55V.</mixed-citation>
            </p>
         </fn>
         <fn id="d37871e361a1310">
            <label>12</label>
            <p>
               <mixed-citation id="d37871e368" publication-type="other">
John Walter, "Abolishing Superstition with
Sedition"? The Politics of Popular Iconoclasm in England 1640-1642', Past and Present, clxxxiii
(2004), 105-6.</mixed-citation>
            </p>
         </fn>
         <fn id="d37871e381a1310">
            <label>13</label>
            <p>
               <mixed-citation id="d37871e388" publication-type="other">
Smith, Ecclesiastical History of Essex, 181.</mixed-citation>
            </p>
         </fn>
         <fn id="d37871e395a1310">
            <label>14</label>
            <p>
               <mixed-citation id="d37871e402" publication-type="other">
ERO, D/P 22/1/9, fo. 18v.</mixed-citation>
            </p>
         </fn>
         <fn id="d37871e409a1310">
            <label>16</label>
            <p>
               <mixed-citation id="d37871e416" publication-type="other">
B[ritish] L[ibrary], Addit[ional]
MS 22084, fo. 9v</mixed-citation>
            </p>
            <p>
               <mixed-citation id="d37871e425" publication-type="other">
A. G. Matthews, Walker Revised: Being a Revision of John Walkers Sufferings of the
Clergy During the Grand Rebellion 1642-60 (Oxford, 1988), 203.</mixed-citation>
            </p>
         </fn>
         <fn id="d37871e435a1310">
            <label>18</label>
            <p>
               <mixed-citation id="d37871e442" publication-type="other">
ERO, D/ACA/55, fo. 5r</mixed-citation>
            </p>
            <p>
               <mixed-citation id="d37871e448" publication-type="other">
Guildhall Lib., London, MS 9583/2, pt V, 67.</mixed-citation>
            </p>
         </fn>
         <fn id="d37871e456a1310">
            <label>19</label>
            <p>
               <mixed-citation id="d37871e463" publication-type="other">
Guildhall Lib., MS 9583/2, pt V, fo. 68 (Drake's emphasis).</mixed-citation>
            </p>
         </fn>
         <fn id="d37871e470a1310">
            <label>20</label>
            <p>
               <mixed-citation id="d37871e477" publication-type="other">
ERO, D/P 22/1/9, fos 2v, 18v.</mixed-citation>
            </p>
         </fn>
         <fn id="d37871e484a1310">
            <label>21</label>
            <p>
               <mixed-citation id="d37871e491" publication-type="other">
'Drake, Richard', ODNB, xvi, 880</mixed-citation>
            </p>
            <p>
               <mixed-citation id="d37871e497" publication-type="other">
John Le Neve, Fasti Ecclesiae Anglicanae 1541-1851,
J. M. Horn (ed.) (1986), 11, 22,99</mixed-citation>
            </p>
            <p>
               <mixed-citation id="d37871e506" publication-type="other">
C[alendar of] S[tate]P[apers] D[omestic] 1661-1662, 514, 580,581,
587</mixed-citation>
            </p>
            <p>
               <mixed-citation id="d37871e516" publication-type="other">
CSPD 1663-1664, 14, 55.</mixed-citation>
            </p>
            <p>
               <mixed-citation id="d37871e522" publication-type="other">
Codrington Lib., All Soul's, Oxford, MS 255, fo. 323</mixed-citation>
            </p>
         </fn>
         <fn id="d37871e529a1310">
            <label>22</label>
            <p>
               <mixed-citation id="d37871e536" publication-type="other">
ERO, D/P 22/1/9, fos 2v, 19r, 41v).</mixed-citation>
            </p>
            <p>
               <mixed-citation id="d37871e542" publication-type="other">
Guildhall Lib., MS 9537/16, fo.
35V.</mixed-citation>
            </p>
         </fn>
         <fn id="d37871e552a1310">
            <label>23</label>
            <p>
               <mixed-citation id="d37871e559" publication-type="other">
Guildhall Lib., MS 9583/3, pt II, 108.</mixed-citation>
            </p>
            <p>
               <mixed-citation id="d37871e565" publication-type="other">
ERO,
D/P 22/1/9, fo- 3r.</mixed-citation>
            </p>
         </fn>
         <fn id="d37871e575a1310">
            <label>24</label>
            <p>
               <mixed-citation id="d37871e582" publication-type="other">
Bodleian Lib., MS Rawlinson D158, fos 45-47v, 49r-51v.</mixed-citation>
            </p>
         </fn>
         <fn id="d37871e590a1310">
            <label>25</label>
            <p>
               <mixed-citation id="d37871e597" publication-type="other">
BL, Addit. MS 15669, fo. 39.</mixed-citation>
            </p>
         </fn>
         <fn id="d37871e604a1310">
            <label>26</label>
            <p>
               <mixed-citation id="d37871e611" publication-type="other">
Bodleian Lib., MS Rawlinson D158, fos 5r, 45v.</mixed-citation>
            </p>
         </fn>
         <fn id="d37871e618a1310">
            <label>27</label>
            <p>
               <mixed-citation id="d37871e625" publication-type="other">
Bodleian Lib., MS
Rawlinson D158, fos 8v, 9, 49r-51v, 52v.</mixed-citation>
            </p>
         </fn>
         <fn id="d37871e635a1310">
            <label>28</label>
            <p>
               <mixed-citation id="d37871e642" publication-type="other">
HLRO, MP HL 21 Mar. 1642/3.</mixed-citation>
            </p>
            <p>
               <mixed-citation id="d37871e648" publication-type="other">
Journal of the House of Commons, iii, 11</mixed-citation>
            </p>
         </fn>
         <fn id="d37871e655a1310">
            <label>29</label>
            <p>
               <mixed-citation id="d37871e662" publication-type="other">
Bodleian Lib.,
MS Rawlinson D158, fos 45-7v, 49r-51v</mixed-citation>
            </p>
            <p>
               <mixed-citation id="d37871e671" publication-type="other">
HLRO, MP HL 21 Mar. 1642/3</mixed-citation>
            </p>
         </fn>
         <fn id="d37871e678a1310">
            <label>30</label>
            <p>
               <mixed-citation id="d37871e685" publication-type="other">
Bodleian Lib., MS Rawlinson D158, fo. 50v.</mixed-citation>
            </p>
            <p>
               <mixed-citation id="d37871e691" publication-type="other">
P. Lake, 'The
Laudian Style: Order, Uniformity and the Pursuit of the Beauty of Holiness in the 1630s', in
K. Fincham (ed.), The Early Stuart Church (Basingstoke, 1993), 161-85</mixed-citation>
            </p>
            <p>
               <mixed-citation id="d37871e703" publication-type="other">
G. W. O. Addleshaw and
F. Etchells, The Architectural Setting of Anglican Worship (London, 1948), 108-41</mixed-citation>
            </p>
            <p>
               <mixed-citation id="d37871e713" publication-type="other">
J. Newman, 'Laudian
Literature and the Interpretation of Caroline Churches in London', in D. Howarth (ed.), Art and
Patronage in the Caroline Court: Essays in Honour of Sir Oliver Millar (Cambridge, 1993), 168-88.</mixed-citation>
            </p>
         </fn>
         <fn id="d37871e727a1310">
            <label>31</label>
            <p>
               <mixed-citation id="d37871e734" publication-type="other">
J. P. D. Cannon, 'The Poetry and Polemic of English Church Worship c. 1617-1640'
(Ph.D. thesis, University of Cambridge, 1998), 61.</mixed-citation>
            </p>
         </fn>
         <fn id="d37871e744a1310">
            <label>32</label>
            <p>
               <mixed-citation id="d37871e751" publication-type="other">
PRO SP 16/461/32.</mixed-citation>
            </p>
         </fn>
         <fn id="d37871e758a1310">
            <label>34</label>
            <p>
               <mixed-citation id="d37871e765" publication-type="other">
K. Fincham, 'The Restoration of the
Altars in the 1630s', Historical Journal, xliv (2001), 919-40.</mixed-citation>
            </p>
         </fn>
         <fn id="d37871e775a1310">
            <label>35</label>
            <p>
               <mixed-citation id="d37871e782" publication-type="other">
Guildhall Lib., MS 9537/15, fo. 33r.</mixed-citation>
            </p>
            <p>
               <mixed-citation id="d37871e788" publication-type="other">
ERO, D/ACA 51, fo. 182r.</mixed-citation>
            </p>
         </fn>
         <fn id="d37871e795a1310">
            <label>36</label>
            <p>
               <mixed-citation id="d37871e802" publication-type="other">
J. Walter, 'Popular Iconoclasm and the Politics of the Parish in Eastern England, 1640-
1642', Historical Journal, xlvii (2004), 30.</mixed-citation>
            </p>
         </fn>
         <fn id="d37871e812a1310">
            <label>37</label>
            <p>
               <mixed-citation id="d37871e819" publication-type="other">
Bodleian Lib., MS Rawlinson D158, fo. 46r.</mixed-citation>
            </p>
         </fn>
         <fn id="d37871e827a1310">
            <label>38</label>
            <p>
               <mixed-citation id="d37871e834" publication-type="other">
Thomas Hooker's: T Webster, Godly Clergy in Early Stuart England: The
Caroline Puritan Movement, c. 1620-1643 (Cambridge, 1997), 185.</mixed-citation>
            </p>
         </fn>
         <fn id="d37871e844a1310">
            <label>39</label>
            <p>
               <mixed-citation id="d37871e851" publication-type="other">
The Division of the County of Essex into severall Classes ... (1648), 13</mixed-citation>
            </p>
            <p>
               <mixed-citation id="d37871e857" publication-type="other">
ERO, D/ACA 50, fos
69 and ff.</mixed-citation>
            </p>
         </fn>
         <fn id="d37871e867a1310">
            <label>40</label>
            <p>
               <mixed-citation id="d37871e874" publication-type="other">
HLRO, MP HL 21 Mar. 1642/3.</mixed-citation>
            </p>
            <p>
               <mixed-citation id="d37871e880" publication-type="other">
ERO, D/
ABW, and PRO, PROB 11</mixed-citation>
            </p>
            <p>
               <mixed-citation id="d37871e889" publication-type="other">
PRO, SP 16/358</mixed-citation>
            </p>
            <p>
               <mixed-citation id="d37871e896" publication-type="other">
ERO, Q/RTh 1 and 5</mixed-citation>
            </p>
            <p>
               <mixed-citation id="d37871e902" publication-type="other">
D/DBa 018/16</mixed-citation>
            </p>
            <p>
               <mixed-citation id="d37871e908" publication-type="other">
ERO, D/DB M203, D/DY f1</mixed-citation>
            </p>
         </fn>
         <fn id="d37871e915a1310">
            <label>41</label>
            <p>
               <mixed-citation id="d37871e922" publication-type="other">
Bodleian Lib., MS Rawlinson D 158, fo. 46v.</mixed-citation>
            </p>
         </fn>
         <fn id="d37871e929a1310">
            <label>42</label>
            <p>
               <mixed-citation id="d37871e936" publication-type="other">
Ibid., fo. 7v.</mixed-citation>
            </p>
         </fn>
         <fn id="d37871e943a1310">
            <label>43</label>
            <p>
               <mixed-citation id="d37871e950" publication-type="other">
Bodleian Lib., MS Rawlinson D158, fo. 44r.</mixed-citation>
            </p>
         </fn>
         <fn id="d37871e958a1310">
            <label>44</label>
            <p>
               <mixed-citation id="d37871e965" publication-type="other">
Walter, "Abolishing
Superstition" ', 99-106.</mixed-citation>
            </p>
         </fn>
         <fn id="d37871e975a1310">
            <label>45</label>
            <p>
               <mixed-citation id="d37871e982" publication-type="other">
BL, Addit. MS 21, 935, fo. 89r.</mixed-citation>
            </p>
         </fn>
         <fn id="d37871e989a1310">
            <label>46</label>
            <p>
               <mixed-citation id="d37871e996" publication-type="other">
Walter, "Abolishing Superstition"', 97-8.</mixed-citation>
            </p>
         </fn>
         <fn id="d37871e1003a1310">
            <label>47</label>
            <p>
               <mixed-citation id="d37871e1010" publication-type="other">
Bodleian Lib., MS Rawlinson D158, fos 46r, 48r, 5or.</mixed-citation>
            </p>
         </fn>
         <fn id="d37871e1017a1310">
            <label>48</label>
            <p>
               <mixed-citation id="d37871e1024" publication-type="other">
Bodleian Lib., MS Rawlinson D158, fo. 10</mixed-citation>
            </p>
         </fn>
         <fn id="d37871e1031a1310">
            <label>49</label>
            <p>
               <mixed-citation id="d37871e1038" publication-type="other">
Anthony Milton, Catholic and Reformed: The Roman and Protestant Churches in English
Protestant Thought, 1600-1640 (Cambridge, 1995), 72.</mixed-citation>
            </p>
         </fn>
         <fn id="d37871e1049a1310">
            <label>50</label>
            <p>
               <mixed-citation id="d37871e1056" publication-type="other">
N. C. Elliott, 'The Roman Catholic Community in Essex 1625-1701', Essex Recusant,
xxv-xxvi (1983/4), 8-9, 24-5.</mixed-citation>
            </p>
         </fn>
         <fn id="d37871e1066a1310">
            <label>51</label>
            <p>
               <mixed-citation id="d37871e1073" publication-type="other">
Bodleian Lib., MS Rawlinson D158, fo. 49r.</mixed-citation>
            </p>
         </fn>
         <fn id="d37871e1080a1310">
            <label>52</label>
            <p>
               <mixed-citation id="d37871e1087" publication-type="other">
ERO, T/A 547/2,479</mixed-citation>
            </p>
            <p>
               <mixed-citation id="d37871e1093" publication-type="other">
R. Newcourt, Repertorium Ecclesiasticum Parochiale
Londinense: An Ecclesiastical Parochial History of the Diocese of London (2 vols, London, 1708-10)</mixed-citation>
            </p>
         </fn>
         <fn id="d37871e1103a1310">
            <label>53</label>
            <p>
               <mixed-citation id="d37871e1110" publication-type="other">
P. Collinson, J. Craig and B. Usher (ed.), Conferences and Combination
Lectures in the Elizabethan Church, 1582-1590 (Church of England Record Society, x, 2003),
244-6.</mixed-citation>
            </p>
         </fn>
         <fn id="d37871e1123a1310">
            <label>54</label>
            <p>
               <mixed-citation id="d37871e1130" publication-type="other">
G. J. R. Parry, A Protestant Vision: William Harrison and the Reformation of Elizabethan
England (Cambridge, 1987), 5, 145-53, 278-9</mixed-citation>
            </p>
            <p>
               <mixed-citation id="d37871e1139" publication-type="other">
ERO, Pamphlet Box: G. J. R. Parry, 'William
Harrison &amp;amp; Radwinter: A Paper Given to the Saffron Waiden Library Society, 14 Oct. 1992'</mixed-citation>
            </p>
            <p>
               <mixed-citation id="d37871e1148" publication-type="other">
G. Edelen, 'William Harrison (1535-1593)', Studies in the Renaissance, ix (1962), 263-4</mixed-citation>
            </p>
            <p>
               <mixed-citation id="d37871e1155" publication-type="other">
G. Edelen
(ed.), The Description of England by William Harrison, (Ithaca, 1968), 35-6.</mixed-citation>
            </p>
         </fn>
         <fn id="d37871e1165a1310">
            <label>55</label>
            <p>
               <mixed-citation id="d37871e1172" publication-type="other">
Harrison, Description, 117-8,120-1.</mixed-citation>
            </p>
         </fn>
         <fn id="d37871e1180a1310">
            <label>56</label>
            <p>
               <mixed-citation id="d37871e1187" publication-type="other">
BL, Addit. MS 21,935, fo. 89r</mixed-citation>
            </p>
            <p>
               <mixed-citation id="d37871e1193" publication-type="other">
PRO SP 16/461/32</mixed-citation>
            </p>
            <p>
               <mixed-citation id="d37871e1199" publication-type="other">
Bodleian Lib., MS Rawlinson D158, fo. 5</mixed-citation>
            </p>
            <p>
               <mixed-citation id="d37871e1206" publication-type="other">
M. Aston, 'Rites of Destruction by Fire', in her Faith and Fire: Popular and Unpopular Religion
1350-1600 (1993), 298 and n.</mixed-citation>
            </p>
         </fn>
         <fn id="d37871e1216a1310">
            <label>57</label>
            <p>
               <mixed-citation id="d37871e1223" publication-type="other">
Milton, Catholic and Reformed, 195-6.</mixed-citation>
            </p>
            <p>
               <mixed-citation id="d37871e1229" publication-type="other">
Henry Wharton,
The History of the Troubles &amp;amp; Tryal of William Laud (1695), 313</mixed-citation>
            </p>
            <p>
               <mixed-citation id="d37871e1238" publication-type="other">
C. Holmes, Seventeenth-Century
Lincolnshire (Lincoln, 1980), 95-6.</mixed-citation>
            </p>
         </fn>
         <fn id="d37871e1248a1310">
            <label>58</label>
            <p>
               <mixed-citation id="d37871e1255" publication-type="other">
Walter, 'Popular Iconoclasm', 271-2.</mixed-citation>
            </p>
         </fn>
         <fn id="d37871e1262a1310">
            <label>59</label>
            <p>
               <mixed-citation id="d37871e1269" publication-type="other">
BL, Addit. MS 21,935, fo. 88v.</mixed-citation>
            </p>
            <p>
               <mixed-citation id="d37871e1275" publication-type="other">
Bodleian Lib., MS Rawlinson D158, fo. 5.</mixed-citation>
            </p>
         </fn>
         <fn id="d37871e1282a1310">
            <label>60</label>
            <p>
               <mixed-citation id="d37871e1289" publication-type="other">
A. G. Matthews (ed.), Calamy Revised: Being a Revision of Edmund Calamy s Account of the
Ministers and Others Ejected and Silenced 1660-1662 (Oxford, 1932), 171</mixed-citation>
            </p>
            <p>
               <mixed-citation id="d37871e1298" publication-type="other">
Pembroke College Library
2.77 [Wren's Benefactors' Book], fo. 68.</mixed-citation>
            </p>
            <p>
               <mixed-citation id="d37871e1307" publication-type="other">
J. Walter, Understanding Popular Violence in the English Revolution: The Colchester Plunderers,
(Cambridge, 1999), 175-8.</mixed-citation>
            </p>
         </fn>
         <fn id="d37871e1317a1310">
            <label>61</label>
            <p>
               <mixed-citation id="d37871e1324" publication-type="other">
BL, Harl[eian] MS 7019, fo. 81</mixed-citation>
            </p>
            <p>
               <mixed-citation id="d37871e1330" publication-type="other">
J. Twigg, The University of Cambridge and the English
Revolution 1625-1688 (Woodbridge, 1990), 17-18, 25, 37-8</mixed-citation>
            </p>
            <p>
               <mixed-citation id="d37871e1339" publication-type="other">
D. Hoyle, A Commons Investigation
of Arminianism and Popery in Cambridge of the Eve of the Civil War', Historical Journal, xxix
(1986), 419-25.</mixed-citation>
            </p>
         </fn>
         <fn id="d37871e1353a1310">
            <label>62</label>
            <p>
               <mixed-citation id="d37871e1360" publication-type="other">
Robert Shelford, Five Pious and Learned Discourses (Cambridge, 1635)</mixed-citation>
            </p>
            <p>
               <mixed-citation id="d37871e1366" publication-type="other">
N. Tyacke, Anti-
Calvinists: The Rise of English Arminianism c. 1590-1640 (Oxford, 1990), 53-6.</mixed-citation>
            </p>
         </fn>
         <fn id="d37871e1376a1310">
            <label>63</label>
            <p>
               <mixed-citation id="d37871e1383" publication-type="other">
Shelford, Pious and Learned Discourses, A1-A2r</mixed-citation>
            </p>
            <p>
               <mixed-citation id="d37871e1389" publication-type="other">
'Crashaw, Richard', ODNB, xiv, 41-4</mixed-citation>
            </p>
            <p>
               <mixed-citation id="d37871e1395" publication-type="other">
P. McCullough, 'Making Dead Men Speak: Laudianism, Print and the Works of Lancelot
Andrewes, 1626-1642', Historical Journal, xli (1998), 408.</mixed-citation>
            </p>
            <p>
               <mixed-citation id="d37871e1405" publication-type="other">
A. Maycock, Chronicles of Little Gidding (London, 1954), 93</mixed-citation>
            </p>
            <p>
               <mixed-citation id="d37871e1411" publication-type="other">
B. Blackestone (ed.), The Ferrar Papers (Cambridge, 1938), 299-300.</mixed-citation>
            </p>
         </fn>
         <fn id="d37871e1418a1310">
            <label>64</label>
            <p>
               <mixed-citation id="d37871e1425" publication-type="other">
'Duncon, Eleazor', ODNB, xvii, 264-5</mixed-citation>
            </p>
            <p>
               <mixed-citation id="d37871e1431" publication-type="other">
Tyacke, Anti-Calvinists, 54</mixed-citation>
            </p>
            <p>
               <mixed-citation id="d37871e1437" publication-type="other">
BL, Harl. MS 7038, fo.
63r</mixed-citation>
            </p>
            <p>
               <mixed-citation id="d37871e1447" publication-type="other">
E. Duncon, De Adoratinoe Dei versus Altare: Or That Pious and Devout Ceremony of Bowing
Towards the Altar Vindicated as Lawfull Pious and Laudable. Being the Substance of a Divinity
Lecture Made Some Years Since at Cambridge in Latin (n.d. [1660]).</mixed-citation>
            </p>
         </fn>
         <fn id="d37871e1460a1310">
            <label>65</label>
            <p>
               <mixed-citation id="d37871e1467" publication-type="other">
M. Jansson (ed.), Proceedings in the Opening Session of the Long Parliament. House of Commons
(vol. 2): 21 Dec. 1640-20 Mar. 1641 (Rochester, 2000), 301</mixed-citation>
            </p>
            <p>
               <mixed-citation id="d37871e1476" publication-type="other">
Matthews, Walker Revised, 151.</mixed-citation>
            </p>
         </fn>
         <fn id="d37871e1483a1310">
            <label>66</label>
            <p>
               <mixed-citation id="d37871e1490" publication-type="other">
Walter, Understanding Popular
Violence, 122, 135, 145-7, 296</mixed-citation>
            </p>
            <p>
               <mixed-citation id="d37871e1499" publication-type="other">
Tyacke, Anti-Calvinists, 190.</mixed-citation>
            </p>
         </fn>
         <fn id="d37871e1506a1310">
            <label>67</label>
            <p>
               <mixed-citation id="d37871e1513" publication-type="other">
N. Tyacke, 'Lancelot Andrewes and the Myth of Anglicanism', in P. Lake and
M. Questier (ed.), Conformity and Orthodoxy in the English Church, c. 1560-1660 (Woodbridge,
2000), 5-33</mixed-citation>
            </p>
            <p>
               <mixed-citation id="d37871e1525" publication-type="other">
Peter Lake, 'Lancelot Andrewes, John Buckeridge, and Avant-Garde Conformity at
the Court of James I', in L. Levy Peck (ed.), The Mental World of the Jacobean Court (Cambridge,
1991), 113-33</mixed-citation>
            </p>
            <p>
               <mixed-citation id="d37871e1537" publication-type="other">
McCullough, 'Making Dead Men Speak', 401-24 at 402.</mixed-citation>
            </p>
         </fn>
         <fn id="d37871e1545a1310">
            <label>68</label>
            <p>
               <mixed-citation id="d37871e1552" publication-type="other">
Ibid., 411</mixed-citation>
            </p>
            <p>
               <mixed-citation id="d37871e1558" publication-type="other">
Bodleian Lib., MS Rawlinson D158, fo. nv</mixed-citation>
            </p>
            <p>
               <mixed-citation id="d37871e1564" publication-type="other">
Tyacke, Andrewes', 23.</mixed-citation>
            </p>
         </fn>
         <fn id="d37871e1571a1310">
            <label>69</label>
            <p>
               <mixed-citation id="d37871e1578" publication-type="other">
M.-M. Egan, 'Laudians, Puritans and the Laity in Essex, c. 1630-1642' (Ph.D. thesis,
University College, London, 2001), 60-1</mixed-citation>
            </p>
            <p>
               <mixed-citation id="d37871e1587" publication-type="other">
PRO PROB 11/368, fos 158r-159r.</mixed-citation>
            </p>
         </fn>
         <fn id="d37871e1594a1310">
            <label>70</label>
            <p>
               <mixed-citation id="d37871e1601" publication-type="other">
Bodleian Lib., MS Rawlinson D158</mixed-citation>
            </p>
         </fn>
         <fn id="d37871e1608a1310">
            <label>71</label>
            <p>
               <mixed-citation id="d37871e1615" publication-type="other">
Bodleian Lib., MS Rawlinson D158, fo. 4r</mixed-citation>
            </p>
            <p>
               <mixed-citation id="d37871e1621" publication-type="other">
Pembroke College Library 2.77 [Wren's
Benefactors' Book], fos 6, 7or-v, 90</mixed-citation>
            </p>
         </fn>
         <fn id="d37871e1631a1310">
            <label>72</label>
            <p>
               <mixed-citation id="d37871e1638" publication-type="other">
K. Fincham, 'Clerical Conformity from Whitgift to Laud', in P. Lake and M. Questier,
Conformity and Orthodoxy in the English Church, c. 1560-1660 (Woodbridge, 2000), 155.</mixed-citation>
            </p>
         </fn>
         <fn id="d37871e1648a1310">
            <label>73</label>
            <p>
               <mixed-citation id="d37871e1655" publication-type="other">
Bodleian Lib., MS Rawlinson D158, fo. 3V.</mixed-citation>
            </p>
         </fn>
         <fn id="d37871e1663a1310">
            <label>74</label>
            <p>
               <mixed-citation id="d37871e1670" publication-type="other">
BL, Harl. MS 7019, fo. 63.</mixed-citation>
            </p>
            <p>
               <mixed-citation id="d37871e1676" publication-type="other">
Cambridge University Library, Baker MS 36, 178.</mixed-citation>
            </p>
         </fn>
         <fn id="d37871e1683a1310">
            <label>75</label>
            <p>
               <mixed-citation id="d37871e1690" publication-type="other">
Bodleian Lib., MS Rawlinson D158, fo. 5v</mixed-citation>
            </p>
            <p>
               <mixed-citation id="d37871e1696" publication-type="other">
BL, Harl. MS 4931, fos 63r-v.</mixed-citation>
            </p>
            <p>
               <mixed-citation id="d37871e1702" publication-type="other">
1 Corinthians 14:33</mixed-citation>
            </p>
         </fn>
         <fn id="d37871e1709a1310">
            <label>76</label>
            <p>
               <mixed-citation id="d37871e1716" publication-type="other">
Bodleian Lib., MS Rawlinson D158, fos 8v, 9, 49r-5iv, 52V.</mixed-citation>
            </p>
         </fn>
         <fn id="d37871e1723a1310">
            <label>77</label>
            <p>
               <mixed-citation id="d37871e1730" publication-type="other">
BL, Egerton MS 2651, fo. 97</mixed-citation>
            </p>
            <p>
               <mixed-citation id="d37871e1736" publication-type="other">
Smith, Ecclesiastical History of Essex, 74-6.</mixed-citation>
            </p>
         </fn>
         <fn id="d37871e1743a1310">
            <label>78</label>
            <p>
               <mixed-citation id="d37871e1750" publication-type="other">
B. D. Henning (ed.), The House of Commons 1660-1690 (3 vols, London, 1983), ii, 446-7</mixed-citation>
            </p>
            <p>
               <mixed-citation id="d37871e1756" publication-type="other">
Jansson (ed.), Proceedings ... 1, 33, 42, 658</mixed-citation>
            </p>
            <p>
               <mixed-citation id="d37871e1762" publication-type="other">
D. Brunton and D. H. Pennington, Members of the
Long Parliament (London, 1954), 122,123-4.</mixed-citation>
            </p>
         </fn>
         <fn id="d37871e1772a1310">
            <label>79</label>
            <p>
               <mixed-citation id="d37871e1779" publication-type="other">
Bodleian Lib., MS Rawlinson D158, fo. 43r</mixed-citation>
            </p>
            <p>
               <mixed-citation id="d37871e1785" publication-type="other">
Matthews, Calamy Revised, 504</mixed-citation>
            </p>
            <p>
               <mixed-citation id="d37871e1791" publication-type="other">
T. T. Lewis
(ed.), Letters of the Lady Brilliana Harley (Camden Society, ist ser., lviii, 1854), 107, 108, 137, 159</mixed-citation>
            </p>
            <p>
               <mixed-citation id="d37871e1801" publication-type="other">
J. Eales, Puritans and Roundheads: The Harleys ofBrampton Bryan and the Outbreak of the English
Civil War (Cambridge, 1990), 59,106-7.</mixed-citation>
            </p>
         </fn>
         <fn id="d37871e1812a1310">
            <label>80</label>
            <p>
               <mixed-citation id="d37871e1819" publication-type="other">
Eales, Puritans, 64-5, 112-3.</mixed-citation>
            </p>
         </fn>
         <fn id="d37871e1826a1310">
            <label>81</label>
            <p>
               <mixed-citation id="d37871e1833" publication-type="other">
Bodleian Lib., MS Rawlinson D158, fo. 52V.</mixed-citation>
            </p>
         </fn>
         <fn id="d37871e1840a1310">
            <label>82</label>
            <p>
               <mixed-citation id="d37871e1847" publication-type="other">
Ibid., fo. 5v.</mixed-citation>
            </p>
         </fn>
         <fn id="d37871e1854a1310">
            <label>83</label>
            <p>
               <mixed-citation id="d37871e1861" publication-type="other">
Ibid.</mixed-citation>
            </p>
         </fn>
         <fn id="d37871e1868a1310">
            <label>84</label>
            <p>
               <mixed-citation id="d37871e1875" publication-type="other">
Walter, Understanding Popular Violence, 126, 219.</mixed-citation>
            </p>
         </fn>
         <fn id="d37871e1882a1310">
            <label>85</label>
            <p>
               <mixed-citation id="d37871e1889" publication-type="other">
Bodleian Lib., MS Rawlinson D158, fo. 51r.</mixed-citation>
            </p>
         </fn>
         <fn id="d37871e1897a1310">
            <label>86</label>
            <p>
               <mixed-citation id="d37871e1904" publication-type="other">
HLRO, MP HL 20 Jan. 1641/2.</mixed-citation>
            </p>
         </fn>
         <fn id="d37871e1911a1310">
            <label>87</label>
            <p>
               <mixed-citation id="d37871e1918" publication-type="other">
Walter, 'Popular Iconoclasm', 280-5.</mixed-citation>
            </p>
         </fn>
         <fn id="d37871e1925a1310">
            <label>88</label>
            <p>
               <mixed-citation id="d37871e1932" publication-type="other">
A. Milton, 'The Creation of Laudianism: A New Approach', in T. Cogswell, R. Cust and
P. Lake (ed.), Politics, Religion and Popularity in Early Stuart Britain: Essays in Honour of Conrad
Russell (Cambridge, 2002), 181-2.</mixed-citation>
            </p>
         </fn>
         <fn id="d37871e1945a1310">
            <label>89</label>
            <p>
               <mixed-citation id="d37871e1952" publication-type="other">
BL, Addit. MS 15669, fos
47v, 192v, 229r; 15670, fos 9v, 61r, 81r, 223r.</mixed-citation>
            </p>
         </fn>
         <fn id="d37871e1962a1310">
            <label>91</label>
            <p>
               <mixed-citation id="d37871e1969" publication-type="other">
Bodleian Lib., MS Rawlinson D158, fo. 45.</mixed-citation>
            </p>
            <p>
               <mixed-citation id="d37871e1975" publication-type="other">
Walter, Understanding Popular Violence, 129-31</mixed-citation>
            </p>
            <p>
               <mixed-citation id="d37871e1981" publication-type="other">
John Walter, 'Confessional Politics in Pre-civil
War Essex: Prayer Books, Profanations and Petitions', Historical Journal, xliv (2001), 701).</mixed-citation>
            </p>
         </fn>
         <fn id="d37871e1991a1310">
            <label>92</label>
            <p>
               <mixed-citation id="d37871e1998" publication-type="other">
A. Cambers, 'Pastoral Laudianism? Religious
Politics in the 1630s: A Leicestershire's Rector s Annotations', Midland History, xxvii (2002), 38-51</mixed-citation>
            </p>
            <p>
               <mixed-citation id="d37871e2007" publication-type="other">
M.-M. Egan, 'The
Origins, Nature and Popularity of Ceremonialism in Essex c. 1628-c. 1645' (MA thesis, University
of Essex, 1997)</mixed-citation>
            </p>
            <p>
               <mixed-citation id="d37871e2019" publication-type="other">
Egan, 'Laudians, Puritans and the Laity in Essex'.</mixed-citation>
            </p>
         </fn>
         <fn id="d37871e2027a1310">
            <label>93</label>
            <p>
               <mixed-citation id="d37871e2034" publication-type="other">
Walter, 'Popular Iconoclasm', 269</mixed-citation>
            </p>
            <p>
               <mixed-citation id="d37871e2040" publication-type="other">
J. Fielding, 'Conformists, Puritans and the Church
Courts: The Diocese of Peterborough 1603-1642' (Ph.D. thesis, University of Birmingham, 1989),
205-6, 240.</mixed-citation>
            </p>
            <p>
               <mixed-citation id="d37871e2052" publication-type="other">
C. Haigh, 'The
Troubles of Thomas Pestell: Parish Squabbles and Ecclesiastical Politics in Caroline England',
Journal of British Studies, xli (2002), 403-28.</mixed-citation>
            </p>
         </fn>
         <fn id="d37871e2065a1310">
            <label>94</label>
            <p>
               <mixed-citation id="d37871e2072" publication-type="other">
Bodleian Lib., MS Rawlinson D158, fo. 43r</mixed-citation>
            </p>
            <p>
               <mixed-citation id="d37871e2078" publication-type="other">
The Answer to the Rattle-Heads Concerning
Their Fictionate Resolution of the Round-Heads (1642)</mixed-citation>
            </p>
            <p>
               <mixed-citation id="d37871e2087" publication-type="other">
J. Miller, Religion in the Popular Prints
1600-1832 (Cambridge, 1986), plate 7, 75.</mixed-citation>
            </p>
         </fn>
         <fn id="d37871e2097a1310">
            <label>95</label>
            <p>
               <mixed-citation id="d37871e2104" publication-type="other">
J. Spraggon, Puritan Iconoclasm During the English Civil War (Woodbridge, 2003), ch. 3</mixed-citation>
            </p>
         </fn>
         <fn id="d37871e2111a1310">
            <label>96</label>
            <p>
               <mixed-citation id="d37871e2118" publication-type="other">
Bodleian Lib., MS Rawlinson D158, fo. 43r</mixed-citation>
            </p>
            <p>
               <mixed-citation id="d37871e2124" publication-type="other">
Walter, Understanding Popular Violence,
292-6.</mixed-citation>
            </p>
         </fn>
         <fn id="d37871e2134a1310">
            <label>97</label>
            <p>
               <mixed-citation id="d37871e2141" publication-type="other">
Bodleian Lib., MS Rawlinson D158, fo. 51.</mixed-citation>
            </p>
         </fn>
         <fn id="d37871e2148a1310">
            <label>98</label>
            <p>
               <mixed-citation id="d37871e2155" publication-type="other">
'The Persecution of "Scandalous" and
"Malignant" Parish Clergy During the English Civil War', ante, xciv (1979), 507-31</mixed-citation>
            </p>
            <p>
               <mixed-citation id="d37871e2164" publication-type="other">
Cambridgeshire (BL, Addit. MS 15672)</mixed-citation>
            </p>
            <p>
               <mixed-citation id="d37871e2170" publication-type="other">
Essex (BL, Addit. MS 5829)</mixed-citation>
            </p>
            <p>
               <mixed-citation id="d37871e2177" publication-type="other">
L. B. Larking (ed.),
Proceedings Principally in the County of Kent ... (Camden Society, lxxx, 1862)</mixed-citation>
            </p>
            <p>
               <mixed-citation id="d37871e2186" publication-type="other">
Leicestershire
(Bodleian Lib., MS J Walker, c.11, fos 4-81)</mixed-citation>
            </p>
            <p>
               <mixed-citation id="d37871e2195" publication-type="other">
]. W. F. Hill, 'The Royalist Clergy of
Lincolnshire', Lincolnshire Architectural and Archaeological Society Reports and Papers, ii (1940),
34-127</mixed-citation>
            </p>
            <p>
               <mixed-citation id="d37871e2207" publication-type="other">
Suffolk (Clive Holmes (ed.), The Suffolk Committees for Scandalous Ministers 1644-1646
(Suffolk Record Society, xiii, 1970))</mixed-citation>
            </p>
            <p>
               <mixed-citation id="d37871e2216" publication-type="other">
Wiltshire (BL, Addit. MS 22084).</mixed-citation>
            </p>
         </fn>
      </fn-group>
   </back>
</article>
