<article dtd-version="1.0" article-type="research-article">
   <front>
      <journal-meta>
         <journal-id xmlns:xlink="http://www.w3.org/1999/xlink" journal-id-type="jstor">englhistrevi</journal-id>
         <journal-id xmlns:xlink="http://www.w3.org/1999/xlink" journal-id-type="jstor">j100150</journal-id>
         <journal-title-group xmlns:xlink="http://www.w3.org/1999/xlink">
            <journal-title>The English Historical Review</journal-title>
         </journal-title-group>
         <publisher>
            <publisher-name>Oxford University Press</publisher-name>
         </publisher>
         <issn xmlns:xlink="http://www.w3.org/1999/xlink" pub-type="ppub">00138266</issn>
         <issn xmlns:xlink="http://www.w3.org/1999/xlink" pub-type="epub">14774534</issn>
      </journal-meta>
      <article-meta>
         <article-id xmlns:xlink="http://www.w3.org/1999/xlink" pub-id-type="jstor">20108305</article-id>
         <article-id pub-id-type="pub-doi">10.1093/ehr/cem371</article-id>
         <title-group>
            <article-title>Robert Brady's Intellectual History and Royalist Antipopery in Restoration England</article-title>
         </title-group>
         <contrib-group>
            <contrib>
               <string-name xmlns:xlink="http://www.w3.org/1999/xlink">
                  <given-names>Jacqueline</given-names>
                  <surname>Rose</surname>
               </string-name>
            </contrib>
         </contrib-group>
         <pub-date xmlns:xlink="http://www.w3.org/1999/xlink">
            <day>1</day>
            <month>12</month>
            <year>2007</year>
         </pub-date>
         <volume>122</volume>
         <issue>499</issue>
         <issue-id xmlns:xlink="http://www.w3.org/1999/xlink">i20108299</issue-id>
         <fpage>1287</fpage>
         <lpage>1317</lpage>
         <permissions>
            <copyright-statement>Copyright 2007 Oxford University Press</copyright-statement>
         </permissions>
         <self-uri xmlns:xlink="http://www.w3.org/1999/xlink"
                   xlink:href="http://www.jstor.org/stable/20108305"/>
         <custom-meta-group xmlns:xlink="http://www.w3.org/1999/xlink">
            <custom-meta>
               <meta-name>lang</meta-name>
               <meta-value>eng</meta-value>
            </custom-meta>
         </custom-meta-group>
      </article-meta>
   </front>
   <back>
      <fn-group xmlns:xlink="http://www.w3.org/1999/xlink">
         <title>[Footnotes]</title>
         <fn id="d5799e113a1310">
            <label>*</label>
            <p>
               <mixed-citation id="d5799e120" publication-type="other">
M.Phil, thesis, University of
Cambridge, 2004</mixed-citation>
            </p>
         </fn>
         <fn id="d5799e130a1310">
            <label>1</label>
            <p>
               <mixed-citation id="d5799e137" publication-type="other">
H[istorie] Manuscripts] C[ommission], Ormonde, vii, 79-80</mixed-citation>
            </p>
            <p>
               <mixed-citation id="d5799e143" publication-type="other">
C[alendar of S [tate] P[apers],
D[omestic], July-Sept. 1683, 157-8</mixed-citation>
            </p>
            <p>
               <mixed-citation id="d5799e152" publication-type="other">
R. Beddard, 'Tory Oxford', in N. Tyacke, ed., Seventeenth-Century
Oxford (Oxford, 1997), 891-8</mixed-citation>
            </p>
            <p>
               <mixed-citation id="d5799e162" publication-type="other">
M. Goldie, J. Spurr, T. Harris, S. Taylor,
M. Knights and J. McElligott, eds., The Entring Book of Roger Motrice (6 vols, Woodbridge, 2007), i,
appendix 58</mixed-citation>
            </p>
         </fn>
         <fn id="d5799e175a1310">
            <label>3</label>
            <p>
               <mixed-citation id="d5799e182" publication-type="other">
J.G.A. Pocock, The Ancient Constitution and the Feudal Law (2nd edn, Cambridge, 1987),
ch. 8</mixed-citation>
            </p>
            <p>
               <mixed-citation id="d5799e191" publication-type="other">
J.G.A. Pocock, 'Robert Brady, 1627-1700: A Cambridge Historian of the Restoration',
Cambridge Historical Journal, x (1951), 186-204</mixed-citation>
            </p>
            <p>
               <mixed-citation id="d5799e200" publication-type="other">
C.C. Weston, 'Legal Sovereignty in the Brady
Controversy', Historical Journal, xv (1972), 409-31</mixed-citation>
            </p>
         </fn>
         <fn id="d5799e210a1310">
            <label>4</label>
            <p>
               <mixed-citation id="d5799e217" publication-type="other">
B. Worden, Roundhead Reputations (2001</mixed-citation>
            </p>
            <p>
               <mixed-citation id="d5799e223" publication-type="other">
A. Lacey,
The Cult of King Charles the Martyr (Woodbridge, 2003)</mixed-citation>
            </p>
         </fn>
         <fn id="d5799e234a1310">
            <label>5</label>
            <p>
               <mixed-citation id="d5799e241" publication-type="other">
D. C. Douglas, English Scholars, 1660-1730 (2nd edn, 1951), 16, 196</mixed-citation>
            </p>
            <p>
               <mixed-citation id="d5799e247" publication-type="other">
Pocock, Ancient
Constitution, xiii, 46-7</mixed-citation>
            </p>
            <p>
               <mixed-citation id="d5799e256" publication-type="other">
'Robert Brady', 186.</mixed-citation>
            </p>
         </fn>
         <fn id="d5799e263a1310">
            <label>6</label>
            <p>
               <mixed-citation id="d5799e270" publication-type="other">
R. Macgillivray, Restoration Historians and the English Civil War (The Hague, 1974), x</mixed-citation>
            </p>
            <p>
               <mixed-citation id="d5799e276" publication-type="other">
M.P. Hartman, 'Contemporary Explanations of the English Revolution, 1640-1660' (Ph.D. thesis,
University of Cambridge, 1978), 5</mixed-citation>
            </p>
         </fn>
         <fn id="d5799e286a1310">
            <label>7</label>
            <p>
               <mixed-citation id="d5799e293" publication-type="other">
Hartman, 'Contemporary Explanations', 112</mixed-citation>
            </p>
            <p>
               <mixed-citation id="d5799e299" publication-type="other">
Pocock, Ancient Constitution, 196.</mixed-citation>
            </p>
         </fn>
         <fn id="d5799e306a1310">
            <label>8</label>
            <p>
               <mixed-citation id="d5799e313" publication-type="other">
J. Scott, England's Troubles (Cambridge, 2000), 161-6, ch. 19</mixed-citation>
            </p>
            <p>
               <mixed-citation id="d5799e319" publication-type="other">
J. Scott, Algernon Sidney and
the Restoration Crisis, 1677-1683 (Cambridge, 1991), ch. 2</mixed-citation>
            </p>
            <p>
               <mixed-citation id="d5799e328" publication-type="other">
J.N. Figgis, The Divine Right of Kings
(2nd edn, Cambridge, 1914), chs 7-9</mixed-citation>
            </p>
            <p>
               <mixed-citation id="d5799e338" publication-type="other">
J.H.M. Salmon, The French Religious Wars in English Political
Thought (Oxford, 1959), ch. 7.</mixed-citation>
            </p>
            <p>
               <mixed-citation id="d5799e347" publication-type="other">
D.R. Kelley, The Descent of Ideas: The
History of Intellectual History (Aldershot, 2002</mixed-citation>
            </p>
         </fn>
         <fn id="d5799e357a1310">
            <label>9</label>
            <p>
               <mixed-citation id="d5799e364" publication-type="other">
J. A. I. Champion, The Pillars of Priestcraft Shaken (Cambridge, 1992), chs 2-3</mixed-citation>
            </p>
            <p>
               <mixed-citation id="d5799e370" publication-type="other">
May 2005 issue of the Huntington Library Quarterly</mixed-citation>
            </p>
         </fn>
         <fn id="d5799e377a1310">
            <label>10</label>
            <p>
               <mixed-citation id="d5799e384" publication-type="other">
D. Cressy, Bonfires and Bells (1989), ch. 11, at 172.</mixed-citation>
            </p>
         </fn>
         <fn id="d5799e392a1310">
            <label>11</label>
            <p>
               <mixed-citation id="d5799e399" publication-type="other">
Sir R. Filmer, Patriarcha and Other Writings, ed. J.P. Sommerville (Cambridge, 1991),
132-3</mixed-citation>
            </p>
         </fn>
         <fn id="d5799e409a1310">
            <label>12</label>
            <p>
               <mixed-citation id="d5799e416" publication-type="other">
J. Miller, Popery and Politics in England, 1660-1688 (Cambridge, 1973), 71</mixed-citation>
            </p>
            <p>
               <mixed-citation id="d5799e422" publication-type="other">
J. Spurr, The Restoration Church of England, 1646-1689 (New Haven and London, 1991), 267-8.</mixed-citation>
            </p>
         </fn>
         <fn id="d5799e429a1310">
            <label>13</label>
            <p>
               <mixed-citation id="d5799e436" publication-type="other">
F. Oakley, 'On the Road from Constance to 1688: The Political Thought of John Major and
George Buchanan', Journal of British Studies, i (1962), 1-31</mixed-citation>
            </p>
            <p>
               <mixed-citation id="d5799e445" publication-type="other">
Q. Skinner, The Foundations of Modern
Political Thought (2 vols, Cambridge, 1978), ii.</mixed-citation>
            </p>
         </fn>
         <fn id="d5799e455a1310">
            <label>14</label>
            <p>
               <mixed-citation id="d5799e462" publication-type="other">
J.G.A. Pocock, 'The State of the Art', in Pocock, Virtue, Commerce and History (Cambridge,
1985)' 12.</mixed-citation>
            </p>
         </fn>
         <fn id="d5799e472a1310">
            <label>15</label>
            <p>
               <mixed-citation id="d5799e479" publication-type="other">
J. Daly, Sir Robert Filmer and English Political Thought (Toronto, 1979), 148</mixed-citation>
            </p>
            <p>
               <mixed-citation id="d5799e485" publication-type="other">
J.W. Daly,
'The Origins and Shaping of English Royalist Thought', Canadian Historical Association Papers
(1974), 15-36</mixed-citation>
            </p>
            <p>
               <mixed-citation id="d5799e497" publication-type="other">
J. Daly, 'The Idea of Absolute Monarchy in Seventeenth-Century England',
Historical Journal, xxi (1978), 227-50.</mixed-citation>
            </p>
         </fn>
         <fn id="d5799e507a1310">
            <label>16</label>
            <p>
               <mixed-citation id="d5799e514" publication-type="other">
M. Goldie, 'John Locke and Anglican Royalism', Political Studies, xxxi (1983), 61-85, at
71-5.</mixed-citation>
            </p>
         </fn>
         <fn id="d5799e525a1310">
            <label>17</label>
            <p>
               <mixed-citation id="d5799e532" publication-type="other">
Daly, Filmer, 125, 142</mixed-citation>
            </p>
            <p>
               <mixed-citation id="d5799e538" publication-type="other">
R. Eccleshall, English Conservatism since the Restoration
(1990), 21-8, 54-7</mixed-citation>
            </p>
         </fn>
         <fn id="d5799e548a1310">
            <label>18</label>
            <p>
               <mixed-citation id="d5799e555" publication-type="other">
Daly, Filmer, 181</mixed-citation>
            </p>
            <p>
               <mixed-citation id="d5799e561" publication-type="other">
S. Randall, 'Roger L'Estrange,
John Nalson and "Proto-Tory" Ideas, 1677-1680' (M.Phil, thesis, University of Cambridge,
2003)</mixed-citation>
            </p>
         </fn>
         <fn id="d5799e574a1310">
            <label>19</label>
            <p>
               <mixed-citation id="d5799e581" publication-type="other">
Daly, Filmer, 128</mixed-citation>
            </p>
         </fn>
         <fn id="d5799e588a1310">
            <label>20</label>
            <p>
               <mixed-citation id="d5799e595" publication-type="other">
Goldie, 'Anglican Royalism', 67 n 35, 73 n 70, 75 n 83</mixed-citation>
            </p>
            <p>
               <mixed-citation id="d5799e601" publication-type="other">
Filmerian: Filmer, 183-4</mixed-citation>
            </p>
         </fn>
         <fn id="d5799e608a1310">
            <label>21</label>
            <p>
               <mixed-citation id="d5799e615" publication-type="other">
Thomas Hobbes, Behemoth, or the Long Parliament,
ed. F. Tönnies (2nd edn, 1969), 45, 4-5</mixed-citation>
            </p>
            <p>
               <mixed-citation id="d5799e624" publication-type="other">
ibid., 203-4</mixed-citation>
            </p>
         </fn>
         <fn id="d5799e631a1310">
            <label>22</label>
            <p>
               <mixed-citation id="d5799e638" publication-type="other">
Roger L'Estrange, Interest Mistaken (1661), 97</mixed-citation>
            </p>
         </fn>
         <fn id="d5799e646a1310">
            <label>23</label>
            <p>
               <mixed-citation id="d5799e653" publication-type="other">
Robert Brady, An Introduction to the Old English History (1684), sig. [A3]r-v.</mixed-citation>
            </p>
         </fn>
         <fn id="d5799e660a1310">
            <label>24</label>
            <p>
               <mixed-citation id="d5799e667" publication-type="other">
Brady, Introduction, sig. [A4]r</mixed-citation>
            </p>
            <p>
               <mixed-citation id="d5799e673" publication-type="other">
Pocock, Ancient Constitution, 194</mixed-citation>
            </p>
         </fn>
         <fn id="d5799e680a1310">
            <label>25</label>
            <p>
               <mixed-citation id="d5799e687" publication-type="other">
Pocock, Ancient Constitution, ch. 8</mixed-citation>
            </p>
            <p>
               <mixed-citation id="d5799e693" publication-type="other">
Weston, 'Legal
Sovereignty'.</mixed-citation>
            </p>
         </fn>
         <fn id="d5799e703a1310">
            <label>26</label>
            <p>
               <mixed-citation id="d5799e710" publication-type="other">
Vindiciae contra tyrannos (1579)</mixed-citation>
            </p>
            <p>
               <mixed-citation id="d5799e716" publication-type="other">
Beza's De iure magistratuum in subditos (1574)</mixed-citation>
            </p>
            <p>
               <mixed-citation id="d5799e722" publication-type="other">
Buchanan's De iure regni apud Scotos (1579)</mixed-citation>
            </p>
            <p>
               <mixed-citation id="d5799e729" publication-type="other">
Mariana's De rege et régis institutione (1599)</mixed-citation>
            </p>
         </fn>
         <fn id="d5799e736a1310">
            <label>27</label>
            <p>
               <mixed-citation id="d5799e743" publication-type="other">
Robert Brady, A True and Exact History of the Succession (1681), 1-2</mixed-citation>
            </p>
            <p>
               <mixed-citation id="d5799e749" publication-type="other">
Brady, Introduction, 355
(omitting 'long').</mixed-citation>
            </p>
         </fn>
         <fn id="d5799e759a1310">
            <label>28</label>
            <p>
               <mixed-citation id="d5799e766" publication-type="other">
Pocock, 'Robert Brady', 186</mixed-citation>
            </p>
         </fn>
         <fn id="d5799e774a1310">
            <label>29</label>
            <p>
               <mixed-citation id="d5799e781" publication-type="other">
Brady, Introduction, 408-9</mixed-citation>
            </p>
            <p>
               <mixed-citation id="d5799e787" publication-type="other">
Sir G. Mackenzie, Jus Regium (1684), 194-5</mixed-citation>
            </p>
         </fn>
         <fn id="d5799e794a1310">
            <label>30</label>
            <p>
               <mixed-citation id="d5799e801" publication-type="other">
G. J. Schochet, 'Sir Robert Filmer: Some New Bibliographical Discoveries', The Library,
5th ser., xxvi (1971), 135-60, at 156-9</mixed-citation>
            </p>
            <p>
               <mixed-citation id="d5799e810" publication-type="other">
R. Beddard, 'The Commission for Ecclesiastical Promotions,
1681-4: An Instrument of Tory Reaction', Historical Journal, x (1967), 11-40, at 33 n 104</mixed-citation>
            </p>
            <p>
               <mixed-citation id="d5799e819" publication-type="other">
Pocock,
Ancient Constitution, 195</mixed-citation>
            </p>
            <p>
               <mixed-citation id="d5799e829" publication-type="other">
Pocock, 'Robert Brady', 193.</mixed-citation>
            </p>
         </fn>
         <fn id="d5799e836a1310">
            <label>31</label>
            <p>
               <mixed-citation id="d5799e843" publication-type="other">
Oxford, Bodleian Library, Tanner MS 36, fo. 204</mixed-citation>
            </p>
            <p>
               <mixed-citation id="d5799e849" publication-type="other">
37, fo. 70</mixed-citation>
            </p>
         </fn>
         <fn id="d5799e856a1310">
            <label>32</label>
            <p>
               <mixed-citation id="d5799e863" publication-type="other">
Cambridge, Gonville and Caius College, MS 602/278, fos 15-18</mixed-citation>
            </p>
            <p>
               <mixed-citation id="d5799e869" publication-type="other">
Pocock, 'Robert Brady',
196-7</mixed-citation>
            </p>
         </fn>
         <fn id="d5799e879a1310">
            <label>33</label>
            <p>
               <mixed-citation id="d5799e886" publication-type="other">
Peter Heylin, The Stumbling Block of Disobedience and Rebellion (1658</mixed-citation>
            </p>
            <p>
               <mixed-citation id="d5799e892" publication-type="other">
P. Heylin, Aerius
Redivivus (1670)</mixed-citation>
            </p>
            <p>
               <mixed-citation id="d5799e901" publication-type="other">
Cambridge, Gonville and Caius College, MS 602/278, fos 2r-3v</mixed-citation>
            </p>
         </fn>
         <fn id="d5799e908a1310">
            <label>34</label>
            <p>
               <mixed-citation id="d5799e915" publication-type="other">
R.E.A. Meza, 'Heylyn's Theory of Royal Sovereignty', Historical Magazine of the Protestant
Episcopal Church, lv (1986), 178-202, at 180, 188, 196, 197 and n 91, 192 n 67</mixed-citation>
            </p>
            <p>
               <mixed-citation id="d5799e924" publication-type="other">
G. Vernon, The Life
of the Learned and Reverend Dr Peter Heylyn (1682)</mixed-citation>
            </p>
            <p>
               <mixed-citation id="d5799e933" publication-type="other">
J. Barnard, Theologo-Historicus (1683)</mixed-citation>
            </p>
            <p>
               <mixed-citation id="d5799e940" publication-type="other">
Schochet, 'Robert Filmer', 144, 146</mixed-citation>
            </p>
         </fn>
         <fn id="d5799e948a1310">
            <label>35</label>
            <p>
               <mixed-citation id="d5799e955" publication-type="other">
John Whitgift, The Defense of the Aunswere to the Admonition, against the Replie of T[homas]
C[artwright] (1574), 21.</mixed-citation>
            </p>
         </fn>
         <fn id="d5799e965a1310">
            <label>36</label>
            <p>
               <mixed-citation id="d5799e972" publication-type="other">
John Corbet, The Epistle Congratulatory of Lysimachus Nicanor (1640), 2</mixed-citation>
            </p>
         </fn>
         <fn id="d5799e979a1310">
            <label>37</label>
            <p>
               <mixed-citation id="d5799e986" publication-type="other">
Roger L'Estrange, Considerations and Proposals in Order to the Regulation of the Press (1663), 8</mixed-citation>
            </p>
         </fn>
         <fn id="d5799e993a1310">
            <label>38</label>
            <p>
               <mixed-citation id="d5799e1000" publication-type="other">
Daly, Filmer, 180</mixed-citation>
            </p>
         </fn>
         <fn id="d5799e1007a1310">
            <label>39</label>
            <p>
               <mixed-citation id="d5799e1014" publication-type="other">
Brady, Introduction, 346</mixed-citation>
            </p>
            <p>
               <mixed-citation id="d5799e1020" publication-type="other">
CSPD, July-Sept. 1683, 319-20</mixed-citation>
            </p>
         </fn>
         <fn id="d5799e1027a1310">
            <label>40</label>
            <p>
               <mixed-citation id="d5799e1034" publication-type="other">
Brady, Introduction, 339-58</mixed-citation>
            </p>
            <p>
               <mixed-citation id="d5799e1040" publication-type="other">
Roger L'Estrange, Dissenters Sayings (1681)</mixed-citation>
            </p>
            <p>
               <mixed-citation id="d5799e1046" publication-type="other">
George Hickes,
A Sermon Preached before the Lord Mayor, Aldermen, &amp;amp; Citizens of London, at Bow-Church, on the
30th of January 1681/2 (1682)</mixed-citation>
            </p>
         </fn>
         <fn id="d5799e1060a1310">
            <label>41</label>
            <p>
               <mixed-citation id="d5799e1067" publication-type="other">
Decree (3).</mixed-citation>
            </p>
         </fn>
         <fn id="d5799e1074a1310">
            <label>42</label>
            <p>
               <mixed-citation id="d5799e1081" publication-type="other">
E. Arber (ed.), The Term Catalogues (3 vols, 1903-6), i, 72, ii, 62</mixed-citation>
            </p>
            <p>
               <mixed-citation id="d5799e1087" publication-type="other">
Edmond Bohun's A
Defence of Sir Robert Filmer (1684), fo. 6d).</mixed-citation>
            </p>
         </fn>
         <fn id="d5799e1097a1310">
            <label>43</label>
            <p>
               <mixed-citation id="d5799e1104" publication-type="other">
James Brome, The Original of Plotts (1684)</mixed-citation>
            </p>
            <p>
               <mixed-citation id="d5799e1110" publication-type="other">
Charges to the Grand Jury at Quarter Sessions,
1660-1677 by Sir Peter Leicester, ed. E.M. Halcrow (Manchester, 1953)</mixed-citation>
            </p>
         </fn>
         <fn id="d5799e1120a1310">
            <label>44</label>
            <p>
               <mixed-citation id="d5799e1127" publication-type="other">
Filmer, Writings, 132</mixed-citation>
            </p>
         </fn>
         <fn id="d5799e1134a1310">
            <label>45</label>
            <p>
               <mixed-citation id="d5799e1141" publication-type="other">
Brady, Introduction, 339-40</mixed-citation>
            </p>
            <p>
               <mixed-citation id="d5799e1147" publication-type="other">
John of Paris, On Royal and Papal Power, tr. J.A. Watt
(Toronto, 1971), ch. 14, sec. 5</mixed-citation>
            </p>
            <p>
               <mixed-citation id="d5799e1156" publication-type="other">
Marsiglio of Padua, Writings on the Empire,
ed. C.J. Nederman (Cambridge, 1993), 72-3</mixed-citation>
            </p>
         </fn>
         <fn id="d5799e1166a1310">
            <label>46</label>
            <p>
               <mixed-citation id="d5799e1173" publication-type="other">
Brady, Introduction, 340</mixed-citation>
            </p>
            <p>
               <mixed-citation id="d5799e1179" publication-type="other">
Marsilius of Padua, Opus insigne cui titulum fecit autor Defensorem
pads (Basileae, 1522)</mixed-citation>
            </p>
         </fn>
         <fn id="d5799e1190a1310">
            <label>47</label>
            <p>
               <mixed-citation id="d5799e1197" publication-type="other">
John Maxwell, Sacro-sancta regum majestas (Oxford, 1644), 14-16</mixed-citation>
            </p>
            <p>
               <mixed-citation id="d5799e1203" publication-type="other">
Brady, Introduction, 349.</mixed-citation>
            </p>
            <p>
               <mixed-citation id="d5799e1209" publication-type="other">
David Owen, Herod and Pilate Reconciled
(Cambridge, 1610), 45</mixed-citation>
            </p>
         </fn>
         <fn id="d5799e1219a1310">
            <label>48</label>
            <p>
               <mixed-citation id="d5799e1226" publication-type="other">
Thomas Barlow, Popery: Or, the Principles and
Positions Approved by the Church of Rome (1679), 31</mixed-citation>
            </p>
            <p>
               <mixed-citation id="d5799e1235" publication-type="other">
Henry Foulis, [The] H[istory of] R[omish]
T[reasons and] Usurpations] (1671), 88, 167</mixed-citation>
            </p>
         </fn>
         <fn id="d5799e1245a1310">
            <label>49</label>
            <p>
               <mixed-citation id="d5799e1252" publication-type="other">
Brady, Introduction, 341.</mixed-citation>
            </p>
            <p>
               <mixed-citation id="d5799e1258" publication-type="other">
Jacques Almain (c. 1480-1515)</mixed-citation>
            </p>
         </fn>
         <fn id="d5799e1265a1310">
            <label>50</label>
            <p>
               <mixed-citation id="d5799e1272" publication-type="other">
HRTU, 218-227, qu. at 226</mixed-citation>
            </p>
            <p>
               <mixed-citation id="d5799e1278" publication-type="other">
Hellebrand: Gregory VII, Cardinal Hildebrand</mixed-citation>
            </p>
         </fn>
         <fn id="d5799e1285a1310">
            <label>52</label>
            <p>
               <mixed-citation id="d5799e1292" publication-type="other">
Edward [Hyde], Earl of Clarendon, Religion and Policy (2 vols, Oxford, 1811), i, 106-7</mixed-citation>
            </p>
         </fn>
         <fn id="d5799e1299a1310">
            <label>53</label>
            <p>
               <mixed-citation id="d5799e1306" publication-type="other">
Leicester, Charges, 88</mixed-citation>
            </p>
         </fn>
         <fn id="d5799e1314a1310">
            <label>54</label>
            <p>
               <mixed-citation id="d5799e1321" publication-type="other">
HRTU, 223</mixed-citation>
            </p>
            <p>
               <mixed-citation id="d5799e1327" publication-type="other">
William Barclay, De potestate papae (Pont-à-Mousson, 1609), 40-1</mixed-citation>
            </p>
         </fn>
         <fn id="d5799e1334a1310">
            <label>55</label>
            <p>
               <mixed-citation id="d5799e1341" publication-type="other">
Maxwell, Sacro-sancta, 190.</mixed-citation>
            </p>
            <p>
               <mixed-citation id="d5799e1347" publication-type="other">
George Hickes, The Spirit of Popery Speaking out of the Mouths of Phanatical-Protestants (1680),
preface, [4]</mixed-citation>
            </p>
         </fn>
         <fn id="d5799e1357a1310">
            <label>56</label>
            <p>
               <mixed-citation id="d5799e1364" publication-type="other">
William Lloyd, The Difference between the Court and Church of Rome Considered (1674), 24</mixed-citation>
            </p>
            <p>
               <mixed-citation id="d5799e1370" publication-type="other">
Pocock, Ancient
Constitution, 208, 221</mixed-citation>
            </p>
         </fn>
         <fn id="d5799e1380a1310">
            <label>57</label>
            <p>
               <mixed-citation id="d5799e1387" publication-type="other">
HRTU, 326, 644.</mixed-citation>
            </p>
         </fn>
         <fn id="d5799e1394a1310">
            <label>58</label>
            <p>
               <mixed-citation id="d5799e1401" publication-type="other">
HRTU, preface, sig. [d4]r.</mixed-citation>
            </p>
         </fn>
         <fn id="d5799e1408a1310">
            <label>59</label>
            <p>
               <mixed-citation id="d5799e1415" publication-type="other">
Goldie, 'Anglican Royalism', 75</mixed-citation>
            </p>
            <p>
               <mixed-citation id="d5799e1421" publication-type="other">
Brady, Introduction, 351</mixed-citation>
            </p>
         </fn>
         <fn id="d5799e1429a1310">
            <label>60</label>
            <p>
               <mixed-citation id="d5799e1436" publication-type="other">
David Owen, Anti-Paraeus, or, a Treatise in Defence of the Royall Right of Kings (York, 1642),
23</mixed-citation>
            </p>
            <p>
               <mixed-citation id="d5799e1445" publication-type="other">
Owen, Herod and Pilate, 31</mixed-citation>
            </p>
            <p>
               <mixed-citation id="d5799e1451" publication-type="other">
HRTU, 33</mixed-citation>
            </p>
            <p>
               <mixed-citation id="d5799e1458" publication-type="other">
Ptolemy of Lucca/Thomas Aquinas, De regimine
principum, tr. J.M. Blythe (Philadelphia, 1997), 1.15.10</mixed-citation>
            </p>
         </fn>
         <fn id="d5799e1468a1310">
            <label>61</label>
            <p>
               <mixed-citation id="d5799e1475" publication-type="other">
HRTU, 55</mixed-citation>
            </p>
            <p>
               <mixed-citation id="d5799e1481" publication-type="other">
William Falkner, Christian Loyalty (1679), 311</mixed-citation>
            </p>
         </fn>
         <fn id="d5799e1488a1310">
            <label>62</label>
            <p>
               <mixed-citation id="d5799e1495" publication-type="other">
John Nalson, The Common Interest of King and
People (1677), 175, 177-8</mixed-citation>
            </p>
            <p>
               <mixed-citation id="d5799e1504" publication-type="other">
J.P. Sommerville, 'Jacobean Political Thought and the Controversy
over the Oath of Allegiance' (Ph.D. thesis, University of Cambridge, 1981</mixed-citation>
            </p>
         </fn>
         <fn id="d5799e1514a1310">
            <label>63</label>
            <p>
               <mixed-citation id="d5799e1521" publication-type="other">
Catalogue of Prints and Drawings in the British Museum (11 vols, 1870-1954) (henceforth,
BM Prints), no. 1093.</mixed-citation>
            </p>
         </fn>
         <fn id="d5799e1531a1310">
            <label>64</label>
            <p>
               <mixed-citation id="d5799e1538" publication-type="other">
Barlow, Popery, 21</mixed-citation>
            </p>
            <p>
               <mixed-citation id="d5799e1544" publication-type="other">
Abraham Bzovius, Pontifex Romanus (Coloniae Agrippinae, 1619), 610-
21</mixed-citation>
            </p>
            <p>
               <mixed-citation id="d5799e1553" publication-type="other">
HRTU, passim</mixed-citation>
            </p>
         </fn>
         <fn id="d5799e1560a1310">
            <label>65</label>
            <p>
               <mixed-citation id="d5799e1567" publication-type="other">
Filmer, Writings, 1-6</mixed-citation>
            </p>
            <p>
               <mixed-citation id="d5799e1573" publication-type="other">
Thomas Hobbes, Leviathan, ed. R. Tuck (Cambridge, 1996), ch. 42,
378-402</mixed-citation>
            </p>
         </fn>
         <fn id="d5799e1584a1310">
            <label>66</label>
            <p>
               <mixed-citation id="d5799e1591" publication-type="other">
Decree (3)</mixed-citation>
            </p>
            <p>
               <mixed-citation id="d5799e1597" publication-type="other">
Brady, Introduction, 349</mixed-citation>
            </p>
            <p>
               <mixed-citation id="d5799e1603" publication-type="other">
Filmer, Writings, 5-6</mixed-citation>
            </p>
         </fn>
         <fn id="d5799e1610a1310">
            <label>67</label>
            <p>
               <mixed-citation id="d5799e1617" publication-type="other">
HRTU, 68.</mixed-citation>
            </p>
         </fn>
         <fn id="d5799e1624a1310">
            <label>68</label>
            <p>
               <mixed-citation id="d5799e1631" publication-type="other">
HRTU, 99</mixed-citation>
            </p>
         </fn>
         <fn id="d5799e1638a1310">
            <label>69</label>
            <p>
               <mixed-citation id="d5799e1645" publication-type="other">
HRTU, 103.</mixed-citation>
            </p>
         </fn>
         <fn id="d5799e1652a1310">
            <label>70</label>
            <p>
               <mixed-citation id="d5799e1659" publication-type="other">
Brady, Introduction, 351-2</mixed-citation>
            </p>
         </fn>
         <fn id="d5799e1666a1310">
            <label>71</label>
            <p>
               <mixed-citation id="d5799e1673" publication-type="other">
Peter du Moulin, A Vindication of the Protestant Religion in the Point of Obedience to
Sovereigns (3rd edn, 1668), 117-19</mixed-citation>
            </p>
            <p>
               <mixed-citation id="d5799e1682" publication-type="other">
Brady, Introduction, 352-3</mixed-citation>
            </p>
         </fn>
         <fn id="d5799e1690a1310">
            <label>72</label>
            <p>
               <mixed-citation id="d5799e1697" publication-type="other">
HTRU, 60</mixed-citation>
            </p>
         </fn>
         <fn id="d5799e1704a1310">
            <label>73</label>
            <p>
               <mixed-citation id="d5799e1711" publication-type="other">
Brady, Introduction, 351</mixed-citation>
            </p>
            <p>
               <mixed-citation id="d5799e1717" publication-type="other">
du Moulin, Vindication, 115-16</mixed-citation>
            </p>
            <p>
               <mixed-citation id="d5799e1723" publication-type="other">
HRTU, 79</mixed-citation>
            </p>
         </fn>
         <fn id="d5799e1730a1310">
            <label>74</label>
            <p>
               <mixed-citation id="d5799e1737" publication-type="other">
Brady, Introduction, 351</mixed-citation>
            </p>
         </fn>
         <fn id="d5799e1744a1310">
            <label>75</label>
            <p>
               <mixed-citation id="d5799e1751" publication-type="other">
Du Moulin, Vindication, 114, 117</mixed-citation>
            </p>
            <p>
               <mixed-citation id="d5799e1757" publication-type="other">
Barlow, Popery, 12, 25</mixed-citation>
            </p>
            <p>
               <mixed-citation id="d5799e1763" publication-type="other">
HRTU, 78, 721</mixed-citation>
            </p>
            <p>
               <mixed-citation id="d5799e1770" publication-type="other">
C. Sommervogel, Bibliothèque de la Compagnie de Jésus (10 vols, Brussels, 1890-9</mixed-citation>
            </p>
         </fn>
         <fn id="d5799e1777a1310">
            <label>76</label>
            <p>
               <mixed-citation id="d5799e1784" publication-type="other">
Brady, Introduction, 350</mixed-citation>
            </p>
            <p>
               <mixed-citation id="d5799e1790" publication-type="other">
HRTU, 108-14</mixed-citation>
            </p>
            <p>
               <mixed-citation id="d5799e1796" publication-type="other">
Barlow, Popery, 22</mixed-citation>
            </p>
            <p>
               <mixed-citation id="d5799e1803" publication-type="other">
Feuardent: Ligue preacher:
Dictionnaire de Théologie Catholique (15 vols, Paris, 1923-50)</mixed-citation>
            </p>
         </fn>
         <fn id="d5799e1813a1310">
            <label>77</label>
            <p>
               <mixed-citation id="d5799e1820" publication-type="other">
Brady, Introduction, 349</mixed-citation>
            </p>
         </fn>
         <fn id="d5799e1828a1310">
            <label>78</label>
            <p>
               <mixed-citation id="d5799e1835" publication-type="other">
Oakley, 'Constance to 1688'</mixed-citation>
            </p>
            <p>
               <mixed-citation id="d5799e1841" publication-type="other">
Skinner, Foundations, ii, 44, 340</mixed-citation>
            </p>
            <p>
               <mixed-citation id="d5799e1847" publication-type="other">
Foulis: HRTU, 93</mixed-citation>
            </p>
         </fn>
         <fn id="d5799e1854a1310">
            <label>79</label>
            <p>
               <mixed-citation id="d5799e1861" publication-type="other">
Bohun, Defence, 15</mixed-citation>
            </p>
         </fn>
         <fn id="d5799e1868a1310">
            <label>80</label>
            <p>
               <mixed-citation id="d5799e1875" publication-type="other">
Filmer, Writings, 2-3</mixed-citation>
            </p>
            <p>
               <mixed-citation id="d5799e1881" publication-type="other">
Mackenzie, Jus Regium, 24</mixed-citation>
            </p>
         </fn>
         <fn id="d5799e1888a1310">
            <label>81</label>
            <p>
               <mixed-citation id="d5799e1895" publication-type="other">
Heylin, Stumbling-Block, 3, 31</mixed-citation>
            </p>
         </fn>
         <fn id="d5799e1902a1310">
            <label>82</label>
            <p>
               <mixed-citation id="d5799e1909" publication-type="other">
'I always spoke of private men.' Brady, Introduction, 342</mixed-citation>
            </p>
         </fn>
         <fn id="d5799e1916a1310">
            <label>83</label>
            <p>
               <mixed-citation id="d5799e1923" publication-type="other">
Brady, Introduction, 343</mixed-citation>
            </p>
            <p>
               <mixed-citation id="d5799e1929" publication-type="other">
Owen, Herod and Pilate, 47</mixed-citation>
            </p>
            <p>
               <mixed-citation id="d5799e1935" publication-type="other">
Heylin, Aerius, 27, 194</mixed-citation>
            </p>
            <p>
               <mixed-citation id="d5799e1942" publication-type="other">
Hobbes, Behemoth, 136</mixed-citation>
            </p>
         </fn>
         <fn id="d5799e1950a1310">
            <label>84</label>
            <p>
               <mixed-citation id="d5799e1957" publication-type="other">
Brady, Introduction, 343</mixed-citation>
            </p>
            <p>
               <mixed-citation id="d5799e1963" publication-type="other">
Heylin, Stumbling-Block, chs 2-6</mixed-citation>
            </p>
            <p>
               <mixed-citation id="d5799e1969" publication-type="other">
Meza, 'Heylyn's Theory',
180 n 1</mixed-citation>
            </p>
         </fn>
         <fn id="d5799e1979a1310">
            <label>85</label>
            <p>
               <mixed-citation id="d5799e1986" publication-type="other">
Brady, Introduction, 344</mixed-citation>
            </p>
         </fn>
         <fn id="d5799e1993a1310">
            <label>86</label>
            <p>
               <mixed-citation id="d5799e2000" publication-type="other">
Hobbes, Behemoth, 22, 136</mixed-citation>
            </p>
         </fn>
         <fn id="d5799e2007a1310">
            <label>87</label>
            <p>
               <mixed-citation id="d5799e2014" publication-type="other">
Brady, Introduction, 344</mixed-citation>
            </p>
         </fn>
         <fn id="d5799e2021a1310">
            <label>88</label>
            <p>
               <mixed-citation id="d5799e2028" publication-type="other">
Decree (23)</mixed-citation>
            </p>
         </fn>
         <fn id="d5799e2035a1310">
            <label>89</label>
            <p>
               <mixed-citation id="d5799e2042" publication-type="other">
Brady, Introduction, 345</mixed-citation>
            </p>
         </fn>
         <fn id="d5799e2050a1310">
            <label>90</label>
            <p>
               <mixed-citation id="d5799e2057" publication-type="other">
Heylin, Stumbling-Block, 128-9, 136</mixed-citation>
            </p>
            <p>
               <mixed-citation id="d5799e2063" publication-type="other">
Hickes, Sermon, 18</mixed-citation>
            </p>
            <p>
               <mixed-citation id="d5799e2069" publication-type="other">
Hickes, Spirit, 29</mixed-citation>
            </p>
         </fn>
         <fn id="d5799e2076a1310">
            <label>91</label>
            <p>
               <mixed-citation id="d5799e2083" publication-type="other">
Heylin, Aerius, 194, 139.</mixed-citation>
            </p>
         </fn>
         <fn id="d5799e2090a1310">
            <label>92</label>
            <p>
               <mixed-citation id="d5799e2097" publication-type="other">
Heylin, Aerius, 79-80, 53</mixed-citation>
            </p>
         </fn>
         <fn id="d5799e2104a1310">
            <label>93</label>
            <p>
               <mixed-citation id="d5799e2111" publication-type="other">
Heylin, Aerius, 77</mixed-citation>
            </p>
            <p>
               <mixed-citation id="d5799e2117" publication-type="other">
Sir Henry Janson, Philanax Anglicus (1663), 15.</mixed-citation>
            </p>
            <p>
               <mixed-citation id="d5799e2123" publication-type="other">
Vindiciae contra tyrannos
(1579</mixed-citation>
            </p>
            <p>
               <mixed-citation id="d5799e2133" publication-type="other">
J.H.
Franklin, Constitutionalism and Resistance in the Sixteenth Century (New York, 1969), 137-99</mixed-citation>
            </p>
         </fn>
         <fn id="d5799e2143a1310">
            <label>94</label>
            <p>
               <mixed-citation id="d5799e2150" publication-type="other">
Heylin, Aerius, 77</mixed-citation>
            </p>
         </fn>
         <fn id="d5799e2157a1310">
            <label>95</label>
            <p>
               <mixed-citation id="d5799e2164" publication-type="other">
Janson, Philanax, 18</mixed-citation>
            </p>
            <p>
               <mixed-citation id="d5799e2170" publication-type="other">
Brady, Introduction, 346</mixed-citation>
            </p>
            <p>
               <mixed-citation id="d5799e2176" publication-type="other">
Heylin, Aerius, 77</mixed-citation>
            </p>
            <p>
               <mixed-citation id="d5799e2183" publication-type="other">
Richard Bancroft, Dangerous
Positions and Proceedings (1593), 145</mixed-citation>
            </p>
            <p>
               <mixed-citation id="d5799e2192" publication-type="other">
Franklin, Constitutionalism, 97-135</mixed-citation>
            </p>
         </fn>
         <fn id="d5799e2200a1310">
            <label>96</label>
            <p>
               <mixed-citation id="d5799e2207" publication-type="other">
Brady, Introduction, 346</mixed-citation>
            </p>
         </fn>
         <fn id="d5799e2214a1310">
            <label>97</label>
            <p>
               <mixed-citation id="d5799e2221" publication-type="other">
Brady, Introduction, 347-8</mixed-citation>
            </p>
            <p>
               <mixed-citation id="d5799e2227" publication-type="other">
Heylin, Aerius, 277</mixed-citation>
            </p>
         </fn>
         <fn id="d5799e2234a1310">
            <label>98</label>
            <p>
               <mixed-citation id="d5799e2241" publication-type="other">
Bancroft, Dangerous Positions, bk IV, chs vi-xiv</mixed-citation>
            </p>
            <p>
               <mixed-citation id="d5799e2247" publication-type="other">
Brady, Introduction, 348</mixed-citation>
            </p>
            <p>
               <mixed-citation id="d5799e2253" publication-type="other">
Henry Foulis, [The]
H[istory of the] W[icked] P[lots and] Conspiracies of Our Pretended Saints], 61</mixed-citation>
            </p>
            <p>
               <mixed-citation id="d5799e2263" publication-type="other">
Hickes, Sermon, 25</mixed-citation>
            </p>
         </fn>
         <fn id="d5799e2270a1310">
            <label>99</label>
            <p>
               <mixed-citation id="d5799e2277" publication-type="other">
John Nalson, The Countermine (1678), 268-79, qu. at 273.</mixed-citation>
            </p>
         </fn>
         <fn id="d5799e2284a1310">
            <label>100</label>
            <p>
               <mixed-citation id="d5799e2291" publication-type="other">
HWPC, 44</mixed-citation>
            </p>
         </fn>
         <fn id="d5799e2298a1310">
            <label>101</label>
            <p>
               <mixed-citation id="d5799e2305" publication-type="other">
Brady, Introduction, 348-9</mixed-citation>
            </p>
         </fn>
         <fn id="d5799e2313a1310">
            <label>102</label>
            <p>
               <mixed-citation id="d5799e2320" publication-type="other">
L'Estrange, Dissenters Sayings, 37, 42-3, 16</mixed-citation>
            </p>
            <p>
               <mixed-citation id="d5799e2326" publication-type="other">
William Assheton, Evangelium Armatum (1663), 26-7,
3-12, 28, 48-50</mixed-citation>
            </p>
            <p>
               <mixed-citation id="d5799e2335" publication-type="other">
Hickes, Sermon, 21</mixed-citation>
            </p>
            <p>
               <mixed-citation id="d5799e2342" publication-type="other">
Luke de Beaulieu, Take Heed of Both Extremes (1675), pt II, 9, 4</mixed-citation>
            </p>
         </fn>
         <fn id="d5799e2349a1310">
            <label>104</label>
            <p>
               <mixed-citation id="d5799e2356" publication-type="other">
Decree (3, 4, 10, 15, 27</mixed-citation>
            </p>
            <p>
               <mixed-citation id="d5799e2362" publication-type="other">
HWPC, 219</mixed-citation>
            </p>
         </fn>
         <fn id="d5799e2369a1310">
            <label>106</label>
            <p>
               <mixed-citation id="d5799e2376" publication-type="other">
Hickes, Spirit, preface, [8], 29-30</mixed-citation>
            </p>
            <p>
               <mixed-citation id="d5799e2382" publication-type="other">
I.M. Smart, 'The Political Ideas of the Scottish
Covenanters, 1638-88', History of Political Thought, i (1980), 167-93.</mixed-citation>
            </p>
         </fn>
         <fn id="d5799e2392a1310">
            <label>107</label>
            <p>
               <mixed-citation id="d5799e2399" publication-type="other">
Hickes, Spirit, 65-6</mixed-citation>
            </p>
            <p>
               <mixed-citation id="d5799e2405" publication-type="other">
Heylin, Aerius, 141</mixed-citation>
            </p>
         </fn>
         <fn id="d5799e2412a1310">
            <label>108</label>
            <p>
               <mixed-citation id="d5799e2419" publication-type="other">
Pocock, Ancient Constitution, 211-12</mixed-citation>
            </p>
         </fn>
         <fn id="d5799e2426a1310">
            <label>109</label>
            <p>
               <mixed-citation id="d5799e2433" publication-type="other">
Filmer, Writings, 132</mixed-citation>
            </p>
            <p>
               <mixed-citation id="d5799e2439" publication-type="other">
Thomas Long, A Compendious History of All the Popish and Fanatical
Plots (1684), 231</mixed-citation>
            </p>
         </fn>
         <fn id="d5799e2450a1310">
            <label>110</label>
            <p>
               <mixed-citation id="d5799e2457" publication-type="other">
G. Tapsell, 'Politics and Political
Discourse in the British Monarchies, 1680-1685' (Ph.D. thesis, University of Cambridge, 2003),
pt II</mixed-citation>
            </p>
            <p>
               <mixed-citation id="d5799e2469" publication-type="other">
T. Harris, London Crowds in the Reign of Charles II (Cambridge, 1987)</mixed-citation>
            </p>
         </fn>
         <fn id="d5799e2476a1310">
            <label>111</label>
            <p>
               <mixed-citation id="d5799e2483" publication-type="other">
Hobbes, Behemoth, 60</mixed-citation>
            </p>
         </fn>
         <fn id="d5799e2490a1310">
            <label>113</label>
            <p>
               <mixed-citation id="d5799e2497" publication-type="other">
HRTU, bk I</mixed-citation>
            </p>
            <p>
               <mixed-citation id="d5799e2503" publication-type="other">
HWPC, 20</mixed-citation>
            </p>
         </fn>
         <fn id="d5799e2510a1310">
            <label>114</label>
            <p>
               <mixed-citation id="d5799e2517" publication-type="other">
Anon., 'Interrogatories', in N. Thompson, ed., A Collection of 86 Loyal Poems (1685),
[221-2] (mispag. 224)</mixed-citation>
            </p>
         </fn>
         <fn id="d5799e2527a1310">
            <label>115</label>
            <p>
               <mixed-citation id="d5799e2534" publication-type="other">
Beaulieu, Take Heed, preface, sig. A4r</mixed-citation>
            </p>
            <p>
               <mixed-citation id="d5799e2540" publication-type="other">
P. Lake, 'Anti-Popery: The Structure of a
Prejudice', in R. Cust and A. Hughes, eds., Conflict in Early Stuart England (Harlow, 1989)</mixed-citation>
            </p>
            <p>
               <mixed-citation id="d5799e2549" publication-type="other">
'Stereotypes and Binary Divides' Conference, Cambridge, 25 June 2005</mixed-citation>
            </p>
         </fn>
         <fn id="d5799e2556a1310">
            <label>116</label>
            <p>
               <mixed-citation id="d5799e2563" publication-type="other">
Robert Brady, The Great Point of Succession Discussed (1681), 24.</mixed-citation>
            </p>
         </fn>
         <fn id="d5799e2571a1310">
            <label>117</label>
            <p>
               <mixed-citation id="d5799e2578" publication-type="other">
Ibid., 38</mixed-citation>
            </p>
         </fn>
         <fn id="d5799e2585a1310">
            <label>118</label>
            <p>
               <mixed-citation id="d5799e2592" publication-type="other">
William Turner, The Huntyng &amp;amp; Fyndyng out of the Romishe Fox [Bonn, 1543].</mixed-citation>
            </p>
         </fn>
         <fn id="d5799e2599a1310">
            <label>119</label>
            <p>
               <mixed-citation id="d5799e2606" publication-type="other">
Owen, Herod and Pilate, ep. to the dutiful subject, sig. [Unrepresented Characters]2r.</mixed-citation>
            </p>
         </fn>
         <fn id="d5799e2613a1310">
            <label>120</label>
            <p>
               <mixed-citation id="d5799e2620" publication-type="other">
John Nalson, Foxes and Firebrands (1680)</mixed-citation>
            </p>
            <p>
               <mixed-citation id="d5799e2626" publication-type="other">
Robert Ware, The Second Part of Foxes and
Firebrands (Dublin, 1682 repr. with Nalson's tract)</mixed-citation>
            </p>
            <p>
               <mixed-citation id="d5799e2635" publication-type="other">
Ware, Foxes and Firebrands ... The Third and
Last Part (1689).</mixed-citation>
            </p>
         </fn>
         <fn id="d5799e2645a1310">
            <label>121</label>
            <p>
               <mixed-citation id="d5799e2652" publication-type="other">
BM Prints, no. 1030</mixed-citation>
            </p>
         </fn>
         <fn id="d5799e2659a1310">
            <label>122</label>
            <p>
               <mixed-citation id="d5799e2666" publication-type="other">
Edward Pelling, The Apostate Protestant (1685), preface, sig. [A3]r.</mixed-citation>
            </p>
         </fn>
         <fn id="d5799e2674a1310">
            <label>123</label>
            <p>
               <mixed-citation id="d5799e2681" publication-type="other">
Nalson, Common Interest, 247, ch. ix</mixed-citation>
            </p>
         </fn>
         <fn id="d5799e2688a1310">
            <label>124</label>
            <p>
               <mixed-citation id="d5799e2695" publication-type="other">
Hickes, Spirit, 14, 67</mixed-citation>
            </p>
            <p>
               <mixed-citation id="d5799e2701" publication-type="other">
Hickes, Sermon, 18</mixed-citation>
            </p>
            <p>
               <mixed-citation id="d5799e2707" publication-type="other">
Decree (25)</mixed-citation>
            </p>
            <p>
               <mixed-citation id="d5799e2714" publication-type="other">
L'Estrange, Dissenters
Sayings, 36</mixed-citation>
            </p>
         </fn>
         <fn id="d5799e2724a1310">
            <label>125</label>
            <p>
               <mixed-citation id="d5799e2731" publication-type="other">
Dr Wild (1679), lines 3-4</mixed-citation>
            </p>
            <p>
               <mixed-citation id="d5799e2737" publication-type="other">
BM Prints, nos 1075-6</mixed-citation>
            </p>
            <p>
               <mixed-citation id="d5799e2743" publication-type="other">
Barlow, Popery,
8-10</mixed-citation>
            </p>
            <p>
               <mixed-citation id="d5799e2753" publication-type="other">
HRTU, 254-62</mixed-citation>
            </p>
         </fn>
         <fn id="d5799e2760a1310">
            <label>126</label>
            <p>
               <mixed-citation id="d5799e2767" publication-type="other">
Hickes, Spirit, preface, [4-5]</mixed-citation>
            </p>
         </fn>
         <fn id="d5799e2774a1310">
            <label>127</label>
            <p>
               <mixed-citation id="d5799e2781" publication-type="other">
John Dryden, The Medal (1682)</mixed-citation>
            </p>
            <p>
               <mixed-citation id="d5799e2787" publication-type="other">
G.F. Sensabaugh, 'Milton Bejesuited',
Studies in Philology, xlvii (1950), 224-42</mixed-citation>
            </p>
         </fn>
         <fn id="d5799e2797a1310">
            <label>128</label>
            <p>
               <mixed-citation id="d5799e2804" publication-type="other">
John Dryden, The Vindication (1683)</mixed-citation>
            </p>
            <p>
               <mixed-citation id="d5799e2810" publication-type="other">
P. Harth, Pen for a Party: Dryden's Tory
Propaganda in its Contexts (Princeton, 1993), ch. 5</mixed-citation>
            </p>
         </fn>
         <fn id="d5799e2821a1310">
            <label>129</label>
            <p>
               <mixed-citation id="d5799e2828" publication-type="other">
HRTU, 497, 529, 582, 601</mixed-citation>
            </p>
         </fn>
         <fn id="d5799e2835a1310">
            <label>130</label>
            <p>
               <mixed-citation id="d5799e2842" publication-type="other">
Henry Care, The History of the Damnable Popish Plot (1681), 63-4</mixed-citation>
            </p>
         </fn>
         <fn id="d5799e2849a1310">
            <label>131</label>
            <p>
               <mixed-citation id="d5799e2856" publication-type="other">
Du Moulin, Vindication, 53-6</mixed-citation>
            </p>
            <p>
               <mixed-citation id="d5799e2862" publication-type="other">
Care, History, 68</mixed-citation>
            </p>
            <p>
               <mixed-citation id="d5799e2868" publication-type="other">
L.G. Schwoerer,
The Ingenious Mr Henry Care, Restoration Publicist (Baltimore, 2001</mixed-citation>
            </p>
         </fn>
         <fn id="d5799e2878a1310">
            <label>132</label>
            <p>
               <mixed-citation id="d5799e2885" publication-type="other">
Care, History, 65</mixed-citation>
            </p>
         </fn>
         <fn id="d5799e2892a1310">
            <label>133</label>
            <p>
               <mixed-citation id="d5799e2899" publication-type="other">
HRTU, 107</mixed-citation>
            </p>
            <p>
               <mixed-citation id="d5799e2905" publication-type="other">
Hobbes, Behemoth, 155</mixed-citation>
            </p>
            <p>
               <mixed-citation id="d5799e2911" publication-type="other">
HWPC, 162</mixed-citation>
            </p>
            <p>
               <mixed-citation id="d5799e2918" publication-type="other">
Nalson, Common Interest, 234</mixed-citation>
            </p>
         </fn>
         <fn id="d5799e2925a1310">
            <label>134</label>
            <p>
               <mixed-citation id="d5799e2932" publication-type="other">
Hobbes, Behemoth, 124</mixed-citation>
            </p>
         </fn>
         <fn id="d5799e2940a1310">
            <label>135</label>
            <p>
               <mixed-citation id="d5799e2947" publication-type="other">
Hobbes, Behemoth, 116-17</mixed-citation>
            </p>
            <p>
               <mixed-citation id="d5799e2953" publication-type="other">
'Metaphysical spirits': Mackenzie, Jus Regium, 42</mixed-citation>
            </p>
         </fn>
         <fn id="d5799e2960a1310">
            <label>136</label>
            <p>
               <mixed-citation id="d5799e2967" publication-type="other">
Edward Pettit, The Visions of Government (1684, citations are from the newly prefaced
second edition of 1686), 100-12, qu. at 109.</mixed-citation>
            </p>
         </fn>
         <fn id="d5799e2977a1310">
            <label>137</label>
            <p>
               <mixed-citation id="d5799e2984" publication-type="other">
Assheton, Evangelium, sig. [A4]r.</mixed-citation>
            </p>
         </fn>
         <fn id="d5799e2991a1310">
            <label>138</label>
            <p>
               <mixed-citation id="d5799e2998" publication-type="other">
Cethegus' Ghost (1682), lines 34-5</mixed-citation>
            </p>
         </fn>
         <fn id="d5799e3005a1310">
            <label>139</label>
            <p>
               <mixed-citation id="d5799e3012" publication-type="other">
Pettit, Visions, 116-45, qu. at n7_I8</mixed-citation>
            </p>
            <p>
               <mixed-citation id="d5799e3018" publication-type="other">
Decree (23)</mixed-citation>
            </p>
         </fn>
         <fn id="d5799e3025a1310">
            <label>140</label>
            <p>
               <mixed-citation id="d5799e3032" publication-type="other">
Anon., 'The Downfal of the Good Old Cause', in Nathaniel Thompson ed., A Choice
Collection of 180 Loyal Songs (1685), 13.</mixed-citation>
            </p>
         </fn>
         <fn id="d5799e3043a1310">
            <label>141</label>
            <p>
               <mixed-citation id="d5799e3050" publication-type="other">
Heylin, Aerius, 262</mixed-citation>
            </p>
         </fn>
         <fn id="d5799e3057a1310">
            <label>142</label>
            <p>
               <mixed-citation id="d5799e3064" publication-type="other">
HWPC, preface, [1]; 2-5</mixed-citation>
            </p>
            <p>
               <mixed-citation id="d5799e3070" publication-type="other">
Bradshaw's Ghost (1660), 3</mixed-citation>
            </p>
            <p>
               <mixed-citation id="d5799e3076" publication-type="other">
Aphra Behn, The Roundheads (1682),
prologue</mixed-citation>
            </p>
            <p>
               <mixed-citation id="d5799e3086" publication-type="other">
John Dryden and Nahum Tate, The Second Part of Absalom and Achitophel (1682), line
749.</mixed-citation>
            </p>
         </fn>
         <fn id="d5799e3096a1310">
            <label>143</label>
            <p>
               <mixed-citation id="d5799e3103" publication-type="other">
Brome, Original of Plotts, 7-8</mixed-citation>
            </p>
            <p>
               <mixed-citation id="d5799e3109" publication-type="other">
Lloyd, Court and Church, 38</mixed-citation>
            </p>
         </fn>
         <fn id="d5799e3116a1310">
            <label>144</label>
            <p>
               <mixed-citation id="d5799e3123" publication-type="other">
HWPC, 30</mixed-citation>
            </p>
            <p>
               <mixed-citation id="d5799e3129" publication-type="other">
Assheton, Evangelium, sig. [A4]r</mixed-citation>
            </p>
            <p>
               <mixed-citation id="d5799e3135" publication-type="other">
Nalson, Countermine, 59-60</mixed-citation>
            </p>
         </fn>
         <fn id="d5799e3142a1310">
            <label>145</label>
            <p>
               <mixed-citation id="d5799e3149" publication-type="other">
Care, History, 316</mixed-citation>
            </p>
         </fn>
         <fn id="d5799e3156a1310">
            <label>146</label>
            <p>
               <mixed-citation id="d5799e3163" publication-type="other">
Nalson, Common Interest, 148</mixed-citation>
            </p>
         </fn>
         <fn id="d5799e3171a1310">
            <label>147</label>
            <p>
               <mixed-citation id="d5799e3178" publication-type="other">
Nalson, Countermine, 304-6, 309.</mixed-citation>
            </p>
         </fn>
         <fn id="d5799e3185a1310">
            <label>148</label>
            <p>
               <mixed-citation id="d5799e3192" publication-type="other">
Nalson, Common Interest, 3, 119.</mixed-citation>
            </p>
         </fn>
         <fn id="d5799e3199a1310">
            <label>149</label>
            <p>
               <mixed-citation id="d5799e3206" publication-type="other">
Hobbes, Behemoth, 144.</mixed-citation>
            </p>
         </fn>
         <fn id="d5799e3213a1310">
            <label>150</label>
            <p>
               <mixed-citation id="d5799e3220" publication-type="other">
Long, History, 20</mixed-citation>
            </p>
            <p>
               <mixed-citation id="d5799e3226" publication-type="other">
HRTU, 404</mixed-citation>
            </p>
            <p>
               <mixed-citation id="d5799e3232" publication-type="other">
Roger L'Estrange, Dissenters Sayings the Second Part (1681), 66</mixed-citation>
            </p>
         </fn>
         <fn id="d5799e3239a1310">
            <label>151</label>
            <p>
               <mixed-citation id="d5799e3246" publication-type="other">
Brady, Introduction, 249</mixed-citation>
            </p>
         </fn>
         <fn id="d5799e3253a1310">
            <label>152</label>
            <p>
               <mixed-citation id="d5799e3260" publication-type="other">
Brady, True and Exact History, 36</mixed-citation>
            </p>
            <p>
               <mixed-citation id="d5799e3266" publication-type="other">
Brady, Introduction, 395</mixed-citation>
            </p>
            <p>
               <mixed-citation id="d5799e3272" publication-type="other">
Sir John Hayward, An Answer
to the First part of a Certaine Conference, Concerning Succession (1603, repr. 1683), sig. [S4]v</mixed-citation>
            </p>
         </fn>
         <fn id="d5799e3283a1310">
            <label>153</label>
            <p>
               <mixed-citation id="d5799e3290" publication-type="other">
Brady, Introduction, 249</mixed-citation>
            </p>
         </fn>
         <fn id="d5799e3297a1310">
            <label>154</label>
            <p>
               <mixed-citation id="d5799e3304" publication-type="other">
Cambridge, Gonville and Caius College, MS 607/279, 1-8.</mixed-citation>
            </p>
         </fn>
         <fn id="d5799e3311a1310">
            <label>155</label>
            <p>
               <mixed-citation id="d5799e3318" publication-type="other">
Ibid., 7.</mixed-citation>
            </p>
         </fn>
         <fn id="d5799e3325a1310">
            <label>156</label>
            <p>
               <mixed-citation id="d5799e3332" publication-type="other">
The Narrative of Mr. John Smith (1679).</mixed-citation>
            </p>
         </fn>
         <fn id="d5799e3339a1310">
            <label>157</label>
            <p>
               <mixed-citation id="d5799e3346" publication-type="other">
Du Moulin, Vindication, 132</mixed-citation>
            </p>
            <p>
               <mixed-citation id="d5799e3352" publication-type="other">
William Lloyd, The Late Apology in Behalf of the Papists ...
Answered (1667), 34</mixed-citation>
            </p>
         </fn>
         <fn id="d5799e3362a1310">
            <label>158</label>
            <p>
               <mixed-citation id="d5799e3369" publication-type="other">
Brady, Introduction, 354.</mixed-citation>
            </p>
         </fn>
         <fn id="d5799e3377a1310">
            <label>159</label>
            <p>
               <mixed-citation id="d5799e3384" publication-type="other">
Heylin, Aerius, 359</mixed-citation>
            </p>
         </fn>
         <fn id="d5799e3391a1310">
            <label>160</label>
            <p>
               <mixed-citation id="d5799e3398" publication-type="other">
Dryden and Tate, Second Part of Absalom, line 325.</mixed-citation>
            </p>
         </fn>
         <fn id="d5799e3405a1310">
            <label>161</label>
            <p>
               <mixed-citation id="d5799e3412" publication-type="other">
R. Serjeantson, 'Hobbes, the Universities, and the History of Philosophy',
in C. Condren, S. Gaukroger and I. Hunter, eds., The Philosopher in Early Modern England
(Cambridge, 2006).</mixed-citation>
            </p>
         </fn>
         <fn id="d5799e3425a1310">
            <label>162</label>
            <p>
               <mixed-citation id="d5799e3432" publication-type="other">
Hobbes, Behemoth, 40, 90.</mixed-citation>
            </p>
         </fn>
         <fn id="d5799e3439a1310">
            <label>163</label>
            <p>
               <mixed-citation id="d5799e3446" publication-type="other">
HRTU, 667-72</mixed-citation>
            </p>
            <p>
               <mixed-citation id="d5799e3452" publication-type="other">
Brady, Introduction, 350-1</mixed-citation>
            </p>
         </fn>
         <fn id="d5799e3459a1310">
            <label>164</label>
            <p>
               <mixed-citation id="d5799e3466" publication-type="other">
Hobbes, Behemoth, 56</mixed-citation>
            </p>
         </fn>
         <fn id="d5799e3474a1310">
            <label>165</label>
            <p>
               <mixed-citation id="d5799e3481" publication-type="other">
George Hickes, The Harmony of Divinity and Law (1684), 4, 15</mixed-citation>
            </p>
            <p>
               <mixed-citation id="d5799e3487" publication-type="other">
George Hickes, A Discourse
of the Soveraign Power (1682), 36</mixed-citation>
            </p>
         </fn>
         <fn id="d5799e3497a1310">
            <label>166</label>
            <p>
               <mixed-citation id="d5799e3504" publication-type="other">
Nalson, Countermine, 29-30</mixed-citation>
            </p>
         </fn>
         <fn id="d5799e3511a1310">
            <label>167</label>
            <p>
               <mixed-citation id="d5799e3518" publication-type="other">
Hickes, Spirit, 31-3</mixed-citation>
            </p>
            <p>
               <mixed-citation id="d5799e3524" publication-type="other">
Behemoth, 47</mixed-citation>
            </p>
         </fn>
         <fn id="d5799e3531a1310">
            <label>168</label>
            <p>
               <mixed-citation id="d5799e3538" publication-type="other">
HWPC, 169</mixed-citation>
            </p>
            <p>
               <mixed-citation id="d5799e3544" publication-type="other">
Hobbes, Behemoth, 204</mixed-citation>
            </p>
         </fn>
         <fn id="d5799e3551a1310">
            <label>169</label>
            <p>
               <mixed-citation id="d5799e3558" publication-type="other">
Heylin, Aerius, 360.</mixed-citation>
            </p>
         </fn>
         <fn id="d5799e3565a1310">
            <label>170</label>
            <p>
               <mixed-citation id="d5799e3572" publication-type="other">
Oxford, Bodleian Library, Tanner MS 34, fo. 114 (22 Aug. 1683)</mixed-citation>
            </p>
            <p>
               <mixed-citation id="d5799e3578" publication-type="other">
Fowler's A Discourse
of Offences (1683), 11</mixed-citation>
            </p>
            <p>
               <mixed-citation id="d5799e3587" publication-type="other">
CSPD, July-Sept. 1683, 326</mixed-citation>
            </p>
            <p>
               <mixed-citation id="d5799e3594" publication-type="other">
M. Goldie and J. Spurr, 'Politics and the Restoration Parish: Edward Fowler and the Struggle for
St Giles Cripplegate', supra, cix (1994), 572-96.</mixed-citation>
            </p>
         </fn>
         <fn id="d5799e3605a1310">
            <label>171</label>
            <p>
               <mixed-citation id="d5799e3612" publication-type="other">
A. Sidney, Discourses Concerning Government, ed. T.G. West (Indianapolis, 1990), 11</mixed-citation>
            </p>
            <p>
               <mixed-citation id="d5799e3618" publication-type="other">
BM
Prints, no. 1121</mixed-citation>
            </p>
            <p>
               <mixed-citation id="d5799e3627" publication-type="other">
The Medal Revers'd (1682), lines 186-8</mixed-citation>
            </p>
            <p>
               <mixed-citation id="d5799e3634" publication-type="other">
Thomas Brown, Heraclitus Ridens Redivivus
(1689)</mixed-citation>
            </p>
         </fn>
         <fn id="d5799e3644a1310">
            <label>172</label>
            <p>
               <mixed-citation id="d5799e3651" publication-type="other">
Mary Asteil, Political Writings, ed. P. Springborg (Cambridge, 1996), 141, 153, 138, 152,
154-62</mixed-citation>
            </p>
            <p>
               <mixed-citation id="d5799e3660" publication-type="other">
Astell thus notes (at 159)</mixed-citation>
            </p>
         </fn>
         <fn id="d5799e3667a1310">
            <label>173</label>
            <p>
               <mixed-citation id="d5799e3674" publication-type="other">
Ibid., 185, 188</mixed-citation>
            </p>
         </fn>
         <fn id="d5799e3681a1310">
            <label>174</label>
            <p>
               <mixed-citation id="d5799e3688" publication-type="other">
Ibid., 192</mixed-citation>
            </p>
         </fn>
         <fn id="d5799e3695a1310">
            <label>175</label>
            <p>
               <mixed-citation id="d5799e3702" publication-type="other">
Edmund Burke, An Appeal from the New to the Old Whigs (1791).</mixed-citation>
            </p>
         </fn>
         <fn id="d5799e3709a1310">
            <label>176</label>
            <p>
               <mixed-citation id="d5799e3716" publication-type="other">
Reflections on the Revolution in France, ed. J.C.D. Clark (Stanford, 2001), 163.</mixed-citation>
            </p>
         </fn>
         <fn id="d5799e3724a1310">
            <label>177</label>
            <p>
               <mixed-citation id="d5799e3731" publication-type="other">
Ibid., 156-7, 225, 159-60</mixed-citation>
            </p>
         </fn>
      </fn-group>
   </back>
</article>
