<article dtd-version="1.0" article-type="research-article">
   <front>
      <journal-meta>
         <journal-id xmlns:xlink="http://www.w3.org/1999/xlink" journal-id-type="jstor">englhistrevi</journal-id>
         <journal-id xmlns:xlink="http://www.w3.org/1999/xlink" journal-id-type="jstor">j100150</journal-id>
         <journal-title-group xmlns:xlink="http://www.w3.org/1999/xlink">
            <journal-title>The English Historical Review</journal-title>
         </journal-title-group>
         <publisher>
            <publisher-name>Oxford University Press</publisher-name>
         </publisher>
         <issn xmlns:xlink="http://www.w3.org/1999/xlink" pub-type="ppub">00138266</issn>
         <issn xmlns:xlink="http://www.w3.org/1999/xlink" pub-type="epub">14774534</issn>
      </journal-meta>
      <article-meta>
         <article-id xmlns:xlink="http://www.w3.org/1999/xlink" pub-id-type="jstor">20108204</article-id>
         <article-id pub-id-type="pub-doi">10.1093/ehr/cel373</article-id>
         <title-group>
            <article-title>'Different and Better?' Scottish Joint-Stock Companies and the Law, c. 1720-1845</article-title>
         </title-group>
         <contrib-group>
            <contrib>
               <string-name xmlns:xlink="http://www.w3.org/1999/xlink">
                  <given-names>Mark</given-names>
                  <surname>Freeman</surname>
               </string-name>
            </contrib>
            <contrib>
               <string-name xmlns:xlink="http://www.w3.org/1999/xlink">
                  <given-names>Robin</given-names>
                  <surname>Pearson</surname>
               </string-name>
            </contrib>
            <contrib>
               <string-name xmlns:xlink="http://www.w3.org/1999/xlink">
                  <given-names>James</given-names>
                  <surname>Taylor</surname>
               </string-name>
            </contrib>
         </contrib-group>
         <pub-date xmlns:xlink="http://www.w3.org/1999/xlink">
            <day>1</day>
            <month>2</month>
            <year>2007</year>
         </pub-date>
         <volume>122</volume>
         <issue>495</issue>
         <issue-id xmlns:xlink="http://www.w3.org/1999/xlink">i20108200</issue-id>
         <fpage>61</fpage>
         <lpage>81</lpage>
         <permissions>
            <copyright-statement>Copyright 2007 Oxford University Press</copyright-statement>
         </permissions>
         <self-uri xmlns:xlink="http://www.w3.org/1999/xlink"
                   xlink:href="http://www.jstor.org/stable/20108204"/>
         <custom-meta-group xmlns:xlink="http://www.w3.org/1999/xlink">
            <custom-meta>
               <meta-name>lang</meta-name>
               <meta-value>eng</meta-value>
            </custom-meta>
         </custom-meta-group>
      </article-meta>
   </front>
   <back>
      <fn-group xmlns:xlink="http://www.w3.org/1999/xlink">
         <title>[Footnotes]</title>
         <fn id="d37452e137a1310">
            <label>1</label>
            <p>
               <mixed-citation id="d37452e144" publication-type="other">
C. W. Munn, 'The Emergence of Joint-Stock Banking in the British Isles: A Comparative
Approach', Business History, xxx (1988), 69-70.</mixed-citation>
            </p>
         </fn>
         <fn id="d37452e154a1310">
            <label>2</label>
            <p>
               <mixed-citation id="d37452e161" publication-type="other">
R. Harris, Industrializing English Law: Entrepreneurship and Business Organization 1720-1844
(Cambridge, 2000)</mixed-citation>
            </p>
         </fn>
         <fn id="d37452e171a1310">
            <label>3</label>
            <p>
               <mixed-citation id="d37452e178" publication-type="other">
J. F. Wilson, British Business History 1720-1994 (Manchester, 1995), 42-50, 50-6</mixed-citation>
            </p>
            <p>
               <mixed-citation id="d37452e184" publication-type="other">
G. Boyce and S. Ville, The Development of Modern Business (Basingstoke, 2002), 101-2, box entitled
'The development of British corporate law: limited liability and the legal personality of the firm'.</mixed-citation>
            </p>
         </fn>
         <fn id="d37452e194a1310">
            <label>4</label>
            <p>
               <mixed-citation id="d37452e201" publication-type="other">
R. H. Campbell, 'The Law and the Joint-Stock Company in Scotland', in Peter L. Payne
(ed.), Studies in Scottish Business History (London, 1967), 136</mixed-citation>
            </p>
            <p>
               <mixed-citation id="d37452e210" publication-type="other">
H. A. Shannon, 'The
Coming of General Limited Liability', Economic History, ii (1931), 267 n. 2</mixed-citation>
            </p>
            <p>
               <mixed-citation id="d37452e219" publication-type="other">
Economic History
Review, ii (1931), 1 n. 2, as cited by Campbell</mixed-citation>
            </p>
         </fn>
         <fn id="d37452e230a1310">
            <label>5</label>
            <p>
               <mixed-citation id="d37452e237" publication-type="other">
Campbell, 'Law and the Joint-Stock Company, 148.</mixed-citation>
            </p>
            <p>
               <mixed-citation id="d37452e243" publication-type="other">
J. Roberton Christie, 'Joint Stock
Enterprise in Scotland before the Companies Acts', Juridical Review, xxi (1909-10), 128-47.</mixed-citation>
            </p>
         </fn>
         <fn id="d37452e253a1310">
            <label>6</label>
            <p>
               <mixed-citation id="d37452e260" publication-type="other">
Campbell, 'Law and the Joint-Stock Company', 139.</mixed-citation>
            </p>
         </fn>
         <fn id="d37452e267a1310">
            <label>7</label>
            <p>
               <mixed-citation id="d37452e274" publication-type="other">
Ibid., 140.</mixed-citation>
            </p>
         </fn>
         <fn id="d37452e281a1310">
            <label>8</label>
            <p>
               <mixed-citation id="d37452e288" publication-type="other">
Francis William Clark, A Treatise on the Law of Partnership and Joint-Stock Companies
According to the Law of Scotland (Edinburgh, 1856), 31, 168, 538-9, and passim.</mixed-citation>
            </p>
         </fn>
         <fn id="d37452e298a1310">
            <label>9</label>
            <p>
               <mixed-citation id="d37452e305" publication-type="other">
Ibid., 6, 537-8.</mixed-citation>
            </p>
         </fn>
         <fn id="d37452e312a1310">
            <label>10</label>
            <p>
               <mixed-citation id="d37452e319" publication-type="other">
N. R. Lamoreaux, 'Partnerships, Corporations, and the Limits on Contractual Freedom in
U.S. History: An Essay in Economics, Law and Culture', in K. Lipartito and D. B. Sicilia (ed.),
Constructing Corporate America: History, Politics, Culture (Oxford, 2004), 29-65.</mixed-citation>
            </p>
         </fn>
         <fn id="d37452e333a1310">
            <label>11</label>
            <p>
               <mixed-citation id="d37452e340" publication-type="other">
Colleen A. Dunlavy, 'From Citizens to Plutocrats:
Nineteenth-Century Shareholder Voting Rights and Theories of the Corporation', in K. Lipartito
and D. B. Sicilia (ed.), Constructing Corporate America: History, Politics, Culture (Oxford, 2004),
66-93.</mixed-citation>
            </p>
            <p>
               <mixed-citation id="d37452e355" publication-type="other">
N. R. Lamoreaux and J.-L. Rosenthal, 'Legal Regime and
Business's Organizational Choice: A Comparison of France and the United States during the Mid-
Nineteenth Century' (unpublished paper, January 2004).</mixed-citation>
            </p>
         </fn>
         <fn id="d37452e368a1310">
            <label>12</label>
            <p>
               <mixed-citation id="d37452e375" publication-type="other">
R. C. Michie, Money, Mania and Markets: Investment, Company Formation and the Stock
Exchange in Nineteenth-Century Scotland (Edinburgh, 1981), 39, 45, 71.</mixed-citation>
            </p>
         </fn>
         <fn id="d37452e385a1310">
            <label>13</label>
            <p>
               <mixed-citation id="d37452e392" publication-type="other">
John Reid, Manual of the Scottish Stocks and British Funds, with a List of the Joint Stock
Companies in Scotland (Edinburgh, 1841), 166-71.</mixed-citation>
            </p>
         </fn>
         <fn id="d37452e402a1310">
            <label>14</label>
            <p>
               <mixed-citation id="d37452e409" publication-type="other">
Munn, 'Emergence of Joint Stock Banking', 72, 76</mixed-citation>
            </p>
            <p>
               <mixed-citation id="d37452e415" publication-type="other">
T. L. Alborn, Conceiving Companies:
Joint-Stock Politics in Victorian England (London, 1998), 88-92.</mixed-citation>
            </p>
         </fn>
         <fn id="d37452e425a1310">
            <label>15</label>
            <p>
               <mixed-citation id="d37452e432" publication-type="other">
Campbell, 'Law and the Joint-Stock Company', 141-2.</mixed-citation>
            </p>
         </fn>
         <fn id="d37452e439a1310">
            <label>16</label>
            <p>
               <mixed-citation id="d37452e446" publication-type="other">
Ibid., 142.</mixed-citation>
            </p>
         </fn>
         <fn id="d37452e454a1310">
            <label>17</label>
            <p>
               <mixed-citation id="d37452e461" publication-type="other">
Christie, 'Joint Stock Enterprise', 137-8.</mixed-citation>
            </p>
            <p>
               <mixed-citation id="d37452e467" publication-type="other">
Shannon, 'Coming of General Limited Liability',
269</mixed-citation>
            </p>
         </fn>
         <fn id="d37452e477a1310">
            <label>18</label>
            <p>
               <mixed-citation id="d37452e484" publication-type="other">
Clark, Law of Partnership, 5</mixed-citation>
            </p>
            <p>
               <mixed-citation id="d37452e490" publication-type="other">
Christie, 'Joint Stock Enterprise', 138.</mixed-citation>
            </p>
         </fn>
         <fn id="d37452e497a1310">
            <label>19</label>
            <p>
               <mixed-citation id="d37452e504" publication-type="other">
C. W. Munn, 'The Emergence of Edinburgh as a Financial Centre', in A. J. G. Cummings
and T. M. Devine (ed.), Industry, Business and Society in Scotland since 1700: Essays Presented to
Professor John Butt (Edinburgh, 1994), 130.</mixed-citation>
            </p>
         </fn>
         <fn id="d37452e517a1310">
            <label>20</label>
            <p>
               <mixed-citation id="d37452e524" publication-type="other">
Patrick Shaw and Alexander Dunlop, Cases Decided in the Court of Session (Edinburgh),
vi (1827-8), 955.</mixed-citation>
            </p>
         </fn>
         <fn id="d37452e534a1310">
            <label>21</label>
            <p>
               <mixed-citation id="d37452e541" publication-type="other">
Robert Henderson, Notes on the Law of Scotland, in Regard to Joint Stock Companies, with
Illustrations from the Law of England (Edinburgh, 1846), 2.</mixed-citation>
            </p>
         </fn>
         <fn id="d37452e551a1310">
            <label>22</label>
            <p>
               <mixed-citation id="d37452e558" publication-type="other">
R. Pearson, 'Shareholder Democracies? English Stock Companies and the Politics of
Corporate Governance During the Industrial Revolution', ante, cxvii (2002), 844.</mixed-citation>
            </p>
         </fn>
         <fn id="d37452e569a1310">
            <label>23</label>
            <p>
               <mixed-citation id="d37452e576" publication-type="other">
Ibid.</mixed-citation>
            </p>
         </fn>
         <fn id="d37452e583a1310">
            <label>25</label>
            <p>
               <mixed-citation id="d37452e590" publication-type="other">
Pearson, 'Shareholder Democracies?', 845</mixed-citation>
            </p>
            <p>
               <mixed-citation id="d37452e596" publication-type="other">
Harris, Industrializing English Law, 173-82.</mixed-citation>
            </p>
         </fn>
         <fn id="d37452e603a1310">
            <label>26</label>
            <p>
               <mixed-citation id="d37452e610" publication-type="other">
H. Hansmann and R. Kraakman, 'The Essential Role of Organizational Law', Yale Law
Journal, cx (2000), 387-440.</mixed-citation>
            </p>
         </fn>
         <fn id="d37452e620a1310">
            <label>27</label>
            <p>
               <mixed-citation id="d37452e627" publication-type="other">
Davis v. Fish (1823)</mixed-citation>
            </p>
            <p>
               <mixed-citation id="d37452e633" publication-type="other">
S. J. Stoljar, Groups and Entities:
An Inquiry into Corporate Theory (Canberra, 1973), 95-6.</mixed-citation>
            </p>
         </fn>
         <fn id="d37452e643a1310">
            <label>28</label>
            <p>
               <mixed-citation id="d37452e650" publication-type="other">
Ibid., 90-1.</mixed-citation>
            </p>
         </fn>
         <fn id="d37452e657a1310">
            <label>29</label>
            <p>
               <mixed-citation id="d37452e664" publication-type="other">
R. Pearson, Insuring the Industrial Revolution: Fire Insurance in Great Britain 1700-1850
(Aldershot, 2004), 238-9</mixed-citation>
            </p>
            <p>
               <mixed-citation id="d37452e673" publication-type="other">
Harris, Industrializing English Law, 236-41.</mixed-citation>
            </p>
         </fn>
         <fn id="d37452e681a1310">
            <label>30</label>
            <p>
               <mixed-citation id="d37452e688" publication-type="other">
Harris, Industrializing English Law, 245-9.</mixed-citation>
            </p>
         </fn>
         <fn id="d37452e695a1310">
            <label>31</label>
            <p>
               <mixed-citation id="d37452e702" publication-type="other">
British Ale Brewery in 1808</mixed-citation>
            </p>
            <p>
               <mixed-citation id="d37452e708" publication-type="other">
Philanthropic Annuity Society in 1809</mixed-citation>
            </p>
            <p>
               <mixed-citation id="d37452e714" publication-type="other">
Equitable Loan Bank Company in 1825</mixed-citation>
            </p>
            <p>
               <mixed-citation id="d37452e721" publication-type="other">
Patent Distillery Company in 1828</mixed-citation>
            </p>
            <p>
               <mixed-citation id="d37452e727" publication-type="other">
Anglo-American Gold Mining Association in 1837.</mixed-citation>
            </p>
            <p>
               <mixed-citation id="d37452e733" publication-type="other">
Harris, Industrializing English Law, 238,
242-3, 245-7.</mixed-citation>
            </p>
         </fn>
         <fn id="d37452e743a1310">
            <label>32</label>
            <p>
               <mixed-citation id="d37452e750" publication-type="other">
Harris, Industrializing English Law, 164.</mixed-citation>
            </p>
         </fn>
         <fn id="d37452e757a1310">
            <label>33</label>
            <p>
               <mixed-citation id="d37452e764" publication-type="other">
Christie, 'Joint Stock Enterprise', 137.</mixed-citation>
            </p>
         </fn>
         <fn id="d37452e771a1310">
            <label>34</label>
            <p>
               <mixed-citation id="d37452e778" publication-type="other">
Campbell, 'Law and the Joint-Stock Company', 136, 139.</mixed-citation>
            </p>
         </fn>
         <fn id="d37452e785a1310">
            <label>35</label>
            <p>
               <mixed-citation id="d37452e792" publication-type="other">
Henderson, Notes on the Law of Scotland, 4, 8-10.</mixed-citation>
            </p>
         </fn>
         <fn id="d37452e800a1310">
            <label>36</label>
            <p>
               <mixed-citation id="d37452e807" publication-type="other">
B. C. Hunt, The Development of the Business Corporation in England 1800-1867 (Cambridge,
1936), 60.</mixed-citation>
            </p>
         </fn>
         <fn id="d37452e817a1310">
            <label>37</label>
            <p>
               <mixed-citation id="d37452e824" publication-type="other">
Campbell, 'Law and the Joint-Stock Company, 139.</mixed-citation>
            </p>
            <p>
               <mixed-citation id="d37452e830" publication-type="other">
D. M. Walker, A Legal History
of Scotland: The Nineteenth Century (vol. 6, Edinburgh and London, 2001), 734-5</mixed-citation>
            </p>
            <p>
               <mixed-citation id="d37452e839" publication-type="other">
J. Taylor, 'Wealth Makes Worship: Attitudes to Joint Stock
Enterprise in British Law, Politics and Culture, 1800-1870' (unpublished Ph.D. thesis, University
of Kent, 2002).</mixed-citation>
            </p>
         </fn>
         <fn id="d37452e852a1310">
            <label>38</label>
            <p>
               <mixed-citation id="d37452e859" publication-type="other">
Shannon, 'Coming of General Limited Liability', 279.</mixed-citation>
            </p>
         </fn>
         <fn id="d37452e866a1310">
            <label>39</label>
            <p>
               <mixed-citation id="d37452e873" publication-type="other">
John George, A View of the Existing Law affecting Unincorporated Joint Stock Companies
(London, 1825), 73.</mixed-citation>
            </p>
         </fn>
         <fn id="d37452e883a1310">
            <label>40</label>
            <p>
               <mixed-citation id="d37452e890" publication-type="other">
Parliamentary Papers (1837) xxxix, 287.</mixed-citation>
            </p>
         </fn>
         <fn id="d37452e897a1310">
            <label>41</label>
            <p>
               <mixed-citation id="d37452e904" publication-type="other">
Ibid.</mixed-citation>
            </p>
            <p>
               <mixed-citation id="d37452e910" publication-type="other">
Adam Smith, An Inquiry into the Nature and Causes of the Wealth of Nations
(vol. 2, Oxford, 1976), 756-8.</mixed-citation>
            </p>
         </fn>
         <fn id="d37452e921a1310">
            <label>42</label>
            <p>
               <mixed-citation id="d37452e928" publication-type="other">
Parliamentary
Papers (1854) lxv, 611.</mixed-citation>
            </p>
            <p>
               <mixed-citation id="d37452e937" publication-type="other">
Gordon H. Boyce, Information, Mediation and Institutional
Development: The Rise of Large-Scale Enterprise in British Shipping 1870-1919 (Manchester, 1995),
66-9.</mixed-citation>
            </p>
         </fn>
         <fn id="d37452e950a1310">
            <label>43</label>
            <p>
               <mixed-citation id="d37452e957" publication-type="other">
PRO BT1/330, no. 72, Memorial from Chamber of Commerce and Manufacturers of
Glasgow, 26 Apr. 1837.</mixed-citation>
            </p>
         </fn>
         <fn id="d37452e967a1310">
            <label>44</label>
            <p>
               <mixed-citation id="d37452e974" publication-type="other">
Campbell, 'Law and the Joint-Stock Company', 148</mixed-citation>
            </p>
            <p>
               <mixed-citation id="d37452e980" publication-type="other">
Clark, Law of Partnership, 6</mixed-citation>
            </p>
            <p>
               <mixed-citation id="d37452e986" publication-type="other">
Christie, 'Joint Stock Enterprise', 142-4.</mixed-citation>
            </p>
         </fn>
         <fn id="d37452e993a1310">
            <label>45</label>
            <p>
               <mixed-citation id="d37452e1000" publication-type="other">
Campbell, 'Law and the Joint-Stock Company', 148</mixed-citation>
            </p>
            <p>
               <mixed-citation id="d37452e1006" publication-type="other">
Christie, 'Joint Stock Enterprise',
144.</mixed-citation>
            </p>
         </fn>
         <fn id="d37452e1016a1310">
            <label>46</label>
            <p>
               <mixed-citation id="d37452e1023" publication-type="other">
Walker, Legal History of Scotland (vol. 6), 717.</mixed-citation>
            </p>
         </fn>
         <fn id="d37452e1030a1310">
            <label>47</label>
            <p>
               <mixed-citation id="d37452e1037" publication-type="other">
Campbell, 'Law and the Joint-Stock Company', 145.</mixed-citation>
            </p>
         </fn>
         <fn id="d37452e1045a1310">
            <label>48</label>
            <p>
               <mixed-citation id="d37452e1052" publication-type="other">
Alexander Dunlop, J. M. Bell, John Murray and James Donaldson, Cases Decided in the
Court of Session (Edinburgh), iii (1840-1), 1045-6.</mixed-citation>
            </p>
         </fn>
         <fn id="d37452e1062a1310">
            <label>49</label>
            <p>
               <mixed-citation id="d37452e1069" publication-type="other">
Christie, 'Joint Stock Enterprise', 141</mixed-citation>
            </p>
            <p>
               <mixed-citation id="d37452e1075" publication-type="other">
Campbell, 'Law and the Joint-Stock Company', 145</mixed-citation>
            </p>
            <p>
               <mixed-citation id="d37452e1081" publication-type="other">
Walker, Legal History of Scotland (vol. 6), 718.</mixed-citation>
            </p>
         </fn>
         <fn id="d37452e1088a1310">
            <label>50</label>
            <p>
               <mixed-citation id="d37452e1095" publication-type="other">
Clark, Law of Partnership, 539.</mixed-citation>
            </p>
         </fn>
         <fn id="d37452e1102a1310">
            <label>51</label>
            <p>
               <mixed-citation id="d37452e1109" publication-type="other">
Harris, Industrializing English Law, ch. 9</mixed-citation>
            </p>
            <p>
               <mixed-citation id="d37452e1115" publication-type="other">
D. Hay, 'The State and the Market in 1800:
Lord Kenyon and Mr Waddington', Past and Present, clxii (1999), 101-62.</mixed-citation>
            </p>
         </fn>
         <fn id="d37452e1125a1310">
            <label>52</label>
            <p>
               <mixed-citation id="d37452e1132" publication-type="other">
Shaw and Dunlop, Cases, xiii (1834-5), 51-2.</mixed-citation>
            </p>
         </fn>
         <fn id="d37452e1139a1310">
            <label>53</label>
            <p>
               <mixed-citation id="d37452e1146" publication-type="other">
Maclean v. Rose, 9 Dec. 1836</mixed-citation>
            </p>
            <p>
               <mixed-citation id="d37452e1152" publication-type="other">
Shaw and Dunlop, Cases, xv (1836-7), 236-41.</mixed-citation>
            </p>
         </fn>
         <fn id="d37452e1160a1310">
            <label>54</label>
            <p>
               <mixed-citation id="d37452e1167" publication-type="other">
Ibid., 43.</mixed-citation>
            </p>
         </fn>
         <fn id="d37452e1174a1310">
            <label>55</label>
            <p>
               <mixed-citation id="d37452e1181" publication-type="other">
Shaw and Dunlop, Cases, xiii (1834-5), 46.</mixed-citation>
            </p>
         </fn>
         <fn id="d37452e1188a1310">
            <label>56</label>
            <p>
               <mixed-citation id="d37452e1195" publication-type="other">
Campbell, 'Law and the Joint-Stock Company', 150 n. 24.</mixed-citation>
            </p>
         </fn>
         <fn id="d37452e1202a1310">
            <label>57</label>
            <p>
               <mixed-citation id="d37452e1209" publication-type="other">
Harris, Industrializing English Law, 142-5.</mixed-citation>
            </p>
         </fn>
         <fn id="d37452e1216a1310">
            <label>58</label>
            <p>
               <mixed-citation id="d37452e1223" publication-type="other">
Clark, Law of Partnership, 168.</mixed-citation>
            </p>
         </fn>
         <fn id="d37452e1230a1310">
            <label>59</label>
            <p>
               <mixed-citation id="d37452e1237" publication-type="other">
Shaw and Dunlop, Cases, xiii (1834-5), 47.</mixed-citation>
            </p>
            <p>
               <mixed-citation id="d37452e1243" publication-type="other">
Richard Rodger, The Transformation of Edinburgh: Land, Property and Trust in the Nineteenth
Century (Cambridge, 2001), ch. 3.</mixed-citation>
            </p>
         </fn>
         <fn id="d37452e1254a1310">
            <label>60</label>
            <p>
               <mixed-citation id="d37452e1261" publication-type="other">
Clark, Law of Partnership, 168.</mixed-citation>
            </p>
         </fn>
         <fn id="d37452e1268a1310">
            <label>61</label>
            <p>
               <mixed-citation id="d37452e1275" publication-type="other">
Harris, Industrializing English Law, 153-6.</mixed-citation>
            </p>
            <p>
               <mixed-citation id="d37452e1281" publication-type="other">
R. Pearson, review of Harris, Economic
History Review, liv (2001), 555-6.</mixed-citation>
            </p>
         </fn>
         <fn id="d37452e1291a1310">
            <label>62</label>
            <p>
               <mixed-citation id="d37452e1298" publication-type="other">
National Archives of Scotland (hereafter NAS), GD 1/3/1, Shotts Iron Company, contract
of copartnery (1824), article 17.</mixed-citation>
            </p>
         </fn>
         <fn id="d37452e1308a1310">
            <label>63</label>
            <p>
               <mixed-citation id="d37452e1315" publication-type="other">
Glasgow City Archives, TD 379/1, Glasgow and Liverpool Royal Steam Packet Company,
contract of copartnery, (1844), articles 6, 10-11.</mixed-citation>
            </p>
         </fn>
         <fn id="d37452e1325a1310">
            <label>64</label>
            <p>
               <mixed-citation id="d37452e1332" publication-type="other">
Dundee City Archives GD/Hu/JS/8/2, Dundee Joint Stock Company,
contract of copartnery, article 18.</mixed-citation>
            </p>
         </fn>
         <fn id="d37452e1342a1310">
            <label>65</label>
            <p>
               <mixed-citation id="d37452e1349" publication-type="other">
Clark, Law of Partnership, 171-2.</mixed-citation>
            </p>
            <p>
               <mixed-citation id="d37452e1355" publication-type="other">
Walker, Legal History of Scotland (vol. 6), 713.</mixed-citation>
            </p>
         </fn>
         <fn id="d37452e1363a1310">
            <label>66</label>
            <p>
               <mixed-citation id="d37452e1370" publication-type="other">
Clark, Law of Partnership, 172.</mixed-citation>
            </p>
         </fn>
         <fn id="d37452e1377a1310">
            <label>67</label>
            <p>
               <mixed-citation id="d37452e1384" publication-type="other">
ibid., 170</mixed-citation>
            </p>
         </fn>
         <fn id="d37452e1391a1310">
            <label>68</label>
            <p>
               <mixed-citation id="d37452e1398" publication-type="other">
Bank of Scotland Archive Acc. 2003/091, box 1/13, Caledonian Banking Company, contract
of copartnery, article 44.</mixed-citation>
            </p>
         </fn>
         <fn id="d37452e1408a1310">
            <label>69</label>
            <p>
               <mixed-citation id="d37452e1415" publication-type="other">
Glasgow University Archives (hereafter GUA), UGD 129/2/3/9, National Bank of Scotland,
contract of copartnery (1825), article 16</mixed-citation>
            </p>
            <p>
               <mixed-citation id="d37452e1424" publication-type="other">
NAS, GD 1/3/1, Shotts Iron Company, contract of
copartnery, article 17.</mixed-citation>
            </p>
         </fn>
         <fn id="d37452e1434a1310">
            <label>70</label>
            <p>
               <mixed-citation id="d37452e1441" publication-type="other">
Reid, Manual of the Scottish Stocks, 38.</mixed-citation>
            </p>
         </fn>
         <fn id="d37452e1448a1310">
            <label>71</label>
            <p>
               <mixed-citation id="d37452e1455" publication-type="other">
7 Geo. IV, c. 67</mixed-citation>
            </p>
            <p>
               <mixed-citation id="d37452e1461" publication-type="other">
C. W. Munn, The Scottish Provincial Banking Companies 1747-1864
(Edinburgh, 1981), 85.</mixed-citation>
            </p>
            <p>
               <mixed-citation id="d37452e1470" publication-type="other">
S. G. Checkland, Scottish Banking: A History 1696-1973 (Glasgow
and London, 1975), 440.</mixed-citation>
            </p>
         </fn>
         <fn id="d37452e1481a1310">
            <label>72</label>
            <p>
               <mixed-citation id="d37452e1488" publication-type="other">
Clark, Law of Partnership, 548.</mixed-citation>
            </p>
         </fn>
         <fn id="d37452e1495a1310">
            <label>73</label>
            <p>
               <mixed-citation id="d37452e1502" publication-type="other">
Reid, Manual of Scottish Stocks, 39.</mixed-citation>
            </p>
         </fn>
         <fn id="d37452e1509a1310">
            <label>74</label>
            <p>
               <mixed-citation id="d37452e1516" publication-type="other">
Munn, Scottish Provincial Banking Companies, 85.</mixed-citation>
            </p>
         </fn>
         <fn id="d37452e1523a1310">
            <label>75</label>
            <p>
               <mixed-citation id="d37452e1530" publication-type="other">
Wilson and Shaw, Cases, iii (1828-9), 365-6.</mixed-citation>
            </p>
         </fn>
         <fn id="d37452e1537a1310">
            <label>76</label>
            <p>
               <mixed-citation id="d37452e1544" publication-type="other">
The Commercial Bank of Scotland, Our Bank: The Story of the Commercial Bank of Scotland
1810-1841 (London and Edinburgh, 1941), 20.</mixed-citation>
            </p>
         </fn>
         <fn id="d37452e1554a1310">
            <label>77</label>
            <p>
               <mixed-citation id="d37452e1561" publication-type="other">
GUA UGD 129/2/3/9, Jeffrey to Melbourne, 7 July 1831</mixed-citation>
            </p>
         </fn>
         <fn id="d37452e1569a1310">
            <label>78</label>
            <p>
               <mixed-citation id="d37452e1576" publication-type="other">
Ibid.</mixed-citation>
            </p>
         </fn>
         <fn id="d37452e1583a1310">
            <label>79</label>
            <p>
               <mixed-citation id="d37452e1590" publication-type="other">
Munn, Scottish Provincial Banking Companies, 85.</mixed-citation>
            </p>
         </fn>
         <fn id="d37452e1597a1310">
            <label>80</label>
            <p>
               <mixed-citation id="d37452e1604" publication-type="other">
GUA UGD 129/2/3/9, Jeffrey to Melbourne, 7 July 1831.</mixed-citation>
            </p>
         </fn>
         <fn id="d37452e1611a1310">
            <label>81</label>
            <p>
               <mixed-citation id="d37452e1618" publication-type="other">
Checkland, Scottish Banking, 362-3, 441-2.</mixed-citation>
            </p>
         </fn>
         <fn id="d37452e1625a1310">
            <label>82</label>
            <p>
               <mixed-citation id="d37452e1632" publication-type="other">
PRO BT1/564</mixed-citation>
            </p>
         </fn>
         <fn id="d37452e1639a1310">
            <label>83</label>
            <p>
               <mixed-citation id="d37452e1646" publication-type="other">
NAS, GD 1/3/1, Shotts Iron Company, contract of copartnery, articles 7, 17.</mixed-citation>
            </p>
         </fn>
         <fn id="d37452e1654a1310">
            <label>84</label>
            <p>
               <mixed-citation id="d37452e1661" publication-type="other">
Shotts Iron Company, directors' meeting, 17 Nov. 1826. All references to the directors'
meetings (hereafter DM)</mixed-citation>
            </p>
            <p>
               <mixed-citation id="d37452e1670" publication-type="other">
NAS GD 1/3/4-6, Shotts Iron Company, sederunt books.</mixed-citation>
            </p>
            <p>
               <mixed-citation id="d37452e1676" publication-type="other">
George Combe, W. S., among other things a well-known phrenologist and author of
The Constitution of Man (1828).</mixed-citation>
            </p>
            <p>
               <mixed-citation id="d37452e1686" publication-type="other">
Charles Gibbon, The Life of George Combe (2 vols, London,
1878).</mixed-citation>
            </p>
         </fn>
         <fn id="d37452e1696a1310">
            <label>85</label>
            <p>
               <mixed-citation id="d37452e1703" publication-type="other">
DM, 17 Apr. 1827.</mixed-citation>
            </p>
         </fn>
         <fn id="d37452e1710a1310">
            <label>86</label>
            <p>
               <mixed-citation id="d37452e1717" publication-type="other">
Shaw and Dunlop, Cases, vi (1827-8), 400.</mixed-citation>
            </p>
         </fn>
         <fn id="d37452e1724a1310">
            <label>87</label>
            <p>
               <mixed-citation id="d37452e1731" publication-type="other">
Shotts Iron Company, AGM, 12 Sept. 1827.</mixed-citation>
            </p>
         </fn>
         <fn id="d37452e1738a1310">
            <label>88</label>
            <p>
               <mixed-citation id="d37452e1745" publication-type="other">
AGM, 12 Sept. 1827</mixed-citation>
            </p>
            <p>
               <mixed-citation id="d37452e1751" publication-type="other">
Shaw and Dunlop, Cases, vi (1827-8), 401-2.</mixed-citation>
            </p>
         </fn>
         <fn id="d37452e1758a1310">
            <label>89</label>
            <p>
               <mixed-citation id="d37452e1765" publication-type="other">
Shaw and Dunlop, Cases, vi (1827-8), 401.</mixed-citation>
            </p>
         </fn>
         <fn id="d37452e1773a1310">
            <label>90</label>
            <p>
               <mixed-citation id="d37452e1780" publication-type="other">
Ibid., 401-2.</mixed-citation>
            </p>
         </fn>
         <fn id="d37452e1787a1310">
            <label>91</label>
            <p>
               <mixed-citation id="d37452e1794" publication-type="other">
Ibid., 402.</mixed-citation>
            </p>
         </fn>
         <fn id="d37452e1801a1310">
            <label>92</label>
            <p>
               <mixed-citation id="d37452e1808" publication-type="other">
DM, 8 Jan. 1834</mixed-citation>
            </p>
            <p>
               <mixed-citation id="d37452e1814" publication-type="other">
5 Feb. 1834.</mixed-citation>
            </p>
         </fn>
         <fn id="d37452e1821a1310">
            <label>93</label>
            <p>
               <mixed-citation id="d37452e1828" publication-type="other">
EGM, 4 Feb. 1834</mixed-citation>
            </p>
            <p>
               <mixed-citation id="d37452e1834" publication-type="other">
DM, 1 Apr. 1835.</mixed-citation>
            </p>
         </fn>
         <fn id="d37452e1841a1310">
            <label>94</label>
            <p>
               <mixed-citation id="d37452e1848" publication-type="other">
DM, 1 Apr. 1835.</mixed-citation>
            </p>
         </fn>
         <fn id="d37452e1855a1310">
            <label>95</label>
            <p>
               <mixed-citation id="d37452e1862" publication-type="other">
Directors' report to AGM, engrossed at EGM, 4 Nov. 1835.</mixed-citation>
            </p>
         </fn>
         <fn id="d37452e1870a1310">
            <label>96</label>
            <p>
               <mixed-citation id="d37452e1877" publication-type="other">
DM, 6 May 1835.</mixed-citation>
            </p>
         </fn>
         <fn id="d37452e1884a1310">
            <label>97</label>
            <p>
               <mixed-citation id="d37452e1891" publication-type="other">
DM, 1 July 1835.</mixed-citation>
            </p>
         </fn>
         <fn id="d37452e1898a1310">
            <label>98</label>
            <p>
               <mixed-citation id="d37452e1905" publication-type="other">
Directors' report to AGM, engrossed at EGM, 4 Nov. 1835.</mixed-citation>
            </p>
         </fn>
         <fn id="d37452e1912a1310">
            <label>99</label>
            <p>
               <mixed-citation id="d37452e1919" publication-type="other">
PRO BT1/564, Extract from letter, George Imlach to Richardson and Connell, 19 Dec.
1837.</mixed-citation>
            </p>
         </fn>
         <fn id="d37452e1929a1310">
            <label>100</label>
            <p>
               <mixed-citation id="d37452e1936" publication-type="other">
DM, 6 May 1835</mixed-citation>
            </p>
         </fn>
         <fn id="d37452e1943a1310">
            <label>101</label>
            <p>
               <mixed-citation id="d37452e1950" publication-type="other">
DM, 3 June 1835</mixed-citation>
            </p>
         </fn>
         <fn id="d37452e1958a1310">
            <label>102</label>
            <p>
               <mixed-citation id="d37452e1965" publication-type="other">
Ibid</mixed-citation>
            </p>
         </fn>
         <fn id="d37452e1972a1310">
            <label>103</label>
            <p>
               <mixed-citation id="d37452e1979" publication-type="other">
DM, 1 July 1835</mixed-citation>
            </p>
         </fn>
         <fn id="d37452e1986a1310">
            <label>104</label>
            <p>
               <mixed-citation id="d37452e1993" publication-type="other">
DM, 22 June 1835</mixed-citation>
            </p>
         </fn>
         <fn id="d37452e2000a1310">
            <label>105</label>
            <p>
               <mixed-citation id="d37452e2007" publication-type="other">
Letter from Alexander Gray, engrossed at DM, 16 Jan. 1838.</mixed-citation>
            </p>
         </fn>
         <fn id="d37452e2014a1310">
            <label>106</label>
            <p>
               <mixed-citation id="d37452e2021" publication-type="other">
DM, 5 June 1839.</mixed-citation>
            </p>
         </fn>
         <fn id="d37452e2028a1310">
            <label>107</label>
            <p>
               <mixed-citation id="d37452e2035" publication-type="other">
Harris, Industrializing English Law, 254-6.</mixed-citation>
            </p>
         </fn>
         <fn id="d37452e2043a1310">
            <label>108</label>
            <p>
               <mixed-citation id="d37452e2050" publication-type="other">
Campbell, 'Law and the Joint-Stock Company', 138.</mixed-citation>
            </p>
         </fn>
         <fn id="d37452e2057a1310">
            <label>109</label>
            <p>
               <mixed-citation id="d37452e2064" publication-type="other">
DM, 5 June 1839.</mixed-citation>
            </p>
         </fn>
         <fn id="d37452e2071a1310">
            <label>110</label>
            <p>
               <mixed-citation id="d37452e2078" publication-type="other">
DM, 4 Mar. 1840</mixed-citation>
            </p>
            <p>
               <mixed-citation id="d37452e2084" publication-type="other">
AGM, 8 Sept. 1841.</mixed-citation>
            </p>
         </fn>
         <fn id="d37452e2091a1310">
            <label>111</label>
            <p>
               <mixed-citation id="d37452e2098" publication-type="other">
34 &amp;amp; 35 Viet., c. 17.</mixed-citation>
            </p>
            <p>
               <mixed-citation id="d37452e2104" publication-type="other">
Campbell, 'Law and the Joint-Stock Company, 139.</mixed-citation>
            </p>
            <p>
               <mixed-citation id="d37452e2110" publication-type="other">
NAS GD 18/3387, copy of letter from Alexander Blair for Bank of Scotland, Thomas Carrie
[?Cassie?] for British Linen Company, Robert Paul for Commercial Bank of Scotland and George
Crosbie for National Bank of Scotland to C. P. Thompson [sic], President of the Board of Trade,
10 Aug. 1838.</mixed-citation>
            </p>
         </fn>
         <fn id="d37452e2126a1310">
            <label>112</label>
            <p>
               <mixed-citation id="d37452e2133" publication-type="other">
R. H. Campbell, Carron Company (Edinburgh and London, 1961), 24-5.</mixed-citation>
            </p>
         </fn>
         <fn id="d37452e2140a1310">
            <label>113</label>
            <p>
               <mixed-citation id="d37452e2147" publication-type="other">
Campbell, 'Law and the Joint-Stock Company', 140.</mixed-citation>
            </p>
         </fn>
         <fn id="d37452e2155a1310">
            <label>115</label>
            <p>
               <mixed-citation id="d37452e2162" publication-type="other">
Clark, Law of Partnership, 97.</mixed-citation>
            </p>
         </fn>
         <fn id="d37452e2169a1310">
            <label>116</label>
            <p>
               <mixed-citation id="d37452e2176" publication-type="other">
Walker, Legal History of Scotland (vol. 6), 718.</mixed-citation>
            </p>
         </fn>
      </fn-group>
   </back>
</article>
