<article dtd-version="1.0" article-type="research-article">
   <front>
      <journal-meta>
         <journal-id xmlns:xlink="http://www.w3.org/1999/xlink" journal-id-type="jstor">englhistrevi</journal-id>
         <journal-id xmlns:xlink="http://www.w3.org/1999/xlink" journal-id-type="jstor">j100150</journal-id>
         <journal-title-group xmlns:xlink="http://www.w3.org/1999/xlink">
            <journal-title>The English Historical Review</journal-title>
         </journal-title-group>
         <publisher>
            <publisher-name>Oxford University Press</publisher-name>
         </publisher>
         <issn xmlns:xlink="http://www.w3.org/1999/xlink" pub-type="ppub">00138266</issn>
         <issn xmlns:xlink="http://www.w3.org/1999/xlink" pub-type="epub">14774534</issn>
      </journal-meta>
      <article-meta>
         <article-id xmlns:xlink="http://www.w3.org/1999/xlink" pub-id-type="jstor">20108304</article-id>
         <article-id pub-id-type="pub-doi">10.1093/ehr/cem325</article-id>
         <title-group>
            <article-title>Dismantling Prerogative Government: The Council in the Marches and the Long Parliament</article-title>
         </title-group>
         <contrib-group>
            <contrib>
               <string-name xmlns:xlink="http://www.w3.org/1999/xlink">
                  <given-names>Lloyd</given-names>
                  <surname>Bowen</surname>
               </string-name>
            </contrib>
         </contrib-group>
         <pub-date xmlns:xlink="http://www.w3.org/1999/xlink">
            <day>1</day>
            <month>12</month>
            <year>2007</year>
         </pub-date>
         <volume>122</volume>
         <issue>499</issue>
         <issue-id xmlns:xlink="http://www.w3.org/1999/xlink">i20108299</issue-id>
         <fpage>1258</fpage>
         <lpage>1286</lpage>
         <permissions>
            <copyright-statement>Copyright 2007 Oxford University Press</copyright-statement>
         </permissions>
         <self-uri xmlns:xlink="http://www.w3.org/1999/xlink"
                   xlink:href="http://www.jstor.org/stable/20108304"/>
         <custom-meta-group xmlns:xlink="http://www.w3.org/1999/xlink">
            <custom-meta>
               <meta-name>lang</meta-name>
               <meta-value>eng</meta-value>
            </custom-meta>
         </custom-meta-group>
      </article-meta>
   </front>
   <back>
      <fn-group xmlns:xlink="http://www.w3.org/1999/xlink">
         <title>[Footnotes]</title>
         <fn id="d5718e113a1310">
            <label>1</label>
            <p>
               <mixed-citation id="d5718e120" publication-type="other">
T.G. Barnes, 'Star Chamber Mythology', Journal
of American legal History, v (1961), 2-3.</mixed-citation>
            </p>
            <p>
               <mixed-citation id="d5718e129" publication-type="other">
C. Russell, The Fall of the British Monarchies, 1637-1642
(Oxford, 1991), 252</mixed-citation>
            </p>
            <p>
               <mixed-citation id="d5718e138" publication-type="other">
S. Lambert, 'The Opening of the Long Parliament', Historical Journal, xxvii
(1984), 273-5.</mixed-citation>
            </p>
         </fn>
         <fn id="d5718e148a1310">
            <label>2</label>
            <p>
               <mixed-citation id="d5718e155" publication-type="other">
R. Hutton, The Restoration: A Political History of England and Wales, 1658-1667 (Oxford,
1985), 155.</mixed-citation>
            </p>
         </fn>
         <fn id="d5718e165a1310">
            <label>3</label>
            <p>
               <mixed-citation id="d5718e172" publication-type="other">
P. Williams, 'The Attack on the Council in the Marches, 1603-1642',
Transactions of the Honourable Society of Cymmrodorion (1961), 1-22.</mixed-citation>
            </p>
            <p>
               <mixed-citation id="d5718e181" publication-type="other">
C.A.J. Skeel, The
Council in the Marches of Wales: A Study in local Government During the Sixteenth and Seventeenth
Centuries (London, 1904), 129-65</mixed-citation>
            </p>
            <p>
               <mixed-citation id="d5718e193" publication-type="other">
A.H. Dodd, Studies in Stuart Wales (Cardiff, 1952), 62-9.</mixed-citation>
            </p>
         </fn>
         <fn id="d5718e200a1310">
            <label>4</label>
            <p>
               <mixed-citation id="d5718e207" publication-type="other">
D. Scott, '"Particular Businesses" in the Long Parliament: The Hull Letters, 1644-1648', in
C.R. Kyle, ed., Parliament, Politics and Elections, 1604-1648 (Camden Society, 5th series, xvii,
2001), 273.</mixed-citation>
            </p>
            <p>
               <mixed-citation id="d5718e219" publication-type="other">
C. Russell, Parliaments and English
Politics, 1621-1629 (Oxford, 1979)</mixed-citation>
            </p>
            <p>
               <mixed-citation id="d5718e228" publication-type="other">
G.R. Elton, The Parliament of England, 1559-1581 (Cambridge,
1986)</mixed-citation>
            </p>
            <p>
               <mixed-citation id="d5718e238" publication-type="other">
I. Archer, 'The London Lobbies in the Later Sixteenth Century', Historical Journal, xxxi
(1988), 17-44</mixed-citation>
            </p>
            <p>
               <mixed-citation id="d5718e247" publication-type="other">
D. Dean, 'Pressure Groups and Lobbies in the Elizabethan and Early Jacobean
Parliaments', Parliaments, Estates and Representation, xi (1991), 139-52</mixed-citation>
            </p>
            <p>
               <mixed-citation id="d5718e256" publication-type="other">
idem, law-Making and
Society in Late Elizabethan England (Cambridge, 1996)</mixed-citation>
            </p>
            <p>
               <mixed-citation id="d5718e265" publication-type="other">
C.R. Kyle, 'Parliament and the Politics of
Carting in Early Stuart London', The London Journal, xxvii (2002), 1-11</mixed-citation>
            </p>
            <p>
               <mixed-citation id="d5718e274" publication-type="other">
L. Bowen, 'Wales at
Westminster: Parliament, Principality and Pressure Groups, 1542-1601', Parliamentary History, xxii
(2003), 107-20</mixed-citation>
            </p>
            <p>
               <mixed-citation id="d5718e286" publication-type="other">
idem, The Politics of the Principality: Wales, c.1603-42 (Cardiff, 2006), ch. 2.</mixed-citation>
            </p>
            <p>
               <mixed-citation id="d5718e293" publication-type="other">
C.R. Kyle and
J. Peacey, ed., Parliament at Work: Parliamentary Committees, Political Power and Public Access in
Early Modern England (Woodbridge, 2002).</mixed-citation>
            </p>
         </fn>
         <fn id="d5718e307a1310">
            <label>5</label>
            <p>
               <mixed-citation id="d5718e314" publication-type="other">
C. Holmes, 'Colonel King and Lincolnshire Politics, 1642-6',
Historical Journal, xvi (1973), 451-84</mixed-citation>
            </p>
            <p>
               <mixed-citation id="d5718e323" publication-type="other">
A. Hughes, 'Militancy and Localism: Warwickshire Politics
and Westminster Politics, 1643-1647', Transactions of the Royal Historical Society, 5th series, xxxi
(1981), 51-68</mixed-citation>
            </p>
            <p>
               <mixed-citation id="d5718e335" publication-type="other">
idem, 'The King, the Parliament and the Localities during the English Civil War',
Journal of British Studies, xxiv (1985), 236-63</mixed-citation>
            </p>
            <p>
               <mixed-citation id="d5718e345" publication-type="other">
D. Scott, 'The "Northern Gentlemen", the
Parliamentary Independents, and Anglo-Scottish Relations in the Long Parliament', Historical
Journal, xlii (1999), 347-75.</mixed-citation>
            </p>
         </fn>
         <fn id="d5718e358a1310">
            <label>6</label>
            <p>
               <mixed-citation id="d5718e365" publication-type="other">
P. Williams, The
Council in the Marches under Elizabeth I (Cardiff, 1958).</mixed-citation>
            </p>
            <p>
               <mixed-citation id="d5718e374" publication-type="other">
his 'The Activity of the Council
in the Marches under the Early Stuarts', Welsh History Review, i (1960-1963), 133-60.</mixed-citation>
            </p>
         </fn>
         <fn id="d5718e384a1310">
            <label>7</label>
            <p>
               <mixed-citation id="d5718e391" publication-type="other">
Statutes of the Realm (London, 1810-1828), iii. 926.</mixed-citation>
            </p>
         </fn>
         <fn id="d5718e398a1310">
            <label>8</label>
            <p>
               <mixed-citation id="d5718e405" publication-type="other">
Williams, Council in the Marches, 87.</mixed-citation>
            </p>
         </fn>
         <fn id="d5718e412a1310">
            <label>9</label>
            <p>
               <mixed-citation id="d5718e419" publication-type="other">
Williams, 'Attack on the Council in the Marches', 2-15</mixed-citation>
            </p>
            <p>
               <mixed-citation id="d5718e425" publication-type="other">
R.E. Ham, 'The Four Shires
Controversy', Welsh History Review, viii (1976-1977), 381-99</mixed-citation>
            </p>
            <p>
               <mixed-citation id="d5718e434" publication-type="other">
idem, County and the Kingdom: Sir
Herbert Croft and the Elizabethan State (Washington, 1977).</mixed-citation>
            </p>
         </fn>
         <fn id="d5718e444a1310">
            <label>10</label>
            <p>
               <mixed-citation id="d5718e451" publication-type="other">
R.C. Johnson, M.J. Cole and W.B. Bidwell, eds., Commons Debates, 1628 (New Haven,
1977-1978), iii. 474.</mixed-citation>
            </p>
         </fn>
         <fn id="d5718e462a1310">
            <label>11</label>
            <p>
               <mixed-citation id="d5718e469" publication-type="other">
J. Maltby, ed., The Short Parliament (1640) Diary of Sir Thomas Aston (Camden Society, 4th
series, xxxv, 1988), 87.</mixed-citation>
            </p>
            <p>
               <mixed-citation id="d5718e478" publication-type="other">
T[he] N[ational] A[rchives], P[ublic] R[ecord] 0[ffice], PROB 11/185, fo. 292V</mixed-citation>
            </p>
            <p>
               <mixed-citation id="d5718e484" publication-type="other">
B[ritish] L[ibrary],
Add[itional] MS 11053, fos 180-1</mixed-citation>
            </p>
            <p>
               <mixed-citation id="d5718e494" publication-type="other">
M.F. Keeler, The Long Parliament: A Biographical Study of Its
Members (Philadelphia, 1954), 362</mixed-citation>
            </p>
            <p>
               <mixed-citation id="d5718e503" publication-type="other">
B.D. Henning, ed., The History of Parliament: The House of
Commons, 1660-1690 (London, 1983), iii. 577-9.</mixed-citation>
            </p>
         </fn>
         <fn id="d5718e513a1310">
            <label>12</label>
            <p>
               <mixed-citation id="d5718e520" publication-type="other">
Maltby, Diary of Sir Thomas Aston, 98</mixed-citation>
            </p>
            <p>
               <mixed-citation id="d5718e526" publication-type="other">
C[ommons] J[ournals], ii. 16</mixed-citation>
            </p>
         </fn>
         <fn id="d5718e533a1310">
            <label>13</label>
            <p>
               <mixed-citation id="d5718e540" publication-type="other">
TNA, PRO, SP16/466/55.</mixed-citation>
            </p>
         </fn>
         <fn id="d5718e547a1310">
            <label>14</label>
            <p>
               <mixed-citation id="d5718e554" publication-type="other">
S[hropshire] A[rchives], MS 212/364/36.</mixed-citation>
            </p>
            <p>
               <mixed-citation id="d5718e560" publication-type="other">
King James's time: SA, MS 212/364/38, dorse.</mixed-citation>
            </p>
         </fn>
         <fn id="d5718e567a1310">
            <label>15</label>
            <p>
               <mixed-citation id="d5718e574" publication-type="other">
Hunt[ington] Lib[rary], Ellesmere MS 7685.</mixed-citation>
            </p>
         </fn>
         <fn id="d5718e581a1310">
            <label>16</label>
            <p>
               <mixed-citation id="d5718e588" publication-type="other">
W. Notestein, ed., The Journal of Sir Simonds DEwes from the Beginning of the Long
Parliament to the Opening of the Trial of the Earl of Strafford (New Haven, 1923), 182-3.</mixed-citation>
            </p>
            <p>
               <mixed-citation id="d5718e597" publication-type="other">
F. Pogson, 'Wentworth as President of the Council of
the North, 1628-41', in J.C. Appleby and P. Dalton, eds., Government, Religion and Society in
Northern England, 1000-1700 (Stroud, 1997), 185-98.</mixed-citation>
            </p>
         </fn>
         <fn id="d5718e611a1310">
            <label>17</label>
            <p>
               <mixed-citation id="d5718e618" publication-type="other">
Notestein, Journal of Sir Simmonds D'Ewes, 183</mixed-citation>
            </p>
            <p>
               <mixed-citation id="d5718e624" publication-type="other">
CJ, ii. 57</mixed-citation>
            </p>
            <p>
               <mixed-citation id="d5718e630" publication-type="other">
A. H.A. Hamilton (ed.), The
Notebook of Sir John Northcote (London, 1877), 103.</mixed-citation>
            </p>
         </fn>
         <fn id="d5718e640a1310">
            <label>18</label>
            <p>
               <mixed-citation id="d5718e647" publication-type="other">
BL, Cotton MS, Titus B viii, fo. 51</mixed-citation>
            </p>
            <p>
               <mixed-citation id="d5718e653" publication-type="other">
TNA, PRO, SP14/19/35</mixed-citation>
            </p>
            <p>
               <mixed-citation id="d5718e659" publication-type="other">
SP14/77/15</mixed-citation>
            </p>
            <p>
               <mixed-citation id="d5718e666" publication-type="other">
N[ational]
L[ibrary of] W[ales], MS 9063E/1682</mixed-citation>
            </p>
            <p>
               <mixed-citation id="d5718e675" publication-type="other">
Bowen, Politics of the Principality, ch. 2.</mixed-citation>
            </p>
            <p>
               <mixed-citation id="d5718e681" publication-type="other">
Sheffield City Archives, Wentworth Woodhouse MSS, Str. P. 13/125.</mixed-citation>
            </p>
         </fn>
         <fn id="d5718e688a1310">
            <label>19</label>
            <p>
               <mixed-citation id="d5718e695" publication-type="other">
NLW, Tredegar Park MS 105/126</mixed-citation>
            </p>
            <p>
               <mixed-citation id="d5718e701" publication-type="other">
CJ, ii. 57.</mixed-citation>
            </p>
         </fn>
         <fn id="d5718e708a1310">
            <label>20</label>
            <p>
               <mixed-citation id="d5718e715" publication-type="other">
Bodl[eian] Lib[rary], Additional MS c.303, ff. 82-94</mixed-citation>
            </p>
            <p>
               <mixed-citation id="d5718e721" publication-type="other">
TNA, PRO, SP16/167/74-86</mixed-citation>
            </p>
            <p>
               <mixed-citation id="d5718e727" publication-type="other">
C[alendar of] S[tate] P[apers] D[omestic], 1629-31, 175, 272-3</mixed-citation>
            </p>
            <p>
               <mixed-citation id="d5718e734" publication-type="other">
1637, 557-8</mixed-citation>
            </p>
            <p>
               <mixed-citation id="d5718e740" publication-type="other">
1639-40, 261.</mixed-citation>
            </p>
         </fn>
         <fn id="d5718e747a1310">
            <label>21</label>
            <p>
               <mixed-citation id="d5718e754" publication-type="other">
Longleat House, Whitelocke MS II, ff. 132-5V.</mixed-citation>
            </p>
         </fn>
         <fn id="d5718e761a1310">
            <label>22</label>
            <p>
               <mixed-citation id="d5718e768" publication-type="other">
Williams, 'Attack on the Council in the Marches', 16-17.</mixed-citation>
            </p>
         </fn>
         <fn id="d5718e776a1310">
            <label>23</label>
            <p>
               <mixed-citation id="d5718e783" publication-type="other">
Hunt. Lib., Ellesmere MS 7521.</mixed-citation>
            </p>
         </fn>
         <fn id="d5718e790a1310">
            <label>24</label>
            <p>
               <mixed-citation id="d5718e797" publication-type="other">
Hunt. Lib., Ellesmere MS 7522</mixed-citation>
            </p>
            <p>
               <mixed-citation id="d5718e803" publication-type="other">
TNA, PRO, SP16/372/11.</mixed-citation>
            </p>
         </fn>
         <fn id="d5718e810a1310">
            <label>25</label>
            <p>
               <mixed-citation id="d5718e817" publication-type="other">
J. Bliss and W. Scott (ed.), The Works of William Laud (Oxford, 1847-1860), v. 345.</mixed-citation>
            </p>
         </fn>
         <fn id="d5718e824a1310">
            <label>26</label>
            <p>
               <mixed-citation id="d5718e831" publication-type="other">
Ibid., vi. 490-1.</mixed-citation>
            </p>
         </fn>
         <fn id="d5718e838a1310">
            <label>27</label>
            <p>
               <mixed-citation id="d5718e845" publication-type="other">
J. Bruce, ed., Notes of Proceedings in the Long Parliament... [by] Sir Ralph Verney (Camden
Society, xxxi, 1845), 28.</mixed-citation>
            </p>
            <p>
               <mixed-citation id="d5718e854" publication-type="other">
Notestein,
Journal of Sir Simonds D'Ewes, 512</mixed-citation>
            </p>
            <p>
               <mixed-citation id="d5718e863" publication-type="other">
CSPD, 1640-1, 356-7, 505.</mixed-citation>
            </p>
            <p>
               <mixed-citation id="d5718e870" publication-type="other">
J.G.
Ballinger, ed., Calendar of the Wynn (of Gwydir) Papers (Aberystwyth, 1926), no. 1700.</mixed-citation>
            </p>
         </fn>
         <fn id="d5718e880a1310">
            <label>28</label>
            <p>
               <mixed-citation id="d5718e887" publication-type="other">
Kyle and Peacey, Parliament at Work.</mixed-citation>
            </p>
         </fn>
         <fn id="d5718e895a1310">
            <label>29</label>
            <p>
               <mixed-citation id="d5718e902" publication-type="other">
J.E. Griffith ed., Pedigrees of Anglesey and Caernarfonshire Families (Horncastle, 1914, repr.
1997), 259</mixed-citation>
            </p>
            <p>
               <mixed-citation id="d5718e911" publication-type="other">
W.J. Smith, ed., Calendar of Salisbury Correspondence (Cardiff, 1954), 121</mixed-citation>
            </p>
            <p>
               <mixed-citation id="d5718e917" publication-type="other">
Calendar of
Wynn Papers, nos 1714-15.</mixed-citation>
            </p>
         </fn>
         <fn id="d5718e927a1310">
            <label>30</label>
            <p>
               <mixed-citation id="d5718e934" publication-type="other">
Hunt. Lib., Ellesmere MSS 7875-7.</mixed-citation>
            </p>
         </fn>
         <fn id="d5718e941a1310">
            <label>31</label>
            <p>
               <mixed-citation id="d5718e948" publication-type="other">
C.T. Martin,
ed., Minutes of Parliament of the Middle Temple (4 vols, London, 1904-1905), ii. 790, 837</mixed-citation>
            </p>
            <p>
               <mixed-citation id="d5718e957" publication-type="other">
A. Woolrych, Commonwealth to Protectorate (Oxford, 1982), 21-3</mixed-citation>
            </p>
            <p>
               <mixed-citation id="d5718e963" publication-type="other">
W. Leach, Bills Proposed for Acts,
or Proposals Concerning the Principall Courts of England (London, 1651), 9-24.</mixed-citation>
            </p>
         </fn>
         <fn id="d5718e973a1310">
            <label>32</label>
            <p>
               <mixed-citation id="d5718e980" publication-type="other">
N[orthamptonshire] R[ecord] 0[ffice], E(B) 630.</mixed-citation>
            </p>
         </fn>
         <fn id="d5718e987a1310">
            <label>33</label>
            <p>
               <mixed-citation id="d5718e994" publication-type="other">
BL, Add. MS 70,003, fo. 1.</mixed-citation>
            </p>
            <p>
               <mixed-citation id="d5718e1000" publication-type="other">
J. Eales, Puritans and Roundheads: The Harleys
ofBrampton Bryan and the Outbreak of the English Civil War (Cambridge, 1990).</mixed-citation>
            </p>
         </fn>
         <fn id="d5718e1010a1310">
            <label>34</label>
            <p>
               <mixed-citation id="d5718e1017" publication-type="other">
Hunt. Lib., Ellesmere MS 7875.</mixed-citation>
            </p>
         </fn>
         <fn id="d5718e1025a1310">
            <label>35</label>
            <p>
               <mixed-citation id="d5718e1032" publication-type="other">
Dictionary of National Biography (Oxford, 2004), s.v.</mixed-citation>
            </p>
            <p>
               <mixed-citation id="d5718e1038" publication-type="other">
J. Rushworth,
Historical Collections (London, 1721), viii. 142.</mixed-citation>
            </p>
         </fn>
         <fn id="d5718e1048a1310">
            <label>36</label>
            <p>
               <mixed-citation id="d5718e1055" publication-type="other">
R. Reid, The King's Council in the North (London, 1921), 355-67, 411</mixed-citation>
            </p>
            <p>
               <mixed-citation id="d5718e1061" publication-type="other">
Williams, 'Attack on
the Council in the Marches', 1-22</mixed-citation>
            </p>
            <p>
               <mixed-citation id="d5718e1070" publication-type="other">
L.A. Knafla, Law and Politics in Jacobean England (Cambridge,
1977), ch. 6.</mixed-citation>
            </p>
            <p>
               <mixed-citation id="d5718e1080" publication-type="other">
Hunt. Lib., Ellesmere MS 7527.</mixed-citation>
            </p>
         </fn>
         <fn id="d5718e1087a1310">
            <label>37</label>
            <p>
               <mixed-citation id="d5718e1094" publication-type="other">
NRO, E(B) 630.</mixed-citation>
            </p>
         </fn>
         <fn id="d5718e1101a1310">
            <label>38</label>
            <p>
               <mixed-citation id="d5718e1108" publication-type="other">
J. March, Reports, or New Cases; with Divers Resolutions and Judgements (London, 1648),
52-3.</mixed-citation>
            </p>
         </fn>
         <fn id="d5718e1118a1310">
            <label>39</label>
            <p>
               <mixed-citation id="d5718e1125" publication-type="other">
W. Prest, 'Law Reform and Legal Education in Interregnum England', Historical
Research, lxxv (2002), 112-22</mixed-citation>
            </p>
            <p>
               <mixed-citation id="d5718e1134" publication-type="other">
idem, Rise of the Barristers, 342</mixed-citation>
            </p>
            <p>
               <mixed-citation id="d5718e1140" publication-type="other">
J. Prince, Danmonii Orientales
Illustres: Or, The Worthies of Devon (Exeter, 1701), 111-3</mixed-citation>
            </p>
            <p>
               <mixed-citation id="d5718e1150" publication-type="other">
CSPD, 1639-40, 393</mixed-citation>
            </p>
            <p>
               <mixed-citation id="d5718e1156" publication-type="other">
N.R.R. Fisher, '"The
Queenes Courte in Her Councell Chamber at Westminster"', ante, cviii (1993), 329.</mixed-citation>
            </p>
         </fn>
         <fn id="d5718e1166a1310">
            <label>40</label>
            <p>
               <mixed-citation id="d5718e1173" publication-type="other">
CSPD, 1641-3, 95</mixed-citation>
            </p>
            <p>
               <mixed-citation id="d5718e1179" publication-type="other">
Fisher, '"The Queenes Courte"', 332-5</mixed-citation>
            </p>
            <p>
               <mixed-citation id="d5718e1185" publication-type="other">
Russell, Fall of the British
Monarchies, 224, 262.</mixed-citation>
            </p>
         </fn>
         <fn id="d5718e1196a1310">
            <label>41</label>
            <p>
               <mixed-citation id="d5718e1203" publication-type="other">
Worcestershire Record Office, Quarter Sessions Rolls 1/1/76/8</mixed-citation>
            </p>
            <p>
               <mixed-citation id="d5718e1209" publication-type="other">
NLW, Carreglwyd MSI/467.</mixed-citation>
            </p>
            <p>
               <mixed-citation id="d5718e1215" publication-type="other">
H[istorical] M[anuscripts] C[ommission], MSS in Various Collections, i. 316-18.</mixed-citation>
            </p>
         </fn>
         <fn id="d5718e1222a1310">
            <label>42</label>
            <p>
               <mixed-citation id="d5718e1229" publication-type="other">
J. and T.W. Webb, Memorials of the Civil War ... As It Affected Herefordshire and the
Adjacent Counties (London, 1879), ii. 335.</mixed-citation>
            </p>
            <p>
               <mixed-citation id="d5718e1238" publication-type="other">
TNA, PRO, SP14/57/96; 14/58/56, 56(i).</mixed-citation>
            </p>
         </fn>
         <fn id="d5718e1245a1310">
            <label>43</label>
            <p>
               <mixed-citation id="d5718e1252" publication-type="other">
NRO, E(B) 631.</mixed-citation>
            </p>
         </fn>
         <fn id="d5718e1259a1310">
            <label>44</label>
            <p>
               <mixed-citation id="d5718e1266" publication-type="other">
E. Hyde, Earl of Clarendon, The Life of Edward, Earl of Clarendon (Oxford, 1827), i. 88.</mixed-citation>
            </p>
         </fn>
         <fn id="d5718e1273a1310">
            <label>45</label>
            <p>
               <mixed-citation id="d5718e1280" publication-type="other">
Bodl. Lib., Clarendon MS 20/1535.</mixed-citation>
            </p>
         </fn>
         <fn id="d5718e1287a1310">
            <label>46</label>
            <p>
               <mixed-citation id="d5718e1294" publication-type="other">
Keeler, Long Parliament, 245.</mixed-citation>
            </p>
            <p>
               <mixed-citation id="d5718e1300" publication-type="other">
TNA, PRO, SP14/78/77.</mixed-citation>
            </p>
         </fn>
         <fn id="d5718e1308a1310">
            <label>47</label>
            <p>
               <mixed-citation id="d5718e1315" publication-type="other">
J.R.S. Phillips, ed., The Justices of the Peace in Wales and
Monmouthshire, 1541 to 1689 (Cardiff, 1975), 269-71</mixed-citation>
            </p>
            <p>
               <mixed-citation id="d5718e1324" publication-type="other">
W.H. Black, Docquets of Letters Patent, 1642-6
(n.p., 1837), 2-3,185</mixed-citation>
            </p>
            <p>
               <mixed-citation id="d5718e1333" publication-type="other">
CSPD, 1638-9, 577, 617</mixed-citation>
            </p>
            <p>
               <mixed-citation id="d5718e1340" publication-type="other">
Birmingham Reference Library, Coventry Docquets,
603183/575</mixed-citation>
            </p>
            <p>
               <mixed-citation id="d5718e1349" publication-type="other">
House of Lords Record Office, Main Papers, 1 May 1647</mixed-citation>
            </p>
            <p>
               <mixed-citation id="d5718e1355" publication-type="other">
NLW, Tredegar Park MS
105/146-52</mixed-citation>
            </p>
            <p>
               <mixed-citation id="d5718e1364" publication-type="other">
TNA, PRO, C10/8/89</mixed-citation>
            </p>
            <p>
               <mixed-citation id="d5718e1370" publication-type="other">
W.P. Griffith, Learning, Law and Religion: Higher Education
and Welsh Society, c.1540-1640 (Cardiff, 1996), 339, 341, 348.</mixed-citation>
            </p>
         </fn>
         <fn id="d5718e1380a1310">
            <label>48</label>
            <p>
               <mixed-citation id="d5718e1387" publication-type="other">
SA, MS 212/364/30.</mixed-citation>
            </p>
            <p>
               <mixed-citation id="d5718e1393" publication-type="other">
TNA, PRO, E214/1625; C202/23/4.</mixed-citation>
            </p>
            <p>
               <mixed-citation id="d5718e1399" publication-type="other">
Hunt. Lib., Ellesmere MS 7877.</mixed-citation>
            </p>
         </fn>
         <fn id="d5718e1406a1310">
            <label>49</label>
            <p>
               <mixed-citation id="d5718e1413" publication-type="other">
Herefordshire Record Office,
F76/IV/7, 11-12</mixed-citation>
            </p>
            <p>
               <mixed-citation id="d5718e1422" publication-type="other">
HMC, PortlandMSS, iii. 28.</mixed-citation>
            </p>
         </fn>
         <fn id="d5718e1429a1310">
            <label>50</label>
            <p>
               <mixed-citation id="d5718e1436" publication-type="other">
Bodl. Lib., Clarendon MS 20/1535</mixed-citation>
            </p>
            <p>
               <mixed-citation id="d5718e1442" publication-type="other">
C.A.J. Skeel, ed., 'The St. Asaph Cathedral Library MS
of the Instructions to the Earl of Bridgewater, 1633', Archaeologia Cambrensis, 6th series, xvii (1917),
177-234.</mixed-citation>
            </p>
         </fn>
         <fn id="d5718e1455a1310">
            <label>51</label>
            <p>
               <mixed-citation id="d5718e1462" publication-type="other">
Bodl. Lib., Clarendon MS 20/1535.</mixed-citation>
            </p>
         </fn>
         <fn id="d5718e1469a1310">
            <label>52</label>
            <p>
               <mixed-citation id="d5718e1476" publication-type="other">
Hunt. Lib., Ellesmere MS 7532.</mixed-citation>
            </p>
         </fn>
         <fn id="d5718e1484a1310">
            <label>53</label>
            <p>
               <mixed-citation id="d5718e1491" publication-type="other">
Hunt. Lib., Ellesmere MSS 7532, 7537</mixed-citation>
            </p>
            <p>
               <mixed-citation id="d5718e1497" publication-type="other">
SA, MSS 212/364/42a, 42b.</mixed-citation>
            </p>
            <p>
               <mixed-citation id="d5718e1503" publication-type="other">
CJ, i. 281</mixed-citation>
            </p>
            <p>
               <mixed-citation id="d5718e1510" publication-type="other">
Williams, History of the Great Sessions, 172-3</mixed-citation>
            </p>
            <p>
               <mixed-citation id="d5718e1516" publication-type="other">
TNA, PRO, C202/18/6.</mixed-citation>
            </p>
         </fn>
         <fn id="d5718e1523a1310">
            <label>54</label>
            <p>
               <mixed-citation id="d5718e1530" publication-type="other">
Hunt. Lib., Ellesmere MS 7332.</mixed-citation>
            </p>
         </fn>
         <fn id="d5718e1537a1310">
            <label>55</label>
            <p>
               <mixed-citation id="d5718e1544" publication-type="other">
Hunt. Lib., Ellesmere MS 7537</mixed-citation>
            </p>
            <p>
               <mixed-citation id="d5718e1550" publication-type="other">
NLW, Add. MS 339E, fo. 39.</mixed-citation>
            </p>
            <p>
               <mixed-citation id="d5718e1556" publication-type="other">
SA, MS 212/364/42b</mixed-citation>
            </p>
            <p>
               <mixed-citation id="d5718e1563" publication-type="other">
TNA, PRO, C6/2/85</mixed-citation>
            </p>
            <p>
               <mixed-citation id="d5718e1569" publication-type="other">
NLW, Chirk Castle MS E.3309</mixed-citation>
            </p>
            <p>
               <mixed-citation id="d5718e1575" publication-type="other">
M.P.
Siddons, ed., Visitations by the Heralds in Wales (Harleian Society, new series, xiv, 1996), 157.</mixed-citation>
            </p>
         </fn>
         <fn id="d5718e1585a1310">
            <label>56</label>
            <p>
               <mixed-citation id="d5718e1592" publication-type="other">
Skeel, 'Instructions to the Earl of Bridgewater,
1633', 195.</mixed-citation>
            </p>
         </fn>
         <fn id="d5718e1602a1310">
            <label>57</label>
            <p>
               <mixed-citation id="d5718e1609" publication-type="other">
SA, MS 212/364/42a.</mixed-citation>
            </p>
         </fn>
         <fn id="d5718e1616a1310">
            <label>58</label>
            <p>
               <mixed-citation id="d5718e1623" publication-type="other">
W. Vaughan, The Golden Fleece (London,
1626), ii. 29-36.</mixed-citation>
            </p>
         </fn>
         <fn id="d5718e1634a1310">
            <label>59</label>
            <p>
               <mixed-citation id="d5718e1641" publication-type="other">
Johnson, Cole and Bidwell, Commons Debates, 1628, iii. 474.</mixed-citation>
            </p>
         </fn>
         <fn id="d5718e1648a1310">
            <label>60</label>
            <p>
               <mixed-citation id="d5718e1655" publication-type="other">
SA, MS 212/364/23.</mixed-citation>
            </p>
         </fn>
         <fn id="d5718e1662a1310">
            <label>61</label>
            <p>
               <mixed-citation id="d5718e1669" publication-type="other">
SA, MSS 212/364/28-9.</mixed-citation>
            </p>
         </fn>
         <fn id="d5718e1676a1310">
            <label>62</label>
            <p>
               <mixed-citation id="d5718e1683" publication-type="other">
NRO, E(B) 632</mixed-citation>
            </p>
            <p>
               <mixed-citation id="d5718e1689" publication-type="other">
Dictionary of National Biography, s.v. 'Steele, William'</mixed-citation>
            </p>
            <p>
               <mixed-citation id="d5718e1695" publication-type="other">
BL, Harl[eian] MS
7000, fo. 242</mixed-citation>
            </p>
            <p>
               <mixed-citation id="d5718e1705" publication-type="other">
NLW, Add. MS 339F, ff. 155,158</mixed-citation>
            </p>
            <p>
               <mixed-citation id="d5718e1711" publication-type="other">
M.A.E. Green, ed., Calendar of the Proceedings of
the Committee for Advance of Money, 1642-1656 (London, 1888), ii. 703-4</mixed-citation>
            </p>
            <p>
               <mixed-citation id="d5718e1720" publication-type="other">
Johnson, Cole and
Bidwell, Commons Debates, 1628, iii. 473.</mixed-citation>
            </p>
         </fn>
         <fn id="d5718e1730a1310">
            <label>63</label>
            <p>
               <mixed-citation id="d5718e1737" publication-type="other">
CJ, ii. 191.</mixed-citation>
            </p>
         </fn>
         <fn id="d5718e1744a1310">
            <label>64</label>
            <p>
               <mixed-citation id="d5718e1751" publication-type="other">
HMC, MSS of the House of Lords, (Addenda, 1514-1714), xi. 281-2.</mixed-citation>
            </p>
         </fn>
         <fn id="d5718e1759a1310">
            <label>65</label>
            <p>
               <mixed-citation id="d5718e1766" publication-type="other">
S.R. Gardiner, The History of England, 1603-42 (London, 1883-1884), ix. 404.</mixed-citation>
            </p>
            <p>
               <mixed-citation id="d5718e1772" publication-type="other">
idem, ed., Constitutional Documents of the Puritan Revolution, 1625-1660 (3rd
edn, Oxford, 1906), 179-86</mixed-citation>
            </p>
            <p>
               <mixed-citation id="d5718e1781" publication-type="other">
NLW, MS 9063E/1689.</mixed-citation>
            </p>
            <p>
               <mixed-citation id="d5718e1788" publication-type="other">
Hunt. Lib., Hastings Manorial MSS, Box 70/1.</mixed-citation>
            </p>
            <p>
               <mixed-citation id="d5718e1794" publication-type="other">
Ellesmere MS
7543.</mixed-citation>
            </p>
         </fn>
         <fn id="d5718e1804a1310">
            <label>66</label>
            <p>
               <mixed-citation id="d5718e1811" publication-type="other">
Bruce, Verney, 101</mixed-citation>
            </p>
            <p>
               <mixed-citation id="d5718e1817" publication-type="other">
TNA, PRO,
30/53/12, fos 22V, 28V-30</mixed-citation>
            </p>
            <p>
               <mixed-citation id="d5718e1826" publication-type="other">
House of Lords Record Office, Original Acts, 16 &amp;amp; 17 Charles I, c. 10.</mixed-citation>
            </p>
         </fn>
         <fn id="d5718e1833a1310">
            <label>67</label>
            <p>
               <mixed-citation id="d5718e1840" publication-type="other">
CJ, ii. 191</mixed-citation>
            </p>
            <p>
               <mixed-citation id="d5718e1846" publication-type="other">
BL, Harl. MS 479, fo. 6.</mixed-citation>
            </p>
         </fn>
         <fn id="d5718e1853a1310">
            <label>68</label>
            <p>
               <mixed-citation id="d5718e1860" publication-type="other">
CJ, ii. 210.</mixed-citation>
            </p>
         </fn>
         <fn id="d5718e1867a1310">
            <label>69</label>
            <p>
               <mixed-citation id="d5718e1874" publication-type="other">
BL, Harl. MS 479, fo. 61v</mixed-citation>
            </p>
            <p>
               <mixed-citation id="d5718e1880" publication-type="other">
Add. MS 11,053, ff. l78, 180-1</mixed-citation>
            </p>
            <p>
               <mixed-citation id="d5718e1886" publication-type="other">
Bodl. Lib., Rawlinson MS D1099,
fo. 138V.</mixed-citation>
            </p>
            <p>
               <mixed-citation id="d5718e1896" publication-type="other">
BL, Harl. MS 163, fo. 783</mixed-citation>
            </p>
         </fn>
         <fn id="d5718e1903a1310">
            <label>70</label>
            <p>
               <mixed-citation id="d5718e1910" publication-type="other">
CJ, ii. 210</mixed-citation>
            </p>
            <p>
               <mixed-citation id="d5718e1916" publication-type="other">
BL, Harl. MS 479, fo. 62.</mixed-citation>
            </p>
            <p>
               <mixed-citation id="d5718e1922" publication-type="other">
BL, Add. MS 70,003, ff. 118-19V</mixed-citation>
            </p>
         </fn>
         <fn id="d5718e1930a1310">
            <label>71</label>
            <p>
               <mixed-citation id="d5718e1937" publication-type="other">
CJ, ii. 216</mixed-citation>
            </p>
            <p>
               <mixed-citation id="d5718e1943" publication-type="other">
BL, Harl. MS 479, fo. 76</mixed-citation>
            </p>
            <p>
               <mixed-citation id="d5718e1949" publication-type="other">
L[ords] J[ournal], iv. 320, 331, 344, 358, 402, 386, 645,
660</mixed-citation>
            </p>
            <p>
               <mixed-citation id="d5718e1959" publication-type="other">
v. 39, 42, 48, 53, 56</mixed-citation>
            </p>
            <p>
               <mixed-citation id="d5718e1965" publication-type="other">
BL, Harl. MS 6,424, fo. 83V</mixed-citation>
            </p>
            <p>
               <mixed-citation id="d5718e1971" publication-type="other">
SA, MSS 212/364/65-6</mixed-citation>
            </p>
            <p>
               <mixed-citation id="d5718e1977" publication-type="other">
Hunt. Lib., Ellesmere
MSS 7538, dorse, 7550.</mixed-citation>
            </p>
         </fn>
         <fn id="d5718e1987a1310">
            <label>72</label>
            <p>
               <mixed-citation id="d5718e1994" publication-type="other">
Hunt. Lib., Ellesmere MS 7557.</mixed-citation>
            </p>
         </fn>
         <fn id="d5718e2001a1310">
            <label>73</label>
            <p>
               <mixed-citation id="d5718e2008" publication-type="other">
S. Bond, ed., The Chamber Order Book of Worcester, 1602-1650 (Worcestershire History
Society, new series, viii, 1974), 345.</mixed-citation>
            </p>
         </fn>
         <fn id="d5718e2018a1310">
            <label>74</label>
            <p>
               <mixed-citation id="d5718e2025" publication-type="other">
Hunt. Lib., Ellesmere MSS 7542, 7544.</mixed-citation>
            </p>
         </fn>
         <fn id="d5718e2032a1310">
            <label>75</label>
            <p>
               <mixed-citation id="d5718e2039" publication-type="other">
Mr. Hides Argument before the Lords
in the Upper House of Parliament, April 1641 (London, 1641)</mixed-citation>
            </p>
            <p>
               <mixed-citation id="d5718e2048" publication-type="other">
CJ, ii. 127</mixed-citation>
            </p>
            <p>
               <mixed-citation id="d5718e2054" publication-type="other">
LJ, iv. 227</mixed-citation>
            </p>
            <p>
               <mixed-citation id="d5718e2061" publication-type="other">
BL, Harl. MS
163, ff. 487-8.</mixed-citation>
            </p>
         </fn>
         <fn id="d5718e2071a1310">
            <label>76</label>
            <p>
               <mixed-citation id="d5718e2078" publication-type="other">
W. H., Arguments Proving the Iurisdiction Used by the President and Counsell in the Marches
of Wales over the Counties of Gloucester, Worcester, Hereford and Salop to be Illegall and Injurious
(London, 1641)</mixed-citation>
            </p>
         </fn>
         <fn id="d5718e2092a1310">
            <label>77</label>
            <p>
               <mixed-citation id="d5718e2099" publication-type="other">
Ibid., 8.</mixed-citation>
            </p>
         </fn>
         <fn id="d5718e2106a1310">
            <label>78</label>
            <p>
               <mixed-citation id="d5718e2113" publication-type="other">
Ibid., 14.</mixed-citation>
            </p>
         </fn>
         <fn id="d5718e2120a1310">
            <label>79</label>
            <p>
               <mixed-citation id="d5718e2127" publication-type="other">
Williams, 'Activity of the Council in the Marches', 141-2.</mixed-citation>
            </p>
         </fn>
         <fn id="d5718e2134a1310">
            <label>80</label>
            <p>
               <mixed-citation id="d5718e2141" publication-type="other">
The
Humble Petition of the Whole Companie of the Poore Water-Tankerd-Bearers of the Citie of London
(London, 1621)</mixed-citation>
            </p>
            <p>
               <mixed-citation id="d5718e2153" publication-type="other">
To the Right Honourable the Lords Spiritualland Temporall, of the Higher House of
Parliament. The Humble Petition of the Drapers of the Towne of Shrewsbury (London, 1621)</mixed-citation>
            </p>
            <p>
               <mixed-citation id="d5718e2162" publication-type="other">
To the
Honorable Assembly of Commons in House of Parliament the Humble Petition of the Waggoners or
Carriers of the Cities of Oxford, Cambridge, Norwich, Colchester, Northampton, and Other Townes
and Places within This Realme (London, 1624)</mixed-citation>
            </p>
            <p>
               <mixed-citation id="d5718e2178" publication-type="other">
The Petition
and Remonstrance of the Governor and Company of Merchants of London, Trading to the East Indies
Exhibited to the Honorable the House of Commons (London, 1628)</mixed-citation>
            </p>
            <p>
               <mixed-citation id="d5718e2190" publication-type="other">
Leather, A Discourse, Tendered to
the High Court of Parliament (London, 1629).</mixed-citation>
            </p>
         </fn>
         <fn id="d5718e2200a1310">
            <label>81</label>
            <p>
               <mixed-citation id="d5718e2207" publication-type="other">
SA, MS 212/364/46.</mixed-citation>
            </p>
         </fn>
         <fn id="d5718e2214a1310">
            <label>82</label>
            <p>
               <mixed-citation id="d5718e2221" publication-type="other">
Bodl. Lib., Clarendon MS 20/1535</mixed-citation>
            </p>
            <p>
               <mixed-citation id="d5718e2227" publication-type="other">
Hunt. Lib., Ellesmere MS 7559</mixed-citation>
            </p>
            <p>
               <mixed-citation id="d5718e2233" publication-type="other">
LJ, v. 42, 56.</mixed-citation>
            </p>
         </fn>
         <fn id="d5718e2241a1310">
            <label>83</label>
            <p>
               <mixed-citation id="d5718e2248" publication-type="other">
SA, MS 212/364/46.</mixed-citation>
            </p>
         </fn>
         <fn id="d5718e2255a1310">
            <label>84</label>
            <p>
               <mixed-citation id="d5718e2262" publication-type="other">
Hunt. Lib., Ellesmere MSS 7541, 7543.</mixed-citation>
            </p>
         </fn>
         <fn id="d5718e2269a1310">
            <label>85</label>
            <p>
               <mixed-citation id="d5718e2276" publication-type="other">
J. Morrill, 'The Attack on the Church of England in the Long Parliament', in id., The
Nature of the English Revolution (Harlow, 1993), 86-9.</mixed-citation>
            </p>
         </fn>
         <fn id="d5718e2286a1310">
            <label>86</label>
            <p>
               <mixed-citation id="d5718e2293" publication-type="other">
A Proclamation Concerning
the President and Council of Wales, and the Marches of the Same (London, 1661)</mixed-citation>
            </p>
            <p>
               <mixed-citation id="d5718e2302" publication-type="other">
TNA, PRO,
SP29/39/39-47.</mixed-citation>
            </p>
         </fn>
         <fn id="d5718e2312a1310">
            <label>87</label>
            <p>
               <mixed-citation id="d5718e2319" publication-type="other">
Bodl. Lib., Clarendon MS 20/1538.</mixed-citation>
            </p>
         </fn>
         <fn id="d5718e2326a1310">
            <label>88</label>
            <p>
               <mixed-citation id="d5718e2333" publication-type="other">
SA, MS 212/364/49</mixed-citation>
            </p>
         </fn>
         <fn id="d5718e2341a1310">
            <label>89</label>
            <p>
               <mixed-citation id="d5718e2348" publication-type="other">
SA, MS 212/364/51.</mixed-citation>
            </p>
         </fn>
         <fn id="d5718e2355a1310">
            <label>90</label>
            <p>
               <mixed-citation id="d5718e2362" publication-type="other">
CJ, ii. 242</mixed-citation>
            </p>
            <p>
               <mixed-citation id="d5718e2368" publication-type="other">
BL, Harl. MS 479, fo. 130.</mixed-citation>
            </p>
         </fn>
         <fn id="d5718e2375a1310">
            <label>91</label>
            <p>
               <mixed-citation id="d5718e2382" publication-type="other">
NLW, Tredegar Park MS 70/376.</mixed-citation>
            </p>
            <p>
               <mixed-citation id="d5718e2388" publication-type="other">
CJ, ii. 253, 489</mixed-citation>
            </p>
            <p>
               <mixed-citation id="d5718e2394" publication-type="other">
TNA,
PROB 11/189, fo. 95r-v</mixed-citation>
            </p>
            <p>
               <mixed-citation id="d5718e2404" publication-type="other">
NLW, Tredegar Park MSS 22/66-7.</mixed-citation>
            </p>
         </fn>
         <fn id="d5718e2411a1310">
            <label>92</label>
            <p>
               <mixed-citation id="d5718e2418" publication-type="other">
W.H. Winder, 'Equity in the Courts of Great Sessions', Law
Quarterly Review, lv (1939), 106-21</mixed-citation>
            </p>
            <p>
               <mixed-citation id="d5718e2427" publication-type="other">
G. Parry, A Guide to the Records of the Great Sessions in Wales
(Aberystwyth, 1995), vii-xiv</mixed-citation>
            </p>
            <p>
               <mixed-citation id="d5718e2436" publication-type="other">
Williams, Council in the Marches, 53-7.</mixed-citation>
            </p>
         </fn>
         <fn id="d5718e2443a1310">
            <label>93</label>
            <p>
               <mixed-citation id="d5718e2450" publication-type="other">
CJ, ii. 253.</mixed-citation>
            </p>
            <p>
               <mixed-citation id="d5718e2456" publication-type="other">
Parry, Great Sessions, xii.</mixed-citation>
            </p>
         </fn>
         <fn id="d5718e2463a1310">
            <label>94</label>
            <p>
               <mixed-citation id="d5718e2470" publication-type="other">
Griffith, Pedigrees of Anglesey and Caernarvonshire Families, 172-3, 266, 270.</mixed-citation>
            </p>
            <p>
               <mixed-citation id="d5718e2476" publication-type="other">
Calendar of
the Wynn Papers, no. 1849.</mixed-citation>
            </p>
         </fn>
         <fn id="d5718e2487a1310">
            <label>95</label>
            <p>
               <mixed-citation id="d5718e2494" publication-type="other">
Hunt. Lib., Ellesmere MS 7466.</mixed-citation>
            </p>
         </fn>
         <fn id="d5718e2501a1310">
            <label>96</label>
            <p>
               <mixed-citation id="d5718e2508" publication-type="other">
Hunt. Lib., Ellesmere MS 7541.</mixed-citation>
            </p>
         </fn>
         <fn id="d5718e2515a1310">
            <label>97</label>
            <p>
               <mixed-citation id="d5718e2522" publication-type="other">
Hunt. Lib., Ellesmere MS 7543.</mixed-citation>
            </p>
         </fn>
         <fn id="d5718e2529a1310">
            <label>98</label>
            <p>
               <mixed-citation id="d5718e2536" publication-type="other">
Hunt. Lib., Ellesmere MSS 7550,
7555, 7557-9.</mixed-citation>
            </p>
            <p>
               <mixed-citation id="d5718e2545" publication-type="other">
Dictionary of National Biography, s.v. 'Lloyd, Richard'.</mixed-citation>
            </p>
         </fn>
         <fn id="d5718e2552a1310">
            <label>99</label>
            <p>
               <mixed-citation id="d5718e2559" publication-type="other">
Hunt. Lib., Ellesmere MS 7539.</mixed-citation>
            </p>
         </fn>
         <fn id="d5718e2566a1310">
            <label>100</label>
            <p>
               <mixed-citation id="d5718e2573" publication-type="other">
Bodl. Lib.,
Tanner MS 146, fo. 30.</mixed-citation>
            </p>
         </fn>
         <fn id="d5718e2584a1310">
            <label>101</label>
            <p>
               <mixed-citation id="d5718e2591" publication-type="other">
Hunt. Lib., Ellesmere MS 7466.</mixed-citation>
            </p>
            <p>
               <mixed-citation id="d5718e2597" publication-type="other">
Williams, 'Attack on the Council in the Marches', 19</mixed-citation>
            </p>
            <p>
               <mixed-citation id="d5718e2603" publication-type="other">
Dodd, Studies, 66-7.</mixed-citation>
            </p>
         </fn>
         <fn id="d5718e2610a1310">
            <label>103</label>
            <p>
               <mixed-citation id="d5718e2617" publication-type="other">
BL, Had. MS 479, fo. 150V</mixed-citation>
            </p>
            <p>
               <mixed-citation id="d5718e2623" publication-type="other">
A. Fletcher, The Outbreak of the English Civil War (London,
1981), 84</mixed-citation>
            </p>
            <p>
               <mixed-citation id="d5718e2632" publication-type="other">
Russell, Fall, 365-7.</mixed-citation>
            </p>
         </fn>
         <fn id="d5718e2639a1310">
            <label>104</label>
            <p>
               <mixed-citation id="d5718e2646" publication-type="other">
CJ, ii. 309</mixed-citation>
            </p>
            <p>
               <mixed-citation id="d5718e2652" publication-type="other">
Russell, Fall, 425.</mixed-citation>
            </p>
            <p>
               <mixed-citation id="d5718e2658" publication-type="other">
Gardiner, Constitutional
Documents, 222.</mixed-citation>
            </p>
         </fn>
         <fn id="d5718e2668a1310">
            <label>105</label>
            <p>
               <mixed-citation id="d5718e2675" publication-type="other">
SA, MS 212/364/62.</mixed-citation>
            </p>
         </fn>
         <fn id="d5718e2682a1310">
            <label>106</label>
            <p>
               <mixed-citation id="d5718e2689" publication-type="other">
Hunt. Lib., Ellesmere MS 7557.</mixed-citation>
            </p>
         </fn>
         <fn id="d5718e2696a1310">
            <label>107</label>
            <p>
               <mixed-citation id="d5718e2703" publication-type="other">
Hunt. Lib., Ellesmere MSS 7550, 7555, 7557-9.</mixed-citation>
            </p>
            <p>
               <mixed-citation id="d5718e2709" publication-type="other">
SA, MS 212/364/36.</mixed-citation>
            </p>
         </fn>
         <fn id="d5718e2717a1310">
            <label>108</label>
            <p>
               <mixed-citation id="d5718e2724" publication-type="other">
SA, MS 212/364/69.</mixed-citation>
            </p>
         </fn>
         <fn id="d5718e2731a1310">
            <label>109</label>
            <p>
               <mixed-citation id="d5718e2738" publication-type="other">
SA, MS 212/364/39.</mixed-citation>
            </p>
         </fn>
         <fn id="d5718e2745a1310">
            <label>110</label>
            <p>
               <mixed-citation id="d5718e2752" publication-type="other">
Hunt. Lib., Ellesmere MS 7563.</mixed-citation>
            </p>
            <p>
               <mixed-citation id="d5718e2758" publication-type="other">
Ellesmere MSS 7545, 7551, 7560-1.</mixed-citation>
            </p>
            <p>
               <mixed-citation id="d5718e2764" publication-type="other">
Williams, 'Attack on the
Council in the Marches', 1, 20.</mixed-citation>
            </p>
         </fn>
         <fn id="d5718e2774a1310">
            <label>111</label>
            <p>
               <mixed-citation id="d5718e2781" publication-type="other">
Hunt. Lib., Ellesmere MSS 7358, 7362.</mixed-citation>
            </p>
            <p>
               <mixed-citation id="d5718e2787" publication-type="other">
Ellesmere MS 7330.</mixed-citation>
            </p>
         </fn>
         <fn id="d5718e2794a1310">
            <label>112</label>
            <p>
               <mixed-citation id="d5718e2801" publication-type="other">
Hunt. Lib., Ellesmere MS 7366.</mixed-citation>
            </p>
            <p>
               <mixed-citation id="d5718e2807" publication-type="other">
Council decree dated 20 July 1642: University
College of North Wales Library, Bangor, Nannau MS 345.</mixed-citation>
            </p>
         </fn>
         <fn id="d5718e2817a1310">
            <label>113</label>
            <p>
               <mixed-citation id="d5718e2824" publication-type="other">
Two Petitions ... to His Majestie and the Parliament from the Towne of Ludlow (London,
1642), 6-8.</mixed-citation>
            </p>
         </fn>
         <fn id="d5718e2835a1310">
            <label>114</label>
            <p>
               <mixed-citation id="d5718e2842" publication-type="other">
TNA, PRO, SP16/491/131</mixed-citation>
            </p>
            <p>
               <mixed-citation id="d5718e2848" publication-type="other">
BL,
Add. MS 18,981, ff. 44, 47, 58V, 105,113,136</mixed-citation>
            </p>
            <p>
               <mixed-citation id="d5718e2857" publication-type="other">
NLW, MS 339F, p. 35</mixed-citation>
            </p>
            <p>
               <mixed-citation id="d5718e2864" publication-type="other">
BL, Egerton MS 2882, fo. 52.</mixed-citation>
            </p>
         </fn>
         <fn id="d5718e2871a1310">
            <label>115</label>
            <p>
               <mixed-citation id="d5718e2878" publication-type="other">
CSPD, 1641-3, 95-6.</mixed-citation>
            </p>
         </fn>
         <fn id="d5718e2885a1310">
            <label>116</label>
            <p>
               <mixed-citation id="d5718e2892" publication-type="other">
The English Post (London, 1641), sig. A2v.</mixed-citation>
            </p>
            <p>
               <mixed-citation id="d5718e2898" publication-type="other">
CJ, ii. 58, 83, 128, 194</mixed-citation>
            </p>
            <p>
               <mixed-citation id="d5718e2904" publication-type="other">
LJ, iv. 302, 311, 316, 322, 338, 349</mixed-citation>
            </p>
            <p>
               <mixed-citation id="d5718e2911" publication-type="other">
Statutes of the Realm,
v. 117-18.</mixed-citation>
            </p>
         </fn>
         <fn id="d5718e2921a1310">
            <label>117</label>
            <p>
               <mixed-citation id="d5718e2928" publication-type="other">
J. Morrill, 'Charles I and Tyranny', in id. Nature of the English Revolution</mixed-citation>
            </p>
            <p>
               <mixed-citation id="d5718e2934" publication-type="other">
id., 293-4.</mixed-citation>
            </p>
         </fn>
         <fn id="d5718e2941a1310">
            <label>118</label>
            <p>
               <mixed-citation id="d5718e2948" publication-type="other">
J. Kenyon, The Stuart Constitution (2nd edn, Cambridge, 1986), 197.</mixed-citation>
            </p>
         </fn>
         <fn id="d5718e2955a1310">
            <label>119</label>
            <p>
               <mixed-citation id="d5718e2962" publication-type="other">
J.H. Baker, 'The Common Lawyers and Chancery, 1616', Irish Jurist, new series, iv (1969),
368-92, esp. 385</mixed-citation>
            </p>
            <p>
               <mixed-citation id="d5718e2971" publication-type="other">
Hunt. Lib., Ellesmere MS 7685.</mixed-citation>
            </p>
         </fn>
         <fn id="d5718e2979a1310">
            <label>120</label>
            <p>
               <mixed-citation id="d5718e2986" publication-type="other">
BL, Sloane MS 1467, fo. 71.</mixed-citation>
            </p>
            <p>
               <mixed-citation id="d5718e2992" publication-type="other">
TNA, PRO, SP14/31/35.</mixed-citation>
            </p>
         </fn>
         <fn id="d5718e2999a1310">
            <label>121</label>
            <p>
               <mixed-citation id="d5718e3006" publication-type="other">
Prest, Rise of the Barristers, 262-82.</mixed-citation>
            </p>
         </fn>
         <fn id="d5718e3013a1310">
            <label>122</label>
            <p>
               <mixed-citation id="d5718e3020" publication-type="other">
E. R. Foster, ed., Proceedings in Parliament, 1610 (2 vols, New Haven, 1966), i. 279-80.</mixed-citation>
            </p>
         </fn>
         <fn id="d5718e3027a1310">
            <label>123</label>
            <p>
               <mixed-citation id="d5718e3034" publication-type="other">
D. X. Powell, 'Why Was Sir Francis Bacon Impeached? Common Lawyers and Chancery
Revisited: 1621', History, lxxxi (1996), 526.</mixed-citation>
            </p>
         </fn>
         <fn id="d5718e3044a1310">
            <label>124</label>
            <p>
               <mixed-citation id="d5718e3051" publication-type="other">
Knafla, Law and Politics, 123-55, 306.</mixed-citation>
            </p>
         </fn>
         <fn id="d5718e3058a1310">
            <label>125</label>
            <p>
               <mixed-citation id="d5718e3065" publication-type="other">
Morrill, 'The Attack on the Church
of England', 70.</mixed-citation>
            </p>
         </fn>
      </fn-group>
   </back>
</article>
