<article dtd-version="1.0" article-type="research-article">
   <front>
      <journal-meta>
         <journal-id xmlns:xlink="http://www.w3.org/1999/xlink" journal-id-type="jstor">englhistrevi</journal-id>
         <journal-id xmlns:xlink="http://www.w3.org/1999/xlink" journal-id-type="jstor">j100150</journal-id>
         <journal-title-group xmlns:xlink="http://www.w3.org/1999/xlink">
            <journal-title>The English Historical Review</journal-title>
         </journal-title-group>
         <publisher>
            <publisher-name>Oxford University Press</publisher-name>
         </publisher>
         <issn xmlns:xlink="http://www.w3.org/1999/xlink" pub-type="ppub">00138266</issn>
         <issn xmlns:xlink="http://www.w3.org/1999/xlink" pub-type="epub">14774534</issn>
      </journal-meta>
      <article-meta>
         <article-id xmlns:xlink="http://www.w3.org/1999/xlink" pub-id-type="jstor">20108458</article-id>
         <article-id pub-id-type="pub-doi">10.1093/ehr/cen007</article-id>
         <article-categories>
            <subj-group>
               <subject>Notes and Documents</subject>
            </subj-group>
         </article-categories>
         <title-group>
            <article-title>The Narrow Margin of Criticality: The Question of the Supply of 100-Octane Fuel in the Battle of Britain</article-title>
         </title-group>
         <contrib-group>
            <contrib>
               <string-name xmlns:xlink="http://www.w3.org/1999/xlink">
                  <given-names>Gavin</given-names>
                  <surname>Bailey</surname>
               </string-name>
            </contrib>
         </contrib-group>
         <pub-date xmlns:xlink="http://www.w3.org/1999/xlink">
            <day>1</day>
            <month>4</month>
            <year>2008</year>
         </pub-date>
         <volume>123</volume>
         <issue>501</issue>
         <issue-id xmlns:xlink="http://www.w3.org/1999/xlink">i20108451</issue-id>
         <fpage>394</fpage>
         <lpage>411</lpage>
         <permissions>
            <copyright-statement>Copyright 2008 Oxford University Press</copyright-statement>
         </permissions>
         <self-uri xmlns:xlink="http://www.w3.org/1999/xlink"
                   xlink:href="http://www.jstor.org/stable/20108458"/>
         <custom-meta-group xmlns:xlink="http://www.w3.org/1999/xlink">
            <custom-meta>
               <meta-name>lang</meta-name>
               <meta-value>eng</meta-value>
            </custom-meta>
         </custom-meta-group>
      </article-meta>
   </front>
   <back>
      <fn-group xmlns:xlink="http://www.w3.org/1999/xlink">
         <title>[Footnotes]</title>
         <fn id="d4894e122a1310">
            <label>1</label>
            <p>
               <mixed-citation id="d4894e129" publication-type="other">
Battle. W. Churchill, The Second World War,
Volume 2. Their Finest Hour (London, 1949), 296.</mixed-citation>
            </p>
         </fn>
         <fn id="d4894e139a1310">
            <label>2</label>
            <p>
               <mixed-citation id="d4894e146" publication-type="other">
A. Deere, Nine Lives (Manchester, 1999), 172.</mixed-citation>
            </p>
         </fn>
         <fn id="d4894e153a1310">
            <label>3</label>
            <p>
               <mixed-citation id="d4894e160" publication-type="other">
D. Wood and D. Dempster, The Narrow Margin (London, 1961).</mixed-citation>
            </p>
         </fn>
         <fn id="d4894e167a1310">
            <label>4</label>
            <p>
               <mixed-citation id="d4894e174" publication-type="other">
A. Price, Battle of Britain Day: 15 September 1940 (London, 1990), 138.</mixed-citation>
            </p>
            <p>
               <mixed-citation id="d4894e180" publication-type="other">
B. James, 'Pie in the Sky?', History Today, lvi (Sept. 2006), 38.</mixed-citation>
            </p>
         </fn>
         <fn id="d4894e188a1310">
            <label>5</label>
            <p>
               <mixed-citation id="d4894e195" publication-type="other">
A. Price, Blitz on Britain 1939-45 (2nd edn., Gloucester, 2000), 85-94</mixed-citation>
            </p>
            <p>
               <mixed-citation id="d4894e201" publication-type="other">
R. Overy,
The Battle (London, 2000), 122-9.</mixed-citation>
            </p>
         </fn>
         <fn id="d4894e211a1310">
            <label>6</label>
            <p>
               <mixed-citation id="d4894e218" publication-type="other">
D. Yergin, The Prize. The Epic Quest for Oil, Money and Power (New York, 1991), 383.</mixed-citation>
            </p>
         </fn>
         <fn id="d4894e225a1310">
            <label>7</label>
            <p>
               <mixed-citation id="d4894e232" publication-type="other">
R. Hallion, 'The American Perspective', in P. Addison and J. Crang, eds., The Burning Blue
(London, 2000), 84.</mixed-citation>
            </p>
         </fn>
         <fn id="d4894e242a1310">
            <label>8</label>
            <p>
               <mixed-citation id="d4894e249" publication-type="other">
'100-Octane Fuel', in R. Hough and D. Richards, The Battle of Britain. The Jubilee History
(London, 1989), 387, Appendix XII.</mixed-citation>
            </p>
         </fn>
         <fn id="d4894e259a1310">
            <label>9</label>
            <p>
               <mixed-citation id="d4894e266" publication-type="other">
J. Quill, Spitfire. A Test Pilot's Story (Manchester, 1996).</mixed-citation>
            </p>
            <p>
               <mixed-citation id="d4894e272" publication-type="other">
Rochford and Hornchurch in Aug. 1940.</mixed-citation>
            </p>
         </fn>
         <fn id="d4894e279a1310">
            <label>10</label>
            <p>
               <mixed-citation id="d4894e286" publication-type="other">
R. Banks, I Kept No Diary. 60 Years with Marine Diesels, Automobile and Aero Engines
(Shrewsbury, 1978), 140.</mixed-citation>
            </p>
         </fn>
         <fn id="d4894e297a1310">
            <label>11</label>
            <p>
               <mixed-citation id="d4894e304" publication-type="other">
P. Pugh, The Magic of a Name. The Rolls-Royce Story. The First 40 Years (Cambridge, 2000),
189.</mixed-citation>
            </p>
         </fn>
         <fn id="d4894e314a1310">
            <label>12</label>
            <p>
               <mixed-citation id="d4894e321" publication-type="other">
L. Deighton, Blood, Tears and Folly. An Objective Look at World War II (London, 1995), 352.</mixed-citation>
            </p>
         </fn>
         <fn id="d4894e328a1310">
            <label>13</label>
            <p>
               <mixed-citation id="d4894e335" publication-type="other">
D.J. Payton-Smith, Oil. A Study of War-Time Policy and Administration (London, 1971).</mixed-citation>
            </p>
         </fn>
         <fn id="d4894e342a1310">
            <label>14</label>
            <p>
               <mixed-citation id="d4894e349" publication-type="other">
A.C. Bartley,
Smoke Trails in the Sky (Wilmslow, 1997), 51.</mixed-citation>
            </p>
         </fn>
         <fn id="d4894e359a1310">
            <label>15</label>
            <p>
               <mixed-citation id="d4894e366" publication-type="other">
A. Price, The Spitfire Story (London,
1999), 74</mixed-citation>
            </p>
            <p>
               <mixed-citation id="d4894e375" publication-type="other">
M.J. Bowyer, Interceptor Fighters of the Royal Air Force (Wellingbrough, 1994), 58.</mixed-citation>
            </p>
         </fn>
         <fn id="d4894e382a1310">
            <label>16</label>
            <p>
               <mixed-citation id="d4894e389" publication-type="other">
Air Ministry, Air Publication 1565B, Pilots Notes, Spitfire IIA and IIB Aeroplanes, Merlin XII
Engine (anonymous Air Ministry publication, London, 1940, amended 1942).</mixed-citation>
            </p>
         </fn>
         <fn id="d4894e400a1310">
            <label>17</label>
            <p>
               <mixed-citation id="d4894e407" publication-type="other">
Price, The Spitfire Story, 81-2 and 114.</mixed-citation>
            </p>
            <p>
               <mixed-citation id="d4894e413" publication-type="other">
D. Richards, The Royal Air Force 1939-1945. The Fight at Odds (London,
1974), chs. I and VI.</mixed-citation>
            </p>
         </fn>
         <fn id="d4894e423a1310">
            <label>18</label>
            <p>
               <mixed-citation id="d4894e430" publication-type="other">
Pugh, The Magic of a Name, 188.</mixed-citation>
            </p>
            <p>
               <mixed-citation id="d4894e436" publication-type="other">
F.K. Mason, The Hawker Hurricane. An Illustrated History (London, 1990), 44.</mixed-citation>
            </p>
            <p>
               <mixed-citation id="d4894e442" publication-type="other">
E.B. Morgan and E. Shacklady, Spitfire. The History (Stamford, 1987),
53.</mixed-citation>
            </p>
         </fn>
         <fn id="d4894e452a1310">
            <label>19</label>
            <p>
               <mixed-citation id="d4894e459" publication-type="other">
J. Ray, The Battle of Britain. Dowding and the First Victory, 1940 (London, 2000), ch. 1</mixed-citation>
            </p>
            <p>
               <mixed-citation id="d4894e465" publication-type="other">
Overy,
The Battle, 43</mixed-citation>
            </p>
            <p>
               <mixed-citation id="d4894e474" publication-type="other">
Price, Blitz on Britain, 5-14</mixed-citation>
            </p>
            <p>
               <mixed-citation id="d4894e481" publication-type="other">
Wood and Dempster, The Narrow Margin, ch. 3.</mixed-citation>
            </p>
         </fn>
         <fn id="d4894e488a1310">
            <label>20</label>
            <p>
               <mixed-citation id="d4894e495" publication-type="other">
L.F.E. Coombs, The Lion Has Wings. The Race to Prepare the RAF for World
War Two (Shrewsbury, 1997)</mixed-citation>
            </p>
            <p>
               <mixed-citation id="d4894e504" publication-type="other">
A. Furse, Wilfred Freeman. The Genius Behind Allied Survival and Air
Supremacy (Staplehurst, 2000), 324</mixed-citation>
            </p>
            <p>
               <mixed-citation id="d4894e513" publication-type="other">
Pugh, The Magic of a Name, 229</mixed-citation>
            </p>
            <p>
               <mixed-citation id="d4894e520" publication-type="other">
Hough and Richards, The
Battle of Britain, 387</mixed-citation>
            </p>
            <p>
               <mixed-citation id="d4894e529" publication-type="other">
Banks, I Kept No Diary, 234</mixed-citation>
            </p>
            <p>
               <mixed-citation id="d4894e535" publication-type="other">
Hallion, 'The American Perspective', 84.</mixed-citation>
            </p>
         </fn>
         <fn id="d4894e542a1310">
            <label>21</label>
            <p>
               <mixed-citation id="d4894e549" publication-type="other">
Furse, Wilfred Freeman, 94-5</mixed-citation>
            </p>
            <p>
               <mixed-citation id="d4894e555" publication-type="other">
Morgan and Shacklady, Spitfire, 55-6.</mixed-citation>
            </p>
         </fn>
         <fn id="d4894e562a1310">
            <label>22</label>
            <p>
               <mixed-citation id="d4894e569" publication-type="other">
Banks, I Kept No Diary, 105 and 112.</mixed-citation>
            </p>
         </fn>
         <fn id="d4894e577a1310">
            <label>23</label>
            <p>
               <mixed-citation id="d4894e584" publication-type="other">
G. Kerr, Time's Forelock.
A Record of Shell's Contribution to Aviation in the Second World War (London, 1948), 34</mixed-citation>
            </p>
         </fn>
         <fn id="d4894e594a1310">
            <label>24</label>
            <p>
               <mixed-citation id="d4894e601" publication-type="other">
F.D. Klein, 'Aircraft Engine Performance with 100-Octane Fuel', Journal of Aeronautical
Sciences, ii, no. 2 (1935).</mixed-citation>
            </p>
         </fn>
         <fn id="d4894e611a1310">
            <label>25</label>
            <p>
               <mixed-citation id="d4894e618" publication-type="other">
L. Thomas and E. Jablonski, Bomber Commander. The Life of James H. Doolittle (London,
1977), 129, 136 and 141-2.</mixed-citation>
            </p>
         </fn>
         <fn id="d4894e628a1310">
            <label>26</label>
            <p>
               <mixed-citation id="d4894e635" publication-type="other">
K. Beaton, Enterprise in Oil. A History of Shell in the United States (New York, 1957), 535 and
561-3.</mixed-citation>
            </p>
         </fn>
         <fn id="d4894e645a1310">
            <label>27</label>
            <p>
               <mixed-citation id="d4894e652" publication-type="other">
Pugh, The Rolls Royce Story, 189.</mixed-citation>
            </p>
         </fn>
         <fn id="d4894e659a1310">
            <label>28</label>
            <p>
               <mixed-citation id="d4894e666" publication-type="other">
Payton-Smith, Oil, 55.</mixed-citation>
            </p>
         </fn>
         <fn id="d4894e674a1310">
            <label>29</label>
            <p>
               <mixed-citation id="d4894e681" publication-type="other">
Air Member for Research and
Development and Air Member for Supply and Organisation on 121st Progress Meeting, referring
to 96th Progress Meeting, Oct. 1937, TNA, PRO, AIR 2/1686-74A.</mixed-citation>
            </p>
            <p>
               <mixed-citation id="d4894e693" publication-type="other">
High Octane Fuel Committee, 30 Apr. 1938, TNA, PRO, AIR 2/1401.</mixed-citation>
            </p>
         </fn>
         <fn id="d4894e700a1310">
            <label>30</label>
            <p>
               <mixed-citation id="d4894e707" publication-type="other">
Hartley Committee, Payton-Smith, Oil, 56.</mixed-citation>
            </p>
         </fn>
         <fn id="d4894e714a1310">
            <label>32</label>
            <p>
               <mixed-citation id="d4894e721" publication-type="other">
Payton-Smith, Oil, 56-7.</mixed-citation>
            </p>
         </fn>
         <fn id="d4894e728a1310">
            <label>34</label>
            <p>
               <mixed-citation id="d4894e735" publication-type="other">
Air Ministry File 3A, meeting of 16 Mar. 1939, TNA, PRO, AIR 2/3531.</mixed-citation>
            </p>
            <p>
               <mixed-citation id="d4894e741" publication-type="other">
'War-Time Requirements of Aviation Fuel for Air Ministry', Oil Control
Board (39) 9, 18 Dec. 1939, TNA, PRO, CAB 77/1.</mixed-citation>
            </p>
         </fn>
         <fn id="d4894e751a1310">
            <label>35</label>
            <p>
               <mixed-citation id="d4894e758" publication-type="other">
Air Ministry stocks, 21st Weekly Oil Position Report, 31 Aug. 1939, TNA, PRO, CAB 77/2.</mixed-citation>
            </p>
         </fn>
         <fn id="d4894e765a1310">
            <label>36</label>
            <p>
               <mixed-citation id="d4894e772" publication-type="other">
Assistant Chief of the Air Staff memo, 24 Feb. 1940, TNA, PRO, AVIA 10/282.</mixed-citation>
            </p>
         </fn>
         <fn id="d4894e780a1310">
            <label>37</label>
            <p>
               <mixed-citation id="d4894e787" publication-type="other">
7th meeting of the Co-ordination of Oil Policy Committee, 18 May 1940, TNA, PRO,
AVIA 10/282.</mixed-citation>
            </p>
         </fn>
         <fn id="d4894e797a1310">
            <label>38</label>
            <p>
               <mixed-citation id="d4894e804" publication-type="other">
J.H. Bamberg, The History of the British Petroleum Company, Vol. 2. The Anglo-Iranian Years,
1928-1954 (Cambridge, 1994), 243-6.</mixed-citation>
            </p>
         </fn>
         <fn id="d4894e814a1310">
            <label>39</label>
            <p>
               <mixed-citation id="d4894e821" publication-type="other">
Wood and Dempster, The Narrow Margin, 101-2.</mixed-citation>
            </p>
         </fn>
         <fn id="d4894e828a1310">
            <label>40</label>
            <p>
               <mixed-citation id="d4894e835" publication-type="other">
Payton-Smith, Oil, 273.</mixed-citation>
            </p>
         </fn>
         <fn id="d4894e842a1310">
            <label>41</label>
            <p>
               <mixed-citation id="d4894e849" publication-type="other">
'Revision of 100-Octane Fuel Situation', 9th meeting of the Co-ordination of Oil Policy
committee, 10 Aug. 1940.</mixed-citation>
            </p>
            <p>
               <mixed-citation id="d4894e858" publication-type="other">
'Possible Additional Sources of Aviation Fuel', 73rd
meeting of the Oil Control Board, 19 Aug. 1940, TNA, PRO, CAB 77/3.</mixed-citation>
            </p>
         </fn>
         <fn id="d4894e868a1310">
            <label>42</label>
            <p>
               <mixed-citation id="d4894e875" publication-type="other">
'Position, 100-Octane Fuel Supplies', submitted to 327th Committee of Imperial Defence,
11 May 1938, TNA, PRO, AIR 2/337.</mixed-citation>
            </p>
         </fn>
         <fn id="d4894e886a1310">
            <label>43</label>
            <p>
               <mixed-citation id="d4894e893" publication-type="other">
'American Oil Policy and Empire Supplies', 71st meeting of the Oil Control Board, 15 Aug.
1940, TNA, PRO, CAB 77/3.</mixed-citation>
            </p>
         </fn>
         <fn id="d4894e903a1310">
            <label>44</label>
            <p>
               <mixed-citation id="d4894e910" publication-type="other">
Memorandum by Lord Beaverbrook, Minister of Aircraft Production, commenting on
minutes of War Cabinet meeting, 7 Nov. 1940, TNA, PRO, AIR 19/254-12A and 20A.</mixed-citation>
            </p>
         </fn>
         <fn id="d4894e920a1310">
            <label>45</label>
            <p>
               <mixed-citation id="d4894e927" publication-type="other">
Payton-Smith, Oil, 57.</mixed-citation>
            </p>
         </fn>
      </fn-group>
   </back>
</article>
