<article dtd-version="1.0" article-type="research-article">
   <front>
      <journal-meta>
         <journal-id xmlns:xlink="http://www.w3.org/1999/xlink" journal-id-type="jstor">englhistrevi</journal-id>
         <journal-id xmlns:xlink="http://www.w3.org/1999/xlink" journal-id-type="jstor">j100150</journal-id>
         <journal-title-group xmlns:xlink="http://www.w3.org/1999/xlink">
            <journal-title>The English Historical Review</journal-title>
         </journal-title-group>
         <publisher>
            <publisher-name>Oxford University Press</publisher-name>
         </publisher>
         <issn xmlns:xlink="http://www.w3.org/1999/xlink" pub-type="ppub">00138266</issn>
         <issn xmlns:xlink="http://www.w3.org/1999/xlink" pub-type="epub">14774534</issn>
      </journal-meta>
      <article-meta>
         <article-id xmlns:xlink="http://www.w3.org/1999/xlink" pub-id-type="jstor">25639999</article-id>
         <title-group>
            <article-title>Covenanter Politics: Evangelicalism, Political Liberalism and Ulster Presbyterians, 1798–1914</article-title>
         </title-group>
         <contrib-group>
            <contrib>
               <string-name xmlns:xlink="http://www.w3.org/1999/xlink">
                  <given-names>A.R.</given-names>
                  <surname>HOLMES</surname>
               </string-name>
            </contrib>
         </contrib-group>
         <pub-date xmlns:xlink="http://www.w3.org/1999/xlink">
            <day>1</day>
            <month>4</month>
            <year>2010</year>
         </pub-date>
         <volume>125</volume>
         <issue>513</issue>
         <issue-id xmlns:xlink="http://www.w3.org/1999/xlink">i25639994</issue-id>
         <fpage>340</fpage>
         <lpage>369</lpage>
         <permissions>
            <copyright-statement>© Oxford University Press 2010</copyright-statement>
         </permissions>
         <self-uri xmlns:xlink="http://www.w3.org/1999/xlink"
                   xlink:href="http://www.jstor.org/stable/25639999"/>
         <custom-meta-group xmlns:xlink="http://www.w3.org/1999/xlink">
            <custom-meta>
               <meta-name>lang</meta-name>
               <meta-value>eng</meta-value>
            </custom-meta>
         </custom-meta-group>
      </article-meta>
   </front>
   <back>
      <fn-group xmlns:xlink="http://www.w3.org/1999/xlink">
         <title>[Footnotes]</title>
         <fn id="d4856e110a1310">
            <label>1</label>
            <p>
               <mixed-citation id="d4856e117" publication-type="other">
J. Bew, The Glory of Being Britons: Civic Unionism in Nineteenth-Century Belfast (Dublin,
2009)</mixed-citation>
            </p>
            <p>
               <mixed-citation id="d4856e126" publication-type="other">
P. Brooke, 'Controversies in Ulster Presbyterianism, 1790-1836', Univ. of Cambridge Ph.D.
thesis, 1980</mixed-citation>
            </p>
            <p>
               <mixed-citation id="d4856e135" publication-type="other">
id., Ulster Presbyterianism: The Historical Perspective, 1610-1970 (2nd edn., Belfast,
1994)</mixed-citation>
            </p>
            <p>
               <mixed-citation id="d4856e145" publication-type="other">
A.R. Holmes, 'Nineteenth-Century Ulster Presbyterian Perspectives on the 1798 Rebellion',
in J. Augusteijn, M. Lyons and D. McMahon, eds., Irish History: A Research Yearbook, 2 (Dublin,
2003), 43-52</mixed-citation>
            </p>
            <p>
               <mixed-citation id="d4856e157" publication-type="other">
R.F.G. Holmes, 'United Irishmen and Unionists: Irish Presbyterians, 1791 and 1886',
in W.J. Sheils and D. Wood, eds., The Churches, Ireland and the Irish (Studies in Church History,
xxv, Oxford, 1989), 171-89</mixed-citation>
            </p>
            <p>
               <mixed-citation id="d4856e169" publication-type="other">
I.R. McBride, Scripture Politics: Ulster Presbyterians and Irish Radicalism
in the Late Eighteenth Century (Oxford, 1998)</mixed-citation>
            </p>
            <p>
               <mixed-citation id="d4856e178" publication-type="other">
D.W Miller, 'Presbyterianism and "Modernisation"
in Ulster', Past and Present, lxxx (1978), 66-90</mixed-citation>
            </p>
            <p>
               <mixed-citation id="d4856e187" publication-type="other">
J.L Nelson, '"Violently Democratic and Anti-
Conservative"? An Analysis of Presbyterian "Radicalism" in Ulster, C1800-1852', Univ. of Durham
Ph.D. thesis, 2005</mixed-citation>
            </p>
            <p>
               <mixed-citation id="d4856e199" publication-type="other">
A.T.Q. Stewart, 'The Transformation of Presbyterianism Radicalism in the
North of Ireland, 1792-1825', Queen's University, Belfast, M.A. thesis, 1956</mixed-citation>
            </p>
            <p>
               <mixed-citation id="d4856e209" publication-type="other">
P. Tesch, 'Presbyterian
Radicalism', in D. Dickson, D. Keogh and K. Whelan, eds., The United Irishmen: Republicanism,
Radicalism and Rebellion (Dublin, 1993), 33-48.</mixed-citation>
            </p>
         </fn>
         <fn id="d4856e222a1310">
            <label>2</label>
            <p>
               <mixed-citation id="d4856e229" publication-type="other">
I.R. McBride, 'Ulster Presbyterians and the Passing of the Act of Union', in M. Brown, D.M.
Geoghegan and J. Kelly, eds., The Irish Act of Union: Bicentennial Essays (Dublin, 2003), 82.</mixed-citation>
            </p>
         </fn>
         <fn id="d4856e239a1310">
            <label>3</label>
            <p>
               <mixed-citation id="d4856e246" publication-type="other">
A. Jackson, Ireland 1708-1098: Politics and War (Oxford, 1999), 215-44.</mixed-citation>
            </p>
         </fn>
         <fn id="d4856e253a1310">
            <label>4</label>
            <p>
               <mixed-citation id="d4856e260" publication-type="other">
D. Hempton and M. Hill, Evangelical Protestantism in Ulster Society 1740-1890 (London,
1992).</mixed-citation>
            </p>
         </fn>
         <fn id="d4856e271a1310">
            <label>5</label>
            <p>
               <mixed-citation id="d4856e278" publication-type="other">
McBride, Scripture Politics, 109.</mixed-citation>
            </p>
         </fn>
         <fn id="d4856e285a1310">
            <label>6</label>
            <p>
               <mixed-citation id="d4856e292" publication-type="other">
Ibid., 226-7 n.109.</mixed-citation>
            </p>
         </fn>
         <fn id="d4856e299a1310">
            <label>7</label>
            <p>
               <mixed-citation id="d4856e306" publication-type="other">
R.F.G. Holmes, Henry Cooke (Belfast, 1981), 208.</mixed-citation>
            </p>
            <p>
               <mixed-citation id="d4856e312" publication-type="other">
McBride,
Scripture Politics, 216.</mixed-citation>
            </p>
         </fn>
         <fn id="d4856e322a1310">
            <label>8</label>
            <p>
               <mixed-citation id="d4856e329" publication-type="other">
The Repealer Repulsed, ed. P. Maume (Dublin, 2003).</mixed-citation>
            </p>
         </fn>
         <fn id="d4856e336a1310">
            <label>9</label>
            <p>
               <mixed-citation id="d4856e343" publication-type="other">
Hempton and Hill, Evangelical Protestantism, 161-87.</mixed-citation>
            </p>
         </fn>
         <fn id="d4856e350a1310">
            <label>10</label>
            <p>
               <mixed-citation id="d4856e357" publication-type="other">
J.D. Brewer and G.I. Higgins,
Anti-Catholicism in Northern Ireland, 1600-1998: The Mote and the Beam (Basingstoke, 1998),
50-86.</mixed-citation>
            </p>
         </fn>
         <fn id="d4856e371a1310">
            <label>11</label>
            <p>
               <mixed-citation id="d4856e378" publication-type="other">
K.A. Miller, 'Ulster Presbyterians and the "Two Traditions" in Ireland and America', in
T. Brotherstone, A. Clark and K. Whelan, eds., These Fissured Isles: Varieties of British and Irish
Identities (Edinburgh, 2005), 263, 275.</mixed-citation>
            </p>
         </fn>
         <fn id="d4856e391a1310">
            <label>12</label>
            <p>
               <mixed-citation id="d4856e398" publication-type="other">
K.T. Hoppen, Elections, Politics, and Society in Ireland 1832-1885 (Oxford, 1984), 265-72</mixed-citation>
            </p>
            <p>
               <mixed-citation id="d4856e404" publication-type="other">
F. Thompson, The End of Liberal Ulster: Land Agitation and Land Reform (Belfast, 2001), 139-41.</mixed-citation>
            </p>
         </fn>
         <fn id="d4856e411a1310">
            <label>13</label>
            <p>
               <mixed-citation id="d4856e418" publication-type="other">
T. MacKnight, Ulster as It Is, or Twenty-eight Years Experience as an Irish Editor (2 vols.,
London, 1896).</mixed-citation>
            </p>
         </fn>
         <fn id="d4856e428a1310">
            <label>14</label>
            <p>
               <mixed-citation id="d4856e435" publication-type="other">
D.W. Bebbington, The Nonconformist Conscience: Chapel and Politics, 18/0—1914 (London,
1982)</mixed-citation>
            </p>
            <p>
               <mixed-citation id="d4856e444" publication-type="other">
T. Larsen, Friends of Religious Equality: Nonconformist Politics in Mid-Victorian England
(Woodbridge, 1999)</mixed-citation>
            </p>
            <p>
               <mixed-citation id="d4856e453" publication-type="other">
J.F. McCaffrey, "The Origins of Liberal Unionism in the West of Scotland',
Scottish Historical Review, 1 (1971), 47-71.</mixed-citation>
            </p>
            <p>
               <mixed-citation id="d4856e463" publication-type="other">
A.W McColl, Land,
Faith and the Crofting Community: Christianity and Social Criticism in the Highlands of Scotland,
1843-1893 (Edinburgh, 2006)</mixed-citation>
            </p>
            <p>
               <mixed-citation id="d4856e475" publication-type="other">
D. Paton, The Clergy and the Clearances: The Church and the
Highland Crisis 1/90-1850 (Edinburgh, 2006).</mixed-citation>
            </p>
         </fn>
         <fn id="d4856e485a1310">
            <label>15</label>
            <p>
               <mixed-citation id="d4856e492" publication-type="other">
Hoppen, Elections, Politics, and Society, 265-72.</mixed-citation>
            </p>
         </fn>
         <fn id="d4856e499a1310">
            <label>16</label>
            <p>
               <mixed-citation id="d4856e506" publication-type="other">
G. Walker, "Thomas Sinclair: Presbyterian Liberal Unionist', in R. English and G. Walker,
eds., Unionism in Modern Ireland: New Perspectives on Politics and Culture (Basingstoke, 1996),
19-40.</mixed-citation>
            </p>
         </fn>
         <fn id="d4856e520a1310">
            <label>17</label>
            <p>
               <mixed-citation id="d4856e527" publication-type="other">
D. Hempton, Methodism: Empire of the Spirit (New Haven, 2005)</mixed-citation>
            </p>
            <p>
               <mixed-citation id="d4856e533" publication-type="other">
M.A. Noll, D.W.
Bebbington and G.A. Rawlyk, eds., Evangelicalism: Comparative Studies of Popular Protestantism in
North America, the British Isles, and Beyond, 1700—1990 (Oxford, 1994).</mixed-citation>
            </p>
         </fn>
         <fn id="d4856e546a1310">
            <label>18</label>
            <p>
               <mixed-citation id="d4856e553" publication-type="other">
G.M. Marsden in
Fundamentalism and American Culture (2nd edn., Oxford, 2006), 231-57.</mixed-citation>
            </p>
            <p>
               <mixed-citation id="d4856e562" publication-type="other">
S. Bruce,
Paisley: Religion and Politics in Northern Ireland (Oxford, 2007).</mixed-citation>
            </p>
         </fn>
         <fn id="d4856e572a1310">
            <label>19</label>
            <p>
               <mixed-citation id="d4856e579" publication-type="other">
C. Kidd, Union and Unionisms: Political Thought in Scotland, 1500-2000
(Cambridge, 2008), esp. 141-3</mixed-citation>
            </p>
            <p>
               <mixed-citation id="d4856e588" publication-type="other">
id., 'Sentiment, Race and Revival: Scottish Identities in the
Aftermath of the Enlightenment', in L. Brockliss and D. Eastwood, eds., A Union of Multiple
Identities: The British Isles, c. 1750-c. 1850 (Manchester, 1997), 110-26</mixed-citation>
            </p>
            <p>
               <mixed-citation id="d4856e600" publication-type="other">
N. Forsyth, 'Presbyterian
Historians and the Scottish Invention of British Liberty', Records ofthe Scottish Church History
Society, xxxiv (2004), 91-110.</mixed-citation>
            </p>
            <p>
               <mixed-citation id="d4856e613" publication-type="other">
A.R. Holmes, 'Presbyterian Religion, Historiography,
and Ulster Scots Identity, c. 1800 to 1914', Historical Journal, Iii (2009), 615-40</mixed-citation>
            </p>
            <p>
               <mixed-citation id="d4856e622" publication-type="other">
id. 'Irish
Presbyterian Commemorations of Their Scottish Past, c. 1830 to 1914', in J. McConnel and
F. Ferguson, eds., Ireland and Scotland in the Nineteenth Century (Dublin, 2008), 48-61.</mixed-citation>
            </p>
         </fn>
         <fn id="d4856e635a1310">
            <label>20</label>
            <p>
               <mixed-citation id="d4856e642" publication-type="other">
I.R. McBride, The Siege of Deny in Ulster Protestant Mythology (Dublin, 1997), 64</mixed-citation>
            </p>
            <p>
               <mixed-citation id="d4856e648" publication-type="other">
D. W. Miller, 'Ulster Evangelicalism and American Culture Wars', Radharc: A Journal of Irish and
Irish-American Studies, v-vii (2004-6), 198-99.</mixed-citation>
            </p>
         </fn>
         <fn id="d4856e658a1310">
            <label>21</label>
            <p>
               <mixed-citation id="d4856e665" publication-type="other">
McBride,
'Ulster Presbyterians and the Passing of the Act of Union'.</mixed-citation>
            </p>
         </fn>
         <fn id="d4856e675a1310">
            <label>22</label>
            <p>
               <mixed-citation id="d4856e682" publication-type="other">
Brooke, Ulster Presbyterianism, 111-21.</mixed-citation>
            </p>
         </fn>
         <fn id="d4856e690a1310">
            <label>23</label>
            <p>
               <mixed-citation id="d4856e697" publication-type="other">
E. Wakefield, An Account of Ireland, Statistical and Political (2 vols., London, 1812), ii. 483,
493</mixed-citation>
            </p>
            <p>
               <mixed-citation id="d4856e706" publication-type="other">
J. Gamble, A View of Society and Manners, in the North of Ireland, in the Summer and Autumn
ofi8i2 (London, 1813), 69</mixed-citation>
            </p>
            <p>
               <mixed-citation id="d4856e715" publication-type="other">
Ordnance Survey Memoirs of Ireland, vol. 29: Parishes of County Antrim,
1832-33,1835-39, eds. A. Day and P. Williams (Belfast, 1995), 144-5.</mixed-citation>
            </p>
         </fn>
         <fn id="d4856e725a1310">
            <label>24</label>
            <p>
               <mixed-citation id="d4856e732" publication-type="other">
M.A. Noll, The Rise of Evangelicalism: The Age of Edwards, Whitefield and the Wesleys
(Leicester, 2004).</mixed-citation>
            </p>
         </fn>
         <fn id="d4856e742a1310">
            <label>25</label>
            <p>
               <mixed-citation id="d4856e749" publication-type="other">
Hempton and Hill, Evangelical Protestantism, 47-61</mixed-citation>
            </p>
            <p>
               <mixed-citation id="d4856e755" publication-type="other">
A.R. Holmes, "The Shaping of Irish
Presbyterian Attitudes to Mission, 1790-1840', Journal of Ecclesiastical History, lvii (2006), 711-37.</mixed-citation>
            </p>
         </fn>
         <fn id="d4856e765a1310">
            <label>26</label>
            <p>
               <mixed-citation id="d4856e772" publication-type="other">
A.R. Holmes, The Shaping of Ulster Presbyterian Belief and Practice, 1770-1840 (Oxford, 2006).</mixed-citation>
            </p>
         </fn>
         <fn id="d4856e779a1310">
            <label>27</label>
            <p>
               <mixed-citation id="d4856e786" publication-type="other">
Brooke, 'Controversies in Ulster
Presbyterianism', 162-70</mixed-citation>
            </p>
            <p>
               <mixed-citation id="d4856e795" publication-type="other">
S. Kingon, 'Ulster Opposition to Catholic Emancipation, 1828-9', Irish
Historical Studies, xxxiv (2004), 137-55.</mixed-citation>
            </p>
         </fn>
         <fn id="d4856e805a1310">
            <label>28</label>
            <p>
               <mixed-citation id="d4856e812" publication-type="other">
SJ. Brown, Providence and Empire: Religion, Politics, and Society in the United Kingdom
1815-1914 (Harlow, 2008), 70-138.</mixed-citation>
            </p>
         </fn>
         <fn id="d4856e823a1310">
            <label>29</label>
            <p>
               <mixed-citation id="d4856e830" publication-type="other">
"The Closing Year', Orthodox Presbyterian, iv (1832), 74.</mixed-citation>
            </p>
         </fn>
         <fn id="d4856e837a1310">
            <label>30</label>
            <p>
               <mixed-citation id="d4856e844" publication-type="other">
[J. Dill], 'The Times—Liberalism', Orthodox Presbyterian, iv (1833), 163.</mixed-citation>
            </p>
         </fn>
         <fn id="d4856e851a1310">
            <label>31</label>
            <p>
               <mixed-citation id="d4856e858" publication-type="other">
W. McComb, 'To the Rev. Henry Cooke, D.D. LL.D., with a Portrait of John Knox', in id.,
Poetical Works (London, 1864), 180-1.</mixed-citation>
            </p>
            <p>
               <mixed-citation id="d4856e867" publication-type="other">
Cooke s lecture on Knox reported in Belfast News-
Letter, 15 Nov. 1865.</mixed-citation>
            </p>
         </fn>
         <fn id="d4856e877a1310">
            <label>32</label>
            <p>
               <mixed-citation id="d4856e884" publication-type="other">
J.L. Porter, Life and Times of Henry Cooke, D.D., LL.D. (Peoples edn., Belfast, 1875), 236-</mixed-citation>
            </p>
         </fn>
         <fn id="d4856e891a1310">
            <label>33</label>
            <p>
               <mixed-citation id="d4856e898" publication-type="other">
'Address of the Editors to Their Supporters', Christian Freeman, i (1833), 427-</mixed-citation>
            </p>
         </fn>
         <fn id="d4856e905a1310">
            <label>34</label>
            <p>
               <mixed-citation id="d4856e912" publication-type="other">
[D.G. Brown], The First Blast of the Trumpet against the Monstrous Coalition between
Presbytery and Prelacy By John Knox, Junior (Londonderry, 1834), 5-6.</mixed-citation>
            </p>
            <p>
               <mixed-citation id="d4856e921" publication-type="other">
Holmes, Henry
Cooke, 116-17</mixed-citation>
            </p>
            <p>
               <mixed-citation id="d4856e930" publication-type="other">
[W. Gibson], The Position of the Church of Ireland and the Duty of Presbyterians
in Reference to It, at the Present Crisis (Belfast, 1835).</mixed-citation>
            </p>
         </fn>
         <fn id="d4856e941a1310">
            <label>35</label>
            <p>
               <mixed-citation id="d4856e948" publication-type="other">
Holmes, Henry Cooke, 94-104,107-12,135-9.</mixed-citation>
            </p>
         </fn>
         <fn id="d4856e955a1310">
            <label>36</label>
            <p>
               <mixed-citation id="d4856e962" publication-type="other">
Minutes of a General Synod, Held at Belfast, 183/ (Belfast, 1837), 58-9</mixed-citation>
            </p>
            <p>
               <mixed-citation id="d4856e968" publication-type="other">
Porter, Henry Cooke,
279-80</mixed-citation>
            </p>
            <p>
               <mixed-citation id="d4856e977" publication-type="other">
Holmes, Henry Cooke, 133-4.</mixed-citation>
            </p>
         </fn>
         <fn id="d4856e984a1310">
            <label>37</label>
            <p>
               <mixed-citation id="d4856e991" publication-type="other">
T. Croskery and T. Witherow, Life of the Rev.
A.P. Goudy, D.D. (Dublin, 1887), 71-87.</mixed-citation>
            </p>
         </fn>
         <fn id="d4856e1001a1310">
            <label>38</label>
            <p>
               <mixed-citation id="d4856e1008" publication-type="other">
Presbyterianism Defended, and the Arguments of Modern Advocates of Prelacy Examined and
Refuted, in Four Discourses, by Ministers of the Synod ofUbter (Glasgow, 1839).</mixed-citation>
            </p>
         </fn>
         <fn id="d4856e1018a1310">
            <label>39</label>
            <p>
               <mixed-citation id="d4856e1025" publication-type="other">
Croskery and Witherow, Life of Goudy, 88-107</mixed-citation>
            </p>
            <p>
               <mixed-citation id="d4856e1031" publication-type="other">
Allen, James Seaton Reid, 135-57.</mixed-citation>
            </p>
         </fn>
         <fn id="d4856e1038a1310">
            <label>40</label>
            <p>
               <mixed-citation id="d4856e1045" publication-type="other">
Banner of Ulster, 2 Mar 1843.</mixed-citation>
            </p>
         </fn>
         <fn id="d4856e1053a1310">
            <label>41</label>
            <p>
               <mixed-citation id="d4856e1060" publication-type="other">
S.J. Brown, Thomas Chalmers and the Godly Commonwealth in Scotland (Oxford, 1982),
211-349</mixed-citation>
            </p>
            <p>
               <mixed-citation id="d4856e1069" publication-type="other">
id., 'The Ten Year's Conflict and the Disruption of 1843', in S.J. Brown and M. Fry, eds.,
Scotland in the Age of the Disruption (Edinburgh, 1993), 1-27.</mixed-citation>
            </p>
         </fn>
         <fn id="d4856e1079a1310">
            <label>42</label>
            <p>
               <mixed-citation id="d4856e1086" publication-type="other">
Minutes of the General Assembly of the Presbyterian Church in Ireland [hereafter MGA],
i (1843), 220</mixed-citation>
            </p>
            <p>
               <mixed-citation id="d4856e1095" publication-type="other">
vi (1885), 906-7.</mixed-citation>
            </p>
         </fn>
         <fn id="d4856e1102a1310">
            <label>43</label>
            <p>
               <mixed-citation id="d4856e1109" publication-type="other">
Holmes, Henry Cooke, 151-2,154,156.</mixed-citation>
            </p>
         </fn>
         <fn id="d4856e1116a1310">
            <label>44</label>
            <p>
               <mixed-citation id="d4856e1123" publication-type="other">
Banner of Ulster, 15 July 1842</mixed-citation>
            </p>
            <p>
               <mixed-citation id="d4856e1129" publication-type="other">
Banner of Ulster, n and 14 July 1843</mixed-citation>
            </p>
            <p>
               <mixed-citation id="d4856e1135" publication-type="other">
Croskery and Witherow,
Life ofGoudy, 98-102.</mixed-citation>
            </p>
         </fn>
         <fn id="d4856e1145a1310">
            <label>45</label>
            <p>
               <mixed-citation id="d4856e1152" publication-type="other">
H. Wallace, 'The Reformation from Prelacy in Scotland [1843]', Presbyterian Churchman
(1888), 321.</mixed-citation>
            </p>
         </fn>
         <fn id="d4856e1162a1310">
            <label>46</label>
            <p>
               <mixed-citation id="d4856e1169" publication-type="other">
MGA, i (1842), 136</mixed-citation>
            </p>
            <p>
               <mixed-citation id="d4856e1175" publication-type="other">
(1843), 191, 225</mixed-citation>
            </p>
            <p>
               <mixed-citation id="d4856e1181" publication-type="other">
(1844), 323</mixed-citation>
            </p>
            <p>
               <mixed-citation id="d4856e1188" publication-type="other">
(1845), 415.</mixed-citation>
            </p>
         </fn>
         <fn id="d4856e1196a1310">
            <label>47</label>
            <p>
               <mixed-citation id="d4856e1203" publication-type="other">
MGA, i (1843), 224.</mixed-citation>
            </p>
         </fn>
         <fn id="d4856e1210a1310">
            <label>48</label>
            <p>
               <mixed-citation id="d4856e1217" publication-type="other">
Banner of Ulster, 14 July 1843.</mixed-citation>
            </p>
            <p>
               <mixed-citation id="d4856e1223" publication-type="other">
Holmes,
Henry Cooke, 156-8.</mixed-citation>
            </p>
         </fn>
         <fn id="d4856e1233a1310">
            <label>49</label>
            <p>
               <mixed-citation id="d4856e1240" publication-type="other">
A.A. Campbell, Belfast Newspapers, Past and Present (Belfast, 1921), 12-13</mixed-citation>
            </p>
            <p>
               <mixed-citation id="d4856e1246" publication-type="other">
M. Hill, 'Gibson,
William (1808-1867)', Oxford Dictionary of National Biography (Oxford, 2004).</mixed-citation>
            </p>
         </fn>
         <fn id="d4856e1256a1310">
            <label>50</label>
            <p>
               <mixed-citation id="d4856e1263" publication-type="other">
Banner of Ulster, 10 June 1842.</mixed-citation>
            </p>
         </fn>
         <fn id="d4856e1270a1310">
            <label>51</label>
            <p>
               <mixed-citation id="d4856e1277" publication-type="other">
G.K. Peatling, 'Whatever Happened to Presbyterian Radicalism? The Ulster Presbyterian
Liberal Press in the Late Nineteenth Century', in R. Swift and C. Kinealy, eds., Politics and Power
in Victorian Ireland (Dublin, 2006), 155-65.</mixed-citation>
            </p>
         </fn>
         <fn id="d4856e1290a1310">
            <label>52</label>
            <p>
               <mixed-citation id="d4856e1297" publication-type="other">
W.T. Latimer, Ulster Biographies, Relating Chiefly to the Rebellion ofi/p8
(Belfast, 1897), 93-106</mixed-citation>
            </p>
            <p>
               <mixed-citation id="d4856e1306" publication-type="other">
F. Wright, 'James McKnight', Pace, xx.3 (Winter 1988/9), 19-22.</mixed-citation>
            </p>
            <p>
               <mixed-citation id="d4856e1312" publication-type="other">
T. Hamilton, 'Croskery, Thomas (1830-1886)', rev. David Huddleston, ODNB.</mixed-citation>
            </p>
            <p>
               <mixed-citation id="d4856e1319" publication-type="other">
T. Reid, 'Richard Smyth: Churchman, Theologian, Social Reformer', Bulletin of the
Presbyterian Historical Society of Ireland, xxviii (2002-3), 20-29.</mixed-citation>
            </p>
            <p>
               <mixed-citation id="d4856e1328" publication-type="other">
T. Hamilton,
'Witherow, Thomas (1824-1890)', rev. David Huddleston, ODNB.</mixed-citation>
            </p>
         </fn>
         <fn id="d4856e1339a1310">
            <label>53</label>
            <p>
               <mixed-citation id="d4856e1346" publication-type="other">
A Catechism of Tenant-Right; Being an Attempt to Set Forth and Defend the Rights of Tenant
Farmers, Point Out Some of the Grievances under which They Labour, with Remedies for Their Removal
(Belfast, 1850), 5.</mixed-citation>
            </p>
         </fn>
         <fn id="d4856e1359a1310">
            <label>54</label>
            <p>
               <mixed-citation id="d4856e1366" publication-type="other">
Thompson, End of Liberal Ulster, 35-42.</mixed-citation>
            </p>
         </fn>
         <fn id="d4856e1373a1310">
            <label>55</label>
            <p>
               <mixed-citation id="d4856e1380" publication-type="other">
Banner of Ulster, 14 June 1849, supplement.</mixed-citation>
            </p>
         </fn>
         <fn id="d4856e1387a1310">
            <label>56</label>
            <p>
               <mixed-citation id="d4856e1394" publication-type="other">
C.G. Duffy, The League of North and South: An Episode in Irish History, i8$o-i8$4 (London,
1886), 32-3.</mixed-citation>
            </p>
         </fn>
         <fn id="d4856e1404a1310">
            <label>57</label>
            <p>
               <mixed-citation id="d4856e1411" publication-type="other">
L.T. Brown, "The Presbyterian Dilemma: A Survey of the Presbyterians and Politics
in Counties Cavan and Monaghan over Three Hundred Years', Clogher Record, xv.2 (1995), 54</mixed-citation>
            </p>
            <p>
               <mixed-citation id="d4856e1420" publication-type="other">
D. Nesbitt, The Drumkeen Story: A Story of Aghabog Presbyterians 1803-200$ (Ballybay, 2003), 26-8,
333-43-</mixed-citation>
            </p>
         </fn>
         <fn id="d4856e1430a1310">
            <label>58</label>
            <p>
               <mixed-citation id="d4856e1437" publication-type="other">
F. Wright, Two Lands on One Soil: Ulster Politics before Home Rule (Dublin, 1996), 189-91,
191.</mixed-citation>
            </p>
         </fn>
         <fn id="d4856e1448a1310">
            <label>59</label>
            <p>
               <mixed-citation id="d4856e1455" publication-type="other">
Banner of Ulster, 29 Jan. 1850.</mixed-citation>
            </p>
         </fn>
         <fn id="d4856e1462a1310">
            <label>60</label>
            <p>
               <mixed-citation id="d4856e1469" publication-type="other">
Banner of Ulster, 17 May 1850.</mixed-citation>
            </p>
         </fn>
         <fn id="d4856e1476a1310">
            <label>61</label>
            <p>
               <mixed-citation id="d4856e1483" publication-type="other">
Wright, Two Lands on One Soil, 167-70</mixed-citation>
            </p>
            <p>
               <mixed-citation id="d4856e1489" publication-type="other">
R. Allen, 'Henry Montgomery, 1788-1865', in H.A.
Cronne, T.W. Moody and D.B. Quinn, eds., Essays in British and Irish History (London, 1949),
266-7.</mixed-citation>
            </p>
         </fn>
         <fn id="d4856e1502a1310">
            <label>62</label>
            <p>
               <mixed-citation id="d4856e1509" publication-type="other">
Banner of Ulster, 18 Nov. 1851.</mixed-citation>
            </p>
         </fn>
         <fn id="d4856e1516a1310">
            <label>63</label>
            <p>
               <mixed-citation id="d4856e1523" publication-type="other">
Banner ofUbter, 5 July 1850, supplement.</mixed-citation>
            </p>
         </fn>
         <fn id="d4856e1530a1310">
            <label>64</label>
            <p>
               <mixed-citation id="d4856e1537" publication-type="other">
Banner of Ulster, 16 July 1850.</mixed-citation>
            </p>
         </fn>
         <fn id="d4856e1545a1310">
            <label>65</label>
            <p>
               <mixed-citation id="d4856e1552" publication-type="other">
Wright, Two Lands on One Soil, 165-207.</mixed-citation>
            </p>
            <p>
               <mixed-citation id="d4856e1558" publication-type="other">
Duffy, League of North and South,
78, 89</mixed-citation>
            </p>
         </fn>
         <fn id="d4856e1568a1310">
            <label>66</label>
            <p>
               <mixed-citation id="d4856e1575" publication-type="other">
Banner of Ulster, 29 Jan. 1850.</mixed-citation>
            </p>
         </fn>
         <fn id="d4856e1582a1310">
            <label>67</label>
            <p>
               <mixed-citation id="d4856e1589" publication-type="other">
Banner of Ulster, 14 June 1850, supplement.</mixed-citation>
            </p>
         </fn>
         <fn id="d4856e1596a1310">
            <label>68</label>
            <p>
               <mixed-citation id="d4856e1603" publication-type="other">
Banner of Ulster, 3 Aug. 1852.</mixed-citation>
            </p>
         </fn>
         <fn id="d4856e1610a1310">
            <label>69</label>
            <p>
               <mixed-citation id="d4856e1617" publication-type="other">
Croskery and Witherow, Life of Goudy, 142-3</mixed-citation>
            </p>
            <p>
               <mixed-citation id="d4856e1623" publication-type="other">
Hoppen, Elections, Politics, and Society, 164-5</mixed-citation>
            </p>
            <p>
               <mixed-citation id="d4856e1629" publication-type="other">
Wright, Two Lands on One Soil, 200-7.</mixed-citation>
            </p>
         </fn>
         <fn id="d4856e1636a1310">
            <label>70</label>
            <p>
               <mixed-citation id="d4856e1643" publication-type="other">
K.D. Brown, 'Life after Death? A Preliminary Survey of the Irish Presbyterian Ministry in
the Nineteenth Century', Irish Economic and Social History, xxii (1995), 55-6.</mixed-citation>
            </p>
         </fn>
         <fn id="d4856e1654a1310">
            <label>71</label>
            <p>
               <mixed-citation id="d4856e1661" publication-type="other">
J. Simpson, Annals of My Life, Labours, and Travels (Belfast, 1895), 529.</mixed-citation>
            </p>
            <p>
               <mixed-citation id="d4856e1667" publication-type="other">
In Memory
of Rev. Richard Smyth, D.D., M.P., Professor of Theology in Magee College, Derry. Died December 4,
1878 (Derry, 1878), 16.</mixed-citation>
            </p>
         </fn>
         <fn id="d4856e1680a1310">
            <label>72</label>
            <p>
               <mixed-citation id="d4856e1687" publication-type="other">
Evidence Taken before Her Majesty's Commissioners
of Inquiry into the State ofthe Law and Practice in Respect to the Occupation of Land in Ireland, HC
(1845), xix.606, 397-401, 404-7,507-12, 601-2, 629-38, 685-91.</mixed-citation>
            </p>
         </fn>
         <fn id="d4856e1700a1310">
            <label>73</label>
            <p>
               <mixed-citation id="d4856e1707" publication-type="other">
Banner of Ulster, 1 Jan. 1850.</mixed-citation>
            </p>
         </fn>
         <fn id="d4856e1714a1310">
            <label>74</label>
            <p>
               <mixed-citation id="d4856e1721" publication-type="other">
Banner of Ulster, 5 July 1850, supplement.</mixed-citation>
            </p>
         </fn>
         <fn id="d4856e1728a1310">
            <label>75</label>
            <p>
               <mixed-citation id="d4856e1735" publication-type="other">
Croskery and Witherow, Life of Goudy, 150.</mixed-citation>
            </p>
         </fn>
         <fn id="d4856e1742a1310">
            <label>76</label>
            <p>
               <mixed-citation id="d4856e1749" publication-type="other">
A.P. Goudy, Right versus Might; or, Irish Presbyterian Politics Discussed. In Five Letters
(Londonderry, 1852), 7.</mixed-citation>
            </p>
         </fn>
         <fn id="d4856e1760a1310">
            <label>77</label>
            <p>
               <mixed-citation id="d4856e1767" publication-type="other">
Ibid., 20.</mixed-citation>
            </p>
         </fn>
         <fn id="d4856e1774a1310">
            <label>78</label>
            <p>
               <mixed-citation id="d4856e1781" publication-type="other">
Banner of Ulster, 3 Feb. 1857.</mixed-citation>
            </p>
            <p>
               <mixed-citation id="d4856e1787" publication-type="other">
Rogers was known to be a supporter of the 1859 revival: The
Ballygowan Demonstration ofMessers. Rogers, Woods &amp;amp; Co., Analysed and Exposed. By a Member of
Donegall Street Young Mens Society (Belfast, 1861).</mixed-citation>
            </p>
         </fn>
         <fn id="d4856e1800a1310">
            <label>79</label>
            <p>
               <mixed-citation id="d4856e1807" publication-type="other">
J.S. Reid, History ofthe Presbyterian Church in
Ireland, ed. W.D. Killen (3 vols., 2nd edn., Belfast, 1867), iii.385</mixed-citation>
            </p>
            <p>
               <mixed-citation id="d4856e1816" publication-type="other">
Goudy, Right versus Might, 21.</mixed-citation>
            </p>
         </fn>
         <fn id="d4856e1823a1310">
            <label>80</label>
            <p>
               <mixed-citation id="d4856e1830" publication-type="other">
Banner of Ulster, 4 Sept. 1849.</mixed-citation>
            </p>
            <p>
               <mixed-citation id="d4856e1836" publication-type="other">
Catechism ofTenant-Right, 18</mixed-citation>
            </p>
            <p>
               <mixed-citation id="d4856e1842" publication-type="other">
Banner of Ulster,
14 June 1850, supplement.</mixed-citation>
            </p>
         </fn>
         <fn id="d4856e1852a1310">
            <label>81</label>
            <p>
               <mixed-citation id="d4856e1859" publication-type="other">
Moses, Banner of Ulster, 5 July 1850, supplement</mixed-citation>
            </p>
            <p>
               <mixed-citation id="d4856e1865" publication-type="other">
Elijah, Duffy, League of North and
South, 96</mixed-citation>
            </p>
            <p>
               <mixed-citation id="d4856e1874" publication-type="other">
M. Macaulay, Letters on Landlordism (Belfast, 1882), 15.</mixed-citation>
            </p>
         </fn>
         <fn id="d4856e1881a1310">
            <label>82</label>
            <p>
               <mixed-citation id="d4856e1888" publication-type="other">
Catechism ofTenant-Right, 14.</mixed-citation>
            </p>
            <p>
               <mixed-citation id="d4856e1894" publication-type="other">
Banner of Ulster, 4 June 1850, supplement; 14 June
1850, supplement.</mixed-citation>
            </p>
         </fn>
         <fn id="d4856e1905a1310">
            <label>83</label>
            <p>
               <mixed-citation id="d4856e1912" publication-type="other">
S.M. Greer, Letters to the Electors of the County of Londonderry (Londonderry, 1853)</mixed-citation>
            </p>
            <p>
               <mixed-citation id="d4856e1918" publication-type="other">
W. Brown, The Philosophy of Intimidation; or, Historical Sketches on the Elective Franchise, Its Defects
and Remedies (Belfast, 1856).</mixed-citation>
            </p>
         </fn>
         <fn id="d4856e1928a1310">
            <label>84</label>
            <p>
               <mixed-citation id="d4856e1935" publication-type="other">
R. Allen, 'The Regium Donum: Its Political Implications' (Union Theological College,
Belfast Robert Allen Papers, un-catalogued), 8-10,15.</mixed-citation>
            </p>
         </fn>
         <fn id="d4856e1945a1310">
            <label>85</label>
            <p>
               <mixed-citation id="d4856e1952" publication-type="other">
CH. Irwin, A History of Presbyterianism in Dublin and the South and West of Ireland (London,
1890), 137.</mixed-citation>
            </p>
            <p>
               <mixed-citation id="d4856e1961" publication-type="other">
Banner of Ulster, 5 Jan. 1856.</mixed-citation>
            </p>
         </fn>
         <fn id="d4856e1968a1310">
            <label>86</label>
            <p>
               <mixed-citation id="d4856e1975" publication-type="other">
Belfast News-Letter, 28 Dec. 1855.</mixed-citation>
            </p>
         </fn>
         <fn id="d4856e1982a1310">
            <label>87</label>
            <p>
               <mixed-citation id="d4856e1989" publication-type="other">
Report of the Presbyterian Representation Society, fuly, iSsS (n.p., 1858).</mixed-citation>
            </p>
         </fn>
         <fn id="d4856e1996a1310">
            <label>88</label>
            <p>
               <mixed-citation id="d4856e2003" publication-type="other">
J.R.B. McMinn, 'Presbyterianism and Politics in Ulster, 1871-1906', Studia Hibernica, xxi
(1981), 132.</mixed-citation>
            </p>
         </fn>
         <fn id="d4856e2014a1310">
            <label>89</label>
            <p>
               <mixed-citation id="d4856e2021" publication-type="other">
Minutes of a General Synod, Held at Belfast, 1836 (Belfast, 1836), 70-1</mixed-citation>
            </p>
            <p>
               <mixed-citation id="d4856e2027" publication-type="other">
Minutes of a General
Synod, Held at Belfast, 1838 (Belfast, 1838), 16, 50-1.</mixed-citation>
            </p>
         </fn>
         <fn id="d4856e2037a1310">
            <label>90</label>
            <p>
               <mixed-citation id="d4856e2044" publication-type="other">
Banner of Ulster, 23 July 1850.</mixed-citation>
            </p>
         </fn>
         <fn id="d4856e2051a1310">
            <label>91</label>
            <p>
               <mixed-citation id="d4856e2058" publication-type="other">
R.F.G. Holmes, Magee 1865-196$: The Evolution oftheMagee Colleges (Belfast, 1965)</mixed-citation>
            </p>
            <p>
               <mixed-citation id="d4856e2064" publication-type="other">
Croskery
and Witherow, Life of Goudy, 108-33.</mixed-citation>
            </p>
         </fn>
         <fn id="d4856e2074a1310">
            <label>92</label>
            <p>
               <mixed-citation id="d4856e2081" publication-type="other">
William Gibsons The Year of
Grace: A History of the Ulster Revival of 1859 (Edinburgh, i860), 235-6</mixed-citation>
            </p>
            <p>
               <mixed-citation id="d4856e2090" publication-type="other">
R.F.G. Holmes, Our Irish Presbyterian Heritage (Belfast, 1985), 130.</mixed-citation>
            </p>
         </fn>
         <fn id="d4856e2097a1310">
            <label>93</label>
            <p>
               <mixed-citation id="d4856e2104" publication-type="other">
N.M. Brown, The Clerical Censor Rebuked; or, Strictures on a Pamphlet, by the Rev. Robert
Knox, Belfast, Entitled "Conflicts of the Clergy" (Derry, 1852), 6-8.</mixed-citation>
            </p>
         </fn>
         <fn id="d4856e2114a1310">
            <label>94</label>
            <p>
               <mixed-citation id="d4856e2121" publication-type="other">
Prelatico Presbyterianism: or, Curious Chapters in the Recent History ofthe Irish Presbyterian
Church (Dublin, 1856).</mixed-citation>
            </p>
         </fn>
         <fn id="d4856e2132a1310">
            <label>95</label>
            <p>
               <mixed-citation id="d4856e2139" publication-type="other">
J. Brown, The Elective Franchise, a Sacred Trust. A Tract for the Times (Coleraine, 1857), 17.</mixed-citation>
            </p>
         </fn>
         <fn id="d4856e2146a1310">
            <label>96</label>
            <p>
               <mixed-citation id="d4856e2153" publication-type="other">
J. Smyth, 'Memoir of Rev. Professor Richard Smyth', Presbyterian Churchman (1888), 12.</mixed-citation>
            </p>
         </fn>
         <fn id="d4856e2160a1310">
            <label>97</label>
            <p>
               <mixed-citation id="d4856e2167" publication-type="other">
R. Smyth, 'The Life and Times of Dr Henry Cooke', British and Foreign Evangelical Review,
xxi (1872), 209-41, at 210 and 213.</mixed-citation>
            </p>
         </fn>
         <fn id="d4856e2177a1310">
            <label>98</label>
            <p>
               <mixed-citation id="d4856e2184" publication-type="other">
Hoppen, Elections, Politics and Society, 165 n.2.</mixed-citation>
            </p>
         </fn>
         <fn id="d4856e2191a1310">
            <label>99</label>
            <p>
               <mixed-citation id="d4856e2198" publication-type="other">
A.A. McCaughan, Heath, Hearth and Heart: The Story of Dunboe and the
Meeting-house at Articlave (Coleraine, 1988), 73-9.</mixed-citation>
            </p>
            <p>
               <mixed-citation id="d4856e2207" publication-type="other">
Gamble's arrest and eventual
acquittal, Belfast News-Letter, n Mar and 16 July 1857.</mixed-citation>
            </p>
         </fn>
         <fn id="d4856e2217a1310">
            <label>100</label>
            <p>
               <mixed-citation id="d4856e2224" publication-type="other">
The Autobiography of Thomas Witherow 1824-1890, eds. G. Mawhinney and E. Dunlop
(Draperstown, 1990), 87.</mixed-citation>
            </p>
         </fn>
         <fn id="d4856e2235a1310">
            <label>101</label>
            <p>
               <mixed-citation id="d4856e2242" publication-type="other">
Ibid., 74, 76, 78.</mixed-citation>
            </p>
         </fn>
         <fn id="d4856e2249a1310">
            <label>102</label>
            <p>
               <mixed-citation id="d4856e2256" publication-type="other">
Banner of Ulster, 11 Apr. 1857.</mixed-citation>
            </p>
         </fn>
         <fn id="d4856e2263a1310">
            <label>103</label>
            <p>
               <mixed-citation id="d4856e2270" publication-type="other">
Banner of Ulster, 19 May 1859.</mixed-citation>
            </p>
         </fn>
         <fn id="d4856e2277a1310">
            <label>104</label>
            <p>
               <mixed-citation id="d4856e2284" publication-type="other">
Letters to the Presbyterians of Ulster on the General Election of 186$ (Belfast, 1865), 9.</mixed-citation>
            </p>
         </fn>
         <fn id="d4856e2291a1310">
            <label>105</label>
            <p>
               <mixed-citation id="d4856e2298" publication-type="other">
B.M. Walker, Ulster Politics, the Formative Years, 1868-1886 (Belfast, 1989), 60-73.</mixed-citation>
            </p>
            <p>
               <mixed-citation id="d4856e2304" publication-type="other">
WT. Latimer, A History of the Irish
Presbyterians (2nd edn., Belfast, 1902), 501-8.</mixed-citation>
            </p>
         </fn>
         <fn id="d4856e2314a1310">
            <label>106</label>
            <p>
               <mixed-citation id="d4856e2321" publication-type="other">
Porter, Henry Cooke, 456-7.</mixed-citation>
            </p>
         </fn>
         <fn id="d4856e2329a1310">
            <label>107</label>
            <p>
               <mixed-citation id="d4856e2336" publication-type="other">
Banner of Ulster, 19 Nov. 1868.</mixed-citation>
            </p>
            <p>
               <mixed-citation id="d4856e2342" publication-type="other">
The Belfast Presbyterian Tory. By a Literary
Photographer, The Belfast Portrait Gallery, 1 (Belfast, 1869).</mixed-citation>
            </p>
         </fn>
         <fn id="d4856e2352a1310">
            <label>108</label>
            <p>
               <mixed-citation id="d4856e2359" publication-type="other">
T. Croskery, "The Seceders', Presbyterian Churchman (1883), 9</mixed-citation>
            </p>
            <p>
               <mixed-citation id="d4856e2365" publication-type="other">
T. Witherow, 'General Assembly of the Irish Church', Presbyterian Review, vii (1887), 726.</mixed-citation>
            </p>
         </fn>
         <fn id="d4856e2372a1310">
            <label>109</label>
            <p>
               <mixed-citation id="d4856e2379" publication-type="other">
W. Gibson, The Flock in the Wilderness; or, the Secession ofEighteen-hundred and forty-three
(Belfast, 1843), 27</mixed-citation>
            </p>
            <p>
               <mixed-citation id="d4856e2388" publication-type="other">
A.P. Goudy, Zioris Good; or, the Position and Duty ofthe Irish Presbyterian Church,
at the Present Time: A Sermon, Preached before the Synod of Derry and Omagh, at Its Annual Meeting,
in Omagh, on Tuesday the 16th of May, 1848, and Published at Its Request (Derry, 1848), 10-11.</mixed-citation>
            </p>
         </fn>
         <fn id="d4856e2401a1310">
            <label>110</label>
            <p>
               <mixed-citation id="d4856e2408" publication-type="other">
Latimer, History, 512-13.</mixed-citation>
            </p>
         </fn>
         <fn id="d4856e2415a1310">
            <label>111</label>
            <p>
               <mixed-citation id="d4856e2422" publication-type="other">
G. Greenlee, 'Land, Religion and Community: The Liberal Party in Ulster, 1868-1885', in
E.R Biagini, ed., Citizenship and Community: Liberals, Radicals and Collective Identities in the
British Isles, 1865-1931 (Cambridge, 1996), 253-75</mixed-citation>
            </p>
            <p>
               <mixed-citation id="d4856e2434" publication-type="other">
McMinn, 'Presbyterianism and Politics in
Ulster'.</mixed-citation>
            </p>
            <p>
               <mixed-citation id="d4856e2443" publication-type="other">
R.McC. Edgar, 'Should Ministers Be
Members of Parliament?', Presbyterian Churchman, iv (1880)</mixed-citation>
            </p>
            <p>
               <mixed-citation id="d4856e2453" publication-type="other">
W.B. Kirkpatrick, 'Pastors in
Parliament', Presbyterian Churchman, iv (1880), 245-8.</mixed-citation>
            </p>
         </fn>
         <fn id="d4856e2463a1310">
            <label>112</label>
            <p>
               <mixed-citation id="d4856e2470" publication-type="other">
P. Bew and F. Wright, 'The Agrarian Opposition in Ulster Politics, 1848-87', in S. Clark and
J.S. Donnelly, Jr, eds., Irish Peasant: Violence &amp;amp; Political Unrest, 1/80-1914 (Manchester/Madison,
1983), 201-3</mixed-citation>
            </p>
            <p>
               <mixed-citation id="d4856e2482" publication-type="other">
Thompson, End of Liberal Ulster, 128-34; MGA, vi (1881), 150.</mixed-citation>
            </p>
         </fn>
         <fn id="d4856e2490a1310">
            <label>113</label>
            <p>
               <mixed-citation id="d4856e2497" publication-type="other">
Walker, "Thomas Sinclair', 19-40, at 24.</mixed-citation>
            </p>
         </fn>
         <fn id="d4856e2504a1310">
            <label>114</label>
            <p>
               <mixed-citation id="d4856e2511" publication-type="other">
N. Armour, 'Isabella Tod and Liberal Unionism in Ulster, 1886-96', in A. Hayes and
D. Urquhart, eds., Irish Women's History (Dublin, 2004), 72-87</mixed-citation>
            </p>
            <p>
               <mixed-citation id="d4856e2520" publication-type="other">
M. Luddy, 'Isabella M. S. Tod, 1836-
1896', in M. Cullen and M. Luddy, eds., Women, Power, and Consciousness in Nineteenth-Century
Ireland, (Dublin, 1995), 197-230.</mixed-citation>
            </p>
         </fn>
         <fn id="d4856e2533a1310">
            <label>115</label>
            <p>
               <mixed-citation id="d4856e2540" publication-type="other">
Walker, Ulster Politics, 176-254.</mixed-citation>
            </p>
            <p>
               <mixed-citation id="d4856e2546" publication-type="other">
The Ulster Liberal Unionist Association: A Sketch of Its History
1885-1914: How It Has Opposed Home Rule, and What It Has Done for Remedial Legislation for
Ireland (Belfast, 1914).</mixed-citation>
            </p>
         </fn>
         <fn id="d4856e2559a1310">
            <label>116</label>
            <p>
               <mixed-citation id="d4856e2566" publication-type="other">
G. Walker, 'Empire, Religion and Nationality in Scotland and Ulster before the First World
War', in I.S. Wood, ed., Scotland and Ulster (Edinburgh, 1994), 97-115.</mixed-citation>
            </p>
         </fn>
         <fn id="d4856e2576a1310">
            <label>117</label>
            <p>
               <mixed-citation id="d4856e2583" publication-type="other">
MGA, vii (1886), 12-14, 114-16</mixed-citation>
            </p>
            <p>
               <mixed-citation id="d4856e2589" publication-type="other">
viii (1893), 326-7.</mixed-citation>
            </p>
         </fn>
         <fn id="d4856e2596a1310">
            <label>118</label>
            <p>
               <mixed-citation id="d4856e2603" publication-type="other">
T.W. Russell, "The Church and Its Duties of Citizenship', in Presbyterian Conference. Held
under the Auspices ofthe Presbytery of Belfast, September, 1898 (Belfast, 1898), 40—4</mixed-citation>
            </p>
            <p>
               <mixed-citation id="d4856e2612" publication-type="other">
A. Jackson, 'Irish
Unionism and the Russellite Threat, 1894-1906', Irish Historical Studies, xxv (1987), 376-404.</mixed-citation>
            </p>
         </fn>
         <fn id="d4856e2623a1310">
            <label>119</label>
            <p>
               <mixed-citation id="d4856e2630" publication-type="other">
Latimer, History, 534-5</mixed-citation>
            </p>
            <p>
               <mixed-citation id="d4856e2636" publication-type="other">
McMinn, 'Presbyterianism and Polities', 142-5.</mixed-citation>
            </p>
         </fn>
         <fn id="d4856e2643a1310">
            <label>120</label>
            <p>
               <mixed-citation id="d4856e2650" publication-type="other">
A.R. Holmes, "The Uses and Interpretation
of Prophecy in Irish Presbyterianism, 1850-1930', in C. Gribben and A.R. Holmes, eds., Protestant
Millennialism, Evangelicalism and Irish Society, 1790—200$ (Basingstoke, 2006), 152-6.</mixed-citation>
            </p>
         </fn>
         <fn id="d4856e2663a1310">
            <label>121</label>
            <p>
               <mixed-citation id="d4856e2670" publication-type="other">
C. Houston, Letters on the Present Position, Enemies, Prospects and Duties of Presbyterians
(Londonderry, 1843), 7.</mixed-citation>
            </p>
         </fn>
         <fn id="d4856e2680a1310">
            <label>122</label>
            <p>
               <mixed-citation id="d4856e2687" publication-type="other">
Goudy, Right versus Might, 5.</mixed-citation>
            </p>
         </fn>
         <fn id="d4856e2694a1310">
            <label>123</label>
            <p>
               <mixed-citation id="d4856e2701" publication-type="other">
Duffy, League of North and South, 79.</mixed-citation>
            </p>
         </fn>
         <fn id="d4856e2708a1310">
            <label>124</label>
            <p>
               <mixed-citation id="d4856e2715" publication-type="other">
Letters to the Presbyterians of Ulster, 9.</mixed-citation>
            </p>
         </fn>
         <fn id="d4856e2723a1310">
            <label>125</label>
            <p>
               <mixed-citation id="d4856e2730" publication-type="other">
Hempton and Hill, Evangelical
Protestantism, 161-87</mixed-citation>
            </p>
            <p>
               <mixed-citation id="d4856e2739" publication-type="other">
A. Megahey, '"God Will Defend the Right": The Protestant Churches and
Opposition to Home Rule', in D.G. Boyce and A. O'Day, eds., Defenders of the Union: A Survey of
British and Irish Unionism Since 1801 (London, 2001), 159-75</mixed-citation>
            </p>
            <p>
               <mixed-citation id="d4856e2751" publication-type="other">
'"Irish Protestants Feel This
Betrayal Keenly...": Home Rule, Rome Rule, and Nonconformity', in D.G. Boyce and R. Swift,
eds., Problems and Perspectives in Irish History Since 1800: Essays in Honour of Patrick Buckland
(Dublin, 2004), 164-79.</mixed-citation>
            </p>
         </fn>
         <fn id="d4856e2767a1310">
            <label>126</label>
            <p>
               <mixed-citation id="d4856e2774" publication-type="other">
Witherow, 'General Assembly of the Irish Church', 726.</mixed-citation>
            </p>
         </fn>
         <fn id="d4856e2781a1310">
            <label>127</label>
            <p>
               <mixed-citation id="d4856e2788" publication-type="other">
G. Macloskie, 'The Changes of a Century: or, Ulster As It Was and As It Is', in The Scotch-
Irish in America. Proceedings and Addresses of the Eighth Congress, at Harrisburg, PA., June 4-7,1896
(Nashville, 1897), 103.</mixed-citation>
            </p>
         </fn>
         <fn id="d4856e2801a1310">
            <label>128</label>
            <p>
               <mixed-citation id="d4856e2808" publication-type="other">
G. Walker, A History of the Ulster Unionist Party: Protest, Pragmatism and Pessimism
(Manchester, 2004), 34—5.</mixed-citation>
            </p>
         </fn>
         <fn id="d4856e2818a1310">
            <label>129</label>
            <p>
               <mixed-citation id="d4856e2825" publication-type="other">
Belfast Evening Telegraph, 2 Sept. 1912.</mixed-citation>
            </p>
         </fn>
      </fn-group>
   </back>
</article>
