<article dtd-version="1.0" article-type="research-article">
   <front>
      <journal-meta>
         <journal-id xmlns:xlink="http://www.w3.org/1999/xlink" journal-id-type="jstor">englhistrevi</journal-id>
         <journal-id xmlns:xlink="http://www.w3.org/1999/xlink" journal-id-type="jstor">j100150</journal-id>
         <journal-title-group xmlns:xlink="http://www.w3.org/1999/xlink">
            <journal-title>The English Historical Review</journal-title>
         </journal-title-group>
         <publisher>
            <publisher-name>Oxford University Press</publisher-name>
         </publisher>
         <issn xmlns:xlink="http://www.w3.org/1999/xlink" pub-type="ppub">00138266</issn>
         <issn xmlns:xlink="http://www.w3.org/1999/xlink" pub-type="epub">14774534</issn>
      </journal-meta>
      <article-meta>
         <article-id xmlns:xlink="http://www.w3.org/1999/xlink" pub-id-type="jstor">3489407</article-id>
         <title-group>
            <article-title>The Hutton Inquiry, the President of Nigeria and What the Butler Hoped to See</article-title>
         </title-group>
         <contrib-group>
            <contrib contrib-type="author">
               <string-name xmlns:xlink="http://www.w3.org/1999/xlink">
                  <given-names>Michael</given-names>
                  <surname>Moss</surname>
               </string-name>
            </contrib>
         </contrib-group>
         <pub-date xmlns:xlink="http://www.w3.org/1999/xlink">
            <day>1</day>
            <month>6</month>
            <year>2005</year>
         </pub-date>
         <volume>120</volume>
         <issue>487</issue>
         <issue-id xmlns:xlink="http://www.w3.org/1999/xlink">i277763</issue-id>
         <fpage>577</fpage>
         <lpage>592</lpage>
         <page-range>577-592</page-range>
         <permissions>
            <copyright-statement>Copyright 2005 Oxford University Press</copyright-statement>
         </permissions>
         <self-uri xmlns:xlink="http://www.w3.org/1999/xlink"
                   xlink:href="http://www.jstor.org/stable/3489407"/>
         <custom-meta-group xmlns:xlink="http://www.w3.org/1999/xlink">
            <custom-meta>
               <meta-name>lang</meta-name>
               <meta-value>eng</meta-value>
            </custom-meta>
         </custom-meta-group>
      </article-meta>
   </front>
   <back>
      <fn-group xmlns:xlink="http://www.w3.org/1999/xlink">
         <title>[Footnotes]</title>
         <fn id="d22732e116a1310">
            <label>1</label>
            <p>
               <mixed-citation id="d22732e123" publication-type="other">
Onora O'Neill, 'Trust and Transparency', BBC - Radio 4, Reith Lectures (2002), 5, available
at http://www.bbc.co.uk/print/radio4/reithzooz/lecture4.shtml?print.</mixed-citation>
            </p>
         </fn>
         <fn id="d22732e133a1310">
            <label>2</label>
            <p>
               <mixed-citation id="d22732e140" publication-type="book">
Onora O'Neill, 'Accuracy, Independence and Trust', in W.G. Runciman (ed.), Hutton and
Butler Lifling the Lid on the Workings of Power (Oxford, 2004), 94.<person-group>
                     <string-name>
                        <surname>O'Neill</surname>
                     </string-name>
                  </person-group>
                  <comment content-type="section">Accuracy, Independence and Trust</comment>
                  <fpage>94</fpage>
                  <source>Hutton and Butler Lifling the Lid on the Workings of Power</source>
                  <year>2004</year>
               </mixed-citation>
            </p>
         </fn>
         <fn id="d22732e172a1310">
            <label>3</label>
            <p>
               <mixed-citation id="d22732e179" publication-type="other">
Hutton Inquiry web site at http://www.the-hutton-inquiry.org.uk/content/</mixed-citation>
            </p>
         </fn>
         <fn id="d22732e186a1310">
            <label>4</label>
            <p>
               <mixed-citation id="d22732e193" publication-type="book">
Anthony Barker 'The Inquiry procedures', in Brain Thomson and F.F.Ridley (eds.), Under
the Scott-Light: British Government Seen through the Scott Report (Oxford, 1977), 1-8<person-group>
                     <string-name>
                        <surname>Barker</surname>
                     </string-name>
                  </person-group>
                  <comment content-type="section">The Inquiry procedures</comment>
                  <fpage>1</fpage>
                  <source>Under the Scott-Light: British Government Seen through the Scott Report</source>
                  <year>1977</year>
               </mixed-citation>
            </p>
         </fn>
         <fn id="d22732e226a1310">
            <label>5</label>
            <p>
               <mixed-citation id="d22732e233" publication-type="journal">
Michael Moss, 'Public Record Office: Good or Bad?', Journal of the Society of Archivists, vii,
no. 3 (April 1983), 156-66<person-group>
                     <string-name>
                        <surname>Moss</surname>
                     </string-name>
                  </person-group>
                  <issue>3</issue>
                  <fpage>156</fpage>
                  <volume>vii</volume>
                  <source>Journal of the Society of Archivists</source>
                  <year>1983</year>
               </mixed-citation>
            </p>
         </fn>
         <fn id="d22732e268a1310">
            <label>6</label>
            <p>
               <mixed-citation id="d22732e275" publication-type="other">
Freedom of Information Act 2000, chap. 36.</mixed-citation>
            </p>
         </fn>
         <fn id="d22732e282a1310">
            <label>7</label>
            <p>
               <mixed-citation id="d22732e289" publication-type="other">
Third Report of the Select Committee on Public Administration, HC 448 (2002-3), available at
http://www.parliament.the-stationery-office.co.uk/pa/cm199798/cmselect/cmpubadm/398-
volI/39802.htm</mixed-citation>
            </p>
         </fn>
         <fn id="d22732e302a1310">
            <label>8</label>
            <p>
               <mixed-citation id="d22732e309" publication-type="other">
'Proposed National Records and Archives Legislation', CP03/01 August 2003, 8</mixed-citation>
            </p>
         </fn>
         <fn id="d22732e316a1310">
            <label>9</label>
            <p>
               <mixed-citation id="d22732e323" publication-type="book">
Review of Intelligence on Weapons of Mass Destruction, Report of a Committee of Privy
Counsellors, HC 898 (London, 2004), 148<fpage>148</fpage>
                  <source>Review of Intelligence on Weapons of Mass Destruction, Report of a Committee of Privy Counsellors</source>
                  <year>2004</year>
               </mixed-citation>
            </p>
         </fn>
         <fn id="d22732e342a1310">
            <label>10</label>
            <p>
               <mixed-citation id="d22732e349" publication-type="journal">
Financial Times, 15 July 2004, 18.<issue>15 July</issue>
                  <fpage>18</fpage>
                  <source>Financial Times</source>
                  <year>2004</year>
               </mixed-citation>
            </p>
         </fn>
         <fn id="d22732e369a1310">
            <label>11</label>
            <p>
               <mixed-citation id="d22732e376" publication-type="other">
Hutton Inquiry web site, Hearing Transcripts, Monday 18 August 2003, morning, para. 95.</mixed-citation>
            </p>
         </fn>
         <fn id="d22732e383a1310">
            <label>12</label>
            <p>
               <mixed-citation id="d22732e390" publication-type="other">
BBC Today programme, 24 January 2004, 7.33 a.m.</mixed-citation>
            </p>
         </fn>
         <fn id="d22732e397a1310">
            <label>13</label>
            <p>
               <mixed-citation id="d22732e404" publication-type="other">
e-Government Electronic Records Management, second version 2001, available at http://www.
e-envoy.gov.uk.</mixed-citation>
            </p>
         </fn>
         <fn id="d22732e414a1310">
            <label>14</label>
            <p>
               <mixed-citation id="d22732e421" publication-type="other">
Ibid., 6, 9 and 24.</mixed-citation>
            </p>
         </fn>
         <fn id="d22732e428a1310">
            <label>15</label>
            <p>
               <mixed-citation id="d22732e435" publication-type="journal">
Financial Times, 24 January 2004, 10.<issue>24 January</issue>
                  <fpage>10</fpage>
                  <source>Financial Times</source>
                  <year>2004</year>
               </mixed-citation>
            </p>
         </fn>
         <fn id="d22732e454a1310">
            <label>16</label>
            <p>
               <mixed-citation id="d22732e461" publication-type="other">
http://www.the-hutton-inquiry.org.uk/content/evidence-lists/evidence-dos.htm.</mixed-citation>
            </p>
         </fn>
         <fn id="d22732e469a1310">
            <label>17</label>
            <p>
               <mixed-citation id="d22732e476" publication-type="book">
Edwin Green and Michael Moss, A Business of National Importance: The Royal Mail Shipping
Group, 1902-1937 (London, 1982).<person-group>
                     <string-name>
                        <surname>Green</surname>
                     </string-name>
                  </person-group>
                  <source>A Business of National Importance: The Royal Mail Shipping Group, 1902-1937</source>
                  <year>1982</year>
               </mixed-citation>
            </p>
         </fn>
         <fn id="d22732e501a1310">
            <label>18</label>
            <p>
               <mixed-citation id="d22732e508" publication-type="book">
Secnd Report of the Royal Commission on Civil Establishments (1888), Minutes of Evidence,
xii, 195.<fpage>195</fpage>
                  <volume>xii</volume>
                  <source>Secnd Report of the Royal Commission on Civil Establishments</source>
                  <year>1888</year>
               </mixed-citation>
            </p>
         </fn>
         <fn id="d22732e531a1310">
            <label>19</label>
            <p>
               <mixed-citation id="d22732e538" publication-type="other">
Letter from Sir William Kerr Fraser to the author, 18 September 2004.</mixed-citation>
            </p>
         </fn>
         <fn id="d22732e545a1310">
            <label>20</label>
            <p>
               <mixed-citation id="d22732e552" publication-type="other">
Report Of The Board Of Banking Supervision Inquiry Into The Circumstances Of The Collapse
Of Barings, 18 July 1995, available at http://www.numa.com/ref/barings/bar03.htm#13.13</mixed-citation>
            </p>
         </fn>
         <fn id="d22732e562a1310">
            <label>21</label>
            <p>
               <mixed-citation id="d22732e569" publication-type="book">
Edward A. Cole, Filing Systems (London, 1913), 5-6.<person-group>
                     <string-name>
                        <surname>Cole</surname>
                     </string-name>
                  </person-group>
                  <fpage>5</fpage>
                  <source>Filing Systems</source>
                  <year>1913</year>
               </mixed-citation>
            </p>
         </fn>
         <fn id="d22732e594a1310">
            <label>22</label>
            <p>
               <mixed-citation id="d22732e601" publication-type="other">
National Archives (TNA) at T199/90 Committee on Treasury
Registry Report</mixed-citation>
            </p>
         </fn>
         <fn id="d22732e612a1310">
            <label>23</label>
            <p>
               <mixed-citation id="d22732e619" publication-type="journal">
National Archives of Scotland, SOE 4/65, Review of Registry Services by Organisation and
Methods Division of HM Treasury, February 1961, 5<issue>February</issue>
                  <fpage>5</fpage>
                  <source>Review of Registry Services by Organisation and Methods Division of HM Treasury</source>
                  <year>1961</year>
               </mixed-citation>
            </p>
         </fn>
         <fn id="d22732e642a1310">
            <label>24</label>
            <p>
               <mixed-citation id="d22732e649" publication-type="other">
Ibid., 2.</mixed-citation>
            </p>
         </fn>
         <fn id="d22732e656a1310">
            <label>25</label>
            <p>
               <mixed-citation id="d22732e663" publication-type="book">
Government of Zanzibar - Classification and Filing of Correspondence (Zanzibar, 1914)<source>Government of Zanzibar - Classification and Filing of Correspondence</source>
                  <year>1914</year>
               </mixed-citation>
            </p>
         </fn>
         <fn id="d22732e676a1310">
            <label>26</label>
            <p>
               <mixed-citation id="d22732e683" publication-type="other">
TNA T199/90, op. cit</mixed-citation>
            </p>
         </fn>
         <fn id="d22732e690a1310">
            <label>27</label>
            <p>
               <mixed-citation id="d22732e697" publication-type="other">
Ibid., Matthews to Fisher, 1 December 1919.</mixed-citation>
            </p>
         </fn>
         <fn id="d22732e704a1310">
            <label>28</label>
            <p>
               <mixed-citation id="d22732e711" publication-type="other">
TNA, CAB 21/2387, memorandum A. G. Banks to Colonel Ives, 1937.</mixed-citation>
            </p>
         </fn>
         <fn id="d22732e719a1310">
            <label>29</label>
            <p>
               <mixed-citation id="d22732e726" publication-type="other">
Ibid., Ismay to Hepworth, 12 August 1937</mixed-citation>
            </p>
         </fn>
         <fn id="d22732e733a1310">
            <label>30</label>
            <p>
               <mixed-citation id="d22732e740" publication-type="other">
Ibid., Hepworth to Ismay, 14 October 1937.</mixed-citation>
            </p>
         </fn>
         <fn id="d22732e747a1310">
            <label>31</label>
            <p>
               <mixed-citation id="d22732e754" publication-type="other">
Ibid., S. P. Stanley to Leslie Hollis, 17 October 1939, and memorandum, 12 October 1939.</mixed-citation>
            </p>
         </fn>
         <fn id="d22732e761a1310">
            <label>32</label>
            <p>
               <mixed-citation id="d22732e768" publication-type="other">
TNA FO366/1970</mixed-citation>
            </p>
         </fn>
         <fn id="d22732e775a1310">
            <label>33</label>
            <p>
               <mixed-citation id="d22732e782" publication-type="other">
NAS SOE 4/65, op. cit., 1, 3, and 7.</mixed-citation>
            </p>
         </fn>
         <fn id="d22732e789a1310">
            <label>34</label>
            <p>
               <mixed-citation id="d22732e796" publication-type="journal">
Grigg Report, July 1954, cmd. 9163.<issue>July</issue>
                  <source>Grigg Report</source>
                  <year>1954</year>
               </mixed-citation>
            </p>
         </fn>
         <fn id="d22732e813a1310">
            <label>35</label>
            <p>
               <mixed-citation id="d22732e820" publication-type="book">
Henry Rosevere, The Evolution ofa British Institution: The Treasury (London, 1969), 246.<person-group>
                     <string-name>
                        <surname>Rosevere</surname>
                     </string-name>
                  </person-group>
                  <fpage>246</fpage>
                  <source>The Evolution ofa British Institution: The Treasury</source>
                  <year>1969</year>
               </mixed-citation>
            </p>
         </fn>
         <fn id="d22732e845a1310">
            <label>36</label>
            <p>
               <mixed-citation id="d22732e852" publication-type="other">
Sir William Kerr Fraser to the author, 18 September 2004.</mixed-citation>
            </p>
         </fn>
         <fn id="d22732e859a1310">
            <label>37</label>
            <p>
               <mixed-citation id="d22732e866" publication-type="book">
Introduction to Filing and Letter Writing in the Home Office (ISBN 0903727404), 1976,
available in the British Library.<source>Introduction to Filing and Letter Writing in the Home Office</source>
                  <year>1976</year>
               </mixed-citation>
            </p>
         </fn>
         <fn id="d22732e882a1310">
            <label>38</label>
            <p>
               <mixed-citation id="d22732e889" publication-type="other">
Butler Report, 147-8.</mixed-citation>
            </p>
         </fn>
         <fn id="d22732e896a1310">
            <label>39</label>
            <p>
               <mixed-citation id="d22732e903" publication-type="other">
The DIRKS methodology - a users guide, section I.I, available at http://www.naa.gov.au/
recordkeeping/dirks/dirksman/parti.html#bgI</mixed-citation>
            </p>
         </fn>
         <fn id="d22732e913a1310">
            <label>40</label>
            <p>
               <mixed-citation id="d22732e920" publication-type="other">
Marilyn Strathern, 'Abstraction and decontextualisation: an anthropological comment or:
e for ethnography', 2000, available at http://virtualsociety.sbs.ox.ac.uk/GRpapers/strathern.htm
(March 2005).</mixed-citation>
            </p>
         </fn>
         <fn id="d22732e934a1310">
            <label>41</label>
            <p>
               <mixed-citation id="d22732e941" publication-type="other">
http://www.hm-treasury.gov.uk/budget/budget_o4/bud_budo4_index.cfm</mixed-citation>
            </p>
         </fn>
         <fn id="d22732e948a1310">
            <label>42</label>
            <p>
               <mixed-citation id="d22732e955" publication-type="other">
'Proposed National Records and Archives Legislation', op. cit., 17.</mixed-citation>
            </p>
         </fn>
         <fn id="d22732e962a1310">
            <label>43</label>
            <p>
               <mixed-citation id="d22732e969" publication-type="other">
Requirementsfor Electronic Records Management Systems (Public Record Office, 2002), avail-
able at http://www.nationalarchives.gov.uklelectronicrecords/reqs2002/pdf/requirementsfinal.pdf.</mixed-citation>
            </p>
         </fn>
         <fn id="d22732e979a1310">
            <label>44</label>
            <p>
               <mixed-citation id="d22732e986" publication-type="other">
Ibid., para A2.12.</mixed-citation>
            </p>
         </fn>
         <fn id="d22732e993a1310">
            <label>45</label>
            <p>
               <mixed-citation id="d22732e1000" publication-type="other">
Ibid., para A2.8.</mixed-citation>
            </p>
         </fn>
         <fn id="d22732e1007a1310">
            <label>46</label>
            <p>
               <mixed-citation id="d22732e1014" publication-type="other">
Ibid., para A2.17.</mixed-citation>
            </p>
         </fn>
         <fn id="d22732e1022a1310">
            <label>47</label>
            <p>
               <mixed-citation id="d22732e1029" publication-type="other">
Introduction to Filing, 20</mixed-citation>
            </p>
         </fn>
         <fn id="d22732e1036a1310">
            <label>48</label>
            <p>
               <mixed-citation id="d22732e1043" publication-type="other">
Systems for applying persistent identifiers to electronic objectives are being investigated by
the Erpanet (http://www.erpanet.org/) and the Digital Curation Centre (http://www.dcc.ac.uk/)</mixed-citation>
            </p>
         </fn>
         <fn id="d22732e1053a1310">
            <label>49</label>
            <p>
               <mixed-citation id="d22732e1060" publication-type="other">
e-Government Interoperability Framework, Version 6.0 30 April 2004, available at http://
www.govtalk.gov.uk.</mixed-citation>
            </p>
         </fn>
         <fn id="d22732e1070a1310">
            <label>50</label>
            <p>
               <mixed-citation id="d22732e1077" publication-type="other">
Ibid., 17.</mixed-citation>
            </p>
         </fn>
         <fn id="d22732e1084a1310">
            <label>51</label>
            <p>
               <mixed-citation id="d22732e1091" publication-type="other">
http://www.govtalk.gov.uk/schemasstandards/metadatadocument.asp?docnum=872</mixed-citation>
            </p>
         </fn>
         <fn id="d22732e1098a1310">
            <label>52</label>
            <p>
               <mixed-citation id="d22732e1105" publication-type="journal">
Alistair Tough and Michael Moss, 'Metadata, Controlled Vocabulary and Directories:
Electronic Document Management and Standards for Records Management', Records Management
Journal, xiii, no. I (2003), 24-31.<person-group>
                     <string-name>
                        <surname>Tough</surname>
                     </string-name>
                  </person-group>
                  <issue>I</issue>
                  <fpage>24</fpage>
                  <volume>xiii</volume>
                  <source>Records Management Journal</source>
                  <year>2003</year>
               </mixed-citation>
            </p>
         </fn>
         <fn id="d22732e1144a1310">
            <label>53</label>
            <p>
               <mixed-citation id="d22732e1151" publication-type="other">
JISC-funded Effective Records Management project at the University of
Glasgow, http://www.gla.ac.uk/InfoStrat/ERM/</mixed-citation>
            </p>
            <p>
               <mixed-citation id="d22732e1160" publication-type="other">
Piers Cain and Laura Miller, 'The Implication of
Electronic Records', available at http://www.acarm.org/documents/implications.pdf and the
records of the Pittsburg project, which can be found at http://web.archive.org/web/*/www.sis.pitt.
edu/-nhprc</mixed-citation>
            </p>
         </fn>
         <fn id="d22732e1176a1310">
            <label>54</label>
            <p>
               <mixed-citation id="d22732e1183" publication-type="other">
Butler Report, 146-8.</mixed-citation>
            </p>
         </fn>
         <fn id="d22732e1190a1310">
            <label>55</label>
            <p>
               <mixed-citation id="d22732e1197" publication-type="other">
'Proposed National Records and Archives Legislation', 8.</mixed-citation>
            </p>
         </fn>
         <fn id="d22732e1204a1310">
            <label>56</label>
            <p>
               <mixed-citation id="d22732e1211" publication-type="other">
Ibid., 15.</mixed-citation>
            </p>
         </fn>
         <fn id="d22732e1218a1310">
            <label>57</label>
            <p>
               <mixed-citation id="d22732e1225" publication-type="other">
TNA, op. cit., 20.</mixed-citation>
            </p>
         </fn>
         <fn id="d22732e1232a1310">
            <label>58</label>
            <p>
               <mixed-citation id="d22732e1239" publication-type="other">
Ibid., 28.</mixed-citation>
            </p>
         </fn>
         <fn id="d22732e1247a1310">
            <label>59</label>
            <p>
               <mixed-citation id="d22732e1254" publication-type="book">
Sir Hilary Jenkinson, 'The English Archivist: A New Profession', Selected Writings of Sir
Hilary Jenkinson (Gloucester, 1980), 258.<person-group>
                     <string-name>
                        <surname>Jenkinson</surname>
                     </string-name>
                  </person-group>
                  <comment content-type="section">The English Archivist: A New Profession</comment>
                  <fpage>258</fpage>
                  <source>Selected Writings of Sir Hilary Jenkinson</source>
                  <year>1980</year>
               </mixed-citation>
            </p>
         </fn>
         <fn id="d22732e1286a1310">
            <label>60</label>
            <p>
               <mixed-citation id="d22732e1293" publication-type="other">
'Proposed National Records and Archives Legislation', 3.</mixed-citation>
            </p>
         </fn>
      </fn-group>
   </back>
</article>
