<article dtd-version="1.0" article-type="research-article">
   <front>
      <journal-meta>
         <journal-id xmlns:xlink="http://www.w3.org/1999/xlink" journal-id-type="jstor">englhistrevi</journal-id>
         <journal-id xmlns:xlink="http://www.w3.org/1999/xlink" journal-id-type="jstor">j100150</journal-id>
         <journal-title-group xmlns:xlink="http://www.w3.org/1999/xlink">
            <journal-title>The English Historical Review</journal-title>
         </journal-title-group>
         <publisher>
            <publisher-name>Oxford University Press</publisher-name>
         </publisher>
         <issn xmlns:xlink="http://www.w3.org/1999/xlink" pub-type="ppub">00138266</issn>
         <issn xmlns:xlink="http://www.w3.org/1999/xlink" pub-type="epub">14774534</issn>
      </journal-meta>
      <article-meta>
         <article-id xmlns:xlink="http://www.w3.org/1999/xlink" pub-id-type="jstor">3489225</article-id>
         <title-group>
            <article-title>Society, Resistance and Revolution: The Budapest Middle Class and the Hungarian Communist State 1948-56</article-title>
         </title-group>
         <contrib-group>
            <contrib contrib-type="author">
               <string-name xmlns:xlink="http://www.w3.org/1999/xlink">
                  <given-names>James</given-names>
                  <surname>Mark</surname>
               </string-name>
            </contrib>
         </contrib-group>
         <pub-date xmlns:xlink="http://www.w3.org/1999/xlink">
            <day>1</day>
            <month>9</month>
            <year>2005</year>
         </pub-date>
         <volume>120</volume>
         <issue>488</issue>
         <issue-id xmlns:xlink="http://www.w3.org/1999/xlink">i277764</issue-id>
         <fpage>963</fpage>
         <lpage>986</lpage>
         <page-range>963-986</page-range>
         <permissions>
            <copyright-statement>Copyright 2005 Oxford University Press</copyright-statement>
         </permissions>
         <self-uri xmlns:xlink="http://www.w3.org/1999/xlink"
                   xlink:href="http://www.jstor.org/stable/3489225"/>
         <custom-meta-group xmlns:xlink="http://www.w3.org/1999/xlink">
            <custom-meta>
               <meta-name>lang</meta-name>
               <meta-value>eng</meta-value>
            </custom-meta>
         </custom-meta-group>
      </article-meta>
   </front>
   <back>
      <fn-group xmlns:xlink="http://www.w3.org/1999/xlink">
         <title>[Footnotes]</title>
         <fn id="d7400e116a1310">
            <label>1</label>
            <p>
               <mixed-citation id="d7400e123" publication-type="book">
H. Nyyessön, The Presence of the Past in Politics: '1956'
after 1956 in Hungary (Jyväskylä, 1999), 178-81, 245-51<person-group>
                     <string-name>
                        <surname>Nyyessön</surname>
                     </string-name>
                  </person-group>
                  <fpage>178</fpage>
                  <source>The Presence of the Past in Politics: '1956' after 1956 in Hungary</source>
                  <year>1999</year>
               </mixed-citation>
            </p>
         </fn>
         <fn id="d7400e152a1310">
            <label>2</label>
            <p>
               <mixed-citation id="d7400e159" publication-type="book">
I. Rév, 'Counterrevolution', in S. Antohi and V. Tismaneanu (eds), Between Past and Future:
The Revolutions of 1989 and Their Aftermath (Budapest, 2000), 247-71<comment content-type="section">Counterrevolution</comment>
                  <fpage>247</fpage>
                  <source>Between Past and Future: The Revolutions of 989 and Their Aftermath</source>
                  <year>2000</year>
               </mixed-citation>
            </p>
            <p>
               <mixed-citation id="d7400e181" publication-type="journal">
M. Temple, 'The Politicisation of History: Marshal Antonescu and Romania', Eastern European
Politics and Societies, x (1996), 457-503<person-group>
                     <string-name>
                        <surname>Temple</surname>
                     </string-name>
                  </person-group>
                  <fpage>457</fpage>
                  <volume>x</volume>
                  <source>Eastern European Politics and Societies</source>
                  <year>1996</year>
               </mixed-citation>
            </p>
         </fn>
         <fn id="d7400e213a1310">
            <label>3</label>
            <p>
               <mixed-citation id="d7400e220" publication-type="journal">
I. Rév, 'The Necronym',
Representations, lxiv (1998), 78-108<fpage>78</fpage>
                  <volume>lxiv</volume>
                  <source>Representations</source>
                  <year>1998</year>
               </mixed-citation>
            </p>
         </fn>
         <fn id="d7400e243a1310">
            <label>4</label>
            <p>
               <mixed-citation id="d7400e250" publication-type="book">
R. S.
Watson (ed.), Memory, History and Opposition Under State Socialism (Santa Fe, 1994)<person-group>
                     <string-name>
                        <surname>Watson</surname>
                     </string-name>
                  </person-group>
                  <source>Memory, History and Opposition Under State Socialism</source>
                  <year>1994</year>
               </mixed-citation>
            </p>
         </fn>
         <fn id="d7400e276a1310">
            <label>5</label>
            <p>
               <mixed-citation id="d7400e283" publication-type="book">
G. Ekiert, The State Against Society: Political Crises and their Aftermath in East
Central Europe (Princeton, 1996)<person-group>
                     <string-name>
                        <surname>Ekiert</surname>
                     </string-name>
                  </person-group>
                  <source>The State Against Society: Political Crises and their Aftermath in East Central Europe</source>
                  <year>1996</year>
               </mixed-citation>
            </p>
            <p>
               <mixed-citation id="d7400e307" publication-type="book">
J. C. Scott, Domination and the Arts of Resistance (New
Haven and London, 1990)<person-group>
                     <string-name>
                        <surname>Scott</surname>
                     </string-name>
                  </person-group>
                  <source>Domination and the Arts of Resistance</source>
                  <year>1990</year>
               </mixed-citation>
            </p>
         </fn>
         <fn id="d7400e332a1310">
            <label>6</label>
            <p>
               <mixed-citation id="d7400e339" publication-type="book">
J. Staniszkis, The Ontology of Socialism (Oxford, 1992), 127-31<person-group>
                     <string-name>
                        <surname>Staniszkis</surname>
                     </string-name>
                  </person-group>
                  <fpage>127</fpage>
                  <source>The Ontology of Socialism</source>
                  <year>1992</year>
               </mixed-citation>
            </p>
            <p>
               <mixed-citation id="d7400e363" publication-type="book">
J.K. Coetzee and H. Otakar, 'Oppression, Resistance and Imprisonment', in K. L. Rogers,
S. Leydesdorff and G. Dawson (ed.), Trauma and Life Stories: International Perspectives (Lon-
don and New York, 1999), 80-94<person-group>
                     <string-name>
                        <surname>Coetzee</surname>
                     </string-name>
                  </person-group>
                  <comment content-type="section">Oppression, Resistance and Imprisonment</comment>
                  <fpage>80</fpage>
                  <source>Trauma and Life Stories: International Perspectives</source>
                  <year>1999</year>
               </mixed-citation>
            </p>
         </fn>
         <fn id="d7400e398a1310">
            <label>7</label>
            <p>
               <mixed-citation id="d7400e405" publication-type="other">
Communists in 1948</mixed-citation>
            </p>
            <p>
               <mixed-citation id="d7400e411" publication-type="book">
G. Gyáni and G. Köver, Magyarország Társadalom Törtinete. A Reformkortól a Második
Vildghdboruig (Budapest, 1998), 224-54<person-group>
                     <string-name>
                        <surname>Gyáni</surname>
                     </string-name>
                  </person-group>
                  <fpage>224</fpage>
                  <source>Magyarorszdg Tdrsadalom Ti'rtinete. A Reformkortdl a Mdsodik Vildghdboruig</source>
                  <year>1998</year>
               </mixed-citation>
            </p>
         </fn>
         <fn id="d7400e440a1310">
            <label>8</label>
            <p>
               <mixed-citation id="d7400e447" publication-type="journal">
J. Mark, 'Discrimination, Opportunity and Middle Class Success in early Communist
Hungary', Historical Journal, June 2005<person-group>
                     <string-name>
                        <surname>Mark</surname>
                     </string-name>
                  </person-group>
                  <issue>June</issue>
                  <source>Historical Journal</source>
                  <year>2005</year>
               </mixed-citation>
            </p>
         </fn>
         <fn id="d7400e476a1310">
            <label>10</label>
            <p>
               <mixed-citation id="d7400e483" publication-type="journal">
C. Wrigley, 'The Red Menace: The Russian Revolution and Europe', Modern History Review,
v (1994), 20-3<person-group>
                     <string-name>
                        <surname>Wrigley</surname>
                     </string-name>
                  </person-group>
                  <fpage>20</fpage>
                  <volume>v</volume>
                  <source>Modern History Review</source>
                  <year>1994</year>
               </mixed-citation>
            </p>
            <p>
               <mixed-citation id="d7400e514" publication-type="book">
F. Erdei, Selected Writings, ed. T. Huszir (Budapest, 1988), 45-54<person-group>
                     <string-name>
                        <surname>Erdei</surname>
                     </string-name>
                  </person-group>
                  <fpage>45</fpage>
                  <source>Selected Writings</source>
                  <year>1988</year>
               </mixed-citation>
            </p>
            <p>
               <mixed-citation id="d7400e538" publication-type="book">
G. Szekffi, Hdrom
Nemzedk e's Ami Utdna Kiivetkezik (Budapest, 1935)<person-group>
                     <string-name>
                        <surname>Szekffi</surname>
                     </string-name>
                  </person-group>
                  <source>Hdrom Nemzedk e's Ami Utdna Kiivetkezik</source>
                  <year>1935</year>
               </mixed-citation>
            </p>
            <p>
               <mixed-citation id="d7400e563" publication-type="book">
Gyaini and
K6v'r, Magyarorszdg Tdrsadalom Tiirtenete, 224-7<person-group>
                     <string-name>
                        <surname>Gyaini</surname>
                     </string-name>
                  </person-group>
                  <fpage>224</fpage>
                  <source>Magyarorszdg Tdrsadalom Tiirtenete</source>
               </mixed-citation>
            </p>
         </fn>
         <fn id="d7400e588a1310">
            <label>12</label>
            <p>
               <mixed-citation id="d7400e595" publication-type="book">
Gy. Gyarmati, J. Botos, T. Zinner and M. Korom, Magyar Hetkiznapok Rdkosi Mdtyds
Kit Emigrdcidja Kiizitt 194y-1956 (Budapest, 1988), 114-20<person-group>
                     <string-name>
                        <surname>Gyarmati</surname>
                     </string-name>
                  </person-group>
                  <fpage>114</fpage>
                  <source>Magyar Hetkiznapok Rdkosi Mdtyds Kit Emigrdcidja Kiizitt 194y-1956</source>
                  <year>1988</year>
               </mixed-citation>
            </p>
            <p>
               <mixed-citation id="d7400e623" publication-type="book">
Gy. Gyarmati, 'Harc a kbzigazgatsis
birtoklisaidrt. A koalfci6n beliili pirtkiizdelmek az 1946. evi hatalmi dualizmus id6szakiban',
Szdzadok, iii (1996), 497-570<person-group>
                     <string-name>
                        <surname>Gyarmati</surname>
                     </string-name>
                  </person-group>
                  <fpage>497</fpage>
                  <volume>iii</volume>
                  <source>Szdzadok</source>
                  <year>1996</year>
               </mixed-citation>
            </p>
            <p>
               <mixed-citation id="d7400e657" publication-type="book">
L. Karsai, 'The People's Courts and Revolutionary Justice in Hungary 1945-46', in
I. Deak, J. T. Gross and T. Judt, The Politics of Retribution in Europe. World War Two and Its
Aftermath (Princeton, 2000), 233<person-group>
                     <string-name>
                        <surname>Karsai</surname>
                     </string-name>
                  </person-group>
                  <comment content-type="section">The People's Courts and Revolutionary Justice in Hungary 1945-46</comment>
                  <fpage>233</fpage>
                  <source>The Politics of Retribution in Europe. World War Two and Its Aftermath</source>
                  <year>2000</year>
               </mixed-citation>
            </p>
         </fn>
         <fn id="d7400e693a1310">
            <label>14</label>
            <p>
               <mixed-citation id="d7400e700" publication-type="book">
I. Bib6, 'The Crisis of Hungarian Democracy', in idem., Democracy, Revolution,
Self-Determination (New York, 1991), 107-8<comment content-type="section">The Crisis of Hungarian Democracy</comment>
                  <fpage>107</fpage>
                  <source>Democracy, Revolution, Self-Determination</source>
                  <year>1991</year>
               </mixed-citation>
            </p>
            <p>
               <mixed-citation id="d7400e722" publication-type="book">
M. Szab6, 'Magyar nemzettudat-problkmfik
a huszadik szazad misodik felkben', in N. Fokasz and A. Orkiny (eds), Magyarorszdg
Tdtrsadalomtiirtenete 1945-1989 (Budapest, 1999), ii, 304<person-group>
                     <string-name>
                        <surname>Szab6</surname>
                     </string-name>
                  </person-group>
                  <comment content-type="section">Magyar nemzettudat-problkmfik a huszadik szazad misodik felkben</comment>
                  <fpage>304</fpage>
                  <volume>ii</volume>
                  <source>Magyarorszdg Tdtrsadalomtiirtenete 1945-1989</source>
                  <year>1999</year>
               </mixed-citation>
            </p>
         </fn>
         <fn id="d7400e760a1310">
            <label>15</label>
            <p>
               <mixed-citation id="d7400e767" publication-type="other">
J. Wittenberg, 'Did Communism Matter? Explaining Political Continuity and
Discontinuity' (Ph.D. diss., Massachusetts Institute of Technology, 1999), 160-86</mixed-citation>
            </p>
         </fn>
         <fn id="d7400e777a1310">
            <label>17</label>
            <p>
               <mixed-citation id="d7400e784" publication-type="journal">
A Nagy Imre-csoport kialakulasa es tev kenysige
1955. iaprilis-1956.jilius', Tdrsadalmi Szemle, xlvii (1992), 89-95<fpage>89</fpage>
                  <volume>xlvii</volume>
                  <source>Tdrsadalmi Szemle</source>
                  <year>1992</year>
               </mixed-citation>
            </p>
         </fn>
         <fn id="d7400e807a1310">
            <label>18</label>
            <p>
               <mixed-citation id="d7400e814" publication-type="book">
Z. L. Nagy, The Liberal Opposition in Hungary 1919-45 (Budapest, 1983), 30<person-group>
                     <string-name>
                        <surname>Nagy</surname>
                     </string-name>
                  </person-group>
                  <fpage>30</fpage>
                  <source>The Liberal Opposition in Hungary 1919-45</source>
                  <year>1983</year>
               </mixed-citation>
            </p>
            <p>
               <mixed-citation id="d7400e838" publication-type="other">
Bib6, 'Crisis',
134-6</mixed-citation>
            </p>
         </fn>
         <fn id="d7400e848a1310">
            <label>20</label>
            <p>
               <mixed-citation id="d7400e855" publication-type="book">
I. Romsics, Hungary in the Twentieth Century
(Budapest, 1999), 219-20<person-group>
                     <string-name>
                        <surname>Romsics</surname>
                     </string-name>
                  </person-group>
                  <fpage>219</fpage>
                  <source>Hungary in the Twentieth Century</source>
                  <year>1999</year>
               </mixed-citation>
            </p>
            <p>
               <mixed-citation id="d7400e883" publication-type="journal">
C. Gati, 'Eastern Europe before
Cominform. The Democratic Interlude in Post-War Hungary', Survey, xxviii (1984), 99-134<person-group>
                     <string-name>
                        <surname>Gati</surname>
                     </string-name>
                  </person-group>
                  <fpage>99</fpage>
                  <volume>xxviii</volume>
                  <source>Survey</source>
                  <year>1984</year>
               </mixed-citation>
            </p>
         </fn>
         <fn id="d7400e915a1310">
            <label>22</label>
            <p>
               <mixed-citation id="d7400e922" publication-type="other">
Scott, Domination, ch. 7</mixed-citation>
            </p>
            <p>
               <mixed-citation id="d7400e928" publication-type="other">
M. Pittaway, 'Industrial
Workers, Socialist Industrialisation and the State in Hungary, 1948-1958' (Ph.D. thesis, University
of Liverpool, 1998), 327-33</mixed-citation>
            </p>
         </fn>
         <fn id="d7400e942a1310">
            <label>23</label>
            <p>
               <mixed-citation id="d7400e949" publication-type="journal">
F. Mucsi, 'A polgairi radikalizmus Magyarorszigon 1900-1914', Trtinelmi Szemle, xx (1977),
280-314<person-group>
                     <string-name>
                        <surname>Mucsi</surname>
                     </string-name>
                  </person-group>
                  <fpage>280</fpage>
                  <volume>xx</volume>
                  <source>Trtinelmi Szemle</source>
                  <year>1977</year>
               </mixed-citation>
            </p>
            <p>
               <mixed-citation id="d7400e980" publication-type="book">
T. Huszir, Nemzetldt-Nemzettudat-trtelmisdg (Budapest, 1984), 150-86.<person-group>
                     <string-name>
                        <surname>Huszir</surname>
                     </string-name>
                  </person-group>
                  <fpage>150</fpage>
                  <source>Nemzetldt-Nemzettudat-trtelmisdg</source>
                  <year>1984</year>
               </mixed-citation>
            </p>
         </fn>
         <fn id="d7400e1005a1310">
            <label>24</label>
            <p>
               <mixed-citation id="d7400e1012" publication-type="book">
O. Jaszi,
Revolution and Counter-revolution in Hungary (Westminster, 1924), 115-17<person-group>
                     <string-name>
                        <surname>Jaszi</surname>
                     </string-name>
                  </person-group>
                  <fpage>115</fpage>
                  <source>Revolution and Counter-revolution in Hungary</source>
                  <year>1924</year>
               </mixed-citation>
            </p>
         </fn>
         <fn id="d7400e1041a1310">
            <label>25</label>
            <p>
               <mixed-citation id="d7400e1048" publication-type="book">
Nagy, Liberal Opposition, 30<person-group>
                     <string-name>
                        <surname>Nagy</surname>
                     </string-name>
                  </person-group>
                  <fpage>30</fpage>
                  <source>Liberal Opposition</source>
               </mixed-citation>
            </p>
            <p>
               <mixed-citation id="d7400e1069" publication-type="book">
M. M. Kovaics, Liberal Prof Essions and Illiberal Politics. Hungary
from the Habsburgs to the Holocaust (Oxford, 1994), 42<person-group>
                     <string-name>
                        <surname>Kovaics</surname>
                     </string-name>
                  </person-group>
                  <fpage>42</fpage>
                  <source>Liberal Prof Essions and Illiberal Politics. Hungary from the Habsburgs to the Holocaust</source>
                  <year>1994</year>
               </mixed-citation>
            </p>
            <p>
               <mixed-citation id="d7400e1097" publication-type="book">
M. Lack6, 'A Zsid6 lrtelmisdg a Holocaust Eldtt', Magyar Tudomdny, xxxix
(1994), 651-8<person-group>
                     <string-name>
                        <surname>Lack6</surname>
                     </string-name>
                  </person-group>
                  <fpage>651</fpage>
                  <volume>xxxix</volume>
                  <source>Magyar Tudomdny</source>
                  <year>1994</year>
               </mixed-citation>
            </p>
         </fn>
         <fn id="d7400e1129a1310">
            <label>26</label>
            <p>
               <mixed-citation id="d7400e1136" publication-type="other">
Bib6, 'Crisis', 89</mixed-citation>
            </p>
         </fn>
         <fn id="d7400e1143a1310">
            <label>27</label>
            <p>
               <mixed-citation id="d7400e1150" publication-type="journal">
C. Gati, 'Modernisa-
tion and Communist Power in Hungary', East European Quarterly, x (1971), 325-59<person-group>
                     <string-name>
                        <surname>Gati</surname>
                     </string-name>
                  </person-group>
                  <fpage>325</fpage>
                  <volume>x</volume>
                  <source>East European Quarterly</source>
                  <year>1971</year>
               </mixed-citation>
            </p>
         </fn>
         <fn id="d7400e1182a1310">
            <label>28</label>
            <p>
               <mixed-citation id="d7400e1189" publication-type="book">
T. Aczdl and
T. M&amp;ray, Revolt of the Mind (London, 1960)<person-group>
                     <string-name>
                        <surname>Aczdl</surname>
                     </string-name>
                  </person-group>
                  <source>Revolt of the Mind</source>
                  <year>1960</year>
               </mixed-citation>
            </p>
            <p>
               <mixed-citation id="d7400e1213" publication-type="book">
I. T. Berend, A Tiirtinelem- Ahogyan Megdltem (Budapest, 1997)<person-group>
                     <string-name>
                        <surname>Berend</surname>
                     </string-name>
                  </person-group>
                  <source>A Tiirtinelem- Ahogyan Megdltem</source>
                  <year>1997</year>
               </mixed-citation>
            </p>
            <p>
               <mixed-citation id="d7400e1234" publication-type="book">
A. Hegediis, Tiirtinelem is a
Hatalom Igdzetdben: ,letrajzi Elemzdsek (Budapest, 1988)<person-group>
                     <string-name>
                        <surname>Hegediis</surname>
                     </string-name>
                  </person-group>
                  <source>Tiirtinelem is a Hatalom Igdzetdben: ,letrajzi Elemzdsek</source>
                  <year>1988</year>
               </mixed-citation>
            </p>
         </fn>
         <fn id="d7400e1260a1310">
            <label>29</label>
            <p>
               <mixed-citation id="d7400e1267" publication-type="book">
L. Passerini, Fascism in Popular Memory. The
Cultural Experience of the Turin Working Class (London, 1984), 68-80<person-group>
                     <string-name>
                        <surname>Passerini</surname>
                     </string-name>
                  </person-group>
                  <fpage>68</fpage>
                  <source>Fascism in Popular Memory. The Cultural Experience of the Turin Working Class</source>
                  <year>1984</year>
               </mixed-citation>
            </p>
         </fn>
         <fn id="d7400e1296a1310">
            <label>31</label>
            <p>
               <mixed-citation id="d7400e1303" publication-type="book">
J. M. Rainer, Nagy Imre: Politikai
Eletrajz II. 1953-8 (Budapest, 1999), 9-140<person-group>
                     <string-name>
                        <surname>Rainer</surname>
                     </string-name>
                  </person-group>
                  <fpage>9</fpage>
                  <source>Nagy Imre: Politikai Eletrajz II. 1953-8</source>
                  <year>1999</year>
               </mixed-citation>
            </p>
         </fn>
         <fn id="d7400e1332a1310">
            <label>33</label>
            <p>
               <mixed-citation id="d7400e1339" publication-type="journal">
J. W. Mason, 'Hungary's Battle for Memory', History Today, 1
(2000), 28-34<person-group>
                     <string-name>
                        <surname>Mason</surname>
                     </string-name>
                  </person-group>
                  <fpage>28</fpage>
                  <volume>1</volume>
                  <source>History Today</source>
                  <year>2000</year>
               </mixed-citation>
            </p>
         </fn>
         <fn id="d7400e1371a1310">
            <label>35</label>
            <p>
               <mixed-citation id="d7400e1378" publication-type="book">
G. Litvin, 'A Forty-Year Per-
spective on 1956', in T. Cox (ed.), Hungary 1956: Forty Years On (London, 1997), 14-25<person-group>
                     <string-name>
                        <surname>Litvin</surname>
                     </string-name>
                  </person-group>
                  <comment content-type="section">A Forty-Year Perspective on 1956</comment>
                  <fpage>14</fpage>
                  <source>Hungary 1956: Forty Years On</source>
                  <year>1997</year>
               </mixed-citation>
            </p>
            <p>
               <mixed-citation id="d7400e1409" publication-type="other">
Nyyess6n,
Presence of the Past</mixed-citation>
            </p>
            <p>
               <mixed-citation id="d7400e1418" publication-type="journal">
J. M. Rainer, 'Multunk Kritikus Kerdesei - 1956', in Elet es Irodalom, 16 June
2000, 9-o0<person-group>
                     <string-name>
                        <surname>Rainer</surname>
                     </string-name>
                  </person-group>
                  <issue>16 June</issue>
                  <fpage>9</fpage>
                  <source>Elet es Irodalom</source>
                  <year>2000</year>
               </mixed-citation>
            </p>
         </fn>
         <fn id="d7400e1450a1310">
            <label>36</label>
            <p>
               <mixed-citation id="d7400e1457" publication-type="book">
P. E. Zinner, Revolution in Hungary (New York and London, 1962), ch. 8<person-group>
                     <string-name>
                        <surname>Zinner</surname>
                     </string-name>
                  </person-group>
                  <comment content-type="section">ch. 8</comment>
                  <source>Revolution in Hungary</source>
                  <year>1962</year>
               </mixed-citation>
            </p>
            <p>
               <mixed-citation id="d7400e1481" publication-type="book">
P. Kecskemeti,
The Unexpected Revolution: Social Forces in the Hungarian Uprising (Stanford, 1961)<person-group>
                     <string-name>
                        <surname>Kecskemeti</surname>
                     </string-name>
                  </person-group>
                  <source>The Unexpected Revolution: Social Forces in the Hungarian Uprising</source>
                  <year>1961</year>
               </mixed-citation>
            </p>
            <p>
               <mixed-citation id="d7400e1505" publication-type="book">
F. Vfili, Rift
and Revolt in Hungary. Nationalism versus Communism (Oxford, 1961)<person-group>
                     <string-name>
                        <surname>Vfili</surname>
                     </string-name>
                  </person-group>
                  <source>Rift and Revolt in Hungary. Nationalism versus Communism</source>
                  <year>1961</year>
               </mixed-citation>
            </p>
            <p>
               <mixed-citation id="d7400e1530" publication-type="other">
Aczel and MWray, Revolt</mixed-citation>
            </p>
         </fn>
         <fn id="d7400e1537a1310">
            <label>37</label>
            <p>
               <mixed-citation id="d7400e1544" publication-type="book">
B. Lomax, Hungary 1956 (London, 1976), 17-18<person-group>
                     <string-name>
                        <surname>Lomax</surname>
                     </string-name>
                  </person-group>
                  <fpage>17</fpage>
                  <source>Hungary</source>
                  <year>1956</year>
               </mixed-citation>
            </p>
            <p>
               <mixed-citation id="d7400e1568" publication-type="book">
B. Lomax (ed.), Hungarian Workers' Coun-
cils in 1956 (New York, 1990), xxi-iii<person-group>
                     <string-name>
                        <surname>Lomax</surname>
                     </string-name>
                  </person-group>
                  <fpage>xxi</fpage>
                  <source>Hungarian Workers' Councils in 1956</source>
                  <year>1990</year>
               </mixed-citation>
            </p>
         </fn>
         <fn id="d7400e1598a1310">
            <label>38</label>
            <p>
               <mixed-citation id="d7400e1605" publication-type="other">
Litvin, 'A Forty-Year Perspective', 21</mixed-citation>
            </p>
            <p>
               <mixed-citation id="d7400e1611" publication-type="book">
G. Pongritz, Corvin Kiiz 1956 (Chicago, 1982)<person-group>
                     <string-name>
                        <surname>Pongritz</surname>
                     </string-name>
                  </person-group>
                  <source>Corvin Kiiz 1956</source>
                  <year>1982</year>
               </mixed-citation>
            </p>
            <p>
               <mixed-citation id="d7400e1632" publication-type="book">
L. E6rsi,
Ferencvdros 1956: A keriiletfegyveres csoportjai (Budapest, 1997)<person-group>
                     <string-name>
                        <surname>E6rsi</surname>
                     </string-name>
                  </person-group>
                  <source>Ferencvdros 1956: A keriiletfegyveres csoportjai</source>
                  <year>1997</year>
               </mixed-citation>
            </p>
         </fn>
         <fn id="d7400e1657a1310">
            <label>39</label>
            <p>
               <mixed-citation id="d7400e1664" publication-type="book">
K. P. Benziger, 'The
Funeral of Imre Nagy: Contested History and the Power of Memory Culture', History andMemory,
xii (2000), 142-58 at 155-8<person-group>
                     <string-name>
                        <surname>Benziger</surname>
                     </string-name>
                  </person-group>
                  <fpage>142</fpage>
                  <volume>xii</volume>
                  <source>History andMemory</source>
                  <year>2000</year>
               </mixed-citation>
            </p>
            <p>
               <mixed-citation id="d7400e1698" publication-type="journal">
I. Rev, 'Parallel Autopsies', Representations, xlix (1995), 15-39 at 32-3<fpage>15</fpage>
                  <volume>xlix</volume>
                  <source>Representations</source>
                  <year>1995</year>
               </mixed-citation>
            </p>
         </fn>
         <fn id="d7400e1717a1310">
            <label>41</label>
            <p>
               <mixed-citation id="d7400e1724" publication-type="book">
B. Niven, Facing the Nazi Past: United Germany and the Legacy of the Third Reich
(London, 2002), 62-74<person-group>
                     <string-name>
                        <surname>Niven</surname>
                     </string-name>
                  </person-group>
                  <fpage>62</fpage>
                  <source>Facing the Nazi Past: United Germany and the Legacy of the Third Reich</source>
                  <year>2002</year>
               </mixed-citation>
            </p>
         </fn>
         <fn id="d7400e1753a1310">
            <label>42</label>
            <p>
               <mixed-citation id="d7400e1760" publication-type="book">
Nyyess6n, Presence of the Past, 248<person-group>
                     <string-name>
                        <surname>Nyyess6n</surname>
                     </string-name>
                  </person-group>
                  <fpage>248</fpage>
                  <source>Presence of the Past</source>
               </mixed-citation>
            </p>
         </fn>
         <fn id="d7400e1782a1310">
            <label>43</label>
            <p>
               <mixed-citation id="d7400e1789" publication-type="journal">
P. Kenney, 'The Gender of Resistance in Communist Poland', American Historical Review,
civ (1999), 399-425 at 399-400.<object-id pub-id-type="doi">10.2307/2650371</object-id>
                  <fpage>399</fpage>
               </mixed-citation>
            </p>
         </fn>
         <fn id="d7400e1805a1310">
            <label>44</label>
            <p>
               <mixed-citation id="d7400e1812" publication-type="book">
D. Jarosz, 'How Poles coped with History (1944-1989): Polish History and Problems with
National Identity 1944-1989', in A. P6k, J. Rusen and J. Scherrern (eds), European History: Chal-
lenge for a Common Future (Hamburg, 2002), 45-53<person-group>
                     <string-name>
                        <surname>Jarosz</surname>
                     </string-name>
                  </person-group>
                  <comment content-type="section">How Poles coped with History (1944-1989): Polish History and Problems with National Identity 1944-1989</comment>
                  <fpage>45</fpage>
                  <source>European History: Challenge for a Common Future</source>
                  <year>2002</year>
               </mixed-citation>
            </p>
         </fn>
         <fn id="d7400e1848a1310">
            <label>45</label>
            <p>
               <mixed-citation id="d7400e1855" publication-type="other">
Kenney, 'Gender of Resistance', 421-5.</mixed-citation>
            </p>
         </fn>
      </fn-group>
   </back>
</article>
