<article dtd-version="1.0" article-type="research-article">
   <front>
      <journal-meta>
         <journal-id xmlns:xlink="http://www.w3.org/1999/xlink" journal-id-type="jstor">englhistrevi</journal-id>
         <journal-id xmlns:xlink="http://www.w3.org/1999/xlink" journal-id-type="jstor">j100150</journal-id>
         <journal-title-group xmlns:xlink="http://www.w3.org/1999/xlink">
            <journal-title>The English Historical Review</journal-title>
         </journal-title-group>
         <publisher>
            <publisher-name>Oxford University Press</publisher-name>
         </publisher>
         <issn xmlns:xlink="http://www.w3.org/1999/xlink" pub-type="ppub">00138266</issn>
         <issn xmlns:xlink="http://www.w3.org/1999/xlink" pub-type="epub">14774534</issn>
      </journal-meta>
      <article-meta>
         <article-id xmlns:xlink="http://www.w3.org/1999/xlink" pub-id-type="jstor">3490693</article-id>
         <title-group>
            <article-title>Policing the Past: Official History, Secrecy and British Intelligence Since 1945</article-title>
         </title-group>
         <contrib-group>
            <contrib contrib-type="author">
               <string-name xmlns:xlink="http://www.w3.org/1999/xlink">
                  <given-names>Richard J.</given-names>
                  <surname>Aldrich</surname>
               </string-name>
            </contrib>
         </contrib-group>
         <pub-date xmlns:xlink="http://www.w3.org/1999/xlink">
            <day>1</day>
            <month>9</month>
            <year>2004</year>
         </pub-date>
         <volume>119</volume>
         <issue>483</issue>
         <issue-id xmlns:xlink="http://www.w3.org/1999/xlink">i277759</issue-id>
         <fpage>922</fpage>
         <lpage>953</lpage>
         <page-range>922-953</page-range>
         <permissions>
            <copyright-statement>Copyright 2004 Oxford University Press</copyright-statement>
         </permissions>
         <self-uri xmlns:xlink="http://www.w3.org/1999/xlink"
                   xlink:href="http://www.jstor.org/stable/3490693"/>
         <custom-meta-group xmlns:xlink="http://www.w3.org/1999/xlink">
            <custom-meta>
               <meta-name>lang</meta-name>
               <meta-value>eng</meta-value>
            </custom-meta>
         </custom-meta-group>
      </article-meta>
   </front>
   <back>
      <fn-group xmlns:xlink="http://www.w3.org/1999/xlink">
         <title>[Footnotes]</title>
         <fn id="d17808e116a1310">
            <label>1</label>
            <p>
               <mixed-citation id="d17808e123" publication-type="book">
C. M. Andrew,
Secret Service: The Making of Britain's Intelligence Community (London, 1985), pp. 351-3<person-group>
                     <string-name>
                        <surname>Andrew</surname>
                     </string-name>
                  </person-group>
                  <fpage>351</fpage>
                  <source>Secret Service: The Making of Britain's Intelligence Community</source>
                  <year>1985</year>
               </mixed-citation>
            </p>
            <p>
               <mixed-citation id="d17808e151" publication-type="book">
M. Howard, 'Reflections on Strategic
Deception', in W. Roger Louis (ed.) Adventures With Britannia (Oxford, 1994), pp. 236-45<person-group>
                     <string-name>
                        <surname>Howard</surname>
                     </string-name>
                  </person-group>
                  <comment content-type="section">Reflections on Strategic Deception</comment>
                  <fpage>236</fpage>
                  <source>Adventures With Britannia</source>
                  <year>1994</year>
               </mixed-citation>
            </p>
            <p>
               <mixed-citation id="d17808e182" publication-type="book">
D. Vincent, The Culture of Secrecy: Britain,
1932-g998 (Oxford, 1998)<person-group>
                     <string-name>
                        <surname>Vincent</surname>
                     </string-name>
                  </person-group>
                  <source>The Culture of Secrecy: Britain, 1932-g998</source>
                  <year>1998</year>
               </mixed-citation>
            </p>
            <p>
               <mixed-citation id="d17808e207" publication-type="journal">
L. Arnold, 'A Letter from
Oxford: The History of Nuclear History in Britain', Minerva, xxxviii (2000), 201-19<person-group>
                     <string-name>
                        <surname>Arnold</surname>
                     </string-name>
                  </person-group>
                  <fpage>201</fpage>
                  <volume>xxxviii</volume>
                  <source>Minerva</source>
                  <year>2000</year>
               </mixed-citation>
            </p>
         </fn>
         <fn id="d17808e239a1310">
            <label>2</label>
            <p>
               <mixed-citation id="d17808e246" publication-type="book">
Lord Hailey, Native Administration
and Political Development in British Tropical Africa (London, 1943)<person-group>
                     <string-name>
                        <surname>Hailey</surname>
                     </string-name>
                  </person-group>
                  <source>Native Administration and Political Development in British Tropical Africa</source>
                  <year>1943</year>
               </mixed-citation>
            </p>
         </fn>
         <fn id="d17808e271a1310">
            <label>3</label>
            <p>
               <mixed-citation id="d17808e278" publication-type="journal">
Michael Smith, 'M15 History to Reveal Secrets and Mistakes', The Telegraph (8 Aug. 2002)<person-group>
                     <string-name>
                        <surname>Smith</surname>
                     </string-name>
                  </person-group>
                  <issue>8 Aug</issue>
                  <source>The Telegraph</source>
                  <year>2002</year>
               </mixed-citation>
            </p>
            <p>
               <mixed-citation id="d17808e302" publication-type="journal">
Richard Norton-Taylor, 'M15 Seeks Historian for Centenary', The Guardian (8 Aug. 2002)<person-group>
                     <string-name>
                        <surname>Norton-Taylor</surname>
                     </string-name>
                  </person-group>
                  <issue>8 Aug</issue>
                  <source>The Guardian</source>
                  <year>2002</year>
               </mixed-citation>
            </p>
         </fn>
         <fn id="d17808e327a1310">
            <label>4</label>
            <p>
               <mixed-citation id="d17808e334" publication-type="book">
R. J. Aldrich, 'European Integration: An American Intelligence Connection', in A. Deighton
(ed.), Building Postwar Europe, National Decision Makers and European Institutions, 1948-63
(London, 1995), pp. 141-58.<person-group>
                     <string-name>
                        <surname>Aldrich</surname>
                     </string-name>
                  </person-group>
                  <comment content-type="section">European Integration: An American Intelligence Connection</comment>
                  <fpage>141</fpage>
                  <source>Building Postwar Europe, National Decision Makers and European Institutions, 1948-63</source>
                  <year>1995</year>
               </mixed-citation>
            </p>
         </fn>
         <fn id="d17808e370a1310">
            <label>5</label>
            <p>
               <mixed-citation id="d17808e377" publication-type="book">
G. Miller, Maquis (London, 1945)<person-group>
                     <string-name>
                        <surname>Miller</surname>
                     </string-name>
                  </person-group>
                  <source>Maquis</source>
                  <year>1945</year>
               </mixed-citation>
            </p>
            <p>
               <mixed-citation id="d17808e398" publication-type="book">
G. Miller, HornedPidgeon (London, 1946)<person-group>
                     <string-name>
                        <surname>Miller</surname>
                     </string-name>
                  </person-group>
                  <source>HornedPidgeon</source>
                  <year>1946</year>
               </mixed-citation>
            </p>
            <p>
               <mixed-citation id="d17808e419" publication-type="book">
A. M. Walters, Moondrop to Gascony (London, 1946)<person-group>
                     <string-name>
                        <surname>Walters</surname>
                     </string-name>
                  </person-group>
                  <source>Moondrop to Gascony</source>
                  <year>1946</year>
               </mixed-citation>
            </p>
            <p>
               <mixed-citation id="d17808e441" publication-type="book">
A. M. Webb, The Natzwiller Trail (London,
1949)<person-group>
                     <string-name>
                        <surname>Webb</surname>
                     </string-name>
                  </person-group>
                  <source>The Natzwiller Trail</source>
                  <year>1949</year>
               </mixed-citation>
            </p>
            <p>
               <mixed-citation id="d17808e465" publication-type="book">
J. O. Fuller, Madeleine (London, 1952)<person-group>
                     <string-name>
                        <surname>Fuller</surname>
                     </string-name>
                  </person-group>
                  <source>Madeleine</source>
                  <year>1952</year>
               </mixed-citation>
            </p>
            <p>
               <mixed-citation id="d17808e486" publication-type="book">
M. J. Buckmaster, Specially Employed, (London,
1952)<person-group>
                     <string-name>
                        <surname>Buckmaster</surname>
                     </string-name>
                  </person-group>
                  <source>Specially Employed</source>
                  <year>1952</year>
               </mixed-citation>
            </p>
            <p>
               <mixed-citation id="d17808e510" publication-type="book">
Bruce Marshall, The White Rabbit (London, 1952)<person-group>
                     <string-name>
                        <surname>Marshall</surname>
                     </string-name>
                  </person-group>
                  <source>The White Rabbit</source>
                  <year>1952</year>
               </mixed-citation>
            </p>
            <p>
               <mixed-citation id="d17808e531" publication-type="book">
P. Churchill, Of Their Own Ch01ce
(London, 1952)<person-group>
                     <string-name>
                        <surname>Churchill</surname>
                     </string-name>
                  </person-group>
                  <source>Of Their Own Ch01ce</source>
                  <year>1952</year>
               </mixed-citation>
            </p>
            <p>
               <mixed-citation id="d17808e555" publication-type="book">
P. Churchill, The Spirit in the Cage (London, 1954)<person-group>
                     <string-name>
                        <surname>Churchill</surname>
                     </string-name>
                  </person-group>
                  <source>The Spirit in the Cage</source>
                  <year>1954</year>
               </mixed-citation>
            </p>
            <p>
               <mixed-citation id="d17808e577" publication-type="book">
J. Thomas, No Banners
(London, 1955)<person-group>
                     <string-name>
                        <surname>Thomas</surname>
                     </string-name>
                  </person-group>
                  <source>No Banners</source>
                  <year>1955</year>
               </mixed-citation>
            </p>
            <p>
               <mixed-citation id="d17808e601" publication-type="book">
Nigel West, Secret War (London,
1992)<person-group>
                     <string-name>
                        <surname>West</surname>
                     </string-name>
                  </person-group>
                  <source>Secret War</source>
                  <year>1992</year>
               </mixed-citation>
            </p>
            <p>
               <mixed-citation id="d17808e625" publication-type="book">
Mark Seaman, 'Good Thrillers, But Bad History', in K. G. Robertson (ed.) War,
Resistance and Intelligence: Essays in Honour ofM. R. D. Foot (London, 1999), pp. 119-133<person-group>
                     <string-name>
                        <surname>Seaman</surname>
                     </string-name>
                  </person-group>
                  <comment content-type="section">Good Thrillers, But Bad History</comment>
                  <fpage>119</fpage>
                  <source>War, Resistance and Intelligence: Essays in Honour ofM. R. D. Foot</source>
                  <year>1999</year>
               </mixed-citation>
            </p>
         </fn>
         <fn id="d17808e657a1310">
            <label>6</label>
            <p>
               <mixed-citation id="d17808e664" publication-type="other">
Room 39: Naval Intelligence in Action, 1939-45 (London, 1968)</mixed-citation>
            </p>
            <p>
               <mixed-citation id="d17808e670" publication-type="book">
W. Kozaczuk, Bitwa o tajemnice. Sluzby
wywiadowcze Polski i Rzeszy Niemieckiej 1922-1939, (Warsaw, 1967)<person-group>
                     <string-name>
                        <surname>Kozaczuk</surname>
                     </string-name>
                  </person-group>
                  <source>Bitwa o tajemnice. Sluzby wywiadowcze Polski i Rzeszy Niemieckiej 1922-1939</source>
                  <year>1967</year>
               </mixed-citation>
            </p>
            <p>
               <mixed-citation id="d17808e694" publication-type="book">
G. Bertrand, Enigma
ou la plus grande Enigme de la guerre 1939-1945, (Paris, 1973)<person-group>
                     <string-name>
                        <surname>Bertrand</surname>
                     </string-name>
                  </person-group>
                  <source>Enigma ou la plus grande Enigme de la guerre 1939-1945</source>
                  <year>1973</year>
               </mixed-citation>
            </p>
         </fn>
         <fn id="d17808e719a1310">
            <label>7</label>
            <p>
               <mixed-citation id="d17808e726" publication-type="other">
Min. by Cavendish-Bentinck on 3rd mtg. of Combined Intelligence Priorities Committee, Iy
Jul. 1944, C9682/9386/18, FO 371/39171</mixed-citation>
            </p>
         </fn>
         <fn id="d17808e736a1310">
            <label>8</label>
            <p>
               <mixed-citation id="d17808e743" publication-type="other">
Central Office Note 195, 27 Apr. 1945, HW 3/29</mixed-citation>
            </p>
            <p>
               <mixed-citation id="d17808e749" publication-type="other">
Sir Edward Travis, 7 May
1945, ibid</mixed-citation>
            </p>
         </fn>
         <fn id="d17808e759a1310">
            <label>9</label>
            <p>
               <mixed-citation id="d17808e766" publication-type="other">
LSIB Meetings Summary No.13, 18 Jul. 1945, WO 208/5126.</mixed-citation>
            </p>
         </fn>
         <fn id="d17808e773a1310">
            <label>10</label>
            <p>
               <mixed-citation id="d17808e780" publication-type="other">
Guy Liddell (M15) to FO, 27 Apr. 1945, N4806/346/G42, FO 371/48032</mixed-citation>
            </p>
            <p>
               <mixed-citation id="d17808e786" publication-type="other">
Sir David Petrie
(M15) to Sargent, 9 Jun. 1945, N6745/346/42G, ibid.</mixed-citation>
            </p>
         </fn>
         <fn id="d17808e797a1310">
            <label>11</label>
            <p>
               <mixed-citation id="d17808e804" publication-type="book">
Roger Hesketh, Fortitude:
The D-Day Deception Campaign (New York, 2000)<person-group>
                     <string-name>
                        <surname>Hesketh</surname>
                     </string-name>
                  </person-group>
                  <source>Fortitude: The D-Day Deception Campaign</source>
                  <year>2000</year>
               </mixed-citation>
            </p>
         </fn>
         <fn id="d17808e829a1310">
            <label>12</label>
            <p>
               <mixed-citation id="d17808e836" publication-type="other">
Howard, 'Reflections', pp. 236-7</mixed-citation>
            </p>
         </fn>
         <fn id="d17808e843a1310">
            <label>13</label>
            <p>
               <mixed-citation id="d17808e850" publication-type="other">
COS (45) 187th mtg., Confidential Annex, 31Jul. 1945, discussing JIC (45) 223 (o) Final, 'Use
of Special Intelligence by Official Historians', CAB 76/36.</mixed-citation>
            </p>
         </fn>
         <fn id="d17808e860a1310">
            <label>14</label>
            <p>
               <mixed-citation id="d17808e867" publication-type="other">
JIC (47) 81st mtg. (Item i), 21 Nov. 1947, CAB 103/288; JIC/533/48, 17 Mar. 1948, ibid.</mixed-citation>
            </p>
         </fn>
         <fn id="d17808e874a1310">
            <label>15</label>
            <p>
               <mixed-citation id="d17808e881" publication-type="book">
Chester Wilmot, The Strugglefor Europe, (London, 1952)<person-group>
                     <string-name>
                        <surname>Wilmot</surname>
                     </string-name>
                  </person-group>
                  <source>The Strugglefor Europe</source>
                  <year>1952</year>
               </mixed-citation>
            </p>
         </fn>
         <fn id="d17808e903a1310">
            <label>16</label>
            <p>
               <mixed-citation id="d17808e910" publication-type="other">
Brook to Churchill, 4 Jun. 1948, CAB 21/3749</mixed-citation>
            </p>
            <p>
               <mixed-citation id="d17808e916" publication-type="other">
Brook to Menzies, 8 Nov. 1948, ibid</mixed-citation>
            </p>
         </fn>
         <fn id="d17808e924a1310">
            <label>17</label>
            <p>
               <mixed-citation id="d17808e931" publication-type="other">
Churchill to Brook, 7 Jun. 1948, ibid</mixed-citation>
            </p>
            <p>
               <mixed-citation id="d17808e937" publication-type="other">
Menzies to Brook, C/1438, 29 Sept. 1948, ibid</mixed-citation>
            </p>
         </fn>
         <fn id="d17808e944a1310">
            <label>18</label>
            <p>
               <mixed-citation id="d17808e951" publication-type="other">
Conference between Adm. Rushbrooke and Adm. Thebaud in NID, zo Jul. 1945, Records of
the CNO, Box 4, RG 38, USNA</mixed-citation>
            </p>
            <p>
               <mixed-citation id="d17808e960" publication-type="book">
Bradley Smith, Sharing Secrets
with Stalin: How the Allies Traded Intelligence, 1941-5 (Kansas, 1996)<person-group>
                     <string-name>
                        <surname>Smith</surname>
                     </string-name>
                  </person-group>
                  <source>Sharing Secrets with Stalin: How the Allies Traded Intelligence, 1941-5</source>
                  <year>1996</year>
               </mixed-citation>
            </p>
         </fn>
         <fn id="d17808e985a1310">
            <label>19</label>
            <p>
               <mixed-citation id="d17808e992" publication-type="other">
Cornwall-Jones to Wingate (LCS), 13 Mar. 1946, DEFE 28/28.</mixed-citation>
            </p>
         </fn>
         <fn id="d17808e999a1310">
            <label>20</label>
            <p>
               <mixed-citation id="d17808e1006" publication-type="other">
JIC (48) 14 (o), 'General Directive to Chief Historians for Safeguarding Special Intelligence
Sources in Compiling Official Histories', Ultra - Limited Circulation, Ii Feb. 1948, CAB 103/288.</mixed-citation>
            </p>
         </fn>
         <fn id="d17808e1016a1310">
            <label>22</label>
            <p>
               <mixed-citation id="d17808e1023" publication-type="book">
H. Butterfield, History and Human Relations (London, 1951), p. 196.<person-group>
                     <string-name>
                        <surname>Butterfield</surname>
                     </string-name>
                  </person-group>
                  <fpage>196</fpage>
                  <source>History and Human Relations</source>
                  <year>1951</year>
               </mixed-citation>
            </p>
         </fn>
         <fn id="d17808e1048a1310">
            <label>24</label>
            <p>
               <mixed-citation id="d17808e1055" publication-type="book">
Duff Cooper, Operation Heart Heartbreak, (London, 1951).<person-group>
                     <string-name>
                        <surname>Cooper</surname>
                     </string-name>
                  </person-group>
                  <source>Operation Heart Heartbreak</source>
                  <year>1951</year>
               </mixed-citation>
            </p>
         </fn>
         <fn id="d17808e1078a1310">
            <label>25</label>
            <p>
               <mixed-citation id="d17808e1085" publication-type="book">
E. Montagu, The Man Who Never Was, (Reprinted, Oxford, 1996) pp. 5-7, 13.<person-group>
                     <string-name>
                        <surname>Montagu</surname>
                     </string-name>
                  </person-group>
                  <fpage>5</fpage>
                  <source>The Man Who Never Was</source>
                  <year>1996</year>
               </mixed-citation>
            </p>
         </fn>
         <fn id="d17808e1110a1310">
            <label>26</label>
            <p>
               <mixed-citation id="d17808e1117" publication-type="other">
Montagu to Attorney General, 7 Jan. 1951, Box 1, 97/45/1, Montagu papers, Imperial War
Museum.</mixed-citation>
            </p>
         </fn>
         <fn id="d17808e1127a1310">
            <label>27</label>
            <p>
               <mixed-citation id="d17808e1134" publication-type="other">
Montagu to Charles, 2 April 1951, ibid.</mixed-citation>
            </p>
         </fn>
         <fn id="d17808e1141a1310">
            <label>28</label>
            <p>
               <mixed-citation id="d17808e1148" publication-type="other">
Drew to Montagu, 6 April 1951, ibid.</mixed-citation>
            </p>
         </fn>
         <fn id="d17808e1155a1310">
            <label>29</label>
            <p>
               <mixed-citation id="d17808e1162" publication-type="book">
E. Chapman, The Eddie Chapman Story (London, 1954)<person-group>
                     <string-name>
                        <surname>Chapman</surname>
                     </string-name>
                  </person-group>
                  <source>The Eddie Chapman Story</source>
                  <year>1954</year>
               </mixed-citation>
            </p>
         </fn>
         <fn id="d17808e1184a1310">
            <label>30</label>
            <p>
               <mixed-citation id="d17808e1191" publication-type="other">
Howard, 'Reflections', p. 237</mixed-citation>
            </p>
            <p>
               <mixed-citation id="d17808e1197" publication-type="other">
ibid., p. 238</mixed-citation>
            </p>
         </fn>
         <fn id="d17808e1205a1310">
            <label>31</label>
            <p>
               <mixed-citation id="d17808e1212" publication-type="book">
Slessor, Foreword, in F. Winterbotham, The Ultra Secret, (London, 1974), xii.<person-group>
                     <string-name>
                        <surname>Slessor</surname>
                     </string-name>
                  </person-group>
                  <fpage>xii</fpage>
                  <source>The Ultra Secret</source>
                  <year>1974</year>
               </mixed-citation>
            </p>
         </fn>
         <fn id="d17808e1237a1310">
            <label>32</label>
            <p>
               <mixed-citation id="d17808e1244" publication-type="book">
T. Bower, A Perfect English Spy (London, 1995), pp. 366-7.<person-group>
                     <string-name>
                        <surname>Bower</surname>
                     </string-name>
                  </person-group>
                  <fpage>366</fpage>
                  <source>A Perfect English Spy</source>
                  <year>1995</year>
               </mixed-citation>
            </p>
         </fn>
         <fn id="d17808e1269a1310">
            <label>33</label>
            <p>
               <mixed-citation id="d17808e1276" publication-type="book">
David Kahn at Enigma 2002, Christ Church College Oxford, 5 Sept. 2002<person-group>
                     <string-name>
                        <surname>Kahn</surname>
                     </string-name>
                  </person-group>
                  <source>Enigma 2002</source>
                  <year>2002</year>
               </mixed-citation>
            </p>
         </fn>
         <fn id="d17808e1298a1310">
            <label>34</label>
            <p>
               <mixed-citation id="d17808e1305" publication-type="other">
Howard suggests that Winterbotham was motivated partly by knowledge that Anthony Cave
Brown was onto Ultra, 'Reflections', p. 237.</mixed-citation>
            </p>
         </fn>
         <fn id="d17808e1315a1310">
            <label>35</label>
            <p>
               <mixed-citation id="d17808e1322" publication-type="other">
Anthony Cave Brown to Lohan, 24 Apr. 1963, CAB 21/5865.</mixed-citation>
            </p>
         </fn>
         <fn id="d17808e1329a1310">
            <label>36</label>
            <p>
               <mixed-citation id="d17808e1336" publication-type="other">
Hill to Woods, 2 May 1963, CAB 21/5865</mixed-citation>
            </p>
            <p>
               <mixed-citation id="d17808e1342" publication-type="other">
Hill to Woods, 9 May 1963, ibid.</mixed-citation>
            </p>
         </fn>
         <fn id="d17808e1350a1310">
            <label>37</label>
            <p>
               <mixed-citation id="d17808e1357" publication-type="other">
Woods to Morgan, 2 Jan. 1964, CAB 21/5865</mixed-citation>
            </p>
            <p>
               <mixed-citation id="d17808e1363" publication-type="other">
Morgan to Woods, 4 Jan. 1964, ibid.</mixed-citation>
            </p>
         </fn>
         <fn id="d17808e1370a1310">
            <label>38</label>
            <p>
               <mixed-citation id="d17808e1377" publication-type="other">
Mclndoe to Lohan, 19 Nov. 1966, CAB 21/5865.</mixed-citation>
            </p>
         </fn>
         <fn id="d17808e1384a1310">
            <label>40</label>
            <p>
               <mixed-citation id="d17808e1391" publication-type="other">
Garside to Woods, 22 Jul. 1964, CAB 21/5226.</mixed-citation>
            </p>
         </fn>
         <fn id="d17808e1398a1310">
            <label>41</label>
            <p>
               <mixed-citation id="d17808e1405" publication-type="other">
Woods to Devey, 27 Jul.1964, CAB 21/5226.</mixed-citation>
            </p>
         </fn>
         <fn id="d17808e1412a1310">
            <label>43</label>
            <p>
               <mixed-citation id="d17808e1419" publication-type="journal">
W. Wark, "'Great Investigations": The Public Debate on Intelligence in the US after 1945',
Defense Analysis, xxx, 2 (Fall 1987), 119-132.<person-group>
                     <string-name>
                        <surname>Wark</surname>
                     </string-name>
                  </person-group>
                  <issue>Fall</issue>
                  <fpage>119</fpage>
                  <volume>xxx</volume>
                  <source>Defense Analysis</source>
                  <year>1987</year>
               </mixed-citation>
            </p>
         </fn>
         <fn id="d17808e1454a1310">
            <label>44</label>
            <p>
               <mixed-citation id="d17808e1461" publication-type="other">
Ian Fleming to Colin Gubbins, 7 Jul. 1949 and 17 Oct. 1949, Folder 20</mixed-citation>
            </p>
            <p>
               <mixed-citation id="d17808e1467" publication-type="other">
Gubbins papers,
Imperial War Museum; Strang to Gubbins, io Dec. 1949, ibid</mixed-citation>
            </p>
            <p>
               <mixed-citation id="d17808e1476" publication-type="journal">
'Resistance Movements in the War' in the RUSI journal, xciii, 570 (1948)<fpage>570</fpage>
                  <volume>xciii</volume>
                  <source>RUSI journal</source>
                  <year>1948</year>
               </mixed-citation>
            </p>
         </fn>
         <fn id="d17808e1496a1310">
            <label>46</label>
            <p>
               <mixed-citation id="d17808e1503" publication-type="book">
P. Dourlein, Inside North Pole (London,
1953)<person-group>
                     <string-name>
                        <surname>Dourlein</surname>
                     </string-name>
                  </person-group>
                  <source>Inside North Pole</source>
                  <year>1953</year>
               </mixed-citation>
            </p>
            <p>
               <mixed-citation id="d17808e1527" publication-type="book">
N. Kelso, Errors offudgement (London, 1988)<person-group>
                     <string-name>
                        <surname>Kelso</surname>
                     </string-name>
                  </person-group>
                  <source>Errors offudgement</source>
                  <year>1988</year>
               </mixed-citation>
            </p>
            <p>
               <mixed-citation id="d17808e1548" publication-type="book">
M. R. D.
Foot, SOE in the Low Countries (London, 2zoo)<person-group>
                     <string-name>
                        <surname>Foot</surname>
                     </string-name>
                  </person-group>
                  <source>SOE in the Low Countries</source>
                  <year>2000</year>
               </mixed-citation>
            </p>
         </fn>
         <fn id="d17808e1573a1310">
            <label>47</label>
            <p>
               <mixed-citation id="d17808e1580" publication-type="other">
fn. 5</mixed-citation>
            </p>
         </fn>
         <fn id="d17808e1587a1310">
            <label>48</label>
            <p>
               <mixed-citation id="d17808e1594" publication-type="book">
P. Guillaume,
Sologne au Temps de L'her01seme et de la Trahison (Orleans, 1950)<person-group>
                     <string-name>
                        <surname>Guillaume</surname>
                     </string-name>
                  </person-group>
                  <source>Sologne au Temps de L'her01seme et de la Trahison</source>
                  <year>1950</year>
               </mixed-citation>
            </p>
            <p>
               <mixed-citation id="d17808e1618" publication-type="book">
R. J. Minney, Carve Her Name With Pride (London, 1956)<person-group>
                     <string-name>
                        <surname>Minney</surname>
                     </string-name>
                  </person-group>
                  <source>Carve Her Name With Pride</source>
                  <year>1956</year>
               </mixed-citation>
            </p>
            <p>
               <mixed-citation id="d17808e1639" publication-type="book">
J. O. Fuller, Born
For Sacrifice (London, 1957); J. O. Fuller, Double Webs (London, 1958); E. Nicholas, Death Be Not
Proud (London, 1958)<person-group>
                     <string-name>
                        <surname>Fuller</surname>
                     </string-name>
                  </person-group>
                  <source>Born For Sacrifice</source>
                  <year>1958</year>
               </mixed-citation>
            </p>
         </fn>
         <fn id="d17808e1668a1310">
            <label>49</label>
            <p>
               <mixed-citation id="d17808e1675" publication-type="journal">
'Now Buckmaster Speaks', Daily Mail (1 Dec. 1958)<issue>1 Dec</issue>
                  <source>Daily Mail</source>
                  <year>1958</year>
               </mixed-citation>
            </p>
            <p>
               <mixed-citation id="d17808e1690" publication-type="journal">
'Response' by Jean
Overton Fuller, Daily Mail (4 Dec. 1958)<person-group>
                     <string-name>
                        <surname>Fuller</surname>
                     </string-name>
                  </person-group>
                  <issue>4 Dec</issue>
                  <source>Daily Mail</source>
                  <year>1958</year>
               </mixed-citation>
            </p>
         </fn>
         <fn id="d17808e1719a1310">
            <label>50</label>
            <p>
               <mixed-citation id="d17808e1726" publication-type="other">
Gubbins to Selborne, 5 Jul. 1946, f. 13, MEW file, Selborne papers</mixed-citation>
            </p>
            <p>
               <mixed-citation id="d17808e1732" publication-type="book">
W. J. Mackenzie, The Special Operations
Executive (London, 2000)<person-group>
                     <string-name>
                        <surname>Mackenzie</surname>
                     </string-name>
                  </person-group>
                  <source>The Special Operations Executive</source>
                  <year>2000</year>
               </mixed-citation>
            </p>
         </fn>
         <fn id="d17808e1757a1310">
            <label>51</label>
            <p>
               <mixed-citation id="d17808e1764" publication-type="other">
Hale to Trend, Io Jun. 1959, T220/1388.</mixed-citation>
            </p>
         </fn>
         <fn id="d17808e1772a1310">
            <label>52</label>
            <p>
               <mixed-citation id="d17808e1779" publication-type="other">
'Official History of SOE: Further Report by a working party', May 1959, T220/1388.</mixed-citation>
            </p>
         </fn>
         <fn id="d17808e1786a1310">
            <label>53</label>
            <p>
               <mixed-citation id="d17808e1793" publication-type="other">
'SOE History', mins. ofmtg. at the Treasury. 7 May 1959, T220/1388</mixed-citation>
            </p>
            <p>
               <mixed-citation id="d17808e1799" publication-type="other">
Norman Brook
to Patrick Dean, 31 Jul. 1959, ibid</mixed-citation>
            </p>
         </fn>
         <fn id="d17808e1809a1310">
            <label>54</label>
            <p>
               <mixed-citation id="d17808e1816" publication-type="other">
A. W. Wyatt, 'Note for the Record, "The Quiet Canadian"', 2 Nov. 1962, CAB 21/5864.</mixed-citation>
            </p>
         </fn>
         <fn id="d17808e1823a1310">
            <label>55</label>
            <p>
               <mixed-citation id="d17808e1830" publication-type="other">
'C' to Trend, C/2280 7 Nov. 1962, CAB 21/5864.</mixed-citation>
            </p>
         </fn>
         <fn id="d17808e1837a1310">
            <label>56</label>
            <p>
               <mixed-citation id="d17808e1844" publication-type="other">
Minute to Robertson, recording conversation between Ward and Macmillan, 13 Dec. 1962,
CAB 21/5864</mixed-citation>
            </p>
            <p>
               <mixed-citation id="d17808e1853" publication-type="other">
Prime Minister to Dame Irene Ward MP, ibid</mixed-citation>
            </p>
         </fn>
         <fn id="d17808e1860a1310">
            <label>57</label>
            <p>
               <mixed-citation id="d17808e1867" publication-type="other">
Hollis to Trend, SF.53/24/3/Supp.B(114a)/D/gG., 5 Mar. 1963, CAB 21/5845.</mixed-citation>
            </p>
         </fn>
         <fn id="d17808e1875a1310">
            <label>58</label>
            <p>
               <mixed-citation id="d17808e1882" publication-type="other">
Brooke to Macmillan, 18 Mar. 1963, CAB 21/5845</mixed-citation>
            </p>
            <p>
               <mixed-citation id="d17808e1888" publication-type="other">
'The Bulloch Book on MIs', 6 Mar. 1963, ibid</mixed-citation>
            </p>
         </fn>
         <fn id="d17808e1895a1310">
            <label>59</label>
            <p>
               <mixed-citation id="d17808e1902" publication-type="other">
Dame Barbara Salt, Jul. 1969
(hereafter Salt Report), CAB 103/570</mixed-citation>
            </p>
         </fn>
         <fn id="d17808e1912a1310">
            <label>61</label>
            <p>
               <mixed-citation id="d17808e1919" publication-type="journal">
Duff Hart Davis, 'The man with a load of secrets under his arm', Sunday Telegraph (24 Apr.
1966).<person-group>
                     <string-name>
                        <surname>Davis</surname>
                     </string-name>
                  </person-group>
                  <issue>24 Apr</issue>
                  <source>Sunday Telegraph</source>
                  <year>1966</year>
               </mixed-citation>
            </p>
         </fn>
         <fn id="d17808e1948a1310">
            <label>62</label>
            <p>
               <mixed-citation id="d17808e1955" publication-type="other">
Gubbins to Boxshall, 16 Dec. 1964, Folder 18, Gubbins papers, Imperial War Museum; Foot
to Gubbins, II Apr. 1965, ibid.</mixed-citation>
            </p>
         </fn>
         <fn id="d17808e1965a1310">
            <label>63</label>
            <p>
               <mixed-citation id="d17808e1972" publication-type="journal">
'Government apologises to Odette GC', Daily Telegraph (12 Jul. 1966)<issue>12 Jul</issue>
                  <source>Daily Telegraph</source>
                  <year>1966</year>
               </mixed-citation>
            </p>
            <p>
               <mixed-citation id="d17808e1987" publication-type="journal">
'Odette attacks
"Broken Promise Book"', Daily Express (22 Apr. 1966)<issue>22 Apr</issue>
                  <source>Daily Express</source>
                  <year>1966</year>
               </mixed-citation>
            </p>
         </fn>
         <fn id="d17808e2006a1310">
            <label>64</label>
            <p>
               <mixed-citation id="d17808e2013" publication-type="other">
Meeting chaired by Trend, Cabinet Office, 18 May 1967, CAB 103/569.</mixed-citation>
            </p>
         </fn>
         <fn id="d17808e2021a1310">
            <label>65</label>
            <p>
               <mixed-citation id="d17808e2028" publication-type="book">
C. Andrew and V. Mitrokhin, The Sword and the Shield: The Mitrokhin Archive
and the Secret History of the KGB, (New York, 1999), pp. 414-16<person-group>
                     <string-name>
                        <surname>Andrew</surname>
                     </string-name>
                  </person-group>
                  <fpage>414</fpage>
                  <source>The Sword and the Shield: The Mitrokhin Archive and the Secret History of the KGB</source>
                  <year>1999</year>
               </mixed-citation>
            </p>
         </fn>
         <fn id="d17808e2057a1310">
            <label>66</label>
            <p>
               <mixed-citation id="d17808e2064" publication-type="book">
K. Philby, My Silent War (London, 1968)<person-group>
                     <string-name>
                        <surname>Philby</surname>
                     </string-name>
                  </person-group>
                  <source>My Silent War</source>
                  <year>1968</year>
               </mixed-citation>
            </p>
            <p>
               <mixed-citation id="d17808e2085" publication-type="journal">
R. Cecil,
'Philby's Spurious War', Intelligence and National Security, ix, 4 (1994), 974-90<person-group>
                     <string-name>
                        <surname>Cecil</surname>
                     </string-name>
                  </person-group>
                  <issue>4</issue>
                  <fpage>974</fpage>
                  <volume>ix</volume>
                  <source>Intelligence and National Security</source>
                  <year>1994</year>
               </mixed-citation>
            </p>
            <p>
               <mixed-citation id="d17808e2119" publication-type="journal">
E. D. R. Harrison,
'More Thoughts on Kim Philby's My Silent War', Intelligence and National Security, x, 3 (1995),
514-26<person-group>
                     <string-name>
                        <surname>Harrison</surname>
                     </string-name>
                  </person-group>
                  <issue>3</issue>
                  <fpage>514</fpage>
                  <volume>x</volume>
                  <source>Intelligence and National Security</source>
                  <year>1995</year>
               </mixed-citation>
            </p>
         </fn>
         <fn id="d17808e2157a1310">
            <label>67</label>
            <p>
               <mixed-citation id="d17808e2164" publication-type="other">
Trend to Salt, 13 Mar. 1968, enclosing 'SOE Histories', note of meeting of 8 Mar. 1968, CAB
103/569</mixed-citation>
            </p>
         </fn>
         <fn id="d17808e2174a1310">
            <label>69</label>
            <p>
               <mixed-citation id="d17808e2181" publication-type="other">
Salt Report, July 1969, CAB 103/570</mixed-citation>
            </p>
            <p>
               <mixed-citation id="d17808e2187" publication-type="other">
William Deakin was keen to write a history of SOE in Yugoslavia, Deakin to Reid, 27 Oct.
1965, CAB 103/569</mixed-citation>
            </p>
         </fn>
         <fn id="d17808e2197a1310">
            <label>70</label>
            <p>
               <mixed-citation id="d17808e2204" publication-type="other">
Salt Report, Annex D, 'Italy', Jul. 1969, CAB 103/570.</mixed-citation>
            </p>
         </fn>
         <fn id="d17808e2211a1310">
            <label>71</label>
            <p>
               <mixed-citation id="d17808e2218" publication-type="other">
White to Trend, 31 Jul. 1969, CAB 103/569</mixed-citation>
            </p>
            <p>
               <mixed-citation id="d17808e2224" publication-type="book">
D. Garnett, The Secret History of PWE: The Political Warfare Executive, 1939-r945
(London, 2002)<person-group>
                     <string-name>
                        <surname>Garnett</surname>
                     </string-name>
                  </person-group>
                  <source>The Secret History of PWE: The Political Warfare Executive, 1939-r945</source>
                  <year>2002</year>
               </mixed-citation>
            </p>
         </fn>
         <fn id="d17808e2250a1310">
            <label>72</label>
            <p>
               <mixed-citation id="d17808e2257" publication-type="other">
SOE (C) - Ist Mtg., mins., 12 Sept. 1969, CAB 103/569.</mixed-citation>
            </p>
         </fn>
         <fn id="d17808e2264a1310">
            <label>73</label>
            <p>
               <mixed-citation id="d17808e2271" publication-type="other">
Child to Trend, 'SOE Histories', 9 Sept. 1969, CAB 103/569</mixed-citation>
            </p>
         </fn>
         <fn id="d17808e2278a1310">
            <label>74</label>
            <p>
               <mixed-citation id="d17808e2285" publication-type="other">
Dodds-Parker to Heath, 6 Jan. 1971, CAB 103/567</mixed-citation>
            </p>
            <p>
               <mixed-citation id="d17808e2291" publication-type="other">
Heath to Dodds-Parker, 25 Jan. 1971, ibid.</mixed-citation>
            </p>
         </fn>
         <fn id="d17808e2298a1310">
            <label>75</label>
            <p>
               <mixed-citation id="d17808e2305" publication-type="other">
Child to Trend, 16 Mar. 1971, CAB 103/567</mixed-citation>
            </p>
         </fn>
         <fn id="d17808e2312a1310">
            <label>76</label>
            <p>
               <mixed-citation id="d17808e2319" publication-type="journal">
M. Creevy, 'A Critical Review
of the Wilson Government's Handling of the D-Notice Affair of 1967', Intelligence and National
Security, xiv, 3 (1999), 209-27<person-group>
                     <string-name>
                        <surname>Creevy</surname>
                     </string-name>
                  </person-group>
                  <issue>3</issue>
                  <fpage>209</fpage>
                  <volume>xiv</volume>
                  <source>Intelligence and National Security</source>
                  <year>1999</year>
               </mixed-citation>
            </p>
            <p>
               <mixed-citation id="d17808e2356" publication-type="journal">
J. Young, 'George Wigg, the Wilson Government and the 1966
Report into Security in the Diplomatic Service and GCHQ', ibid., 198-208<person-group>
                     <string-name>
                        <surname>Young</surname>
                     </string-name>
                  </person-group>
                  <fpage>198</fpage>
                  <source>Intelligence and National Security</source>
                  <year>1966</year>
               </mixed-citation>
            </p>
         </fn>
         <fn id="d17808e2385a1310">
            <label>77</label>
            <p>
               <mixed-citation id="d17808e2392" publication-type="book">
H. Evans, Good Times, Bad Times (London, 1983), pp. 41-57.<person-group>
                     <string-name>
                        <surname>Evans</surname>
                     </string-name>
                  </person-group>
                  <fpage>41</fpage>
                  <source>Good Times, Bad Times</source>
                  <year>1983</year>
               </mixed-citation>
            </p>
         </fn>
         <fn id="d17808e2418a1310">
            <label>80</label>
            <p>
               <mixed-citation id="d17808e2425" publication-type="book">
P. Hennessy, Whitehall (New York, 1989), pp. 217-18<person-group>
                     <string-name>
                        <surname>Hennessy</surname>
                     </string-name>
                  </person-group>
                  <fpage>217</fpage>
                  <source>Whitehall</source>
                  <year>1989</year>
               </mixed-citation>
            </p>
            <p>
               <mixed-citation id="d17808e2449" publication-type="journal">
M. Herman, 'Up from the Country: Cabinet Office Impressions 1972-75', Contemporary
British History, xi, I (1997), 83-97<person-group>
                     <string-name>
                        <surname>Herman</surname>
                     </string-name>
                  </person-group>
                  <fpage>83</fpage>
                  <volume>xi</volume>
                  <source>Contemporary British History</source>
                  <year>1997</year>
               </mixed-citation>
            </p>
            <p>
               <mixed-citation id="d17808e2480" publication-type="book">
T. Bower, The Perfect English Spy (London,
1995), pp. 368-9<person-group>
                     <string-name>
                        <surname>Bower</surname>
                     </string-name>
                  </person-group>
                  <fpage>368</fpage>
                  <source>The Perfect English Spy</source>
                  <year>1995</year>
               </mixed-citation>
            </p>
         </fn>
         <fn id="d17808e2509a1310">
            <label>81</label>
            <p>
               <mixed-citation id="d17808e2516" publication-type="other">
'Intelligence Activities 1939-45', mins. Mtg. 26 Feb. 1969, DEFE 24/656.</mixed-citation>
            </p>
         </fn>
         <fn id="d17808e2523a1310">
            <label>82</label>
            <p>
               <mixed-citation id="d17808e2530" publication-type="other">
B. T. W. Stewart (Cabinet Office) to Cooper (MoD), 4 Mar. 1969, ibid.</mixed-citation>
            </p>
         </fn>
         <fn id="d17808e2537a1310">
            <label>83</label>
            <p>
               <mixed-citation id="d17808e2544" publication-type="other">
'Official History of Intelligence
Activities in World War II', 12 Mar. 1969, ibid</mixed-citation>
            </p>
         </fn>
         <fn id="d17808e2554a1310">
            <label>84</label>
            <p>
               <mixed-citation id="d17808e2561" publication-type="other">
Minute to DUS (P) and Denning, 24 Jul. 1969, ibid.</mixed-citation>
            </p>
         </fn>
         <fn id="d17808e2568a1310">
            <label>85</label>
            <p>
               <mixed-citation id="d17808e2575" publication-type="other">
Trend to Wilson, 29 Jul. 1969, DEFE 23/107</mixed-citation>
            </p>
            <p>
               <mixed-citation id="d17808e2581" publication-type="other">
Trend minute, I Aug. 1969, ibid</mixed-citation>
            </p>
         </fn>
         <fn id="d17808e2589a1310">
            <label>86</label>
            <p>
               <mixed-citation id="d17808e2596" publication-type="other">
Wilson to Heath, 16 Mar. 1970, DEFE 23/107</mixed-citation>
            </p>
            <p>
               <mixed-citation id="d17808e2602" publication-type="other">
Heath to Wilson, 17 Apr. 1970, ibid.</mixed-citation>
            </p>
         </fn>
         <fn id="d17808e2609a1310">
            <label>87</label>
            <p>
               <mixed-citation id="d17808e2616" publication-type="other">
Trend to Heath, 'Official History of Intelligence in the Second World War', 16 Nov. 1970,
DEFE 23/107</mixed-citation>
            </p>
         </fn>
         <fn id="d17808e2626a1310">
            <label>88</label>
            <p>
               <mixed-citation id="d17808e2633" publication-type="other">
Trend to Heath, i Mar. 1971, DEFE 23/107.</mixed-citation>
            </p>
         </fn>
         <fn id="d17808e2640a1310">
            <label>89</label>
            <p>
               <mixed-citation id="d17808e2647" publication-type="other">
Hooper to Trend, 14 May 1971, ibid.</mixed-citation>
            </p>
         </fn>
         <fn id="d17808e2654a1310">
            <label>90</label>
            <p>
               <mixed-citation id="d17808e2661" publication-type="book">
M. R. D
Foot and J. M. Langley, M19 (London, 1979)<person-group>
                     <string-name>
                        <surname>Foot</surname>
                     </string-name>
                  </person-group>
                  <source>M19</source>
                  <year>1979</year>
               </mixed-citation>
            </p>
         </fn>
         <fn id="d17808e2686a1310">
            <label>91</label>
            <p>
               <mixed-citation id="d17808e2693" publication-type="journal">
'History of British intelligence: Ultra's shadowy secrets emerge' by Peter Hennessy, The
Times (9 Sept. 1981).<person-group>
                     <string-name>
                        <surname>Hennessy</surname>
                     </string-name>
                  </person-group>
                  <issue>9 Sept</issue>
                  <source>The Times</source>
                  <year>1981</year>
               </mixed-citation>
            </p>
         </fn>
         <fn id="d17808e2723a1310">
            <label>92</label>
            <p>
               <mixed-citation id="d17808e2730" publication-type="other">
Howard, 'Reflections', p. 241.</mixed-citation>
            </p>
         </fn>
         <fn id="d17808e2737a1310">
            <label>93</label>
            <p>
               <mixed-citation id="d17808e2744" publication-type="journal">
Wesley K. Wark, 'In Never Never Land? The British Archives on Intelligence', Historical
Journal, xxxv, I (1992), 196-203.<object-id pub-id-type="jstor">10.2307/2639485</object-id>
                  <fpage>196</fpage>
               </mixed-citation>
            </p>
         </fn>
         <fn id="d17808e2760a1310">
            <label>94</label>
            <p>
               <mixed-citation id="d17808e2767" publication-type="book">
Terrence O'Brien, The
Moonlight War: The Story of Clandestine Operations in South East Asia, 1944-45 (London, 1987)<person-group>
                     <string-name>
                        <surname>O'Brien</surname>
                     </string-name>
                  </person-group>
                  <source>The Moonlight War: The Story of Clandestine Operations in South East Asia, 1944-45</source>
                  <year>1987</year>
               </mixed-citation>
            </p>
         </fn>
         <fn id="d17808e2792a1310">
            <label>96</label>
            <p>
               <mixed-citation id="d17808e2799" publication-type="journal">
Peter Gill, 'Reasserting Control: Recent Changes in the Oversight of the
UK Intelligence Community', Intelligence and National Security, xi, 2 (1996), 313<person-group>
                     <string-name>
                        <surname>Gill</surname>
                     </string-name>
                  </person-group>
                  <issue>2</issue>
                  <fpage>313</fpage>
                  <volume>xi</volume>
                  <source>Intelligence and National Security</source>
                  <year>1996</year>
               </mixed-citation>
            </p>
         </fn>
         <fn id="d17808e2834a1310">
            <label>97</label>
            <p>
               <mixed-citation id="d17808e2841" publication-type="book">
W. J. M. Mackenzie, The Secret History of SOE, (London, 2000)<person-group>
                     <string-name>
                        <surname>Mackenzie</surname>
                     </string-name>
                  </person-group>
                  <source>The Secret History of SOE</source>
                  <year>2000</year>
               </mixed-citation>
            </p>
            <p>
               <mixed-citation id="d17808e2862" publication-type="book">
J. C. Curry, The Security
Service 1908-1945 (London, 1999)<person-group>
                     <string-name>
                        <surname>Curry</surname>
                     </string-name>
                  </person-group>
                  <source>The Security Service 1908-1945</source>
                  <year>1999</year>
               </mixed-citation>
            </p>
         </fn>
         <fn id="d17808e2887a1310">
            <label>98</label>
            <p>
               <mixed-citation id="d17808e2894" publication-type="book">
Sir Brooks Richards, Secret Flotillas: Clandestine Sea-Lines to France and French North Africa,
1940-1944 (London, 1995)<person-group>
                     <string-name>
                        <surname>Richards</surname>
                     </string-name>
                  </person-group>
                  <source>Secret Flotillas: Clandestine Sea-Lines to France and French North Africa, 1940-1944</source>
                  <year>1995</year>
               </mixed-citation>
            </p>
         </fn>
         <fn id="d17808e2920a1310">
            <label>99</label>
            <p>
               <mixed-citation id="d17808e2927" publication-type="other">
Knight, 'Russian Archives', 325-37</mixed-citation>
            </p>
            <p>
               <mixed-citation id="d17808e2933" publication-type="book">
C. M. Andrew and O. Gordievesky, KGB: Inside Story,
(London, 1990)<person-group>
                     <string-name>
                        <surname>Andrew</surname>
                     </string-name>
                  </person-group>
                  <source>KGB: Inside Story</source>
                  <year>1990</year>
               </mixed-citation>
            </p>
            <p>
               <mixed-citation id="d17808e2957" publication-type="book">
C. M. Andrew and V. Mitrokhin, Mitrokhin Archive. (London, 2001)<person-group>
                     <string-name>
                        <surname>Andrew</surname>
                     </string-name>
                  </person-group>
                  <source>Mitrokhin Archive</source>
                  <year>2001</year>
               </mixed-citation>
            </p>
         </fn>
         <fn id="d17808e2979a1310">
            <label>100</label>
            <p>
               <mixed-citation id="d17808e2986" publication-type="book">
Sir P. de Billiere, Storm Command (London, 1992)<person-group>
                     <string-name>
                        <surname>Billiere</surname>
                     </string-name>
                  </person-group>
                  <source>Storm Command</source>
                  <year>1992</year>
               </mixed-citation>
            </p>
            <p>
               <mixed-citation id="d17808e3007" publication-type="book">
Andy
McNab, Bravo Two Zero (London, 1993)<person-group>
                     <string-name>
                        <surname>McNab</surname>
                     </string-name>
                  </person-group>
                  <source>Bravo Two Zero</source>
                  <year>1993</year>
               </mixed-citation>
            </p>
            <p>
               <mixed-citation id="d17808e3031" publication-type="journal">
Tony Geraghty and Richard Norton-Taylor, 'MoD wins fight to gag SAS
mem01rs', Guardian (Tuesday, 18 Mar. 2003)<person-group>
                     <string-name>
                        <surname>Geraghty</surname>
                     </string-name>
                  </person-group>
                  <issue>18 Mar</issue>
                  <source>Guardian</source>
                  <year>2003</year>
               </mixed-citation>
            </p>
         </fn>
         <fn id="d17808e3060a1310">
            <label>101</label>
            <p>
               <mixed-citation id="d17808e3067" publication-type="book">
P. Freeman, How GCHQ Came to Cheltenham (Cheltenham, 2002).<person-group>
                     <string-name>
                        <surname>Freeman</surname>
                     </string-name>
                  </person-group>
                  <source>How GCHQ Came to Cheltenham</source>
                  <year>2002</year>
               </mixed-citation>
            </p>
         </fn>
      </fn-group>
   </back>
</article>
