<article dtd-version="1.0" article-type="research-article">
   <front>
      <journal-meta>
         <journal-id xmlns:xlink="http://www.w3.org/1999/xlink" journal-id-type="jstor">englhistrevi</journal-id>
         <journal-id xmlns:xlink="http://www.w3.org/1999/xlink" journal-id-type="jstor">j100150</journal-id>
         <journal-title-group xmlns:xlink="http://www.w3.org/1999/xlink">
            <journal-title>The English Historical Review</journal-title>
         </journal-title-group>
         <publisher>
            <publisher-name>Oxford University Press</publisher-name>
         </publisher>
         <issn xmlns:xlink="http://www.w3.org/1999/xlink" pub-type="ppub">00138266</issn>
         <issn xmlns:xlink="http://www.w3.org/1999/xlink" pub-type="epub">14774534</issn>
      </journal-meta>
      <article-meta>
         <article-id xmlns:xlink="http://www.w3.org/1999/xlink" pub-id-type="jstor">3490921</article-id>
         <title-group>
            <article-title>Public Worship, Liturgy and the Introduction of the Lutheran Reformation in the Territorial Lands of Nuremberg</article-title>
         </title-group>
         <contrib-group>
            <contrib contrib-type="author">
               <string-name xmlns:xlink="http://www.w3.org/1999/xlink">
                  <given-names>P. J.</given-names>
                  <surname>Broadhead</surname>
               </string-name>
            </contrib>
         </contrib-group>
         <pub-date xmlns:xlink="http://www.w3.org/1999/xlink">
            <day>1</day>
            <month>4</month>
            <year>2005</year>
         </pub-date>
         <volume>120</volume>
         <issue>486</issue>
         <issue-id xmlns:xlink="http://www.w3.org/1999/xlink">i277762</issue-id>
         <fpage>277</fpage>
         <lpage>302</lpage>
         <page-range>277-302</page-range>
         <permissions>
            <copyright-statement>Copyright 2005 Oxford University Press</copyright-statement>
         </permissions>
         <self-uri xmlns:xlink="http://www.w3.org/1999/xlink"
                   xlink:href="http://www.jstor.org/stable/3490921"/>
         <custom-meta-group xmlns:xlink="http://www.w3.org/1999/xlink">
            <custom-meta>
               <meta-name>lang</meta-name>
               <meta-value>eng</meta-value>
            </custom-meta>
         </custom-meta-group>
      </article-meta>
   </front>
   <back>
      <fn-group xmlns:xlink="http://www.w3.org/1999/xlink">
         <title>[Footnotes]</title>
         <fn id="d8903e116a1310">
            <label>1</label>
            <p>
               <mixed-citation id="d8903e123" publication-type="journal">
G. Seebaβ, 'Der Nürnberger Rat und das Religionsgespräch vom März I525', Jahrbuch fär
fränkische Landesforschung, xxxiv/v (1975), 467-99.<person-group>
                     <string-name>
                        <surname>Seebaβ</surname>
                     </string-name>
                  </person-group>
                  <issue>v</issue>
                  <fpage>467</fpage>
                  <volume>xxxiv</volume>
                  <source>Jahrbuch für fränkische Landesforschung</source>
                  <year>1975</year>
               </mixed-citation>
            </p>
         </fn>
         <fn id="d8903e158a1310">
            <label>2</label>
            <p>
               <mixed-citation id="d8903e165" publication-type="book">
G. Pfeiffer, 'Entscheidung zur Reformation', in Närnberg: Geschichte einer europäischen
Stadt, ed. G. Pfeiffer (Munich, 1971), 146-54.<person-group>
                     <string-name>
                        <surname>Pfeiffer</surname>
                     </string-name>
                  </person-group>
                  <comment content-type="section">'Entscheidung zur Reformation'</comment>
                  <fpage>146</fpage>
                  <source>Nürnberg: Geschichte einer europäischen Stadt</source>
                  <year>1971</year>
               </mixed-citation>
            </p>
         </fn>
         <fn id="d8903e197a1310">
            <label>3</label>
            <p>
               <mixed-citation id="d8903e204" publication-type="book">
G. Pfeiffer, Quellen zur Nürnberger Reformationsgeschichte. Von der Duldung liturgischer
Änderungen bis zur Ausübung des Kirchenregiments durch den Rat (Juni 1524-Juni 1525) (Einzelarbeiten
aus der Kirchengeschichte Bayerns, XLV) (Nuremberg, 1968), 367.<person-group>
                     <string-name>
                        <surname>Pfeiffer</surname>
                     </string-name>
                  </person-group>
                  <fpage>367</fpage>
                  <source>Quellen zur Nürnberger Reformationsgeschichte. Von der Duldung liturgischer änderungen bis zur Ausäbung des Kirchenregiments durch den Rat (Juni 1524-Juni 1525)</source>
                  <year>1968</year>
               </mixed-citation>
            </p>
         </fn>
         <fn id="d8903e236a1310">
            <label>4</label>
            <p>
               <mixed-citation id="d8903e243" publication-type="other">
[Bayerisches] Sta[atsarchiv] N[ürnberg], Ratsbuch, xiii, 1525, fo. 20</mixed-citation>
            </p>
            <p>
               <mixed-citation id="d8903e249" publication-type="book">
Pfeiffer, Quellen, 408<person-group>
                     <string-name>
                        <surname>Pfeiffer</surname>
                     </string-name>
                  </person-group>
                  <fpage>408</fpage>
                  <source>Quellen</source>
               </mixed-citation>
            </p>
         </fn>
         <fn id="d8903e272a1310">
            <label>5</label>
            <p>
               <mixed-citation id="d8903e279" publication-type="book">
'Es lauffen die pawren, ire weyber und kinder alle feyertag mit grossen hawffen auss dem land
herein, die dürstet nach dem wort Gottes', Lazarus Spengler Schriften, ed. B. Hamm and W. Huber,
Band i Schrifien der Jahre 1509 bis Juni 1525 (Quellen und Forschungen zur Reformationsgeschichte,
LXI), (Gütersloh, 1995), 347.<person-group>
                     <string-name>
                        <surname>Hamm</surname>
                     </string-name>
                  </person-group>
                  <fpage>347</fpage>
                  <source>Lazarus Spengler Schriften</source>
                  <year>1995</year>
               </mixed-citation>
            </p>
         </fn>
         <fn id="d8903e314a1310">
            <label>6</label>
            <p>
               <mixed-citation id="d8903e321" publication-type="journal">
These ideas appeared in G. Strauss, 'Success and Failure in the German Reformation', Past
and Present, xlvii (1975), 30-63<object-id pub-id-type="jstor">10.2307/650232</object-id>
                  <fpage>30</fpage>
               </mixed-citation>
            </p>
            <p>
               <mixed-citation id="d8903e336" publication-type="book">
G. Strauss, Luther's House of Learning: Indoctrination of the Young
in the German Reformation (Baltimore and London, 1978)<person-group>
                     <string-name>
                        <surname>Strauss</surname>
                     </string-name>
                  </person-group>
                  <source>Luther's House of Learning: Indoctrination of the Young in the German Reformation</source>
                  <year>1978</year>
               </mixed-citation>
            </p>
            <p>
               <mixed-citation id="d8903e360" publication-type="book">
G. Strauss, 'The Reformation and Its
Public in an Age of Orthodoxy', in The German People and the Reformation, ed. R. Po-Chia Hsia,
(Ithaca and London, 1988), 194-214<person-group>
                     <string-name>
                        <surname>Strauss</surname>
                     </string-name>
                  </person-group>
                  <comment content-type="section">The Reformation and Its Public in an Age of Orthodoxy'</comment>
                  <fpage>194</fpage>
                  <source>The German People and the Reformation</source>
                  <year>1988</year>
               </mixed-citation>
            </p>
         </fn>
         <fn id="d8903e395a1310">
            <label>7</label>
            <p>
               <mixed-citation id="d8903e402" publication-type="book">
Strauss, 'Success and Failure', 34.<person-group>
                     <string-name>
                        <surname>Strauss</surname>
                     </string-name>
                  </person-group>
                  <fpage>34</fpage>
                  <source>Success and Failure</source>
               </mixed-citation>
            </p>
         </fn>
         <fn id="d8903e424a1310">
            <label>8</label>
            <p>
               <mixed-citation id="d8903e431" publication-type="book">
Strauss, Luther's House of Learning, 302.<person-group>
                     <string-name>
                        <surname>Strauss</surname>
                     </string-name>
                  </person-group>
                  <fpage>302</fpage>
                  <source>Luther's House of Learning</source>
               </mixed-citation>
            </p>
         </fn>
         <fn id="d8903e453a1310">
            <label>9</label>
            <p>
               <mixed-citation id="d8903e460" publication-type="journal">
J. Kittelson, 'Successes and Failures in the German Reformation: The Report from Strasbourg',
Archiv für Reformationsgeschichte, lxxiii (1982), 164<person-group>
                     <string-name>
                        <surname>Kittelson</surname>
                     </string-name>
                  </person-group>
                  <fpage>164</fpage>
                  <volume>lxxiii</volume>
                  <source>Archiv für Reformationsgeschichte</source>
                  <year>1982</year>
               </mixed-citation>
            </p>
         </fn>
         <fn id="d8903e492a1310">
            <label>10</label>
            <p>
               <mixed-citation id="d8903e499" publication-type="book">
Kittelson, 'Successes and Failures', 168<person-group>
                     <string-name>
                        <surname>Kittelson</surname>
                     </string-name>
                  </person-group>
                  <fpage>168</fpage>
                  <source>Successes and Failures'</source>
               </mixed-citation>
            </p>
         </fn>
         <fn id="d8903e522a1310">
            <label>11</label>
            <p>
               <mixed-citation id="d8903e529" publication-type="journal">
G. Parker, 'Success and Failure During the First Century of the Reformation', Past and
Present, cxxxvi (1992), 78-9, 81.<object-id pub-id-type="jstor">10.2307/650901</object-id>
                  <fpage>78</fpage>
               </mixed-citation>
            </p>
         </fn>
         <fn id="d8903e545a1310">
            <label>12</label>
            <p>
               <mixed-citation id="d8903e552" publication-type="book">
E. Cameron, The European Reformation (Oxford,
1991), 413-14.<person-group>
                     <string-name>
                        <surname>Cameron</surname>
                     </string-name>
                  </person-group>
                  <fpage>413</fpage>
                  <source>The European Reformation</source>
                  <year>1991</year>
               </mixed-citation>
            </p>
         </fn>
         <fn id="d8903e581a1310">
            <label>13</label>
            <p>
               <mixed-citation id="d8903e588" publication-type="book">
C. Scott Dixon, The Reformation and Rural Society: The Parishes of Brandenburg-Ansbach-
Kulmbach, 1528-1603 (Cambridge, 1996)<person-group>
                     <string-name>
                        <surname>Dixon</surname>
                     </string-name>
                  </person-group>
                  <source>The Reformation and Rural Society: The Parishes of Brandenburg-AnsbachKulmbach, 1528-1603</source>
                  <year>1996</year>
               </mixed-citation>
            </p>
            <p>
               <mixed-citation id="d8903e612" publication-type="journal">
C. Scott Dixon, 'The Reformation and Parish Morality
in Brandenburg-Ansbach-Kulmbach', Archiv für Reformationsgeschichte, lxxxvii (1996), 255-86.<person-group>
                     <string-name>
                        <surname>Dixon</surname>
                     </string-name>
                  </person-group>
                  <fpage>255</fpage>
                  <volume>lxxxvii</volume>
                  <source>Archiv für Reformationsgeschichte</source>
                  <year>1996</year>
               </mixed-citation>
            </p>
         </fn>
         <fn id="d8903e644a1310">
            <label>14</label>
            <p>
               <mixed-citation id="d8903e651" publication-type="book">
Dixon, Reformation and Rural Society, 200.<person-group>
                     <string-name>
                        <surname>Dixon</surname>
                     </string-name>
                  </person-group>
                  <fpage>200</fpage>
                  <source>Reformation and Rural Society</source>
               </mixed-citation>
            </p>
         </fn>
         <fn id="d8903e673a1310">
            <label>15</label>
            <p>
               <mixed-citation id="d8903e680" publication-type="other">
Ibid. 204.</mixed-citation>
            </p>
         </fn>
         <fn id="d8903e687a1310">
            <label>16</label>
            <p>
               <mixed-citation id="d8903e694" publication-type="book">
W. Leiser, 'Das Landgebiet der Reichsstadt Nürnberg', in Nürnberg und Bern. Zwei
Reichsstädte und ihre Landgebiete, ed. R. Endres, (Erlangen, 1990), 227-35.<person-group>
                     <string-name>
                        <surname>Leiser</surname>
                     </string-name>
                  </person-group>
                  <comment content-type="section">Das Landgebiet der Reichsstadt Niirnberg</comment>
                  <fpage>227</fpage>
                  <source>Nürnberg und Bern. Zwei Reichsstädte und ihre Landgebiete</source>
                  <year>1990</year>
               </mixed-citation>
            </p>
         </fn>
         <fn id="d8903e727a1310">
            <label>17</label>
            <p>
               <mixed-citation id="d8903e734" publication-type="book">
F. Schnelbéigl, 'Zwischen Zollern und Wittelsbachern', in Pfeiffer, Nürnberg, 126.<person-group>
                     <string-name>
                        <surname>Schnelbéigl</surname>
                     </string-name>
                  </person-group>
                  <comment content-type="section">Zwischen Zollern und Wittelsbachern'</comment>
                  <fpage>126</fpage>
                  <source>Nürnberg</source>
               </mixed-citation>
            </p>
         </fn>
         <fn id="d8903e759a1310">
            <label>18</label>
            <p>
               <mixed-citation id="d8903e766" publication-type="book">
Leiser, 'Landgebiet', 242-3.<person-group>
                     <string-name>
                        <surname>Leiser</surname>
                     </string-name>
                  </person-group>
                  <fpage>242</fpage>
                  <source>Landgebiet</source>
               </mixed-citation>
            </p>
         </fn>
         <fn id="d8903e788a1310">
            <label>19</label>
            <p>
               <mixed-citation id="d8903e795" publication-type="journal">
W. Leiser, 'Kommunalverfassung im Landgebiet der Reichsstadt Nürnberg', Mitteilungen
des Vereins für Geschichte der Stadt Nürnberg, Ix (1973), 207-9.<person-group>
                     <string-name>
                        <surname>Leiser</surname>
                     </string-name>
                  </person-group>
                  <fpage>207</fpage>
                  <volume>Ix</volume>
                  <source>Mitteilungen des Vereins für Geschichte der Stadt Nürnberg</source>
                  <year>1973</year>
               </mixed-citation>
            </p>
         </fn>
         <fn id="d8903e827a1310">
            <label>20</label>
            <p>
               <mixed-citation id="d8903e834" publication-type="book">
W. Wiessner, Hilpoltstein (Historischer Atlas von Bayen, Reihe 1, Heft 24), (Munich, 1978),
177.<person-group>
                     <string-name>
                        <surname>Wiessner</surname>
                     </string-name>
                  </person-group>
                  <fpage>177</fpage>
                  <source>Hilpoltstein</source>
                  <year>1978</year>
               </mixed-citation>
            </p>
         </fn>
         <fn id="d8903e863a1310">
            <label>21</label>
            <p>
               <mixed-citation id="d8903e870" publication-type="book">
Leiser, 'Landgebiet', 239<person-group>
                     <string-name>
                        <surname>Leiser</surname>
                     </string-name>
                  </person-group>
                  <fpage>239</fpage>
                  <source>Landgebiet</source>
               </mixed-citation>
            </p>
         </fn>
         <fn id="d8903e892a1310">
            <label>22</label>
            <p>
               <mixed-citation id="d8903e899" publication-type="book">
Leiser, 'Kommunalverfassung', 217-19.<person-group>
                     <string-name>
                        <surname>Leiser</surname>
                     </string-name>
                  </person-group>
                  <fpage>217</fpage>
                  <source>Kommunalverfassung</source>
               </mixed-citation>
            </p>
         </fn>
         <fn id="d8903e922a1310">
            <label>23</label>
            <p>
               <mixed-citation id="d8903e929" publication-type="book">
G. Vogler, Nürnbergl 524/25. Studien zur Geschichte der reformatorischen undsozialen Bewegung
in der Reichsstadt (Berlin, 1982), 130.<person-group>
                     <string-name>
                        <surname>Vogler</surname>
                     </string-name>
                  </person-group>
                  <fpage>130</fpage>
                  <source>Nürnbergl 524/25. Studien zur Geschichte der reformatorischen undsozialen Bewegung in der Reichsstadt</source>
                  <year>1982</year>
               </mixed-citation>
            </p>
            <p>
               <mixed-citation id="d8903e957" publication-type="journal">
P. Broadhead, 'Self-Interest and Security: Rela-
tions Between Nuremberg and Its Territory in the Early Sixteenth Century', German History, xi
(1993), 1-19<person-group>
                     <string-name>
                        <surname>Broadhead</surname>
                     </string-name>
                  </person-group>
                  <fpage>1</fpage>
                  <volume>xi</volume>
                  <source>German History</source>
                  <year>1993</year>
               </mixed-citation>
            </p>
         </fn>
         <fn id="d8903e992a1310">
            <label>24</label>
            <p>
               <mixed-citation id="d8903e999" publication-type="book">
H. Westermayer, Die Brandenburgisch-Nürberger Kirchenvisitation und Kirchenordnung,
1528-33 (Erlangen, 1894), 45.<person-group>
                     <string-name>
                        <surname>Westermayer</surname>
                     </string-name>
                  </person-group>
                  <fpage>45</fpage>
                  <source>Die Brandenburgisch-Nürberger Kirchenvisitation und Kirchenordnung, 1528-33</source>
                  <year>1894</year>
               </mixed-citation>
            </p>
            <p>
               <mixed-citation id="d8903e1027" publication-type="book">
B. Hamm, W. Huber and G. Litz, Band ii, Schriften der Jahre September 1525 bis April
1529 (Gütersloh, 1999), 274-301<person-group>
                     <string-name>
                        <surname>Hamm</surname>
                     </string-name>
                  </person-group>
                  <fpage>274</fpage>
                  <source>Band ii, Schriften der Jahre September 1525 bis April 1529</source>
                  <year>1999</year>
               </mixed-citation>
            </p>
         </fn>
         <fn id="d8903e1056a1310">
            <label>25</label>
            <p>
               <mixed-citation id="d8903e1063" publication-type="journal">
W. Buchholz, 'Anfinge der Sozialdisziplinierung im Mittelalter. Die Reichsstadt Nürnberg
als Beispiel', Zeitschrizft für historische Forschung, xci (1991), 129-47.<person-group>
                     <string-name>
                        <surname>Buchholz</surname>
                     </string-name>
                  </person-group>
                  <fpage>129</fpage>
                  <volume>xci</volume>
                  <source>Zeitschrizft für historische Forschung</source>
                  <year>1991</year>
               </mixed-citation>
            </p>
         </fn>
         <fn id="d8903e1095a1310">
            <label>26</label>
            <p>
               <mixed-citation id="d8903e1102" publication-type="book">
B. Gordon, Clerical Discipline and the Rural Reformation. The Synod in Zurich, 1532-1580
(Zürcher Beiträge zur Reformationsgeschichte, 16), (Bern, 1992), 41-2.<person-group>
                     <string-name>
                        <surname>Gordon</surname>
                     </string-name>
                  </person-group>
                  <fpage>41</fpage>
                  <source>Clerical Discipline and the Rural Reformation. The Synod in Zurich, 1532-158o</source>
                  <year>1992</year>
               </mixed-citation>
            </p>
         </fn>
         <fn id="d8903e1131a1310">
            <label>27</label>
            <p>
               <mixed-citation id="d8903e1138" publication-type="book">
M. Simon, Nürnbergisches Pfarrerbuch. Die Evangelisch-Lutherische Geistlichkeit der Reichsstadt
Nürnberg und ihres Gebietes, 1524-1806 (Einzelarbeiten aus der Kirchengeschichte Bayerns, XLI),
(Nuremberg, 1965), 1-2.<person-group>
                     <string-name>
                        <surname>Simon</surname>
                     </string-name>
                  </person-group>
                  <fpage>1</fpage>
                  <source>Nürnbergisches Pfarrerbuch. Die Evangelisch-Lutherische Geistlichkeit der Reichsstadt Nürnberg und ihres Gebietes, 1524-1806</source>
                  <year>1965</year>
               </mixed-citation>
            </p>
         </fn>
         <fn id="d8903e1170a1310">
            <label>28</label>
            <p>
               <mixed-citation id="d8903e1177" publication-type="book">
'Nürnberger Visitationsartikel', in Andreas Osiander D.Ä. Gesamtausgabe, ed. G. Müller
and G. Seebaβ (io vols, Gütersloh, 1975-97), iii, 147-64.<person-group>
                     <string-name>
                        <surname>Müller</surname>
                     </string-name>
                  </person-group>
                  <comment content-type="section">Nürnberger Visitationsartikel</comment>
                  <fpage>147</fpage>
                  <volume>iii</volume>
                  <source>Andreas Osiander D.Ä. Gesamtausgabe</source>
                  <year>1997</year>
               </mixed-citation>
            </p>
         </fn>
         <fn id="d8903e1213a1310">
            <label>29</label>
            <p>
               <mixed-citation id="d8903e1220" publication-type="journal">
M. Simon, 'Zur Visitation der Nürnberger Landpfarreien im Jahre 1528', Zeitschrif für
bayerische Kirchengeschichte, xxxv (1966), 7-41.<person-group>
                     <string-name>
                        <surname>Simon</surname>
                     </string-name>
                  </person-group>
                  <fpage>7</fpage>
                  <volume>xxxv</volume>
                  <source>Zeitschrif für bayerische Kirchengeschichte</source>
                  <year>1966</year>
               </mixed-citation>
            </p>
         </fn>
         <fn id="d8903e1252a1310">
            <label>30</label>
            <p>
               <mixed-citation id="d8903e1259" publication-type="book">
'Kirchenordnung in meiner gnedigen herrn der marggraven zu Brandenburg und eins erbern
rats der stat Nürmberg oberkeyt und gepieten', in Müller and Seebaβ, Osiander Gesamtausgabe, v,
63-177.<person-group>
                     <string-name>
                        <surname>Müller</surname>
                     </string-name>
                  </person-group>
                  <comment content-type="section">Kirchenordnung in meiner gnedigen herrn der marggraven zu Brandenburg und eins erbern rats der stat Nürmberg oberkeyt und gepieten</comment>
                  <fpage>63</fpage>
                  <volume>v</volume>
                  <source>Osiander Gesamtausgabe</source>
               </mixed-citation>
            </p>
         </fn>
         <fn id="d8903e1294a1310">
            <label>31</label>
            <p>
               <mixed-citation id="d8903e1301" publication-type="book">
Wiessner, Hilpoltstein, 177-8.<person-group>
                     <string-name>
                        <surname>Wiessner</surname>
                     </string-name>
                  </person-group>
                  <fpage>177</fpage>
                  <source>Hilpoltstein</source>
               </mixed-citation>
            </p>
            <p>
               <mixed-citation id="d8903e1322" publication-type="book">
'Pfalz-Neuburger Kirchenord-
nung', in Müller and Seebaβ, Osiander Gesamtausgabe, vii, 576-878<person-group>
                     <string-name>
                        <surname>Müller</surname>
                     </string-name>
                  </person-group>
                  <comment content-type="section">Pfalz-Neuburger Kirchenordnung</comment>
                  <fpage>576</fpage>
                  <volume>vii</volume>
                  <source>Osiander Gesamtausgabe</source>
               </mixed-citation>
            </p>
         </fn>
         <fn id="d8903e1354a1310">
            <label>32</label>
            <p>
               <mixed-citation id="d8903e1361" publication-type="book">
Die evangelischen
Kirchenordnungen des XVI: Jahrhunderts, ed. E. Sehling (15 vols, 1902-77), xi (Tübingen, 1961),
487-553<person-group>
                     <string-name>
                        <surname>Sehling</surname>
                     </string-name>
                  </person-group>
                  <fpage>487</fpage>
                  <volume>xi</volume>
                  <source>Die evangelischen Kirchenordnungen des XVI: Jahrhunderts</source>
                  <year>1961</year>
               </mixed-citation>
            </p>
         </fn>
         <fn id="d8903e1396a1310">
            <label>33</label>
            <p>
               <mixed-citation id="d8903e1403" publication-type="book">
G. Hirschmann, Die Kirchenvisitation im Landgebiet der Reichsstadt Nürnberg 1560 und 1561.
Quellenedition (Einzelarbeiten aus der Kirchengeschichte Bayerns, LXVIII), (Neustadt a.d. Aisch,
1994), 6-7.<person-group>
                     <string-name>
                        <surname>Hirschmann</surname>
                     </string-name>
                  </person-group>
                  <fpage>6</fpage>
                  <source>Die Kirchenvisitation im Landgebiet der Reichsstadt Nürnberg 1560 und 1561. Quellenedition</source>
                  <year>1994</year>
               </mixed-citation>
            </p>
         </fn>
         <fn id="d8903e1435a1310">
            <label>34</label>
            <p>
               <mixed-citation id="d8903e1442" publication-type="book">
Dixon, Reformation and Rural Society, 29.<person-group>
                     <string-name>
                        <surname>Dixon</surname>
                     </string-name>
                  </person-group>
                  <fpage>29</fpage>
                  <source>Reformation and Rural Society</source>
               </mixed-citation>
            </p>
         </fn>
         <fn id="d8903e1465a1310">
            <label>35</label>
            <p>
               <mixed-citation id="d8903e1472" publication-type="book">
Pfeiffer, Quellen,
395<person-group>
                     <string-name>
                        <surname>Pfeiffer</surname>
                     </string-name>
                  </person-group>
                  <fpage>395</fpage>
                  <source>Quellen</source>
               </mixed-citation>
            </p>
         </fn>
         <fn id="d8903e1497a1310">
            <label>36</label>
            <p>
               <mixed-citation id="d8903e1504" publication-type="journal">
StaN, Briefbücher des Rates, 1527, 30 August, fos 5o-1.<person-group>
                     <string-name>
                        <surname>StaN</surname>
                     </string-name>
                  </person-group>
                  <issue>August</issue>
                  <fpage>5o</fpage>
                  <source>Briefbücher des Rates</source>
                  <year>1527</year>
               </mixed-citation>
            </p>
         </fn>
         <fn id="d8903e1533a1310">
            <label>37</label>
            <p>
               <mixed-citation id="d8903e1540" publication-type="journal">
StaN, Briefbücher des Rates, 1527, 30 August, fo. 5o.<person-group>
                     <string-name>
                        <surname>StaN</surname>
                     </string-name>
                  </person-group>
                  <issue>August</issue>
                  <fpage>5o</fpage>
                  <source>Briefbücher des Rates</source>
                  <year>1527</year>
               </mixed-citation>
            </p>
         </fn>
         <fn id="d8903e1569a1310">
            <label>38</label>
            <p>
               <mixed-citation id="d8903e1576" publication-type="journal">
StaN, Ratsbücher, XIV, 24 January 1528, fo. 134. 'keynen wolf über die schafe zusetzen'.<person-group>
                     <string-name>
                        <surname>StaN</surname>
                     </string-name>
                  </person-group>
                  <issue>January</issue>
                  <fpage>134</fpage>
                  <volume>XIV</volume>
                  <source>Ratsbücher</source>
                  <year>1528</year>
               </mixed-citation>
            </p>
         </fn>
         <fn id="d8903e1608a1310">
            <label>39</label>
            <p>
               <mixed-citation id="d8903e1615" publication-type="book">
'Kirchenordnung', in Müller and Seebaβ, Osiander Gesamtausgabe, v, 64.<person-group>
                     <string-name>
                        <surname>Müller</surname>
                     </string-name>
                  </person-group>
                  <comment content-type="section">Kirchenordnung</comment>
                  <fpage>64</fpage>
                  <volume>v</volume>
                  <source>Osiander Gesamtausgabe</source>
               </mixed-citation>
            </p>
         </fn>
         <fn id="d8903e1644a1310">
            <label>40</label>
            <p>
               <mixed-citation id="d8903e1651" publication-type="other">
Ibid. 64-5.</mixed-citation>
            </p>
         </fn>
         <fn id="d8903e1659a1310">
            <label>41</label>
            <p>
               <mixed-citation id="d8903e1666" publication-type="other">
Ibid. 75-116.</mixed-citation>
            </p>
         </fn>
         <fn id="d8903e1673a1310">
            <label>42</label>
            <p>
               <mixed-citation id="d8903e1680" publication-type="other">
Ibid. 83.</mixed-citation>
            </p>
         </fn>
         <fn id="d8903e1687a1310">
            <label>43</label>
            <p>
               <mixed-citation id="d8903e1694" publication-type="other">
Ibid. 86</mixed-citation>
            </p>
         </fn>
         <fn id="d8903e1701a1310">
            <label>44</label>
            <p>
               <mixed-citation id="d8903e1708" publication-type="other">
Ibid. 86.</mixed-citation>
            </p>
         </fn>
         <fn id="d8903e1715a1310">
            <label>45</label>
            <p>
               <mixed-citation id="d8903e1722" publication-type="book">
B. Klaus, Veit Dietrich Leben und Werk (Nuremberg, 1958), 403.<person-group>
                     <string-name>
                        <surname>Klaus</surname>
                     </string-name>
                  </person-group>
                  <fpage>403</fpage>
                  <source>Veit Dietrich Leben und Werk</source>
                  <year>1958</year>
               </mixed-citation>
            </p>
            <p>
               <mixed-citation id="d8903e1746" publication-type="book">
'Agendbiichlein', in
Sehling, Kirchenordnungen, 539-53<person-group>
                     <string-name>
                        <surname>Sehling</surname>
                     </string-name>
                  </person-group>
                  <comment content-type="section">Agendbüchlein</comment>
                  <fpage>539</fpage>
                  <source>Kirchenordnungen</source>
               </mixed-citation>
            </p>
         </fn>
         <fn id="d8903e1775a1310">
            <label>46</label>
            <p>
               <mixed-citation id="d8903e1782" publication-type="book">
'Agendbüchlein', in Sehling, Kirchenordnungen, 539<person-group>
                     <string-name>
                        <surname>Sehling</surname>
                     </string-name>
                  </person-group>
                  <comment content-type="section">Agendbüchlein</comment>
                  <fpage>539</fpage>
                  <source>Kirchenordnungen</source>
               </mixed-citation>
            </p>
         </fn>
         <fn id="d8903e1808a1310">
            <label>47</label>
            <p>
               <mixed-citation id="d8903e1815" publication-type="other">
Ibid. 545.</mixed-citation>
            </p>
         </fn>
         <fn id="d8903e1822a1310">
            <label>48</label>
            <p>
               <mixed-citation id="d8903e1829" publication-type="book">
Hirschmann, Kirchenvisitation, 61<person-group>
                     <string-name>
                        <surname>Hirschmann</surname>
                     </string-name>
                  </person-group>
                  <fpage>61</fpage>
                  <source>Kirchenvisitation</source>
               </mixed-citation>
            </p>
            <p>
               <mixed-citation id="d8903e1850" publication-type="book">
Simon, Nürnbergishes Pfarrerbuch, 13<person-group>
                     <string-name>
                        <surname>Simon</surname>
                     </string-name>
                  </person-group>
                  <fpage>13</fpage>
                  <source>Nürnbergishes Pfarrerbuch</source>
               </mixed-citation>
            </p>
         </fn>
         <fn id="d8903e1872a1310">
            <label>49</label>
            <p>
               <mixed-citation id="d8903e1879" publication-type="book">
'Catechismus oder Kinderpredig', in Sehling, Kirchenordnungen, 206-83.<person-group>
                     <string-name>
                        <surname>Sehling</surname>
                     </string-name>
                  </person-group>
                  <comment content-type="section">Catechismus oder Kinderpredig</comment>
                  <fpage>206</fpage>
                  <source>Kirchenordnungen</source>
               </mixed-citation>
            </p>
         </fn>
         <fn id="d8903e1904a1310">
            <label>50</label>
            <p>
               <mixed-citation id="d8903e1911" publication-type="other">
Summaria Christlicher lehr / für das junge volck / Was aus eim yeden Sontags Evangelio zu
mercken sey / Sambt angehenckten Gebeten, durch Vitum Dietrich MDL (place of publication not
given).</mixed-citation>
            </p>
         </fn>
         <fn id="d8903e1924a1310">
            <label>51</label>
            <p>
               <mixed-citation id="d8903e1931" publication-type="book">
Summaria über die gantze Bibel / das Alte unnd Newe Testament / Darin auffi kurtzte an-
gezeigt wirdt / was am nötigsten und nützten ist / dem jungen volck / und gemeinen Mann / aufz
allen Capiteln zu wissen / und zu lernen / Darnach sie ir leben richten / und solcher seiner lehre /
zu irer seelen seligkeyt brauchen könen / Durch Vitum Dietrich (Nuremberg, I553).<source>Summaria über die gantze Bibel / das Alte unnd Newe Testament / Darin auffs kurtzte angezeigt wirdt / was am nötigsten und nützten ist / dem jungen volck / und gemeinen Mann / aufz allen Capiteln zu wissen / und zu lernen / Darnach sie ir leben richten / und solcher seiner lehre /zu irer seelen seligkeyt brauchen kiinen / Durch Vitum Dietrich</source>
                  <year>1553</year>
               </mixed-citation>
            </p>
         </fn>
         <fn id="d8903e1954a1310">
            <label>52</label>
            <p>
               <mixed-citation id="d8903e1961" publication-type="other">
Dietrich, Summaria über die
gantze Bibel</mixed-citation>
            </p>
         </fn>
         <fn id="d8903e1972a1310">
            <label>53</label>
            <p>
               <mixed-citation id="d8903e1979" publication-type="other">
Ibid.</mixed-citation>
            </p>
         </fn>
         <fn id="d8903e1986a1310">
            <label>54</label>
            <p>
               <mixed-citation id="d8903e1993" publication-type="book">
S. Karant-Nunn, 'Preaching
the Word in Early Modern Germany', in Preachers and People in the Reformations and Early
Modern Period, ed. L. Taylor (Leiden, 2oo0), 203<person-group>
                     <string-name>
                        <surname>Karant-Nunn</surname>
                     </string-name>
                  </person-group>
                  <comment content-type="section">Preaching the Word in Early Modern Germany</comment>
                  <fpage>203</fpage>
                  <source>Preachers and People in the Reformations and Early Modern Period</source>
                  <year>2000</year>
               </mixed-citation>
            </p>
         </fn>
         <fn id="d8903e2028a1310">
            <label>55</label>
            <p>
               <mixed-citation id="d8903e2035" publication-type="journal">
H. Dannebauer, 'Die Nürnberger Landgeistlichen bis zur zweiten Niirnberger Kirchenvisi-
tation (160o/6I)', Zeitschrift für bayerische Kirchengeschichte (vols ii-ix, 1927-34), vi (I931), 219. 5
August I557<person-group>
                     <string-name>
                        <surname>Dannebauer</surname>
                     </string-name>
                  </person-group>
                  <fpage>219</fpage>
                  <volume>vi</volume>
                  <source>Zeitschrift für bayerische Kirchengeschichte</source>
                  <year>1931</year>
               </mixed-citation>
            </p>
         </fn>
         <fn id="d8903e2070a1310">
            <label>56</label>
            <p>
               <mixed-citation id="d8903e2077" publication-type="book">
Simon, Nürnbergisches Pfarrerbuch, 21.<person-group>
                     <string-name>
                        <surname>Simon</surname>
                     </string-name>
                  </person-group>
                  <fpage>21</fpage>
                  <source>Nürnbergisches Pfarrerbuch</source>
               </mixed-citation>
            </p>
         </fn>
         <fn id="d8903e2099a1310">
            <label>57</label>
            <p>
               <mixed-citation id="d8903e2106" publication-type="book">
Hirschmann, Kirchenvisitation Quellenedition, 287<person-group>
                     <string-name>
                        <surname>Hirschmann</surname>
                     </string-name>
                  </person-group>
                  <fpage>287</fpage>
                  <source>Kirchenvisitation Quellenedition</source>
               </mixed-citation>
            </p>
         </fn>
         <fn id="d8903e2128a1310">
            <label>58</label>
            <p>
               <mixed-citation id="d8903e2135" publication-type="other">
Ibid. I28.</mixed-citation>
            </p>
         </fn>
         <fn id="d8903e2143a1310">
            <label>59</label>
            <p>
               <mixed-citation id="d8903e2150" publication-type="other">
Ibid. 129.</mixed-citation>
            </p>
         </fn>
         <fn id="d8903e2157a1310">
            <label>60</label>
            <p>
               <mixed-citation id="d8903e2164" publication-type="book">
Simon, Nürnbergisches Pfarrerbuch, 41, 289.<person-group>
                     <string-name>
                        <surname>Simon</surname>
                     </string-name>
                  </person-group>
                  <fpage>41</fpage>
                  <source>Nürnbergisches Pfarrerbuch</source>
               </mixed-citation>
            </p>
         </fn>
         <fn id="d8903e2186a1310">
            <label>61</label>
            <p>
               <mixed-citation id="d8903e2193" publication-type="book">
'Agendbüchlein', in Sehling, Kirchenordnungen, 502.<person-group>
                     <string-name>
                        <surname>Sehling</surname>
                     </string-name>
                  </person-group>
                  <comment content-type="section">Agendbüchlein'</comment>
                  <fpage>502</fpage>
                  <source>Kirchenordnungen</source>
               </mixed-citation>
            </p>
         </fn>
         <fn id="d8903e2218a1310">
            <label>62</label>
            <p>
               <mixed-citation id="d8903e2225" publication-type="book">
Hirschmann, Kirchenvisitation
Quellenedition, 259<person-group>
                     <string-name>
                        <surname>Hirschmann</surname>
                     </string-name>
                  </person-group>
                  <fpage>259</fpage>
                  <source>Kirchenvisitation Quellenedition</source>
               </mixed-citation>
            </p>
         </fn>
         <fn id="d8903e2250a1310">
            <label>63</label>
            <p>
               <mixed-citation id="d8903e2257" publication-type="journal">
Dannenbauer, 'Die Nürnberger Landgeistlichen', ii (1927), 228<person-group>
                     <string-name>
                        <surname>Dannenbauer</surname>
                     </string-name>
                  </person-group>
                  <fpage>228</fpage>
                  <volume>ii</volume>
                  <source>Die Nürnberger Landgeistlichen</source>
                  <year>1927</year>
               </mixed-citation>
            </p>
            <p>
               <mixed-citation id="d8903e2285" publication-type="book">
Simon, Nürnbergisches
Pfarrerbuch, 113-14<person-group>
                     <string-name>
                        <surname>Simon</surname>
                     </string-name>
                  </person-group>
                  <fpage>113</fpage>
                  <source>Nürnbergisches Pfarrerbuch</source>
               </mixed-citation>
            </p>
         </fn>
         <fn id="d8903e2310a1310">
            <label>64</label>
            <p>
               <mixed-citation id="d8903e2317" publication-type="book">
Klaus, Veit Dietrich, 261-3.<person-group>
                     <string-name>
                        <surname>Klaus</surname>
                     </string-name>
                  </person-group>
                  <fpage>261</fpage>
                  <source>Veit Dietrich</source>
               </mixed-citation>
            </p>
         </fn>
         <fn id="d8903e2340a1310">
            <label>65</label>
            <p>
               <mixed-citation id="d8903e2347" publication-type="book">
'Agendbüchlein', in Sehling, Kirchenordnungen, 504<person-group>
                     <string-name>
                        <surname>Sehling</surname>
                     </string-name>
                  </person-group>
                  <comment content-type="section">'Agendbüchlein'</comment>
                  <fpage>504</fpage>
                  <source>Kirchenordnungen</source>
               </mixed-citation>
            </p>
            <p>
               <mixed-citation id="d8903e2371" publication-type="book">
Hirschmann, Kirchenvisitation
Quellenedition, 220<person-group>
                     <string-name>
                        <surname>Hirschmann</surname>
                     </string-name>
                  </person-group>
                  <fpage>220</fpage>
                  <source>Kirchenvisitation Quellenedition</source>
               </mixed-citation>
            </p>
         </fn>
         <fn id="d8903e2396a1310">
            <label>66</label>
            <p>
               <mixed-citation id="d8903e2403" publication-type="book">
Hirschmann, Kirchenvisitation Quellenedition, 182, 199.<person-group>
                     <string-name>
                        <surname>Hirschmann</surname>
                     </string-name>
                  </person-group>
                  <fpage>182</fpage>
                  <source>Kirchenvisitation Quellenedition</source>
               </mixed-citation>
            </p>
         </fn>
         <fn id="d8903e2425a1310">
            <label>67</label>
            <p>
               <mixed-citation id="d8903e2432" publication-type="other">
Ibid. 249.</mixed-citation>
            </p>
         </fn>
         <fn id="d8903e2439a1310">
            <label>68</label>
            <p>
               <mixed-citation id="d8903e2446" publication-type="book">
Pfeiffer, Quellen, 348, 350-1<person-group>
                     <string-name>
                        <surname>Pfeiffer</surname>
                     </string-name>
                  </person-group>
                  <fpage>348</fpage>
                  <source>Quellen</source>
               </mixed-citation>
            </p>
         </fn>
         <fn id="d8903e2468a1310">
            <label>69</label>
            <p>
               <mixed-citation id="d8903e2475" publication-type="journal">
Dannenbauer, 'Die Nürnberger Landgeistlichen', vii (1932), 241.<person-group>
                     <string-name>
                        <surname>Dannenbauer</surname>
                     </string-name>
                  </person-group>
                  <fpage>241</fpage>
                  <volume>vii</volume>
                  <source>Die Nürnberger Landgeistlichen</source>
                  <year>1932</year>
               </mixed-citation>
            </p>
         </fn>
         <fn id="d8903e2504a1310">
            <label>71</label>
            <p>
               <mixed-citation id="d8903e2511" publication-type="book">
Hirschmann, Kirchenvisitation Quellenedition, 64.<person-group>
                     <string-name>
                        <surname>Hirschmann</surname>
                     </string-name>
                  </person-group>
                  <fpage>64</fpage>
                  <source>Kirchenvisitation Quellenedition</source>
               </mixed-citation>
            </p>
         </fn>
         <fn id="d8903e2534a1310">
            <label>72</label>
            <p>
               <mixed-citation id="d8903e2541" publication-type="other">
Ibid. 64-5.</mixed-citation>
            </p>
         </fn>
         <fn id="d8903e2548a1310">
            <label>73</label>
            <p>
               <mixed-citation id="d8903e2555" publication-type="book">
'Kirchenordnung', in Müller and Seebaβ, Osiander Gesamtausgabe, v, 138, 167.<person-group>
                     <string-name>
                        <surname>Müller</surname>
                     </string-name>
                  </person-group>
                  <comment content-type="section">Kirchenordnung'</comment>
                  <fpage>138</fpage>
                  <volume>v</volume>
                  <source>Osiander Gesamtausgabe</source>
               </mixed-citation>
            </p>
         </fn>
         <fn id="d8903e2584a1310">
            <label>74</label>
            <p>
               <mixed-citation id="d8903e2591" publication-type="other">
Ibid. I63-4</mixed-citation>
            </p>
         </fn>
         <fn id="d8903e2598a1310">
            <label>75</label>
            <p>
               <mixed-citation id="d8903e2605" publication-type="book">
'Agendbüchlein', in Sehling, Kirchenordnungen, 529<person-group>
                     <string-name>
                        <surname>Sehling</surname>
                     </string-name>
                  </person-group>
                  <comment content-type="section">Agendbüchlein</comment>
                  <fpage>529</fpage>
                  <source>Kirchenordnungen</source>
               </mixed-citation>
            </p>
         </fn>
         <fn id="d8903e2630a1310">
            <label>76</label>
            <p>
               <mixed-citation id="d8903e2637" publication-type="journal">
G. Pfeiffer, 'Die Einfihrung der allgemeinen Beichte in Nfirnberg und seinem Landgebiet',
Zeitschriftfiir bayerische Kirchengeschichte, xx (1950), 41-2.<person-group>
                     <string-name>
                        <surname>Pfeiffer</surname>
                     </string-name>
                  </person-group>
                  <fpage>41</fpage>
                  <volume>xx</volume>
                  <source>Zeitschriftfiir bayerische Kirchengeschichte</source>
                  <year>1950</year>
               </mixed-citation>
            </p>
         </fn>
         <fn id="d8903e2669a1310">
            <label>77</label>
            <p>
               <mixed-citation id="d8903e2676" publication-type="book">
'Agendbüchlein', in Sehling, Kirchenordnungen, 528-31.<person-group>
                     <string-name>
                        <surname>Sehling</surname>
                     </string-name>
                  </person-group>
                  <comment content-type="section">Agendbüchlein'</comment>
                  <fpage>528</fpage>
                  <source>Kirchenordnungen</source>
               </mixed-citation>
            </p>
            <p>
               <mixed-citation id="d8903e2700" publication-type="journal">
D. Myers, 'Ritual,
Confession and Religion in Sixteenth-Century Germany', Archiv für Reformationsgeschichte,
lxxxix (1998), 135-8<person-group>
                     <string-name>
                        <surname>Myers</surname>
                     </string-name>
                  </person-group>
                  <fpage>135</fpage>
                  <volume>lxxxix</volume>
                  <source>Archiv für Reformationsgeschichte</source>
                  <year>1998</year>
               </mixed-citation>
            </p>
         </fn>
         <fn id="d8903e2736a1310">
            <label>78</label>
            <p>
               <mixed-citation id="d8903e2743" publication-type="book">
'Agendbüchlein', in Sehling, Kirchenordnungen, 529.<person-group>
                     <string-name>
                        <surname>Sehling</surname>
                     </string-name>
                  </person-group>
                  <comment content-type="section">Agendbüchlein</comment>
                  <fpage>529</fpage>
                  <source>Kirchenordnungen</source>
               </mixed-citation>
            </p>
         </fn>
         <fn id="d8903e2768a1310">
            <label>79</label>
            <p>
               <mixed-citation id="d8903e2775" publication-type="book">
'Kirchenordnung', in Müller and Seebaβ, Osiander Gesamtausgabe, v, 142.<person-group>
                     <string-name>
                        <surname>Müller</surname>
                     </string-name>
                  </person-group>
                  <comment content-type="section">Kirchenordnung'</comment>
                  <fpage>142</fpage>
                  <volume>v</volume>
                  <source>Osiander Gesamtausgabe</source>
               </mixed-citation>
            </p>
         </fn>
         <fn id="d8903e2804a1310">
            <label>80</label>
            <p>
               <mixed-citation id="d8903e2811" publication-type="book">
Hirschmann, Kirchenvisitation Quellenedition, 246.<person-group>
                     <string-name>
                        <surname>Hirschmann</surname>
                     </string-name>
                  </person-group>
                  <fpage>246</fpage>
                  <source>Kirchenvisitation Quellenedition</source>
               </mixed-citation>
            </p>
         </fn>
         <fn id="d8903e2833a1310">
            <label>81</label>
            <p>
               <mixed-citation id="d8903e2840" publication-type="other">
Ibid. 266.</mixed-citation>
            </p>
         </fn>
         <fn id="d8903e2847a1310">
            <label>82</label>
            <p>
               <mixed-citation id="d8903e2854" publication-type="book">
'Kirchenordnung', in Müller and Seebaβ, Osiander Gesamtausgabe, v, 146-7<person-group>
                     <string-name>
                        <surname>Müller</surname>
                     </string-name>
                  </person-group>
                  <comment content-type="section">Kirchenordnung'</comment>
                  <fpage>146</fpage>
                  <volume>v</volume>
                  <source>Osiander Gesamtausgabe</source>
               </mixed-citation>
            </p>
            <p>
               <mixed-citation id="d8903e2882" publication-type="book">
'Agendbüch-
lein', in Sehling, Kirchenordnungen, 495.<person-group>
                     <string-name>
                        <surname>Sehling</surname>
                     </string-name>
                  </person-group>
                  <comment content-type="section">Agendbüchlein</comment>
                  <fpage>495</fpage>
                  <source>Kirchenordnungen</source>
               </mixed-citation>
            </p>
         </fn>
         <fn id="d8903e2911a1310">
            <label>83</label>
            <p>
               <mixed-citation id="d8903e2918" publication-type="book">
Hirschmann, Kirchenvisitation Quellenedition, 57<person-group>
                     <string-name>
                        <surname>Hirschmann</surname>
                     </string-name>
                  </person-group>
                  <fpage>57</fpage>
                  <source>Kirchenvisitation Quellenedition</source>
               </mixed-citation>
            </p>
         </fn>
         <fn id="d8903e2941a1310">
            <label>84</label>
            <p>
               <mixed-citation id="d8903e2948" publication-type="book">
'Kirchenordnung', in Müller and Seebaβ, Osiander Gesamtausgabe, v, 137.<person-group>
                     <string-name>
                        <surname>Müller</surname>
                     </string-name>
                  </person-group>
                  <comment content-type="section">Kirchenordnung'</comment>
                  <fpage>137</fpage>
                  <volume>v</volume>
                  <source>Osiander Gesamtausgabe</source>
               </mixed-citation>
            </p>
         </fn>
         <fn id="d8903e2977a1310">
            <label>85</label>
            <p>
               <mixed-citation id="d8903e2984" publication-type="other">
Ibid. 165.</mixed-citation>
            </p>
            <p>
               <mixed-citation id="d8903e2990" publication-type="other">
'Agendbüchlein', in Sehling, Kirchenordnungen, 504.</mixed-citation>
            </p>
         </fn>
         <fn id="d8903e2997a1310">
            <label>86</label>
            <p>
               <mixed-citation id="d8903e3004" publication-type="book">
StaN, Nürnberger Druckschriften, 97a Agend Buchlein für die Pfarrherrn auff dem Land.
Durch Vitum Dietrich (Nuremberg, 1543).<person-group>
                     <string-name>
                        <surname>StaN</surname>
                     </string-name>
                  </person-group>
                  <source>97a Agend Buchlein für die Pfarrherrn auff dem Land. Durch Vitum Dietrich</source>
                  <year>1543</year>
               </mixed-citation>
            </p>
         </fn>
         <fn id="d8903e3029a1310">
            <label>87</label>
            <p>
               <mixed-citation id="d8903e3036" publication-type="book">
'Agendbüchlein', in Sehling, Kirchenordnungen, 549.<person-group>
                     <string-name>
                        <surname>Sehling</surname>
                     </string-name>
                  </person-group>
                  <comment content-type="section">Agendbüchlein</comment>
                  <fpage>549</fpage>
                  <source>Kirchenordnungen</source>
               </mixed-citation>
            </p>
         </fn>
         <fn id="d8903e3061a1310">
            <label>88</label>
            <p>
               <mixed-citation id="d8903e3068" publication-type="journal">
StaN, Ratsbücher, XV, 7 February 1530, fos 90-1.<person-group>
                     <string-name>
                        <surname>StaN</surname>
                     </string-name>
                  </person-group>
                  <issue>February</issue>
                  <fpage>90</fpage>
                  <volume>XV</volume>
                  <source>Ratsbücher</source>
                  <year>1530</year>
               </mixed-citation>
            </p>
         </fn>
         <fn id="d8903e3100a1310">
            <label>89</label>
            <p>
               <mixed-citation id="d8903e3107" publication-type="journal">
StaN, Geschdäftsmanuale des Landpflegamtes, 29 March 1543, fo. 65.<person-group>
                     <string-name>
                        <surname>StaN</surname>
                     </string-name>
                  </person-group>
                  <issue>March</issue>
                  <fpage>65</fpage>
                  <source>Geschdäftsmanuale des Landpflegamtes</source>
                  <year>1543</year>
               </mixed-citation>
            </p>
         </fn>
         <fn id="d8903e3137a1310">
            <label>90</label>
            <p>
               <mixed-citation id="d8903e3144" publication-type="journal">
StaN, Ratsverlasse, 19 August 1561, fo. 35<person-group>
                     <string-name>
                        <surname>StaN</surname>
                     </string-name>
                  </person-group>
                  <issue>August</issue>
                  <fpage>35</fpage>
                  <source>Ratsverlasse</source>
                  <year>1561</year>
               </mixed-citation>
            </p>
            <p>
               <mixed-citation id="d8903e3172" publication-type="book">
Hirschmann, Kirchenvisitation Quellenedition,
75, 94<person-group>
                     <string-name>
                        <surname>Hirschmann</surname>
                     </string-name>
                  </person-group>
                  <fpage>75</fpage>
                  <source>Kirchenvisitation Quellenedition</source>
               </mixed-citation>
            </p>
         </fn>
         <fn id="d8903e3197a1310">
            <label>91</label>
            <p>
               <mixed-citation id="d8903e3204" publication-type="book">
'Agendbüchlein', in Sehling, Kirchenordnungen, 500.<person-group>
                     <string-name>
                        <surname>Sehling</surname>
                     </string-name>
                  </person-group>
                  <comment content-type="section">Agendbüchlein'</comment>
                  <fpage>500</fpage>
                  <source>Kirchenordnungen</source>
               </mixed-citation>
            </p>
         </fn>
         <fn id="d8903e3229a1310">
            <label>92</label>
            <p>
               <mixed-citation id="d8903e3236" publication-type="other">
Ibid. 502</mixed-citation>
            </p>
         </fn>
         <fn id="d8903e3243a1310">
            <label>93</label>
            <p>
               <mixed-citation id="d8903e3250" publication-type="book">
Hirschmann, Kirchenvisitation Quellenedition, 197<person-group>
                     <string-name>
                        <surname>Hirschmann</surname>
                     </string-name>
                  </person-group>
                  <fpage>197</fpage>
                  <source>Kirchenvisitation Quellenedition</source>
               </mixed-citation>
            </p>
         </fn>
         <fn id="d8903e3272a1310">
            <label>94</label>
            <p>
               <mixed-citation id="d8903e3279" publication-type="other">
Ibid. 38.</mixed-citation>
            </p>
         </fn>
         <fn id="d8903e3286a1310">
            <label>95</label>
            <p>
               <mixed-citation id="d8903e3293" publication-type="other">
Ibid. 62-3.</mixed-citation>
            </p>
         </fn>
         <fn id="d8903e3301a1310">
            <label>96</label>
            <p>
               <mixed-citation id="d8903e3308" publication-type="other">
Ibid. 66.</mixed-citation>
            </p>
         </fn>
         <fn id="d8903e3315a1310">
            <label>97</label>
            <p>
               <mixed-citation id="d8903e3322" publication-type="journal">
StaN, Ratsverlässe, 9 August 1561, fo. 19.<person-group>
                     <string-name>
                        <surname>StaN</surname>
                     </string-name>
                  </person-group>
                  <issue>August</issue>
                  <fpage>19</fpage>
                  <source>Ratsverlässe</source>
                  <year>1561</year>
               </mixed-citation>
            </p>
         </fn>
         <fn id="d8903e3351a1310">
            <label>98</label>
            <p>
               <mixed-citation id="d8903e3358" publication-type="book">
Hirschmann, Kirchenvisitation Quellenedition, 67.<person-group>
                     <string-name>
                        <surname>Hirschmann</surname>
                     </string-name>
                  </person-group>
                  <fpage>67</fpage>
                  <source>Kirchenvisitation Quellenedition</source>
               </mixed-citation>
            </p>
         </fn>
         <fn id="d8903e3380a1310">
            <label>99</label>
            <p>
               <mixed-citation id="d8903e3387" publication-type="other">
Ibid. 117.</mixed-citation>
            </p>
         </fn>
         <fn id="d8903e3394a1310">
            <label>100</label>
            <p>
               <mixed-citation id="d8903e3401" publication-type="book">
R. Bast, Honor Your Fathers. Catechisms and
the Emergence of Patriarchal Ideology in Germany, 1400-1600 (Leiden, 1997), 31<person-group>
                     <string-name>
                        <surname>Bast</surname>
                     </string-name>
                  </person-group>
                  <fpage>31</fpage>
                  <source>Honor Your Fathers. Catechisms and the Emergence of Patriarchal Ideology in Germany, 1400-1600</source>
                  <year>1997</year>
               </mixed-citation>
            </p>
         </fn>
         <fn id="d8903e3430a1310">
            <label>101</label>
            <p>
               <mixed-citation id="d8903e3437" publication-type="journal">
StaN, Ratsbücher, XV, 9 October 1529, fo. 63.<person-group>
                     <string-name>
                        <surname>StaN</surname>
                     </string-name>
                  </person-group>
                  <issue>October</issue>
                  <fpage>63</fpage>
                  <volume>XV</volume>
                  <source>Ratsbücher</source>
                  <year>1529</year>
               </mixed-citation>
            </p>
         </fn>
         <fn id="d8903e3470a1310">
            <label>102</label>
            <p>
               <mixed-citation id="d8903e3477" publication-type="book">
Hirschmann, Kirchenvisitation Quellenedition, i97.<person-group>
                     <string-name>
                        <surname>Hirschmann</surname>
                     </string-name>
                  </person-group>
                  <fpage>i97</fpage>
                  <source>Kirchenvisitation Quellenedition</source>
               </mixed-citation>
            </p>
         </fn>
         <fn id="d8903e3499a1310">
            <label>103</label>
            <p>
               <mixed-citation id="d8903e3506" publication-type="other">
Ibid. 182, I99.</mixed-citation>
            </p>
         </fn>
         <fn id="d8903e3513a1310">
            <label>104</label>
            <p>
               <mixed-citation id="d8903e3520" publication-type="other">
Ibid. 258-9.</mixed-citation>
            </p>
         </fn>
         <fn id="d8903e3527a1310">
            <label>105</label>
            <p>
               <mixed-citation id="d8903e3534" publication-type="other">
Ibid. 256.</mixed-citation>
            </p>
         </fn>
         <fn id="d8903e3541a1310">
            <label>106</label>
            <p>
               <mixed-citation id="d8903e3548" publication-type="other">
Ibid. 134.</mixed-citation>
            </p>
         </fn>
         <fn id="d8903e3555a1310">
            <label>107</label>
            <p>
               <mixed-citation id="d8903e3562" publication-type="book">
Hirschmann, Kirchenvisitation Quellenedition, 132, 143<person-group>
                     <string-name>
                        <surname>Hirschmann</surname>
                     </string-name>
                  </person-group>
                  <fpage>132</fpage>
                  <source>Kirchenvisitation Quellenedition</source>
               </mixed-citation>
            </p>
            <p>
               <mixed-citation id="d8903e3583" publication-type="book">
H. Freudenthal, in Handwörterbuch des deutschen Aberglaubens, ed. H. Böchtold-
Stöubli (12 vols, Berlin and Leipzig), iv, 442.<person-group>
                     <string-name>
                        <surname>Freudenthal</surname>
                     </string-name>
                  </person-group>
                  <fpage>442</fpage>
                  <volume>iv</volume>
                  <source>Handworterbuch des deutschen Aberglaubens</source>
               </mixed-citation>
            </p>
         </fn>
         <fn id="d8903e3613a1310">
            <label>108</label>
            <p>
               <mixed-citation id="d8903e3620" publication-type="book">
'die zwen gétzenmenner', Hirschmann, Kirchenvisitation Quellenedition, 132-3, 135.<person-group>
                     <string-name>
                        <surname>Hirschmann</surname>
                     </string-name>
                  </person-group>
                  <comment content-type="section">die zwen gétzenmenner</comment>
                  <fpage>132</fpage>
                  <source>Kirchenvisitation Quellenedition</source>
               </mixed-citation>
            </p>
         </fn>
         <fn id="d8903e3645a1310">
            <label>109</label>
            <p>
               <mixed-citation id="d8903e3652" publication-type="other">
Pfleger and judge in 1560 and in 1561, ibid. 133</mixed-citation>
            </p>
            <p>
               <mixed-citation id="d8903e3658" publication-type="journal">
StaN, Landpflegamt Briefbücher, 16 August
1561, fo. 200<person-group>
                     <string-name>
                        <surname>StaN</surname>
                     </string-name>
                  </person-group>
                  <issue>August</issue>
                  <fpage>200</fpage>
                  <source>Landpflegamt Briefbiicher</source>
                  <year>1561</year>
               </mixed-citation>
            </p>
         </fn>
         <fn id="d8903e3690a1310">
            <label>110</label>
            <p>
               <mixed-citation id="d8903e3697" publication-type="book">
Hirschmann, Kirchenvisitation Quellenedition, 143.<person-group>
                     <string-name>
                        <surname>Hirschmann</surname>
                     </string-name>
                  </person-group>
                  <fpage>143</fpage>
                  <source>Kirchenvisitation Quellenedition</source>
               </mixed-citation>
            </p>
         </fn>
         <fn id="d8903e3719a1310">
            <label>111</label>
            <p>
               <mixed-citation id="d8903e3726" publication-type="other">
ibid. 142.</mixed-citation>
            </p>
         </fn>
         <fn id="d8903e3733a1310">
            <label>112</label>
            <p>
               <mixed-citation id="d8903e3740" publication-type="journal">
Dannenbauer, 'Die Nürnberger Landgeistlichen', iii (1928), 70<person-group>
                     <string-name>
                        <surname>Dannenbauer</surname>
                     </string-name>
                  </person-group>
                  <fpage>70</fpage>
                  <volume>iii</volume>
                  <source>Die Nürnberger Landgeistlichen</source>
                  <year>1928</year>
               </mixed-citation>
            </p>
            <p>
               <mixed-citation id="d8903e3768" publication-type="book">
Simon, Nürnbergisches
Pfarrerbuch, 168<person-group>
                     <string-name>
                        <surname>Simon</surname>
                     </string-name>
                  </person-group>
                  <fpage>168</fpage>
                  <source>Nürnbergisches Pfarrerbuch</source>
               </mixed-citation>
            </p>
         </fn>
         <fn id="d8903e3793a1310">
            <label>113</label>
            <p>
               <mixed-citation id="d8903e3800" publication-type="book">
P. Poscharsky, Die Kirchen der Fränkischen Schweiz (2nd edn, Erlangen, 1991), 228-30.<person-group>
                     <string-name>
                        <surname>Poscharsky</surname>
                     </string-name>
                  </person-group>
                  <edition>2</edition>
                  <fpage>228</fpage>
                  <source>Die Kirchen der Fränkischen Schweiz</source>
                  <year>1991</year>
               </mixed-citation>
            </p>
         </fn>
         <fn id="d8903e3830a1310">
            <label>114</label>
            <p>
               <mixed-citation id="d8903e3837" publication-type="book">
Hirschmann, Kirchenvisitation Quellenedition, 144<person-group>
                     <string-name>
                        <surname>Hirschmann</surname>
                     </string-name>
                  </person-group>
                  <fpage>144</fpage>
                  <source>Kirchenvisitation Quellenedition</source>
               </mixed-citation>
            </p>
         </fn>
         <fn id="d8903e3859a1310">
            <label>115</label>
            <p>
               <mixed-citation id="d8903e3866" publication-type="other">
Ibid. 138-9.</mixed-citation>
            </p>
         </fn>
         <fn id="d8903e3873a1310">
            <label>116</label>
            <p>
               <mixed-citation id="d8903e3880" publication-type="book">
Stéckich, StaN, Ratsverlässe, 3
September 1561, fo. 12<person-group>
                     <string-name>
                        <surname>Stéckich</surname>
                     </string-name>
                  </person-group>
                  <comment content-type="section">September</comment>
                  <fpage>12</fpage>
                  <source>Ratsverlässe</source>
                  <year>1561</year>
               </mixed-citation>
            </p>
            <p>
               <mixed-citation id="d8903e3911" publication-type="book">
Kornburg, Hirschmann, Kirchenvisitation Quellenedition, 174<person-group>
                     <string-name>
                        <surname>Kornburg</surname>
                     </string-name>
                  </person-group>
                  <fpage>174</fpage>
                  <source>Kirchenvisitation Quellenedition</source>
               </mixed-citation>
            </p>
         </fn>
         <fn id="d8903e3933a1310">
            <label>117</label>
            <p>
               <mixed-citation id="d8903e3940" publication-type="book">
Hirschmann, Kirchenvisitation Quellenedition, 269<person-group>
                     <string-name>
                        <surname>Hirschmann</surname>
                     </string-name>
                  </person-group>
                  <fpage>269</fpage>
                  <source>Kirchenvisitation Quellenedition</source>
               </mixed-citation>
            </p>
         </fn>
         <fn id="d8903e3962a1310">
            <label>118</label>
            <p>
               <mixed-citation id="d8903e3969" publication-type="other">
Ibid. 138.</mixed-citation>
            </p>
         </fn>
         <fn id="d8903e3976a1310">
            <label>119</label>
            <p>
               <mixed-citation id="d8903e3983" publication-type="other">
Ibid. 132-3.</mixed-citation>
            </p>
         </fn>
         <fn id="d8903e3991a1310">
            <label>120</label>
            <p>
               <mixed-citation id="d8903e3998" publication-type="book">
Simon, Nürnbergisches Pfarrerbuch, 275, 335.<person-group>
                     <string-name>
                        <surname>Simon</surname>
                     </string-name>
                  </person-group>
                  <fpage>275</fpage>
                  <source>Nürnbergisches Pfarrerbuch</source>
               </mixed-citation>
            </p>
         </fn>
         <fn id="d8903e4020a1310">
            <label>121</label>
            <p>
               <mixed-citation id="d8903e4027" publication-type="book">
'Kirchenordnung', in Müller and Seebaβ, Osiander Gesamtausgabe, v, 98<person-group>
                     <string-name>
                        <surname>Müller</surname>
                     </string-name>
                  </person-group>
                  <comment content-type="section">Kirchenordnung</comment>
                  <fpage>98</fpage>
                  <volume>v</volume>
                  <source>Osiander Gesamtausgabe</source>
               </mixed-citation>
            </p>
            <p>
               <mixed-citation id="d8903e4055" publication-type="book">
'Agendbüchlein',
in Sehling, Kirchenordnungen, 502<person-group>
                     <string-name>
                        <surname>Sehling</surname>
                     </string-name>
                  </person-group>
                  <comment content-type="section">Agendbüchlein'</comment>
                  <fpage>502</fpage>
                  <source>Kirchenordnungen</source>
               </mixed-citation>
            </p>
         </fn>
         <fn id="d8903e4084a1310">
            <label>122</label>
            <p>
               <mixed-citation id="d8903e4091" publication-type="book">
Hirschmann, Kirchenvisitation Quellenedition, 78-9.<person-group>
                     <string-name>
                        <surname>Hirschmann</surname>
                     </string-name>
                  </person-group>
                  <fpage>78</fpage>
                  <source>Kirchenvisitation Quellenedition</source>
               </mixed-citation>
            </p>
         </fn>
         <fn id="d8903e4113a1310">
            <label>123</label>
            <p>
               <mixed-citation id="d8903e4120" publication-type="other">
Ibid. 234-5.</mixed-citation>
            </p>
         </fn>
         <fn id="d8903e4127a1310">
            <label>124</label>
            <p>
               <mixed-citation id="d8903e4134" publication-type="other">
Ibid. 252-3.</mixed-citation>
            </p>
         </fn>
         <fn id="d8903e4141a1310">
            <label>125</label>
            <p>
               <mixed-citation id="d8903e4148" publication-type="other">
Ibid. 263.</mixed-citation>
            </p>
         </fn>
         <fn id="d8903e4156a1310">
            <label>126</label>
            <p>
               <mixed-citation id="d8903e4163" publication-type="other">
Ibid. 37.</mixed-citation>
            </p>
         </fn>
         <fn id="d8903e4170a1310">
            <label>127</label>
            <p>
               <mixed-citation id="d8903e4177" publication-type="book">
'Kirchenordnung', in Müller and Seebaβ, Osiander Gesamtausgabe v, l06-12.<person-group>
                     <string-name>
                        <surname>Müller</surname>
                     </string-name>
                  </person-group>
                  <comment content-type="section">Kirchenordnung'</comment>
                  <fpage>lo6</fpage>
                  <volume>v</volume>
                  <source>Osiander Gesamtausgabe</source>
               </mixed-citation>
            </p>
         </fn>
         <fn id="d8903e4206a1310">
            <label>128</label>
            <p>
               <mixed-citation id="d8903e4213" publication-type="other">
Ibid. 110-11</mixed-citation>
            </p>
         </fn>
         <fn id="d8903e4220a1310">
            <label>129</label>
            <p>
               <mixed-citation id="d8903e4227" publication-type="book">
Hirschmann, Kirchenvisitation Quellenedition, 76-7.<person-group>
                     <string-name>
                        <surname>Hirschmann</surname>
                     </string-name>
                  </person-group>
                  <fpage>76</fpage>
                  <source>Kirchenvisitation Quellenedition</source>
               </mixed-citation>
            </p>
         </fn>
         <fn id="d8903e4249a1310">
            <label>130</label>
            <p>
               <mixed-citation id="d8903e4256" publication-type="other">
Ibid. 21I.</mixed-citation>
            </p>
         </fn>
         <fn id="d8903e4263a1310">
            <label>131</label>
            <p>
               <mixed-citation id="d8903e4270" publication-type="book">
Stadtbibliothek Nürnberg, Solg. 1297 40 Agend Buchlein für die Pfarrherrn auff dem Land.
Durch Vitum Dietrich (Nuremberg, 1545)<person-group>
                     <string-name>
                        <surname>Nürnberg</surname>
                     </string-name>
                  </person-group>
                  <source>Agend Buchlein für die Pfarrherrn auff dem Land. Durch Vitum Dietrich</source>
                  <year>1545</year>
               </mixed-citation>
            </p>
         </fn>
         <fn id="d8903e4296a1310">
            <label>132</label>
            <p>
               <mixed-citation id="d8903e4303" publication-type="book">
Luther himself, D. Martin Luthers Werke, Kritische Gesamtausgabe, ed. K.
Drescher, xxx, 3 (Weimar, 1910), 27.<person-group>
                     <string-name>
                        <surname>Luther</surname>
                     </string-name>
                  </person-group>
                  <fpage>27</fpage>
                  <volume>xxx</volume>
                  <source>D. Martin Luthers Werke, Kritische Gesamtausgabe</source>
                  <year>1910</year>
               </mixed-citation>
            </p>
         </fn>
         <fn id="d8903e4335a1310">
            <label>133</label>
            <p>
               <mixed-citation id="d8903e4342" publication-type="book">
'Agendbüchlein', in Sehling, Kirchenordnungen, 503-4.<person-group>
                     <string-name>
                        <surname>Sehling</surname>
                     </string-name>
                  </person-group>
                  <comment content-type="section">Agendbüchlein'</comment>
                  <fpage>503</fpage>
                  <source>Kirchenordnungen</source>
               </mixed-citation>
            </p>
         </fn>
         <fn id="d8903e4367a1310">
            <label>134</label>
            <p>
               <mixed-citation id="d8903e4374" publication-type="book">
Hirschmann, Kirchenvisitation Quellenedition, 1o4 (Grlifenberg), 219 (Heroldsberg).<person-group>
                     <string-name>
                        <surname>Hirschmann</surname>
                     </string-name>
                  </person-group>
                  <fpage>1o4</fpage>
                  <source>Kirchenvisitation Quellenedition</source>
               </mixed-citation>
            </p>
         </fn>
         <fn id="d8903e4396a1310">
            <label>135</label>
            <p>
               <mixed-citation id="d8903e4403" publication-type="other">
Ibid. 243.</mixed-citation>
            </p>
         </fn>
         <fn id="d8903e4410a1310">
            <label>136</label>
            <p>
               <mixed-citation id="d8903e4417" publication-type="book">
'Agendbüchlein', in Sehling, Kirchenordnungen, 487<person-group>
                     <string-name>
                        <surname>Sehling</surname>
                     </string-name>
                  </person-group>
                  <comment content-type="section">Agendbüchlein'</comment>
                  <fpage>487</fpage>
                  <source>Kirchenordnungen</source>
               </mixed-citation>
            </p>
         </fn>
         <fn id="d8903e4442a1310">
            <label>137</label>
            <p>
               <mixed-citation id="d8903e4449" publication-type="book">
StaN, Nürnberger Druck-
schriften 97b, Agendbüchlein für die Pfarrherren auffdem Land (Nuremberg, 1586)<person-group>
                     <string-name>
                        <surname>StaN</surname>
                     </string-name>
                  </person-group>
                  <source>Agendbüchlein für die Pfarrherren auffdem Land</source>
                  <year>1586</year>
               </mixed-citation>
            </p>
         </fn>
         <fn id="d8903e4475a1310">
            <label>138</label>
            <p>
               <mixed-citation id="d8903e4482" publication-type="book">
Hirschmann, Kirchenvisitation Quellenedition, 223-4.<person-group>
                     <string-name>
                        <surname>Hirschmann</surname>
                     </string-name>
                  </person-group>
                  <fpage>223</fpage>
                  <source>Kirchenvisitation Quellenedition</source>
               </mixed-citation>
            </p>
         </fn>
         <fn id="d8903e4504a1310">
            <label>139</label>
            <p>
               <mixed-citation id="d8903e4511" publication-type="book">
Simon, Nürnbergisches Pfarrerbuch, 297.<person-group>
                     <string-name>
                        <surname>Simon</surname>
                     </string-name>
                  </person-group>
                  <fpage>297</fpage>
                  <source>Nürnbergisches Pfarrerbuch</source>
               </mixed-citation>
            </p>
         </fn>
         <fn id="d8903e4533a1310">
            <label>140</label>
            <p>
               <mixed-citation id="d8903e4540" publication-type="book">
Hirschmann, Kirchenvisitation Quellenedition, 167-8, 172.<person-group>
                     <string-name>
                        <surname>Hirschmann</surname>
                     </string-name>
                  </person-group>
                  <fpage>167</fpage>
                  <source>Kirchenvisitation Quellenedition</source>
               </mixed-citation>
            </p>
         </fn>
         <fn id="d8903e4562a1310">
            <label>141</label>
            <p>
               <mixed-citation id="d8903e4569" publication-type="book">
Simon, Nürnbergisches Pfarrerbuch, 102.<person-group>
                     <string-name>
                        <surname>Simon</surname>
                     </string-name>
                  </person-group>
                  <fpage>102</fpage>
                  <source>Nürnbergisches Pfarrerbuch</source>
               </mixed-citation>
            </p>
         </fn>
         <fn id="d8903e4591a1310">
            <label>142</label>
            <p>
               <mixed-citation id="d8903e4598" publication-type="journal">
Dannenbauer, 'Die Nürnberger Landgeistlichen', ii (1927), 219-20.<person-group>
                     <string-name>
                        <surname>Dannenbauer</surname>
                     </string-name>
                  </person-group>
                  <fpage>219</fpage>
                  <volume>ii</volume>
                  <source>Die Nürnberger Landgeistlichen</source>
                  <year>1927</year>
               </mixed-citation>
            </p>
         </fn>
         <fn id="d8903e4627a1310">
            <label>143</label>
            <p>
               <mixed-citation id="d8903e4634" publication-type="book">
Hirschmann, Kirchenvisitation Quellenedition, 52, 116.<person-group>
                     <string-name>
                        <surname>Hirschmann</surname>
                     </string-name>
                  </person-group>
                  <fpage>52</fpage>
                  <source>Kirchenvisitation Quellenedition</source>
               </mixed-citation>
            </p>
         </fn>
         <fn id="d8903e4657a1310">
            <label>144</label>
            <p>
               <mixed-citation id="d8903e4664" publication-type="book">
'Agendbüchlein', in Sehling, Kirchenordnungen, 552.<person-group>
                     <string-name>
                        <surname>Sehling</surname>
                     </string-name>
                  </person-group>
                  <comment content-type="section">Agendbüchlein'</comment>
                  <fpage>552</fpage>
                  <source>Kirchenordnungen</source>
               </mixed-citation>
            </p>
         </fn>
         <fn id="d8903e4689a1310">
            <label>145</label>
            <p>
               <mixed-citation id="d8903e4696" publication-type="other">
Ibid.</mixed-citation>
            </p>
         </fn>
         <fn id="d8903e4703a1310">
            <label>146</label>
            <p>
               <mixed-citation id="d8903e4710" publication-type="book">
StaN, Nürnberger Druckschriften, 97a Agend Buchlein für die Pfarrherrn auffdem Land.
Durch Viturn Dietrich (Nuremberg, 1543).<person-group>
                     <string-name>
                        <surname>StaN</surname>
                     </string-name>
                  </person-group>
                  <source>Agend Buchlein für die Pfarrherrn auffdem Land. Durch Viturn Dietrich</source>
                  <year>1543</year>
               </mixed-citation>
            </p>
         </fn>
         <fn id="d8903e4735a1310">
            <label>147</label>
            <p>
               <mixed-citation id="d8903e4742" publication-type="journal">
Dannenbauer, 'Die Nürnberger Landgeistlichen', iii (1928), 47.<person-group>
                     <string-name>
                        <surname>Dannenbauer</surname>
                     </string-name>
                  </person-group>
                  <fpage>47</fpage>
                  <volume>iii</volume>
                  <source>Die Nürnberger Landgeistlichen</source>
                  <year>1928</year>
               </mixed-citation>
            </p>
         </fn>
         <fn id="d8903e4771a1310">
            <label>148</label>
            <p>
               <mixed-citation id="d8903e4778" publication-type="other">
Ibid. 68.</mixed-citation>
            </p>
         </fn>
         <fn id="d8903e4785a1310">
            <label>149</label>
            <p>
               <mixed-citation id="d8903e4792" publication-type="book">
Simon, Nürnbergisches Pfarrerbuch, 198.<person-group>
                     <string-name>
                        <surname>Simon</surname>
                     </string-name>
                  </person-group>
                  <fpage>198</fpage>
                  <source>Nürnbergisches Pfarrerbuch</source>
               </mixed-citation>
            </p>
         </fn>
         <fn id="d8903e4815a1310">
            <label>150</label>
            <p>
               <mixed-citation id="d8903e4822" publication-type="book">
Hirschmann, Kirchenvisitation Quellenedition, 274<person-group>
                     <string-name>
                        <surname>Hirschmann</surname>
                     </string-name>
                  </person-group>
                  <fpage>274</fpage>
                  <source>Kirchenvisitation Quellenedition</source>
               </mixed-citation>
            </p>
            <p>
               <mixed-citation id="d8903e4843" publication-type="book">
Simon, Nürnbergisches Pfarrerbuch, 112<person-group>
                     <string-name>
                        <surname>Simon</surname>
                     </string-name>
                  </person-group>
                  <fpage>112</fpage>
                  <source>Nürnbergisches Pfarrerbuch</source>
               </mixed-citation>
            </p>
         </fn>
         <fn id="d8903e4865a1310">
            <label>151</label>
            <p>
               <mixed-citation id="d8903e4872" publication-type="book">
Hirschmann, Kirchenvisitation Quellenedition, 77.<person-group>
                     <string-name>
                        <surname>Hirschmann</surname>
                     </string-name>
                  </person-group>
                  <fpage>77</fpage>
                  <source>Kirchenvisitation Quellenedition</source>
               </mixed-citation>
            </p>
         </fn>
         <fn id="d8903e4894a1310">
            <label>152</label>
            <p>
               <mixed-citation id="d8903e4901" publication-type="other">
Ibid. 79</mixed-citation>
            </p>
         </fn>
         <fn id="d8903e4908a1310">
            <label>153</label>
            <p>
               <mixed-citation id="d8903e4915" publication-type="other">
Ibid. 79-80.</mixed-citation>
            </p>
         </fn>
         <fn id="d8903e4922a1310">
            <label>154</label>
            <p>
               <mixed-citation id="d8903e4929" publication-type="other">
Ibid. 80</mixed-citation>
            </p>
         </fn>
         <fn id="d8903e4936a1310">
            <label>155</label>
            <p>
               <mixed-citation id="d8903e4943" publication-type="other">
Ibid. 72</mixed-citation>
            </p>
         </fn>
         <fn id="d8903e4951a1310">
            <label>156</label>
            <p>
               <mixed-citation id="d8903e4958" publication-type="other">
Ibid. 269</mixed-citation>
            </p>
         </fn>
         <fn id="d8903e4965a1310">
            <label>157</label>
            <p>
               <mixed-citation id="d8903e4972" publication-type="book">
W. Packull, Mysticism and the Early South German-Austrian Anabaptist Movement, 1525-1531
(Scottdale, Pennsylvania, 1977), 90-I<person-group>
                     <string-name>
                        <surname>Packull</surname>
                     </string-name>
                  </person-group>
                  <fpage>90</fpage>
                  <source>Mysticism and the Early South German-Austrian Anabaptist Movement, 1525-1531</source>
                  <year>1977</year>
               </mixed-citation>
            </p>
            <p>
               <mixed-citation id="d8903e5000" publication-type="book">
Quellen zur Geschichte der Wiedertdufer, ed. K. Schorn-
baum, Band ii Markgraftum Brandenburg (Quellen und Forschungen zur Reformationsgeschichte,
xvi), (Leipzig, 1934), 19-20<person-group>
                     <string-name>
                        <surname>Schornbaum</surname>
                     </string-name>
                  </person-group>
                  <fpage>19</fpage>
                  <source>Quellen zur Geschichte der Wiedertdufer</source>
                  <year>1934</year>
               </mixed-citation>
            </p>
         </fn>
         <fn id="d8903e5032a1310">
            <label>158</label>
            <p>
               <mixed-citation id="d8903e5039" publication-type="book">
Schornbaum, Quellen zur Geschichte der Wiedertdufer, 21.<person-group>
                     <string-name>
                        <surname>Schornbaum</surname>
                     </string-name>
                  </person-group>
                  <fpage>21</fpage>
                  <source>Quellen zur Geschichte der Wiedertdufer</source>
               </mixed-citation>
            </p>
         </fn>
      </fn-group>
   </back>
</article>
