<article dtd-version="1.0" article-type="research-article">
   <front>
      <journal-meta>
         <journal-id xmlns:xlink="http://www.w3.org/1999/xlink" journal-id-type="jstor">englhistrevi</journal-id>
         <journal-id xmlns:xlink="http://www.w3.org/1999/xlink" journal-id-type="jstor">j100150</journal-id>
         <journal-title-group xmlns:xlink="http://www.w3.org/1999/xlink">
            <journal-title>The English Historical Review</journal-title>
         </journal-title-group>
         <publisher>
            <publisher-name>Oxford University Press</publisher-name>
         </publisher>
         <issn xmlns:xlink="http://www.w3.org/1999/xlink" pub-type="ppub">00138266</issn>
         <issn xmlns:xlink="http://www.w3.org/1999/xlink" pub-type="epub">14774534</issn>
      </journal-meta>
      <article-meta>
         <article-id xmlns:xlink="http://www.w3.org/1999/xlink" pub-id-type="jstor">3490231</article-id>
         <title-group>
            <article-title>The Origins of the Manorial Economy: New Insights from Late Antiquity</article-title>
         </title-group>
         <contrib-group>
            <contrib contrib-type="author">
               <string-name xmlns:xlink="http://www.w3.org/1999/xlink">
                  <given-names>Peter</given-names>
                  <surname>Sarris</surname>
               </string-name>
            </contrib>
         </contrib-group>
         <pub-date xmlns:xlink="http://www.w3.org/1999/xlink">
            <day>1</day>
            <month>4</month>
            <year>2004</year>
         </pub-date>
         <volume>119</volume>
         <issue>481</issue>
         <issue-id xmlns:xlink="http://www.w3.org/1999/xlink">i277757</issue-id>
         <fpage>279</fpage>
         <lpage>311</lpage>
         <page-range>279-311</page-range>
         <permissions>
            <copyright-statement>Copyright 2004 Oxford University Press</copyright-statement>
         </permissions>
         <self-uri xmlns:xlink="http://www.w3.org/1999/xlink"
                   xlink:href="http://www.jstor.org/stable/3490231"/>
         <custom-meta-group xmlns:xlink="http://www.w3.org/1999/xlink">
            <custom-meta>
               <meta-name>lang</meta-name>
               <meta-value>eng</meta-value>
            </custom-meta>
         </custom-meta-group>
      </article-meta>
   </front>
   <back>
      <fn-group xmlns:xlink="http://www.w3.org/1999/xlink">
         <title>[Footnotes]</title>
         <fn id="d19286e116a1310">
            <label>2</label>
            <p>
               <mixed-citation id="d19286e123" publication-type="book">
M. Whittow, The Making of Orthodox Byzantium (London, 1996)<person-group>
                     <string-name>
                        <surname>Whittow</surname>
                     </string-name>
                  </person-group>
                  <source>The Making of Orthodox Byzantium</source>
                  <year>1996</year>
               </mixed-citation>
            </p>
         </fn>
         <fn id="d19286e145a1310">
            <label>3</label>
            <p>
               <mixed-citation id="d19286e152" publication-type="book">
R. McKitterick, 'Politics', in R. McKitterick (ed.) The Early Middle Ages (Oxford, 2001),
pp. 21-56<person-group>
                     <string-name>
                        <surname>McKitterick</surname>
                     </string-name>
                  </person-group>
                  <comment content-type="section">Politics</comment>
                  <fpage>21</fpage>
                  <source>The Early Middle Ages</source>
                  <year>2001</year>
               </mixed-citation>
            </p>
         </fn>
         <fn id="d19286e184a1310">
            <label>4</label>
            <p>
               <mixed-citation id="d19286e191" publication-type="book">
C. Wickham, 'Rural Society in Carolingian Europe' and A. Verhulst, 'Economic Organis-
ation', in R. McKitterick (ed.) The New Cambridge Medieval History - Volume II: c.700-900
(Cambridge, 1995), pp. 510-37 and pp. 481-509.<person-group>
                     <string-name>
                        <surname>Wickham</surname>
                     </string-name>
                  </person-group>
                  <comment content-type="section">Rural Society in Carolingian Europe' and A. Verhulst, 'Economic Organisation'</comment>
                  <fpage>510</fpage>
                  <volume>II</volume>
                  <source>The New Cambridge Medieval History</source>
                  <year>1995</year>
               </mixed-citation>
            </p>
         </fn>
         <fn id="d19286e229a1310">
            <label>5</label>
            <p>
               <mixed-citation id="d19286e236" publication-type="book">
A. Verhulst, ibid. pp. 488-9.<person-group>
                     <string-name>
                        <surname>Verhulst</surname>
                     </string-name>
                  </person-group>
                  <comment content-type="section">Rural Society in Carolingian Europe' and A. Verhulst, 'Economic Organisation'</comment>
                  <fpage>488</fpage>
                  <volume>II</volume>
                  <source>The New Cambridge Medieval History</source>
               </mixed-citation>
            </p>
         </fn>
         <fn id="d19286e266a1310">
            <label>6</label>
            <p>
               <mixed-citation id="d19286e273" publication-type="book">
A. Verhulst (ed.), Le grand domaine aux dpoques mdrovingienne et carolingienne (Gent, 1985)<person-group>
                     <string-name>
                        <surname>Verhulst</surname>
                     </string-name>
                  </person-group>
                  <source>Le grand domaine aux dpoques mdrovingienne et carolingienne</source>
                  <year>1985</year>
               </mixed-citation>
            </p>
            <p>
               <mixed-citation id="d19286e294" publication-type="other">
'Introduction' - pp. 11-20</mixed-citation>
            </p>
         </fn>
         <fn id="d19286e301a1310">
            <label>7</label>
            <p>
               <mixed-citation id="d19286e308" publication-type="book">
W. Goffart, Rome's Fall and After (London, 1989), p. 193, notes 117-18<person-group>
                     <string-name>
                        <surname>Goffart</surname>
                     </string-name>
                  </person-group>
                  <source>Rome's Fall and After</source>
                  <year>1989</year>
               </mixed-citation>
            </p>
            <p>
               <mixed-citation id="d19286e329" publication-type="book">
N. D. Fustel de
Coulanges, Recherches sur quelquesproblmnes d'histoire (Paris, 1885)<person-group>
                     <string-name>
                        <surname>de Coulanges</surname>
                     </string-name>
                  </person-group>
                  <source>Recherches sur quelquesproblmnes d'histoire</source>
                  <year>1885</year>
               </mixed-citation>
            </p>
            <p>
               <mixed-citation id="d19286e353" publication-type="book">
Le colonat romain
(New York, 1979), pp. 183-4<fpage>183</fpage>
                  <source>Le colonat romain</source>
                  <year>1979</year>
               </mixed-citation>
            </p>
         </fn>
         <fn id="d19286e372a1310">
            <label>8</label>
            <p>
               <mixed-citation id="d19286e379" publication-type="book">
M. McCormick, Origins of the European Economy - Communications and Commerce
AD300-90000 (Cambridge, 2001), p. 7<person-group>
                     <string-name>
                        <surname>McCormick</surname>
                     </string-name>
                  </person-group>
                  <fpage>7</fpage>
                  <source>Origins of the European Economy - Communications and Commerce AD300-90000</source>
                  <year>2001</year>
               </mixed-citation>
            </p>
            <p>
               <mixed-citation id="d19286e407" publication-type="book">
M. Innes, State and Society in the Early Middle Ages
(Cambridge, 2000), pp. 77-82<person-group>
                     <string-name>
                        <surname>Innes</surname>
                     </string-name>
                  </person-group>
                  <fpage>77</fpage>
                  <source>State and Society in the Early Middle Ages</source>
                  <year>2000</year>
               </mixed-citation>
            </p>
         </fn>
         <fn id="d19286e436a1310">
            <label>9</label>
            <p>
               <mixed-citation id="d19286e443" publication-type="book">
B. Ward-Perkins, 'Land, Labour and Settlement', in Averil Cameron, B. Ward-Perkins,
and M. Whitby (eds), The Cambridge Ancient History Volume XIV- Late Antiquity: Empire and
Successors AD 425-60000 (Cambridge, 2000), pp. 315-45, pp. 315-20<person-group>
                     <string-name>
                        <surname>Ward-Perkins</surname>
                     </string-name>
                  </person-group>
                  <comment content-type="section">Land, Labour and Settlement</comment>
                  <fpage>315</fpage>
                  <source>The Cambridge Ancient History Volume XIV- Late Antiquity: Empire and Successors AD 425-60000</source>
                  <year>2000</year>
               </mixed-citation>
            </p>
            <p>
               <mixed-citation id="d19286e477" publication-type="book">
J. Percival 'The
Fifth-Century Villa: New Life or Death Postponed?', in J. Drinkwater and H. Elton (ed.),
Fifth-Century Gaul: A Crisis ofldentity? (Cambridge, 1992), pp. 156-64 and pp. 156-7<person-group>
                     <string-name>
                        <surname>Percival</surname>
                     </string-name>
                  </person-group>
                  <comment content-type="section">The Fifth-Century Villa: New Life or Death Postponed?</comment>
                  <fpage>156</fpage>
                  <source>Fifth-Century Gaul: A Crisis ofldentity?</source>
                  <year>1992</year>
               </mixed-citation>
            </p>
         </fn>
         <fn id="d19286e512a1310">
            <label>11</label>
            <p>
               <mixed-citation id="d19286e519" publication-type="book">
M. Bloch 'The Rise of Dependent Cultivation', in M. M. Postan (ed.) The Cambridge
Economic History of Europe, Volume I: Agrarian Life in the Middle Ages (Cambridge, 1966), pp.
235-90, p. 237.<person-group>
                     <string-name>
                        <surname>Bloch</surname>
                     </string-name>
                  </person-group>
                  <comment content-type="section">The Rise of Dependent Cultivation</comment>
                  <fpage>235</fpage>
                  <source>The Cambridge Economic History of Europe, Volume I: Agrarian Life in the Middle Ages</source>
                  <year>1966</year>
               </mixed-citation>
            </p>
         </fn>
         <fn id="d19286e554a1310">
            <label>12</label>
            <p>
               <mixed-citation id="d19286e561" publication-type="book">
C. E. Stevens, 'Agriculture and Rural Life in the Later
Roman Empire', ibid., pp. 92-125<person-group>
                     <string-name>
                        <surname>Stevens</surname>
                     </string-name>
                  </person-group>
                  <comment content-type="section">Agriculture and Rural Life in the Later Roman Empire</comment>
                  <fpage>92</fpage>
                  <source>The Cambridge Economic History of Europe, Volume I: Agrarian Life in the Middle Ages</source>
                  <year>1966</year>
               </mixed-citation>
            </p>
         </fn>
         <fn id="d19286e594a1310">
            <label>13</label>
            <p>
               <mixed-citation id="d19286e601" publication-type="book">
J. Keenan 'Egypt', in Averil Cameron, B. Ward-Perkins, and M. Whitby (ed.) The
Cambridge Ancient History Volume XIV - Late Antiquity: Empire and Successors AD 425-60000
(Cambridge, 2000), pp. 612-37<person-group>
                     <string-name>
                        <surname>Keenan</surname>
                     </string-name>
                  </person-group>
                  <comment content-type="section">Egypt</comment>
                  <fpage>612</fpage>
                  <source>The Cambridge Ancient History Volume XIV - Late Antiquity: Empire and Successors AD 425-60000</source>
                  <year>2000</year>
               </mixed-citation>
            </p>
         </fn>
         <fn id="d19286e636a1310">
            <label>14</label>
            <p>
               <mixed-citation id="d19286e643" publication-type="other">
P. A .V. Sarris, 'Economy and Society in the Age of Justinian' (Oxford D.Phil. thesis,
1999), pp. 17-104</mixed-citation>
            </p>
         </fn>
         <fn id="d19286e653a1310">
            <label>15</label>
            <p>
               <mixed-citation id="d19286e660" publication-type="other">
Ibid., p. 12.</mixed-citation>
            </p>
         </fn>
         <fn id="d19286e667a1310">
            <label>16</label>
            <p>
               <mixed-citation id="d19286e674" publication-type="book">
T. Gagos and P. van Minnen, Settlinga Dispute- TowardaLegalAnthropology ofLateAntique
Egypt (Michigan, 1994), p. 19.<person-group>
                     <string-name>
                        <surname>Gagos</surname>
                     </string-name>
                  </person-group>
                  <fpage>19</fpage>
                  <source>Settlinga Dispute- TowardaLegalAnthropology ofLateAntique Egypt</source>
                  <year>1994</year>
               </mixed-citation>
            </p>
         </fn>
         <fn id="d19286e703a1310">
            <label>17</label>
            <p>
               <mixed-citation id="d19286e710" publication-type="other">
P. A. V. Sarris, 'Economy and Society in the Age of Justinian' (Oxford D.Phil. thesis, 1999),
p. 12.</mixed-citation>
            </p>
         </fn>
         <fn id="d19286e720a1310">
            <label>18</label>
            <p>
               <mixed-citation id="d19286e727" publication-type="other">
Ibid., p. 10.</mixed-citation>
            </p>
         </fn>
         <fn id="d19286e735a1310">
            <label>19</label>
            <p>
               <mixed-citation id="d19286e742" publication-type="other">
Ibid., pp. 10-13.</mixed-citation>
            </p>
         </fn>
         <fn id="d19286e749a1310">
            <label>20</label>
            <p>
               <mixed-citation id="d19286e756" publication-type="other">
Ibid., pp. 10-15.</mixed-citation>
            </p>
         </fn>
         <fn id="d19286e763a1310">
            <label>21</label>
            <p>
               <mixed-citation id="d19286e770" publication-type="other">
P. Oxy XIX 2243(a)</mixed-citation>
            </p>
         </fn>
         <fn id="d19286e777a1310">
            <label>22</label>
            <p>
               <mixed-citation id="d19286e784" publication-type="other">
P. Oxy XVI 1911 (complete account)</mixed-citation>
            </p>
            <p>
               <mixed-citation id="d19286e790" publication-type="other">
P. Oxy XXVII 2480 (wine account)</mixed-citation>
            </p>
         </fn>
         <fn id="d19286e797a1310">
            <label>23</label>
            <p>
               <mixed-citation id="d19286e804" publication-type="other">
P.Oxy XVI 1911</mixed-citation>
            </p>
            <p>
               <mixed-citation id="d19286e810" publication-type="other">
LV 3804</mixed-citation>
            </p>
            <p>
               <mixed-citation id="d19286e816" publication-type="other">
XIX 2243(a)</mixed-citation>
            </p>
            <p>
               <mixed-citation id="d19286e823" publication-type="other">
XVIII 2195</mixed-citation>
            </p>
         </fn>
         <fn id="d19286e830a1310">
            <label>24</label>
            <p>
               <mixed-citation id="d19286e837" publication-type="other">
P. Oxy LV 3804, lines 141-2 for total sum</mixed-citation>
            </p>
         </fn>
         <fn id="d19286e845a1310">
            <label>25</label>
            <p>
               <mixed-citation id="d19286e852" publication-type="other">
Ibid., lines 145-8, line 151, and 158.</mixed-citation>
            </p>
         </fn>
         <fn id="d19286e859a1310">
            <label>26</label>
            <p>
               <mixed-citation id="d19286e866" publication-type="other">
Ibid., lines 225-40.</mixed-citation>
            </p>
         </fn>
         <fn id="d19286e873a1310">
            <label>27</label>
            <p>
               <mixed-citation id="d19286e880" publication-type="other">
Ibid., lines 270-5.</mixed-citation>
            </p>
         </fn>
         <fn id="d19286e887a1310">
            <label>28</label>
            <p>
               <mixed-citation id="d19286e894" publication-type="other">
P. A. V. Sarris, 'Economy and Society in the Age of Justinian' (Oxford D.Phil. thesis,
1999), pp. 20-3</mixed-citation>
            </p>
         </fn>
         <fn id="d19286e904a1310">
            <label>29</label>
            <p>
               <mixed-citation id="d19286e911" publication-type="journal">
P.Oxy LV 3804 lines 1-140.<fpage>3804</fpage>
                  <volume>LV</volume>
                  <source>P.Oxy</source>
               </mixed-citation>
            </p>
         </fn>
         <fn id="d19286e927a1310">
            <label>30</label>
            <p>
               <mixed-citation id="d19286e934" publication-type="other">
Ibid., column II, lines 15-39.</mixed-citation>
            </p>
         </fn>
         <fn id="d19286e942a1310">
            <label>31</label>
            <p>
               <mixed-citation id="d19286e949" publication-type="other">
Ibid., lines 15-39.</mixed-citation>
            </p>
         </fn>
         <fn id="d19286e956a1310">
            <label>32</label>
            <p>
               <mixed-citation id="d19286e963" publication-type="other">
Ibid., lines 241-2, 251-2 and 267-9.</mixed-citation>
            </p>
         </fn>
         <fn id="d19286e970a1310">
            <label>33</label>
            <p>
               <mixed-citation id="d19286e977" publication-type="other">
P. A. V. Sarris, 'Economy and Society in the Age of
Justinian' (Oxford D.Phil. thesis, 1999), pp. 17-53</mixed-citation>
            </p>
         </fn>
         <fn id="d19286e987a1310">
            <label>34</label>
            <p>
               <mixed-citation id="d19286e994" publication-type="other">
P.Oxy LV 3804 lines 276-80.</mixed-citation>
            </p>
         </fn>
         <fn id="d19286e1001a1310">
            <label>35</label>
            <p>
               <mixed-citation id="d19286e1008" publication-type="other">
Ibid., line 273</mixed-citation>
            </p>
            <p>
               <mixed-citation id="d19286e1014" publication-type="other">
P. A. V. Sarris, 'Economy and Society in the Age of Justinian' (Oxford
D.Phil. thesis, 1999), pp. 235-7</mixed-citation>
            </p>
            <p>
               <mixed-citation id="d19286e1023" publication-type="book">
J. Banaji, Agrarian Change in Late Antiquity - Gold, Labour, and Aristocratic
Dominance (Oxford, 2002)<person-group>
                     <string-name>
                        <surname>Banaji</surname>
                     </string-name>
                  </person-group>
                  <source>Agrarian Change in Late Antiquity - Gold, Labour, and Aristocratic Dominance</source>
                  <year>2002</year>
               </mixed-citation>
            </p>
         </fn>
         <fn id="d19286e1048a1310">
            <label>36</label>
            <p>
               <mixed-citation id="d19286e1055" publication-type="journal">
P. Oxy. LV 3804 line 34.<fpage>3804</fpage>
                  <volume>LV</volume>
                  <source>P. Oxy</source>
               </mixed-citation>
            </p>
         </fn>
         <fn id="d19286e1072a1310">
            <label>37</label>
            <p>
               <mixed-citation id="d19286e1079" publication-type="journal">
P. Oxy LV 3804 line 30<fpage>3804</fpage>
                  <volume>LV</volume>
                  <source>P. Oxy</source>
               </mixed-citation>
            </p>
            <p>
               <mixed-citation id="d19286e1094" publication-type="other">
P. A. V. Sarris, 'Economy and Society in the Age of Justinian' (Oxford D.Phil.
thesis, 1999), pp. 18i-209</mixed-citation>
            </p>
            <p>
               <mixed-citation id="d19286e1103" publication-type="book">
J. Banaji, Agrarian Change in Late Antiquity - Gold, Labour, and
Aristocratic Dominance (Oxford, 2002), pp. 89-100<person-group>
                     <string-name>
                        <surname>Banaji</surname>
                     </string-name>
                  </person-group>
                  <fpage>89</fpage>
                  <source>Agrarian Change in Late Antiquity - Gold, Labour, and Aristocratic Dominance</source>
                  <year>2002</year>
               </mixed-citation>
            </p>
         </fn>
         <fn id="d19286e1132a1310">
            <label>38</label>
            <p>
               <mixed-citation id="d19286e1139" publication-type="journal">
P.Oxy LV 3804 lines 77 and 134.<fpage>3804</fpage>
                  <volume>LV</volume>
                  <source>P.Oxy</source>
               </mixed-citation>
            </p>
         </fn>
         <fn id="d19286e1155a1310">
            <label>39</label>
            <p>
               <mixed-citation id="d19286e1162" publication-type="other">
Ibid., lines 30, 31, 34, 133, 125.</mixed-citation>
            </p>
         </fn>
         <fn id="d19286e1169a1310">
            <label>40</label>
            <p>
               <mixed-citation id="d19286e1176" publication-type="other">
P. A. V. Sarris, 'Economy and Society in the Age ofJustinian' (Oxford D.Phil. thesis, 1999),
PP. 35-6.</mixed-citation>
            </p>
         </fn>
         <fn id="d19286e1186a1310">
            <label>41</label>
            <p>
               <mixed-citation id="d19286e1193" publication-type="journal">
P. Oxy LV 3804 lines 196-8.<fpage>3804</fpage>
                  <volume>LV</volume>
                  <source>P. Oxy</source>
               </mixed-citation>
            </p>
         </fn>
         <fn id="d19286e1209a1310">
            <label>42</label>
            <p>
               <mixed-citation id="d19286e1216" publication-type="other">
P. A. V. Sarris, 'Economy and Society in the Age of Justinian' (Oxford D.Phil. thesis,
1999), pp. 38-44</mixed-citation>
            </p>
         </fn>
         <fn id="d19286e1227a1310">
            <label>43</label>
            <p>
               <mixed-citation id="d19286e1234" publication-type="journal">
P. Wash. Univ. II, Io2, lines 1-3.<fpage>Io2</fpage>
                  <volume>II</volume>
                  <source>P. Wash. Univ.</source>
               </mixed-citation>
            </p>
         </fn>
         <fn id="d19286e1250a1310">
            <label>44</label>
            <p>
               <mixed-citation id="d19286e1257" publication-type="other">
P. A. V. Sarris, 'Economy and Society in the Age of Justinian' (Oxford D.Phil. thesis, 1999),
pp. 40-2</mixed-citation>
            </p>
            <p>
               <mixed-citation id="d19286e1266" publication-type="journal">
P.Oxy LVIII 3960 line 60<fpage>3960</fpage>
                  <volume>LVIII</volume>
                  <source>P.Oxy</source>
               </mixed-citation>
            </p>
         </fn>
         <fn id="d19286e1282a1310">
            <label>45</label>
            <p>
               <mixed-citation id="d19286e1289" publication-type="journal">
P.Oxy XXVII 2478 lines 16-21<fpage>2478</fpage>
                  <volume>XXVII</volume>
                  <source>P.Oxy</source>
               </mixed-citation>
            </p>
         </fn>
         <fn id="d19286e1305a1310">
            <label>46</label>
            <p>
               <mixed-citation id="d19286e1312" publication-type="journal">
P.Oxy XIX 2239 lines 12-13<fpage>2239</fpage>
                  <volume>XIX</volume>
                  <source>P.Oxy</source>
               </mixed-citation>
            </p>
         </fn>
         <fn id="d19286e1328a1310">
            <label>47</label>
            <p>
               <mixed-citation id="d19286e1335" publication-type="other">
Ibid., lines 13-14</mixed-citation>
            </p>
         </fn>
         <fn id="d19286e1342a1310">
            <label>48</label>
            <p>
               <mixed-citation id="d19286e1349" publication-type="other">
P. A. V. Sarris, 'Economy and Society in the Age of Justinian (Oxford D.Phil. thesis,
1999), pp. 62-3</mixed-citation>
            </p>
         </fn>
         <fn id="d19286e1360a1310">
            <label>49</label>
            <p>
               <mixed-citation id="d19286e1367" publication-type="book">
T. Reekmans, A Sixth-Century Account of Hay (Brussels, 1962), pp. 14-16 and p. Io<person-group>
                     <string-name>
                        <surname>Reekmans</surname>
                     </string-name>
                  </person-group>
                  <fpage>14</fpage>
                  <source>A Sixth-Century Account of Hay</source>
                  <year>1962</year>
               </mixed-citation>
            </p>
         </fn>
         <fn id="d19286e1392a1310">
            <label>50</label>
            <p>
               <mixed-citation id="d19286e1399" publication-type="other">
Ibid., pp. 14-16</mixed-citation>
            </p>
            <p>
               <mixed-citation id="d19286e1405" publication-type="other">
P. A. V. Sarris, 'Economy and Society in the Age of
Justinian' (Oxford D.Phil. thesis, 1999), pp. 15-16</mixed-citation>
            </p>
         </fn>
         <fn id="d19286e1415a1310">
            <label>51</label>
            <p>
               <mixed-citation id="d19286e1422" publication-type="journal">
M. Schnebel, 'An Agricultural Ledger in P.Bad 95', The ournal ofEgyptian Archaeology xiv
(1928), 34-45, at 42-3.<person-group>
                     <string-name>
                        <surname>Schnebel</surname>
                     </string-name>
                  </person-group>
                  <fpage>34</fpage>
                  <volume>xiv</volume>
                  <source>The ournal ofEgyptian Archaeology</source>
                  <year>1928</year>
               </mixed-citation>
            </p>
         </fn>
         <fn id="d19286e1454a1310">
            <label>52</label>
            <p>
               <mixed-citation id="d19286e1461" publication-type="journal">
P. Oxy XXXIV 2724<fpage>2724</fpage>
                  <volume>XXXIV</volume>
                  <source>P. Oxy</source>
               </mixed-citation>
            </p>
            <p>
               <mixed-citation id="d19286e1476" publication-type="other">
XLIX 3512</mixed-citation>
            </p>
            <p>
               <mixed-citation id="d19286e1482" publication-type="other">
LVIII 3955</mixed-citation>
            </p>
            <p>
               <mixed-citation id="d19286e1489" publication-type="other">
LXIII 4398</mixed-citation>
            </p>
            <p>
               <mixed-citation id="d19286e1495" publication-type="journal">
P. Wash. Univ. 125<fpage>25</fpage>
                  <volume>1</volume>
                  <source>P. Wash. Univ.</source>
               </mixed-citation>
            </p>
            <p>
               <mixed-citation id="d19286e1510" publication-type="journal">
P.
Amh. II 149<fpage>149</fpage>
                  <volume>II</volume>
                  <source>P. Amh.</source>
               </mixed-citation>
            </p>
            <p>
               <mixed-citation id="d19286e1528" publication-type="journal">
B. G. U. II
364<fpage>364</fpage>
                  <volume>II</volume>
                  <source>B. G. U.</source>
               </mixed-citation>
            </p>
            <p>
               <mixed-citation id="d19286e1546" publication-type="other">
C.P.R. X 65 and 127</mixed-citation>
            </p>
            <p>
               <mixed-citation id="d19286e1552" publication-type="other">
P. Vindob. Sijp. 7</mixed-citation>
            </p>
            <p>
               <mixed-citation id="d19286e1559" publication-type="journal">
P.Bad IV 95<fpage>95</fpage>
                  <volume>IV</volume>
                  <source>P.Bad</source>
               </mixed-citation>
            </p>
            <p>
               <mixed-citation id="d19286e1574" publication-type="book">
J. Banaji, Agrarian Change In Late
Antiquity - Gold, Labour, and Aristocratic Dominance (Oxford, 2002), p. 175<person-group>
                     <string-name>
                        <surname>Banaji</surname>
                     </string-name>
                  </person-group>
                  <fpage>175</fpage>
                  <source>Agrarian Change In Late Antiquity - Gold, Labour, and Aristocratic Dominance</source>
                  <year>2002</year>
               </mixed-citation>
            </p>
            <p>
               <mixed-citation id="d19286e1602" publication-type="book">
idem. 'Agrarian History and the Labour Organisation of Byzantine Large
Estates', in A. K. Bowman and E. Rogan (ed.), Agriculture in Egyptfrom Pharaonic to Modern Times
(Oxford, 1999), pp. 193-216, pp. 208-212<person-group>
                     <string-name>
                        <surname>Banaji</surname>
                     </string-name>
                  </person-group>
                  <comment content-type="section">Agrarian History and the Labour Organisation of Byzantine Large Estates</comment>
                  <fpage>193</fpage>
                  <source>Agriculture in Egyptfrom Pharaonic to Modern Times</source>
                  <year>1999</year>
               </mixed-citation>
            </p>
         </fn>
         <fn id="d19286e1637a1310">
            <label>53</label>
            <p>
               <mixed-citation id="d19286e1644" publication-type="journal">
P. Oxy XIX 2239 lines 13-16<fpage>2239</fpage>
                  <volume>XIX</volume>
                  <source>P. Oxy</source>
               </mixed-citation>
            </p>
         </fn>
         <fn id="d19286e1660a1310">
            <label>54</label>
            <p>
               <mixed-citation id="d19286e1667" publication-type="journal">
P. Ant. III 190, line 35<fpage>190</fpage>
                  <volume>III</volume>
                  <source>P. Ant.</source>
               </mixed-citation>
            </p>
            <p>
               <mixed-citation id="d19286e1682" publication-type="journal">
P.Bad. IV 95, lines 75-6<fpage>95</fpage>
                  <volume>IV</volume>
                  <source>P.Bad.</source>
               </mixed-citation>
            </p>
            <p>
               <mixed-citation id="d19286e1697" publication-type="other">
P. A. V. Sarris,
'Economy and Society in the Age of Justinian' (Oxford D.Phil. thesis, 1999), p. 123</mixed-citation>
            </p>
         </fn>
         <fn id="d19286e1708a1310">
            <label>55</label>
            <p>
               <mixed-citation id="d19286e1715" publication-type="book">
D. Rathbone, Economic Rationalism and Rural Society in Third-Century AD Egypt
(Cambridge, 1991), pp. 182-3<person-group>
                     <string-name>
                        <surname>Rathbone</surname>
                     </string-name>
                  </person-group>
                  <fpage>182</fpage>
                  <source>Economic Rationalism and Rural Society in Third-Century AD Egypt</source>
                  <year>1991</year>
               </mixed-citation>
            </p>
            <p>
               <mixed-citation id="d19286e1743" publication-type="book">
J. Rowlandson, Landlords and Tenants in Roman Egypt: The Social
Relations of Agriculture in the Oxyrhynchite Nome (Oxford, 1996), p. 284<person-group>
                     <string-name>
                        <surname>Rowlandson</surname>
                     </string-name>
                  </person-group>
                  <fpage>284</fpage>
                  <source>Landlords and Tenants in Roman Egypt: The Social Relations of Agriculture in the Oxyrhynchite Nome</source>
                  <year>1996</year>
               </mixed-citation>
            </p>
            <p>
               <mixed-citation id="d19286e1771" publication-type="other">
J. Banaji, 'Rural Communities in the Late Empire: Economic and Monetary Aspects' (Oxford
D.Phil. thesis, 1992), pp. 134-63</mixed-citation>
            </p>
         </fn>
         <fn id="d19286e1781a1310">
            <label>56</label>
            <p>
               <mixed-citation id="d19286e1788" publication-type="journal">
P. Pruneti, I Centri Abitati dell'Ossirinchite - Repertorio Toponomastico (Papyrologica
Florentina IX, 1981), pp. io-in<person-group>
                     <string-name>
                        <surname>Pruneti</surname>
                     </string-name>
                  </person-group>
                  <fpage>io</fpage>
                  <volume>IX</volume>
                  <source>Papyrologica Florentina</source>
                  <year>1981</year>
               </mixed-citation>
            </p>
            <p>
               <mixed-citation id="d19286e1819" publication-type="journal">
P.Bad. IV 95<fpage>95</fpage>
                  <volume>IV</volume>
                  <source>P.Bad.</source>
               </mixed-citation>
            </p>
            <p>
               <mixed-citation id="d19286e1834" publication-type="book">
J.
Banaji, Agrarian Change in Late Antiquity - Gold, Labour, and Aristocratic Dominance (Oxford,
2002), p. 175<person-group>
                     <string-name>
                        <surname>Banaji</surname>
                     </string-name>
                  </person-group>
                  <fpage>175</fpage>
                  <source>Agrarian Change in Late Antiquity - Gold, Labour, and Aristocratic Dominance</source>
                  <year>2002</year>
               </mixed-citation>
            </p>
         </fn>
         <fn id="d19286e1866a1310">
            <label>57</label>
            <p>
               <mixed-citation id="d19286e1873" publication-type="book">
J. Rowlandson, Landowners and Tenants in Roman Egypt: The Social Relations ofAgriculture in
the Oxyrhynchite Nome (Oxford, 1996), p. 281 and p. 284.<person-group>
                     <string-name>
                        <surname>Rowlandson</surname>
                     </string-name>
                  </person-group>
                  <fpage>281</fpage>
                  <source>Landowners and Tenants in Roman Egypt: The Social Relations ofAgriculture in the Oxyrhynchite Nome</source>
                  <year>1996</year>
               </mixed-citation>
            </p>
         </fn>
         <fn id="d19286e1902a1310">
            <label>58</label>
            <p>
               <mixed-citation id="d19286e1909" publication-type="journal">
J. Gascou, 'Notes critiques sur quelques papyrus du Ve et VIe s', Chronique d'Egypte, xlvii
(1972) pp. 243-253<person-group>
                     <string-name>
                        <surname>Gascou</surname>
                     </string-name>
                  </person-group>
                  <fpage>243</fpage>
                  <volume>xlvii</volume>
                  <source>Chronique d'Egypte</source>
                  <year>1972</year>
               </mixed-citation>
            </p>
            <p>
               <mixed-citation id="d19286e1940" publication-type="other">
J. Banaji, 'Rural Communities in the Late Empire -
Economic and Monetary Aspects' (Oxford D.Phil. thesis, 1992), pp. 167-8</mixed-citation>
            </p>
         </fn>
         <fn id="d19286e1950a1310">
            <label>59</label>
            <p>
               <mixed-citation id="d19286e1957" publication-type="other">
Ibid., pp. 134-63.</mixed-citation>
            </p>
         </fn>
         <fn id="d19286e1964a1310">
            <label>60</label>
            <p>
               <mixed-citation id="d19286e1971" publication-type="journal">
A. K. Bowman and D. Rathbone, 'Cities and Administration in Roman Egypt', Journal of
Roman Studies, lxxxii (1992), 107-27<object-id pub-id-type="doi">10.2307/301287</object-id>
                  <fpage>107</fpage>
               </mixed-citation>
            </p>
            <p>
               <mixed-citation id="d19286e1986" publication-type="book">
R. Bagnall, Egypt in Late Antiquity (Princeton, 1993), p. 55<person-group>
                     <string-name>
                        <surname>Bagnall</surname>
                     </string-name>
                  </person-group>
                  <fpage>55</fpage>
                  <source>Egypt in Late Antiquity</source>
                  <year>1993</year>
               </mixed-citation>
            </p>
         </fn>
         <fn id="d19286e2012a1310">
            <label>61</label>
            <p>
               <mixed-citation id="d19286e2019" publication-type="book">
D. Rathbone, Economic Rationalism and Rural Society in Third-CenturyAD Egypt (Cambridge,
1991), pp. 18-20 and p. 70.<person-group>
                     <string-name>
                        <surname>Rathbone</surname>
                     </string-name>
                  </person-group>
                  <fpage>18</fpage>
                  <source>Economic Rationalism and Rural Society in Third-CenturyAD Egypt</source>
                  <year>1991</year>
               </mixed-citation>
            </p>
         </fn>
         <fn id="d19286e2048a1310">
            <label>62</label>
            <p>
               <mixed-citation id="d19286e2055" publication-type="book">
A.K. Bowman, Egypt After the Pharaohs (Oxford, 1990), p. 81.<person-group>
                     <string-name>
                        <surname>Bowman</surname>
                     </string-name>
                  </person-group>
                  <fpage>81</fpage>
                  <source>Egypt After the Pharaohs</source>
                  <year>1990</year>
               </mixed-citation>
            </p>
         </fn>
         <fn id="d19286e2080a1310">
            <label>63</label>
            <p>
               <mixed-citation id="d19286e2087" publication-type="journal">
A. K. Bowman, 'Landholding in the Hermopolite Nome in the Fourth Century',Journal of
Roman Studies, lxxv (1985), 137-63<object-id pub-id-type="doi">10.2307/300657</object-id>
                  <fpage>137</fpage>
               </mixed-citation>
            </p>
            <p>
               <mixed-citation id="d19286e2102" publication-type="journal">
R. Bagnall, 'Landholding in Late Roman Egypt: The
Distribution of Wealth', Journal ofRoman Studies, lxxxii (1992), 128-49<object-id pub-id-type="doi">10.2307/301288</object-id>
                  <fpage>128</fpage>
               </mixed-citation>
            </p>
         </fn>
         <fn id="d19286e2118a1310">
            <label>64</label>
            <p>
               <mixed-citation id="d19286e2125" publication-type="book">
R. Bagnall, Egypt in Late Antiquity (Princeton, 1993), p. 69.<person-group>
                     <string-name>
                        <surname>Bagnall</surname>
                     </string-name>
                  </person-group>
                  <fpage>69</fpage>
                  <source>Egypt in Late Antiquity</source>
                  <year>1993</year>
               </mixed-citation>
            </p>
         </fn>
         <fn id="d19286e2150a1310">
            <label>65</label>
            <p>
               <mixed-citation id="d19286e2157" publication-type="book">
J. Rowlandson, Landowners and Tenants in Roman Egypt: The Social Relations of
Agriculture in the Oxyrhynchite Nome (Oxford, 1996), pp. 278-9 and pp. 283-4.<person-group>
                     <string-name>
                        <surname>Rowlandson</surname>
                     </string-name>
                  </person-group>
                  <fpage>278</fpage>
                  <source>Landowners and Tenants in Roman Egypt: The Social Relations of Agriculture in the Oxyrhynchite Nome</source>
                  <year>1996</year>
               </mixed-citation>
            </p>
         </fn>
         <fn id="d19286e2186a1310">
            <label>66</label>
            <p>
               <mixed-citation id="d19286e2193" publication-type="book">
A. K. Bowman, The Town Councils of Roman Egypt (Toronto, 1971), pp. 155-8.<person-group>
                     <string-name>
                        <surname>Bowman</surname>
                     </string-name>
                  </person-group>
                  <fpage>155</fpage>
                  <source>The Town Councils of Roman Egypt</source>
                  <year>1971</year>
               </mixed-citation>
            </p>
         </fn>
         <fn id="d19286e2219a1310">
            <label>67</label>
            <p>
               <mixed-citation id="d19286e2226" publication-type="book">
J. Rowlandson, Landowners and Tenants in Roman Egypt: The Social Relations of
Agriculture in the Oxyrhynchite Nome (Oxford, 1996), pp. 282-3.<person-group>
                     <string-name>
                        <surname>Rowlandson</surname>
                     </string-name>
                  </person-group>
                  <fpage>282</fpage>
                  <source>Landowners and Tenants in Roman Egypt: The Social Relations of Agriculture in the Oxyrhynchite Nome</source>
                  <year>1996</year>
               </mixed-citation>
            </p>
         </fn>
         <fn id="d19286e2255a1310">
            <label>68</label>
            <p>
               <mixed-citation id="d19286e2262" publication-type="journal">
R. Bagnall, 'Landholding in Late Roman Egypt: The Distribution of Wealth', Journal of
Roman Studies, lxxxii (1992), 128-49, p. 142.<object-id pub-id-type="doi">10.2307/301288</object-id>
                  <fpage>128</fpage>
               </mixed-citation>
            </p>
         </fn>
         <fn id="d19286e2278a1310">
            <label>69</label>
            <p>
               <mixed-citation id="d19286e2285" publication-type="other">
P. A. V. Sarris, 'Economy and Society in the Age ofJustinian' (Oxford D.Phil. thesis, 1999),
PP. 95-6.</mixed-citation>
            </p>
         </fn>
         <fn id="d19286e2295a1310">
            <label>70</label>
            <p>
               <mixed-citation id="d19286e2302" publication-type="journal">
J. Barns, 'Shenoute as a historical source', Actes du Xe Congrys International de Papyrologues
(Wroclaw, 1964), pp. 151-9, pp. 157-9.<person-group>
                     <string-name>
                        <surname>Barns</surname>
                     </string-name>
                  </person-group>
                  <fpage>151</fpage>
                  <source>Actes du Xe Congrys International de Papyrologues</source>
                  <year>1964</year>
               </mixed-citation>
            </p>
         </fn>
         <fn id="d19286e2331a1310">
            <label>71</label>
            <p>
               <mixed-citation id="d19286e2338" publication-type="journal">
J. Keenan, 'The Names Flavius and Aurelius as Status Designations in Later Roman Egypt'
(Part I), Zeitschriftfiir Papyrologie und Epigraphik, xi (1973), 33-63, 37-40.<person-group>
                     <string-name>
                        <surname>Keenan</surname>
                     </string-name>
                  </person-group>
                  <fpage>33</fpage>
                  <volume>xi</volume>
                  <source>Zeitschriftfiir Papyrologie und Epigraphik</source>
                  <year>1973</year>
               </mixed-citation>
            </p>
         </fn>
         <fn id="d19286e2370a1310">
            <label>72</label>
            <p>
               <mixed-citation id="d19286e2377" publication-type="other">
Ibid., 47.</mixed-citation>
            </p>
         </fn>
         <fn id="d19286e2385a1310">
            <label>73</label>
            <p>
               <mixed-citation id="d19286e2392" publication-type="other">
Ibid., Part II</mixed-citation>
            </p>
            <p>
               <mixed-citation id="d19286e2398" publication-type="journal">
ZPE, xiii (1974), 283-304, 285<fpage>283</fpage>
                  <volume>xiii</volume>
                  <source>ZPE</source>
                  <year>1974</year>
               </mixed-citation>
            </p>
         </fn>
         <fn id="d19286e2417a1310">
            <label>74</label>
            <p>
               <mixed-citation id="d19286e2424" publication-type="other">
J. Banaji, 'Rural Communities in the Late Empire: Economic and Monetary Aspects (Oxford
D.Phil. thesis, 1992), p. 134.</mixed-citation>
            </p>
         </fn>
         <fn id="d19286e2434a1310">
            <label>75</label>
            <p>
               <mixed-citation id="d19286e2441" publication-type="other">
P. A. V. Sarris, 'Economy and Society in the Age of
Justinian' (Oxford D.Phil. thesis, 1999), pp. 92-104</mixed-citation>
            </p>
         </fn>
         <fn id="d19286e2451a1310">
            <label>76</label>
            <p>
               <mixed-citation id="d19286e2458" publication-type="book">
G. E. M. de Ste Croix, The Class Struggle in the Ancient Greek World(London, 1983), pp.
471-2<person-group>
                     <string-name>
                        <surname>Croix</surname>
                     </string-name>
                  </person-group>
                  <fpage>471</fpage>
                  <source>The Class Struggle in the Ancient Greek World</source>
                  <year>1983</year>
               </mixed-citation>
            </p>
         </fn>
         <fn id="d19286e2487a1310">
            <label>77</label>
            <p>
               <mixed-citation id="d19286e2494" publication-type="book">
P. Heather, 'New Men for New Constantines? Creating an Imperial Elite in the Eastern
Mediterranean', in P. Magdalino (ed.), New Constantines (Aldershot, 1994), PP. 11-44, p. 20.<person-group>
                     <string-name>
                        <surname>Heather</surname>
                     </string-name>
                  </person-group>
                  <comment content-type="section">New Men for New Constantines? Creating an Imperial Elite in the Eastern Mediterranean</comment>
                  <fpage>11</fpage>
                  <source>New Constantines</source>
                  <year>1994</year>
               </mixed-citation>
            </p>
         </fn>
         <fn id="d19286e2526a1310">
            <label>78</label>
            <p>
               <mixed-citation id="d19286e2533" publication-type="other">
Ibid., p. 12 and p. 16.</mixed-citation>
            </p>
         </fn>
         <fn id="d19286e2541a1310">
            <label>79</label>
            <p>
               <mixed-citation id="d19286e2548" publication-type="other">
Ibid., p. 17.</mixed-citation>
            </p>
         </fn>
         <fn id="d19286e2555a1310">
            <label>80</label>
            <p>
               <mixed-citation id="d19286e2562" publication-type="other">
Ibid., p. 12.</mixed-citation>
            </p>
         </fn>
         <fn id="d19286e2569a1310">
            <label>81</label>
            <p>
               <mixed-citation id="d19286e2576" publication-type="other">
Ibid., p. 26.</mixed-citation>
            </p>
         </fn>
         <fn id="d19286e2583a1310">
            <label>82</label>
            <p>
               <mixed-citation id="d19286e2590" publication-type="other">
Ibid., pp. 27-8.</mixed-citation>
            </p>
         </fn>
         <fn id="d19286e2597a1310">
            <label>83</label>
            <p>
               <mixed-citation id="d19286e2604" publication-type="book">
P. R. L. Brown, Power and Persuasion in Late Antiquity (Madison, 1988), p. 79<person-group>
                     <string-name>
                        <surname>Brown</surname>
                     </string-name>
                  </person-group>
                  <fpage>79</fpage>
                  <source>Power and Persuasion in Late Antiquity</source>
                  <year>1988</year>
               </mixed-citation>
            </p>
         </fn>
         <fn id="d19286e2629a1310">
            <label>84</label>
            <p>
               <mixed-citation id="d19286e2636" publication-type="book">
P. Heather, 'New Men for New Constantines? Creating an Imperial Elite in the Eastern
Mediterranean', in P. Magdalino (ed.), New Constantines (Aldershot, 1994), Pp. 11-44, p. 28.<person-group>
                     <string-name>
                        <surname>Heather</surname>
                     </string-name>
                  </person-group>
                  <comment content-type="section">New Men for New Constantines? Creating an Imperial Elite in the Eastern Mediterranean</comment>
                  <fpage>11</fpage>
                  <source>New Constantines</source>
                  <year>1994</year>
               </mixed-citation>
            </p>
         </fn>
         <fn id="d19286e2669a1310">
            <label>85</label>
            <p>
               <mixed-citation id="d19286e2676" publication-type="book">
F. de Zulueta, 'Patronage in the Later Roman
Empire', in P. Vinogradoff (ed.), OxfordStudies in SocialandLegalHistory Volume I (Oxford, 1909)
part II, pp. 3-78<person-group>
                     <string-name>
                        <surname>de Zulueta</surname>
                     </string-name>
                  </person-group>
                  <comment content-type="section">Patronage in the Later Roman Empire</comment>
                  <fpage>3</fpage>
                  <volume>I</volume>
                  <source>OxfordStudies in SocialandLegalHistory</source>
                  <year>1909</year>
               </mixed-citation>
            </p>
         </fn>
         <fn id="d19286e2714a1310">
            <label>86</label>
            <p>
               <mixed-citation id="d19286e2721" publication-type="book">
P. Heather, 'New Men for New Constantines? Creating an Imperial Elite in the Eastern
Mediterranean', in P. Magdalino (ed.), New Constantines (Aldershot, 1994), pp. --44, P. 27<person-group>
                     <string-name>
                        <surname>Heather</surname>
                     </string-name>
                  </person-group>
                  <comment content-type="section">New Men for New Constantines? Creating an Imperial Elite in the Eastern Mediterranean</comment>
                  <fpage>44</fpage>
                  <source>New Constantines</source>
                  <year>1994</year>
               </mixed-citation>
            </p>
         </fn>
         <fn id="d19286e2753a1310">
            <label>87</label>
            <p>
               <mixed-citation id="d19286e2760" publication-type="book">
F. de Zulueta, 'Patronage in the Later Roman Empire', in P. Vinogradoff (ed.), Oxford
Studies in Social and Legal History Volume I (Oxford, 1909) part II, pp. 3-78, p. 6.<person-group>
                     <string-name>
                        <surname>de Zulueta</surname>
                     </string-name>
                  </person-group>
                  <comment content-type="section">Patronage in the Later Roman Empire</comment>
                  <fpage>3</fpage>
                  <volume>I</volume>
                  <source>Oxford Studies in Social and Legal History</source>
                  <year>1909</year>
               </mixed-citation>
            </p>
         </fn>
         <fn id="d19286e2795a1310">
            <label>88</label>
            <p>
               <mixed-citation id="d19286e2802" publication-type="book">
A. M. Honord, Law in the Crisis ofEmpire 379-455 AD (Oxford, 1998), pp. 128-9.<person-group>
                     <string-name>
                        <surname>Honord</surname>
                     </string-name>
                  </person-group>
                  <fpage>128</fpage>
                  <source>Law in the Crisis ofEmpire 379-455 AD</source>
                  <year>1998</year>
               </mixed-citation>
            </p>
         </fn>
         <fn id="d19286e2827a1310">
            <label>89</label>
            <p>
               <mixed-citation id="d19286e2834" publication-type="other">
Ibid., pp. 138-9.</mixed-citation>
            </p>
         </fn>
         <fn id="d19286e2841a1310">
            <label>90</label>
            <p>
               <mixed-citation id="d19286e2848" publication-type="journal">
Codex Theodosianus XI, 24, I, p. 613.<issue>24</issue>
                  <fpage>613</fpage>
                  <volume>XI</volume>
                  <source>Codex Theodosianus</source>
               </mixed-citation>
            </p>
         </fn>
         <fn id="d19286e2868a1310">
            <label>91</label>
            <p>
               <mixed-citation id="d19286e2875" publication-type="journal">
Codex Theodosianus XI, 24, 2, p. 613.<issue>24</issue>
                  <fpage>613</fpage>
                  <volume>XI</volume>
                  <source>Codex Theodosianus</source>
               </mixed-citation>
            </p>
         </fn>
         <fn id="d19286e2894a1310">
            <label>92</label>
            <p>
               <mixed-citation id="d19286e2901" publication-type="journal">
Codex Theodosianus I, 14, I, pp. 50-I.<issue>14</issue>
                  <fpage>50</fpage>
                  <volume>I</volume>
                  <source>Codex Theodosianus</source>
               </mixed-citation>
            </p>
         </fn>
         <fn id="d19286e2920a1310">
            <label>93</label>
            <p>
               <mixed-citation id="d19286e2927" publication-type="journal">
Codex Theodosianus V, 17, 2 (a.386), p. 238<issue>17</issue>
                  <fpage>238</fpage>
                  <volume>V</volume>
                  <source>Codex Theodosianus</source>
               </mixed-citation>
            </p>
            <p>
               <mixed-citation id="d19286e2945" publication-type="journal">
Codex lustinianus XI, 51, I (386?) p. 443<issue>51</issue>
                  <fpage>443</fpage>
                  <volume>XI</volume>
                  <source>Codex lustinianus</source>
               </mixed-citation>
            </p>
            <p>
               <mixed-citation id="d19286e2963" publication-type="other">
XI, 52, I
(393-5) p. 443</mixed-citation>
            </p>
         </fn>
         <fn id="d19286e2973a1310">
            <label>94</label>
            <p>
               <mixed-citation id="d19286e2980" publication-type="journal">
Codex Theodosianus XI, 24, 3, pp. 613-14.<issue>24</issue>
                  <fpage>613</fpage>
                  <volume>XI</volume>
                  <source>Codex Theodosianus</source>
               </mixed-citation>
            </p>
         </fn>
         <fn id="d19286e2999a1310">
            <label>95</label>
            <p>
               <mixed-citation id="d19286e3006" publication-type="journal">
Codex Theodosianus VI, 3, 3, pp. 248-9.<issue>3</issue>
                  <fpage>248</fpage>
                  <volume>VI</volume>
                  <source>Codex Theodosianus</source>
               </mixed-citation>
            </p>
         </fn>
         <fn id="d19286e3025a1310">
            <label>96</label>
            <p>
               <mixed-citation id="d19286e3032" publication-type="journal">
Codex Theodosianus XI, 24, 4, p. 614.<issue>24</issue>
                  <fpage>614</fpage>
                  <volume>XI</volume>
                  <source>Codex Theodosianus</source>
               </mixed-citation>
            </p>
         </fn>
         <fn id="d19286e3052a1310">
            <label>97</label>
            <p>
               <mixed-citation id="d19286e3059" publication-type="journal">
Codex Theodosianus XI, 24, 6, pp. 614-15.<issue>24</issue>
                  <fpage>614</fpage>
                  <volume>XI</volume>
                  <source>Codex Theodosianus</source>
               </mixed-citation>
            </p>
         </fn>
         <fn id="d19286e3078a1310">
            <label>98</label>
            <p>
               <mixed-citation id="d19286e3085" publication-type="book">
A. H. M. Jones, The Later Roman Empire (3 vols, Oxford, 1964) I, p. 2006.<person-group>
                     <string-name>
                        <surname>Jones</surname>
                     </string-name>
                  </person-group>
                  <fpage>2006</fpage>
                  <volume>I</volume>
                  <source>The Later Roman Empire</source>
                  <year>1964</year>
               </mixed-citation>
            </p>
         </fn>
         <fn id="d19286e3114a1310">
            <label>99</label>
            <p>
               <mixed-citation id="d19286e3121" publication-type="journal">
Codex lustinianus XI, 54, i, p. 444<issue>54</issue>
                  <fpage>444</fpage>
                  <volume>XI</volume>
                  <source>Codex lustinianus</source>
               </mixed-citation>
            </p>
            <p>
               <mixed-citation id="d19286e3139" publication-type="other">
Code, XI, 54, 2, p. 444</mixed-citation>
            </p>
         </fn>
         <fn id="d19286e3146a1310">
            <label>100</label>
            <p>
               <mixed-citation id="d19286e3153" publication-type="journal">
J.Nov XVII, 13, p. 125<fpage>125</fpage>
                  <volume>XVII</volume>
                  <source>J.Nov</source>
               </mixed-citation>
            </p>
            <p>
               <mixed-citation id="d19286e3168" publication-type="journal">
M. Kaplan, 'Novelle de Tibere II sur les &lt;&lt;maisons
divines,,', Travaux et Mimoires, viii (1981), 237-45<person-group>
                     <string-name>
                        <surname>Kaplan</surname>
                     </string-name>
                  </person-group>
                  <fpage>237</fpage>
                  <volume>viii</volume>
                  <source>Travaux et Mémoires</source>
                  <year>1981</year>
               </mixed-citation>
            </p>
         </fn>
         <fn id="d19286e3200a1310">
            <label>101</label>
            <p>
               <mixed-citation id="d19286e3207" publication-type="journal">
C. Foss, 'The Near Eastern Countryside in Late Antiquity: A Review'
Journal of Roman Archaeology Supplementary Series, xiv (1995), 213-34<person-group>
                     <string-name>
                        <surname>Foss</surname>
                     </string-name>
                  </person-group>
                  <fpage>213</fpage>
                  <volume>xiv</volume>
                  <source>Journal of Roman Archaeology Supplementary Series</source>
                  <year>1995</year>
               </mixed-citation>
            </p>
         </fn>
         <fn id="d19286e3239a1310">
            <label>102</label>
            <p>
               <mixed-citation id="d19286e3246" publication-type="book">
D. Johnston, The Roman Law of Trusts (Oxford, 1988), pp. 250-4<person-group>
                     <string-name>
                        <surname>Johnston</surname>
                     </string-name>
                  </person-group>
                  <fpage>250</fpage>
                  <source>The Roman Law of Trusts</source>
                  <year>1988</year>
               </mixed-citation>
            </p>
         </fn>
         <fn id="d19286e3272a1310">
            <label>103</label>
            <p>
               <mixed-citation id="d19286e3279" publication-type="journal">
Y. Hirschfeld, 'Farms and Villages in Byzantine Palestine', Dumbarton Oaks Papers, li
(1997), 33-71, 36.<object-id pub-id-type="doi">10.2307/1291761</object-id>
                  <fpage>33</fpage>
               </mixed-citation>
            </p>
         </fn>
         <fn id="d19286e3295a1310">
            <label>104</label>
            <p>
               <mixed-citation id="d19286e3302" publication-type="other">
Ibid., 46</mixed-citation>
            </p>
            <p>
               <mixed-citation id="d19286e3308" publication-type="book">
F. Trombley, 'Epigraphic Data on Village Institutions: An
Interregional Comparison', in L. Lavan (ed.), Recent Research on the Late Antique Countryside
(2004)<person-group>
                     <string-name>
                        <surname>Trombley</surname>
                     </string-name>
                  </person-group>
                  <comment content-type="section">Epigraphic Data on Village Institutions: An Interregional Comparison</comment>
                  <source>Recent Research on the Late Antique Countryside</source>
                  <year>2004</year>
               </mixed-citation>
            </p>
         </fn>
         <fn id="d19286e3340a1310">
            <label>105</label>
            <p>
               <mixed-citation id="d19286e3347" publication-type="other">
P. A. V., Sarris 'Economy and Society in the Age of Justinian' (Oxford D.Phil. thesis,
1999), pp. 54-77 and p. 131</mixed-citation>
            </p>
         </fn>
         <fn id="d19286e3357a1310">
            <label>106</label>
            <p>
               <mixed-citation id="d19286e3364" publication-type="other">
Ibid., pp. 54-77.</mixed-citation>
            </p>
         </fn>
         <fn id="d19286e3371a1310">
            <label>107</label>
            <p>
               <mixed-citation id="d19286e3378" publication-type="journal">
B. Sirks, 'Reconsidering the Roman Colonate', Zeitschrift der Savigny-Stifiung fAr
Rechtsgeschichte, cx (1993)<person-group>
                     <string-name>
                        <surname>Sirks</surname>
                     </string-name>
                  </person-group>
                  <volume>cx</volume>
                  <source>Zeitschrift der Savigny-Stifiung fAr Rechtsgeschichte</source>
                  <year>1993</year>
               </mixed-citation>
            </p>
            <p>
               <mixed-citation id="d19286e3406" publication-type="journal">
Romanistische Abteilung, cx, 331-69<fpage>331</fpage>
                  <volume>cx</volume>
                  <source>Romanistische Abteilung</source>
               </mixed-citation>
            </p>
         </fn>
         <fn id="d19286e3422a1310">
            <label>108</label>
            <p>
               <mixed-citation id="d19286e3429" publication-type="book">
D. Rathbone, Economic Rationalism and Rural Society in Third-Century AD Egypt
(Cambridge, 199I), pp. 404-7.<person-group>
                     <string-name>
                        <surname>Rathbone</surname>
                     </string-name>
                  </person-group>
                  <fpage>404</fpage>
                  <source>Economic Rationalism and Rural Society in Third-Century AD Egypt</source>
                  <year>1991</year>
               </mixed-citation>
            </p>
         </fn>
         <fn id="d19286e3459a1310">
            <label>109</label>
            <p>
               <mixed-citation id="d19286e3466" publication-type="other">
P. A. V. Sarris, 'Economy and Society in the Age ofJustinian' (Oxford D.Phil. thesis, 1999),
p. 183</mixed-citation>
            </p>
         </fn>
         <fn id="d19286e3476a1310">
            <label>110</label>
            <p>
               <mixed-citation id="d19286e3483" publication-type="journal">
I. F. Fikhman, 'De nouveau sur le colonat du bas empire', Papyrologica Florentina, xix
(1990), 159-79<person-group>
                     <string-name>
                        <surname>Fikhman</surname>
                     </string-name>
                  </person-group>
                  <fpage>159</fpage>
                  <volume>xix</volume>
                  <source>Papyrologica Florentina</source>
                  <year>1990</year>
               </mixed-citation>
            </p>
            <p>
               <mixed-citation id="d19286e3514" publication-type="book">
A. H. M. Jones, The Later Roman Empire (3 Vols., Oxford, 1964) II,
p.799<person-group>
                     <string-name>
                        <surname>Jones</surname>
                     </string-name>
                  </person-group>
                  <fpage>799</fpage>
                  <volume>II</volume>
                  <source>The Later Roman Empire</source>
                  <year>1964</year>
               </mixed-citation>
            </p>
         </fn>
         <fn id="d19286e3546a1310">
            <label>111</label>
            <p>
               <mixed-citation id="d19286e3553" publication-type="journal">
B. Sirks, 'Reconsidering the Roman Colonate', Zeitschrifi der Savigny-Stiftungfiir Rechts-
geschichte, cx (1993)<person-group>
                     <string-name>
                        <surname>Sirks</surname>
                     </string-name>
                  </person-group>
                  <volume>cx</volume>
                  <source>Zeitschrifi der Savigny-Stiftungfiir Rechtsgeschichte</source>
                  <year>1993</year>
               </mixed-citation>
            </p>
            <p>
               <mixed-citation id="d19286e3581" publication-type="journal">
RomanistischeAbteilung, cx, 331-369, 334-5<fpage>331</fpage>
                  <volume>cx</volume>
                  <source>RomanistischeAbteilung</source>
               </mixed-citation>
            </p>
         </fn>
         <fn id="d19286e3597a1310">
            <label>112</label>
            <p>
               <mixed-citation id="d19286e3604" publication-type="other">
Ibid., 334-5, note io</mixed-citation>
            </p>
            <p>
               <mixed-citation id="d19286e3610" publication-type="journal">
Nov. Val. VI, I p. 83<issue>I</issue>
                  <fpage>83</fpage>
                  <volume>VI</volume>
                  <source>Nov. Val.</source>
               </mixed-citation>
            </p>
            <p>
               <mixed-citation id="d19286e3628" publication-type="other">
P. A. V. Sarris, 'Economy
and Society in the Age of Justinian (Oxford D.Phil. thesis, 1999), p. 133</mixed-citation>
            </p>
         </fn>
         <fn id="d19286e3638a1310">
            <label>113</label>
            <p>
               <mixed-citation id="d19286e3645" publication-type="journal">
Codex Iustinianus XI, 48, 19, p. 441<issue>48</issue>
                  <fpage>441</fpage>
                  <volume>XI</volume>
                  <source>Codex Iustinianus</source>
               </mixed-citation>
            </p>
         </fn>
         <fn id="d19286e3664a1310">
            <label>114</label>
            <p>
               <mixed-citation id="d19286e3671" publication-type="journal">
J.Nov. 157 and 163, p. 734 and p. 750<fpage>734</fpage>
                  <volume>157</volume>
                  <source>J.Nov.</source>
               </mixed-citation>
            </p>
         </fn>
         <fn id="d19286e3688a1310">
            <label>115</label>
            <p>
               <mixed-citation id="d19286e3695" publication-type="book">
Procopius, Anecdoata, ed./tr. H. B. Dewing (London, 1919) XXII 40, p. 266<person-group>
                     <string-name>
                        <surname>Procopius</surname>
                     </string-name>
                  </person-group>
                  <fpage>266</fpage>
                  <volume>XXII</volume>
                  <source>Anecdoata</source>
                  <year>1919</year>
               </mixed-citation>
            </p>
         </fn>
         <fn id="d19286e3724a1310">
            <label>116</label>
            <p>
               <mixed-citation id="d19286e3731" publication-type="journal">
JNov. 162, p. 748<fpage>748</fpage>
                  <volume>162</volume>
                  <source>JNov.</source>
               </mixed-citation>
            </p>
         </fn>
         <fn id="d19286e3747a1310">
            <label>117</label>
            <p>
               <mixed-citation id="d19286e3754" publication-type="book">
J.
Albergio, P-P. Joannou, C. Leonardi and P. Prodi (ed.), Conciliorum Oecumenicorum Decreta (2
Vols, Freiburg, 1962-3) I, p. 123<person-group>
                     <string-name>
                        <surname>Albergio</surname>
                     </string-name>
                  </person-group>
                  <fpage>123</fpage>
                  <volume>I</volume>
                  <source>Conciliorum Oecumenicorum Decreta</source>
                  <year>1962</year>
               </mixed-citation>
            </p>
         </fn>
         <fn id="d19286e3789a1310">
            <label>118</label>
            <p>
               <mixed-citation id="d19286e3796" publication-type="journal">
John Chrysostom, Homily in Matthew LXI.3<person-group>
                     <string-name>
                        <surname>Chrysostom</surname>
                     </string-name>
                  </person-group>
                  <fpage>3</fpage>
                  <volume>LXI</volume>
                  <source>Homily in Matthew</source>
               </mixed-citation>
            </p>
            <p>
               <mixed-citation id="d19286e3820" publication-type="book">
F. Field (ed.), Joannis Chrysostomi
Archiepiscopi Constantinopolitani Homiliae in Matthaeum (3 Vols, Cambridge, 1839) II, pp. 206-7<person-group>
                     <string-name>
                        <surname>Field</surname>
                     </string-name>
                  </person-group>
                  <fpage>206</fpage>
                  <volume>II</volume>
                  <source>Joannis Chrysostomi Archiepiscopi Constantinopolitani Homiliae in Matthaeum</source>
                  <year>1839</year>
               </mixed-citation>
            </p>
         </fn>
         <fn id="d19286e3852a1310">
            <label>119</label>
            <p>
               <mixed-citation id="d19286e3859" publication-type="book">
B. Ward-Perkins, 'Land, Labour and Settlement' and 'Specialized Production and
Exchange', in Averil Cameron, B. Ward-Perkins and M. Whitby (ed.), The Cambridge Ancient
History Volume XIV- Late Antiquity: Empire and Successors AD 425-600 (Cambridge, 2000), pp.
315-45 and pp. 346-91<person-group>
                     <string-name>
                        <surname>Ward-Perkins</surname>
                     </string-name>
                  </person-group>
                  <comment content-type="section">Land, Labour and Settlement' and 'Specialized Production and Exchange</comment>
                  <fpage>315</fpage>
                  <source>The Cambridge Ancient History Volume XIV- Late Antiquity: Empire and Successors AD 425-600</source>
                  <year>2000</year>
               </mixed-citation>
            </p>
         </fn>
         <fn id="d19286e3897a1310">
            <label>120</label>
            <p>
               <mixed-citation id="d19286e3904" publication-type="other">
P. A. V. Sarris, 'Economy and Society in the Age of Justinian' (Oxford D.Phil. thesis,
1999), pp. 1-99</mixed-citation>
            </p>
            <p>
               <mixed-citation id="d19286e3913" publication-type="book">
J. Banaji, Agrarian Change in Late Antiquity - Gold, Labour, and Aristocratic
Dominance (Oxford, 2002), pp. 190-212<person-group>
                     <string-name>
                        <surname>Banaji</surname>
                     </string-name>
                  </person-group>
                  <fpage>190</fpage>
                  <source>Agrarian Change in Late Antiquity - Gold, Labour, and Aristocratic Dominance</source>
                  <year>2002</year>
               </mixed-citation>
            </p>
         </fn>
         <fn id="d19286e3943a1310">
            <label>121</label>
            <p>
               <mixed-citation id="d19286e3950" publication-type="book">
S. H. Rigby, English Society in the Later Middle Ages - Class, Status and Gender (London,
1995), pp. 65-6<person-group>
                     <string-name>
                        <surname>Rigby</surname>
                     </string-name>
                  </person-group>
                  <fpage>65</fpage>
                  <source>English Society in the Later Middle Ages - Class, Status and Gender</source>
                  <year>1995</year>
               </mixed-citation>
            </p>
         </fn>
         <fn id="d19286e3979a1310">
            <label>122</label>
            <p>
               <mixed-citation id="d19286e3986" publication-type="book">
C. Wickham, 'Rural Society in Carolingian Europe', in R. McKitterick (ed.), The New
Cambridge Medieval History - Volume II c.700-c.9oo (Cambridge, 1995), pp. 51o-37, p. 511<person-group>
                     <string-name>
                        <surname>Wickham</surname>
                     </string-name>
                  </person-group>
                  <comment content-type="section">Rural Society in Carolingian Europe</comment>
                  <fpage>51o</fpage>
                  <source>The New Cambridge Medieval History - Volume II c.700-c.9oo</source>
                  <year>1995</year>
               </mixed-citation>
            </p>
         </fn>
         <fn id="d19286e4018a1310">
            <label>123</label>
            <p>
               <mixed-citation id="d19286e4025" publication-type="book">
Averil Cameron, The Later Roman Empire (London, 1993), pp. 39-41 and
PP. 54-5<person-group>
                     <string-name>
                        <surname>Cameron</surname>
                     </string-name>
                  </person-group>
                  <fpage>39</fpage>
                  <source>The Later Roman Empire</source>
                  <year>1993</year>
               </mixed-citation>
            </p>
         </fn>
         <fn id="d19286e4054a1310">
            <label>124</label>
            <p>
               <mixed-citation id="d19286e4061" publication-type="book">
J. Matthews, Western Aristocracies and Imperial Court (Oxford, 1975)<person-group>
                     <string-name>
                        <surname>Matthews</surname>
                     </string-name>
                  </person-group>
                  <source>Western Aristocracies and Imperial Court</source>
                  <year>1975</year>
               </mixed-citation>
            </p>
            <p>
               <mixed-citation id="d19286e4082" publication-type="journal">
C. P.
Wormald, 'The Decline of the Western Empire and the Survival of its Aristocracy', Journal of
Roman Studies, lxvi (1976), 217-26<object-id pub-id-type="doi">10.2307/299791</object-id>
                  <fpage>217</fpage>
               </mixed-citation>
            </p>
         </fn>
         <fn id="d19286e4101a1310">
            <label>125</label>
            <p>
               <mixed-citation id="d19286e4108" publication-type="book">
C. R. Whittaker and P. Garnsey, 'Rural Life in the Later Roman Empire', in Averil
Cameron and P. Garnsey (ed.), The Cambridge Ancient History Volume XIII: The Late Empire
(Cambridge, 1998), pp. 277-31I<person-group>
                     <string-name>
                        <surname>Whittaker</surname>
                     </string-name>
                  </person-group>
                  <comment content-type="section">Rural Life in the Later Roman Empire</comment>
                  <fpage>277</fpage>
                  <source>The Cambridge Ancient History Volume XIII: The Late Empire</source>
                  <year>1998</year>
               </mixed-citation>
            </p>
         </fn>
         <fn id="d19286e4143a1310">
            <label>126</label>
            <p>
               <mixed-citation id="d19286e4150" publication-type="book">
S. Scott, Art and Society in Fourth-Century Britain - Villa Mosaics in Context (Oxford, 2000),
p. 79 and p. 107<person-group>
                     <string-name>
                        <surname>Scott</surname>
                     </string-name>
                  </person-group>
                  <fpage>79</fpage>
                  <source>Art and Society in Fourth-Century Britain - Villa Mosaics in Context</source>
               </mixed-citation>
            </p>
            <p>
               <mixed-citation id="d19286e4174" publication-type="other">
ibid., pp. 107-11</mixed-citation>
            </p>
         </fn>
         <fn id="d19286e4182a1310">
            <label>127</label>
            <p>
               <mixed-citation id="d19286e4189" publication-type="book">
M. McCormick, The Origins of the European Economy - Communications and
Commerce, AD 300-900 (Cambridge, 200i), p. 1o.<person-group>
                     <string-name>
                        <surname>McCormick</surname>
                     </string-name>
                  </person-group>
                  <fpage>1o</fpage>
                  <source>The Origins of the European Economy - Communications and Commerce, AD 300-900</source>
                  <year>2001</year>
               </mixed-citation>
            </p>
         </fn>
         <fn id="d19286e4218a1310">
            <label>128</label>
            <p>
               <mixed-citation id="d19286e4225" publication-type="other">
Ibid., p. 55.</mixed-citation>
            </p>
         </fn>
         <fn id="d19286e4232a1310">
            <label>129</label>
            <p>
               <mixed-citation id="d19286e4239" publication-type="book">
D. Gorce (ed.), Vie de Ste Milanie (Paris, 1962), II, p. 146.<person-group>
                     <string-name>
                        <surname>Gorce</surname>
                     </string-name>
                  </person-group>
                  <fpage>146</fpage>
                  <source>Vie de Ste Milanie</source>
                  <year>1962</year>
               </mixed-citation>
            </p>
         </fn>
         <fn id="d19286e4264a1310">
            <label>130</label>
            <p>
               <mixed-citation id="d19286e4271" publication-type="book">
Paulinus of Pella, Eucharisticon, in H. G. Evelyn White (ed./tr.), Ausonius - Works (2 Vols.,
London, 1921) II, p. 320, lines 191-3<person-group>
                     <string-name>
                        <surname>Paulinus of Pella</surname>
                     </string-name>
                  </person-group>
                  <comment content-type="section">Eucharisticon</comment>
                  <fpage>320</fpage>
                  <volume>II</volume>
                  <source>Ausonius</source>
                  <year>1921</year>
               </mixed-citation>
            </p>
            <p>
               <mixed-citation id="d19286e4305" publication-type="book">
W. B. Anderson (ed./tr.) Sidonius -
Poems and Letters (2 Vols., London, 1936 and 1965) I<person-group>
                     <string-name>
                        <surname>Anderson</surname>
                     </string-name>
                  </person-group>
                  <volume>I</volume>
                  <source>Sidonius Poems and Letters</source>
                  <year>1965</year>
               </mixed-citation>
            </p>
            <p>
               <mixed-citation id="d19286e4333" publication-type="other">
letters I, 6, pp. 362-66, II, 14, PP. 481-83, II</mixed-citation>
            </p>
            <p>
               <mixed-citation id="d19286e4340" publication-type="other">
letters VIII, 4, pp. 412-16, and VIII, 8, pp. 436-40</mixed-citation>
            </p>
            <p>
               <mixed-citation id="d19286e4346" publication-type="other">
P.Mert. 96</mixed-citation>
            </p>
            <p>
               <mixed-citation id="d19286e4352" publication-type="other">
P. A. V. Sarris, 'Economy and Society in the Age of Justinian' (Oxford D.Phil. thesis, 1999), pp.
84-5</mixed-citation>
            </p>
         </fn>
         <fn id="d19286e4362a1310">
            <label>131</label>
            <p>
               <mixed-citation id="d19286e4369" publication-type="book">
C. R. Whittaker and P. Garnsey, 'Rural Life in the Later Roman Empire', in Averil Cameron
and P. Garnsey (ed.), The Cambridge Ancient History Volume XIII: The Late Empire (Cambridge,
1998), pp. 277-311, p. 299.<person-group>
                     <string-name>
                        <surname>Whittaker</surname>
                     </string-name>
                  </person-group>
                  <comment content-type="section">Rural Life in the Later Roman Empire</comment>
                  <fpage>277</fpage>
                  <source>The Cambridge Ancient History Volume XIII: The Late Empire</source>
                  <year>1998</year>
               </mixed-citation>
            </p>
         </fn>
         <fn id="d19286e4404a1310">
            <label>132</label>
            <p>
               <mixed-citation id="d19286e4411" publication-type="book">
G. E. M. de Ste Croix, The Class Struggle in the Ancient Greek World(London, 1983), p. 120.<person-group>
                     <string-name>
                        <surname>Croix</surname>
                     </string-name>
                  </person-group>
                  <fpage>120</fpage>
                  <source>The Class Struggle in the Ancient Greek World</source>
                  <year>1983</year>
               </mixed-citation>
            </p>
         </fn>
         <fn id="d19286e4437a1310">
            <label>133</label>
            <p>
               <mixed-citation id="d19286e4444" publication-type="journal">
Ammianus Marcellinus Res Gestae XIV.6.Io<fpage>Io</fpage>
                  <volume>XIV</volume>
                  <source>Ammianus Marcellinus Res Gestae</source>
               </mixed-citation>
            </p>
            <p>
               <mixed-citation id="d19286e4459" publication-type="book">
W. Hamilton (tr.), Ammianus Marcellinus -
The Later Roman Empire (London, 1986) p. 47<person-group>
                     <string-name>
                        <surname>Hamilton</surname>
                     </string-name>
                  </person-group>
                  <fpage>47</fpage>
                  <source>Ammianus Marcellinus The Later Roman Empire</source>
                  <year>1986</year>
               </mixed-citation>
            </p>
            <p>
               <mixed-citation id="d19286e4487" publication-type="book">
J. C. Rolfe (ed./tr.), Ammianus Marcellinus (3
Vols., London, 1935-9) I, p. 40<person-group>
                     <string-name>
                        <surname>Rolfe</surname>
                     </string-name>
                  </person-group>
                  <fpage>40</fpage>
                  <volume>I</volume>
                  <source>Ammianus Marcellinus</source>
                  <year>1935</year>
               </mixed-citation>
            </p>
         </fn>
         <fn id="d19286e4519a1310">
            <label>134</label>
            <p>
               <mixed-citation id="d19286e4526" publication-type="other">
Ibid., Vol. III, p. 72</mixed-citation>
            </p>
         </fn>
         <fn id="d19286e4533a1310">
            <label>135</label>
            <p>
               <mixed-citation id="d19286e4540" publication-type="book">
A. H. M. Jones, J. R. Martindale and J. Morris, The Prosopography of the Later Roman
Empire - I (AD 260-395) (Cambridge, 1971), pp. 677-8<person-group>
                     <string-name>
                        <surname>Jones</surname>
                     </string-name>
                  </person-group>
                  <fpage>677</fpage>
                  <source>The Prosopography of the Later Roman Empire - I (AD 260-395)</source>
                  <year>1971</year>
               </mixed-citation>
            </p>
         </fn>
         <fn id="d19286e4569a1310">
            <label>136</label>
            <p>
               <mixed-citation id="d19286e4576" publication-type="book">
R. C. Blockley, The Fragmentary Classicising Historians of the Later Roman Empire:
Eunapius, Olympiodorus, Priscus, and Malchus: 2 - Text, Translation, and Historiographical Notes
(Liverpool, 1983), 41.2 pp. 204-205<person-group>
                     <string-name>
                        <surname>Blockley</surname>
                     </string-name>
                  </person-group>
                  <fpage>204</fpage>
                  <source>The Fragmentary Classicising Historians of the Later Roman Empire: Eunapius, Olympiodorus, Priscus, and Malchus: 2 - Text, Translation, and Historiographical Notes</source>
                  <year>1983</year>
               </mixed-citation>
            </p>
         </fn>
         <fn id="d19286e4608a1310">
            <label>137</label>
            <p>
               <mixed-citation id="d19286e4615" publication-type="book">
G. E. M. de Ste Croix, The Class Struggle in the Ancient Greek World (London, 1983), p.
258<person-group>
                     <string-name>
                        <surname>Croix</surname>
                     </string-name>
                  </person-group>
                  <fpage>258</fpage>
                  <source>The Class Struggle in the Ancient Greek World</source>
                  <year>1983</year>
               </mixed-citation>
            </p>
         </fn>
         <fn id="d19286e4644a1310">
            <label>138</label>
            <p>
               <mixed-citation id="d19286e4651" publication-type="journal">
Codex lustinianus XI.5z2. p. 443<issue>5z</issue>
                  <fpage>443</fpage>
                  <volume>XI</volume>
                  <source>Codex lustinianus</source>
               </mixed-citation>
            </p>
         </fn>
         <fn id="d19286e4671a1310">
            <label>139</label>
            <p>
               <mixed-citation id="d19286e4678" publication-type="book">
G.E.M. de Ste Croix, The Class Struggle in the Ancient Greek World (London, 1983), p.
252<person-group>
                     <string-name>
                        <surname>Croix</surname>
                     </string-name>
                  </person-group>
                  <fpage>252</fpage>
                  <source>The Class Struggle in the Ancient Greek World</source>
                  <year>1983</year>
               </mixed-citation>
            </p>
         </fn>
         <fn id="d19286e4707a1310">
            <label>140</label>
            <p>
               <mixed-citation id="d19286e4714" publication-type="book">
M. J. Tits-Dieuaide, 'Grands domains, grande et petite exploitation en Gaule miro-
vingienne: remarques et suggestions', in A. Verhulst (ed.), Le grand domaine aux ecpoques
mirovingienne et carolingienne (Gent, 1985), pp. 23-50, p. 35.<person-group>
                     <string-name>
                        <surname>Tits-Dieuaide</surname>
                     </string-name>
                  </person-group>
                  <comment content-type="section">Grands domains, grande et petite exploitation en Gaule mirovingienne: remarques et suggestions</comment>
                  <fpage>23</fpage>
                  <source>Le grand domaine aux ecpoques mirovingienne et carolingienne</source>
                  <year>1985</year>
               </mixed-citation>
            </p>
         </fn>
         <fn id="d19286e4749a1310">
            <label>141</label>
            <p>
               <mixed-citation id="d19286e4756" publication-type="other">
P. Ravenn. 3 Column I, 1-3.</mixed-citation>
            </p>
         </fn>
         <fn id="d19286e4763a1310">
            <label>142</label>
            <p>
               <mixed-citation id="d19286e4770" publication-type="book">
D. Norberg (ed.), S. Gregorii Magni Registrum Epistularum (Brepols, 1982), V, 7, P. 274.<person-group>
                     <string-name>
                        <surname>Norberg</surname>
                     </string-name>
                  </person-group>
                  <fpage>274</fpage>
                  <volume>V</volume>
                  <source>S. Gregorii Magni Registrum Epistularum</source>
                  <year>1982</year>
               </mixed-citation>
            </p>
         </fn>
         <fn id="d19286e4799a1310">
            <label>143</label>
            <p>
               <mixed-citation id="d19286e4806" publication-type="book">
G. E. M. de Ste Croix, The Class Struggle in the Ancient Greek
World (London, 1983), p. 481<person-group>
                     <string-name>
                        <surname>Croix</surname>
                     </string-name>
                  </person-group>
                  <fpage>481</fpage>
                  <source>The Class Struggle in the Ancient Greek World</source>
                  <year>1983</year>
               </mixed-citation>
            </p>
         </fn>
         <fn id="d19286e4835a1310">
            <label>144</label>
            <p>
               <mixed-citation id="d19286e4842" publication-type="book">
Salvian de Gubernatione Dei, in K. F. von Halm (ed.), Salviani Presbyteri Massiliensis Libri
Qui Supersunt (Monumenta Germaniae Historica - Auctorum Antiquissimorum t.I) V, 38-9, p.
62<person-group>
                     <string-name>
                        <surname>Dei</surname>
                     </string-name>
                  </person-group>
                  <fpage>62</fpage>
                  <volume>V</volume>
                  <source>Salviani Presbyteri Massiliensis Libri Qui Supersunt</source>
               </mixed-citation>
            </p>
         </fn>
         <fn id="d19286e4875a1310">
            <label>145</label>
            <p>
               <mixed-citation id="d19286e4882" publication-type="other">
Ibid., V, 42-3, p. 63.</mixed-citation>
            </p>
         </fn>
         <fn id="d19286e4889a1310">
            <label>146</label>
            <p>
               <mixed-citation id="d19286e4896" publication-type="other">
Ibid., V, 43, p. 63.</mixed-citation>
            </p>
         </fn>
         <fn id="d19286e4903a1310">
            <label>147</label>
            <p>
               <mixed-citation id="d19286e4910" publication-type="other">
Ibid., V, 43, p. 63.</mixed-citation>
            </p>
         </fn>
         <fn id="d19286e4917a1310">
            <label>148</label>
            <p>
               <mixed-citation id="d19286e4924" publication-type="book">
Ibid., V, 45, p. 63.<person-group>
                     <string-name>
                        <surname>Dei</surname>
                     </string-name>
                  </person-group>
                  <fpage>45</fpage>
                  <volume>V</volume>
                  <source>Salviani Presbyteri Massiliensis Libri Qui Supersunt</source>
               </mixed-citation>
            </p>
         </fn>
         <fn id="d19286e4949a1310">
            <label>149</label>
            <p>
               <mixed-citation id="d19286e4956" publication-type="other">
Ibid., V, 44-45, p. 63.</mixed-citation>
            </p>
         </fn>
         <fn id="d19286e4963a1310">
            <label>150</label>
            <p>
               <mixed-citation id="d19286e4970" publication-type="journal">
P. Oxy L 3584<fpage>3584</fpage>
                  <volume>L</volume>
                  <source>P. Oxy</source>
               </mixed-citation>
            </p>
            <p>
               <mixed-citation id="d19286e4985" publication-type="journal">
Codex Iustinianus I, 2, 24, p. 17-18<issue>2</issue>
                  <fpage>17</fpage>
                  <volume>I</volume>
                  <source>Codex Iustinianus</source>
               </mixed-citation>
            </p>
            <p>
               <mixed-citation id="d19286e5003" publication-type="journal">
j.Nov. 7, proemium, p. I<fpage>I</fpage>
                  <volume>7</volume>
                  <source>j.Nov.</source>
               </mixed-citation>
            </p>
            <p>
               <mixed-citation id="d19286e5019" publication-type="journal">
J.Nov
120, I, p. 578<issue>I</issue>
                  <fpage>578</fpage>
                  <volume>120</volume>
                  <source>J.Nov</source>
               </mixed-citation>
            </p>
         </fn>
         <fn id="d19286e5043a1310">
            <label>151</label>
            <p>
               <mixed-citation id="d19286e5050" publication-type="book">
G. W. H. Lampe, A Patristic Greek Lexicon (Oxford, 1961), p. 1042<person-group>
                     <string-name>
                        <surname>Lampe</surname>
                     </string-name>
                  </person-group>
                  <fpage>1042</fpage>
                  <source>A Patristic Greek Lexicon</source>
                  <year>1961</year>
               </mixed-citation>
            </p>
         </fn>
         <fn id="d19286e5075a1310">
            <label>152</label>
            <p>
               <mixed-citation id="d19286e5082" publication-type="book">
M. J. Tits-Dieuaide, 'Grands domaines, grande et petite exploitation en Gaule mtrovingi-
nenne: remarques et suggestions', in A. Verhulst (ed.), Legrand domaine aux dpoques m'rovingienne
et carolingienne (Gent, 1985), pp. 23-50, pp. 26-8 and p. 36.<person-group>
                     <string-name>
                        <surname>Tits-Dieuaide</surname>
                     </string-name>
                  </person-group>
                  <comment content-type="section">Grands domaines, grande et petite exploitation en Gaule mtrovinginenne: remarques et suggestions</comment>
                  <fpage>23</fpage>
                  <source>Legrand domaine aux dpoques m'rovingienne et carolingienne</source>
                  <year>1985</year>
               </mixed-citation>
            </p>
         </fn>
         <fn id="d19286e5117a1310">
            <label>153</label>
            <p>
               <mixed-citation id="d19286e5124" publication-type="other">
Ibid., pp. 36-7.</mixed-citation>
            </p>
         </fn>
         <fn id="d19286e5131a1310">
            <label>154</label>
            <p>
               <mixed-citation id="d19286e5138" publication-type="other">
Ibid., p. 37.</mixed-citation>
            </p>
         </fn>
         <fn id="d19286e5145a1310">
            <label>155</label>
            <p>
               <mixed-citation id="d19286e5152" publication-type="other">
Ibid., pp. 33-4.</mixed-citation>
            </p>
         </fn>
         <fn id="d19286e5159a1310">
            <label>156</label>
            <p>
               <mixed-citation id="d19286e5166" publication-type="book">
D. Hiigermann, 'Einige Aspekte der Grundherrschaft in den frinkischen Formulae und in
den Leges des Friihmittelalters', in A. Verhulst (ed.), Legranddomaine aux epoques merovingienne et
carolingienne (Gent, 1985), pp. 51-77, p. 64.<person-group>
                     <string-name>
                        <surname>Hiigermann</surname>
                     </string-name>
                  </person-group>
                  <comment content-type="section">Einige Aspekte der Grundherrschaft in den frinkischen Formulae und in den Leges des Friihmittelalters</comment>
                  <fpage>51</fpage>
                  <source>Legranddomaine aux epoques merovingienne et carolingienne</source>
                  <year>1985</year>
               </mixed-citation>
            </p>
         </fn>
         <fn id="d19286e5202a1310">
            <label>157</label>
            <p>
               <mixed-citation id="d19286e5209" publication-type="book">
A. Verhulst (ed.), 'Introduction', in Le grand domaine aux epoques mdrovingiennes et
carolingienne (Gent, 1985), pp. 11-20, p. 16.<person-group>
                     <string-name>
                        <surname>Verhulst</surname>
                     </string-name>
                  </person-group>
                  <comment content-type="section">Introduction</comment>
                  <fpage>11</fpage>
                  <source>Le grand domaine aux epoques mdrovingiennes et carolingienne</source>
                  <year>1985</year>
               </mixed-citation>
            </p>
         </fn>
         <fn id="d19286e5241a1310">
            <label>158</label>
            <p>
               <mixed-citation id="d19286e5248" publication-type="journal">
C. P. Wormald, 'The Decline of the Western Empire and the Survival of its Aristocracy'
Journal of Roman Studies, lxvi (1976), 217-26.<object-id pub-id-type="doi">10.2307/299791</object-id>
                  <fpage>217</fpage>
               </mixed-citation>
            </p>
         </fn>
         <fn id="d19286e5264a1310">
            <label>159</label>
            <p>
               <mixed-citation id="d19286e5271" publication-type="other">
P. A. V. Sarris, 'Economy
and Society in the Age of Justinian' (Oxford D.Phil. thesis, 999), pp. o107-8 and pp. 127-9</mixed-citation>
            </p>
            <p>
               <mixed-citation id="d19286e5280" publication-type="book">
J.
Banaji, Agrarian Change in Late Antiquity - Gold, Labour, and Aristocratic Dominance (Oxford,
2002), pp. 190-212<person-group>
                     <string-name>
                        <surname>Banaji</surname>
                     </string-name>
                  </person-group>
                  <fpage>190</fpage>
                  <source>Agrarian Change in Late Antiquity - Gold, Labour, and Aristocratic Dominance</source>
                  <year>2002</year>
               </mixed-citation>
            </p>
            <p>
               <mixed-citation id="d19286e5311" publication-type="journal">
P. A.V. Sarris, 'The Justinianic Plague: Origins and
Effects', Continuity and Change, 17.2 (zooz) pp. 169-82<person-group>
                     <string-name>
                        <surname>Sarris</surname>
                     </string-name>
                  </person-group>
                  <issue>2</issue>
                  <fpage>169</fpage>
                  <volume>17</volume>
                  <source>Continuity and Change</source>
               </mixed-citation>
            </p>
         </fn>
      </fn-group>
   </back>
</article>
