<article dtd-version="1.0" article-type="research-article">
   <front>
      <journal-meta>
         <journal-id xmlns:xlink="http://www.w3.org/1999/xlink" journal-id-type="jstor">englhistrevi</journal-id>
         <journal-id xmlns:xlink="http://www.w3.org/1999/xlink" journal-id-type="jstor">j100150</journal-id>
         <journal-title-group xmlns:xlink="http://www.w3.org/1999/xlink">
            <journal-title>The English Historical Review</journal-title>
         </journal-title-group>
         <publisher>
            <publisher-name>Oxford University Press</publisher-name>
         </publisher>
         <issn xmlns:xlink="http://www.w3.org/1999/xlink" pub-type="ppub">00138266</issn>
         <issn xmlns:xlink="http://www.w3.org/1999/xlink" pub-type="epub">14774534</issn>
      </journal-meta>
      <article-meta>
         <article-id xmlns:xlink="http://www.w3.org/1999/xlink" pub-id-type="jstor">3490692</article-id>
         <title-group>
            <article-title>Britain, the United States and the Rise of an Egyptian Leader: The Politics and Diplomacy of Nasser's Consolidation of Power, 1952-4</article-title>
         </title-group>
         <contrib-group>
            <contrib contrib-type="author">
               <string-name xmlns:xlink="http://www.w3.org/1999/xlink">
                  <given-names>Michael T.</given-names>
                  <surname>Thornhill</surname>
               </string-name>
            </contrib>
         </contrib-group>
         <pub-date xmlns:xlink="http://www.w3.org/1999/xlink">
            <day>1</day>
            <month>9</month>
            <year>2004</year>
         </pub-date>
         <volume>119</volume>
         <issue>483</issue>
         <issue-id xmlns:xlink="http://www.w3.org/1999/xlink">i277759</issue-id>
         <fpage>892</fpage>
         <lpage>921</lpage>
         <page-range>892-921</page-range>
         <permissions>
            <copyright-statement>Copyright 2004 Oxford University Press</copyright-statement>
         </permissions>
         <self-uri xmlns:xlink="http://www.w3.org/1999/xlink"
                   xlink:href="http://www.jstor.org/stable/3490692"/>
         <custom-meta-group xmlns:xlink="http://www.w3.org/1999/xlink">
            <custom-meta>
               <meta-name>lang</meta-name>
               <meta-value>eng</meta-value>
            </custom-meta>
         </custom-meta-group>
      </article-meta>
   </front>
   <back>
      <fn-group xmlns:xlink="http://www.w3.org/1999/xlink">
         <title>[Footnotes]</title>
         <fn id="d17871e116a1310">
            <label>1</label>
            <p>
               <mixed-citation id="d17871e123" publication-type="book">
P. J. Vatikiotis, The Egyptian Army in Politics (Bloomington, IN, 1961<person-group>
                     <string-name>
                        <surname>Vatikiotis</surname>
                     </string-name>
                  </person-group>
                  <source>The Egyptian Army in Politics</source>
                  <year>1961</year>
               </mixed-citation>
            </p>
            <p>
               <mixed-citation id="d17871e144" publication-type="book">
Richard
Mitchell, The Society ofMuslim Brothers (London, 1969)<person-group>
                     <string-name>
                        <surname>Mitchell</surname>
                     </string-name>
                  </person-group>
                  <source>The Society ofMuslim Brothers</source>
                  <year>1969</year>
               </mixed-citation>
            </p>
            <p>
               <mixed-citation id="d17871e168" publication-type="book">
P. J. Vatikiotis, Nasser and His Generation
(London: Croom Helm, 1978)<person-group>
                     <string-name>
                        <surname>Vatikiotis</surname>
                     </string-name>
                  </person-group>
                  <source>Nasser and His Generation</source>
                  <year>1978</year>
               </mixed-citation>
            </p>
            <p>
               <mixed-citation id="d17871e193" publication-type="journal">
Selma Botman, 'Egyptian Communists and the Free Officers:
1950-54', Middle Eastern Studies, xxii (3) (July 1986)<person-group>
                     <string-name>
                        <surname>Botman</surname>
                     </string-name>
                  </person-group>
                  <issue>3</issue>
                  <volume>xxii</volume>
                  <source>Middle Eastern Studies</source>
                  <year>1986</year>
               </mixed-citation>
            </p>
            <p>
               <mixed-citation id="d17871e224" publication-type="book">
Joel Gordon, Nasser's Blessed Movement (New
York, 1992)<person-group>
                     <string-name>
                        <surname>Gordon</surname>
                     </string-name>
                  </person-group>
                  <source>Nasser's Blessed Movement</source>
                  <year>1992</year>
               </mixed-citation>
            </p>
            <p>
               <mixed-citation id="d17871e248" publication-type="book">
Robert Vitalis, When Capitalists Collide (Berkeley and Los Angeles, CA, 1995)<person-group>
                     <string-name>
                        <surname>Vitalis</surname>
                     </string-name>
                  </person-group>
                  <source>When Capitalists Collide</source>
                  <year>1995</year>
               </mixed-citation>
            </p>
         </fn>
         <fn id="d17871e270a1310">
            <label>2</label>
            <p>
               <mixed-citation id="d17871e277" publication-type="book">
Ritchie Ovendale, 'Egypt and the Suez Base Agreement', in John Young (ed.), The Foreign
Policy of Churchill's Peacetime Administration (Leicester, UK, 1988)<person-group>
                     <string-name>
                        <surname>Ovendale</surname>
                     </string-name>
                  </person-group>
                  <comment content-type="section">Egypt and the Suez Base Agreement</comment>
                  <source>The Foreign Policy of Churchill's Peacetime Administration</source>
                  <year>1988</year>
               </mixed-citation>
            </p>
            <p>
               <mixed-citation id="d17871e305" publication-type="book">
Muhammad Abd el-Wahab
Sayed-Ahmed, Nasser andAmerican Foreign Policy 1952-1956 (London, 1989)<person-group>
                     <string-name>
                        <surname>Sayed-Ahmed</surname>
                     </string-name>
                  </person-group>
                  <source>Nasser andAmerican Foreign Policy 1952-1956</source>
                  <year>1989</year>
               </mixed-citation>
            </p>
            <p>
               <mixed-citation id="d17871e329" publication-type="book">
Wm. Roger Louis,
'The Tragedy of the Anglo-Egyptian Settlement of 1954', in Wm. Roger Louis and Roger Owen
(eds), Suez 1956 (Oxford, 1989)<person-group>
                     <string-name>
                        <surname>Louis</surname>
                     </string-name>
                  </person-group>
                  <comment content-type="section">The Tragedy of the Anglo-Egyptian Settlement of 1954</comment>
                  <source>Suez 1956</source>
                  <year>1989</year>
               </mixed-citation>
            </p>
            <p>
               <mixed-citation id="d17871e361" publication-type="book">
David R. Devereaux, The Formulation of British Defence Policy
towards the Middle East (London, 1990)<person-group>
                     <string-name>
                        <surname>Devereaux</surname>
                     </string-name>
                  </person-group>
                  <source>The Formulation of British Defence Policy towards the Middle East</source>
                  <year>1990</year>
               </mixed-citation>
            </p>
            <p>
               <mixed-citation id="d17871e385" publication-type="book">
Peter L. Hahn, The United States, Great Britain, and Egypt,
1945-56 (Chapel Hill, NC, 1991)<person-group>
                     <string-name>
                        <surname>Hahn</surname>
                     </string-name>
                  </person-group>
                  <source>The United States, Great Britain, and Egypt, 1945-56</source>
                  <year>1991</year>
               </mixed-citation>
            </p>
            <p>
               <mixed-citation id="d17871e409" publication-type="journal">
John Kent, 'The Egyptian Base and the Defence of the Middle
East, 1945-54', Journal of Imperial and Commonwealth History, xxi (3) (1993)<person-group>
                     <string-name>
                        <surname>Kent</surname>
                     </string-name>
                  </person-group>
                  <issue>3</issue>
                  <fpage>1993</fpage>
                  <volume>xxi</volume>
                  <source>Journal of Imperial and Commonwealth History</source>
               </mixed-citation>
            </p>
            <p>
               <mixed-citation id="d17871e440" publication-type="book">
Wm. Roger Louis,
'Churchill and Egypt 1946-1956', in Robert Blake and Wm. Roger Louis (eds), Churchill (Oxford,
1993)<person-group>
                     <string-name>
                        <surname>Louis</surname>
                     </string-name>
                  </person-group>
                  <comment content-type="section">Churchill and Egypt 1946-1956</comment>
                  <source>Churchill</source>
                  <year>1993</year>
               </mixed-citation>
            </p>
            <p>
               <mixed-citation id="d17871e471" publication-type="journal">
Laila Amin Morsy, 'American Support for the Egyptian Coup: Why?', Middle Eastern
Studies, xxxi (2) (April 1995)<person-group>
                     <string-name>
                        <surname>Morsy</surname>
                     </string-name>
                  </person-group>
                  <issue>2</issue>
                  <volume>xxxi</volume>
                  <source>Middle Eastern Studies</source>
                  <year>1995</year>
               </mixed-citation>
            </p>
            <p>
               <mixed-citation id="d17871e502" publication-type="journal">
Scott Lucas and Ray Takeyh, 'Alliance and Balance: The
Anglo-American Relationship and Egyptian Nationalism, 1950-57', Diplomacy and Statecraft, vii (3)
(1996)<person-group>
                     <string-name>
                        <surname>Lucas</surname>
                     </string-name>
                  </person-group>
                  <issue>3</issue>
                  <volume>vii</volume>
                  <source>Diplomacy and Statecraft</source>
                  <year>1996</year>
               </mixed-citation>
            </p>
            <p>
               <mixed-citation id="d17871e537" publication-type="book">
Michael J. Cohen, Fighting World War Three from the Middle East (London, 1997)<person-group>
                     <string-name>
                        <surname>Cohen</surname>
                     </string-name>
                  </person-group>
                  <source>Fighting World War Three from the Middle East</source>
                  <year>1997</year>
               </mixed-citation>
            </p>
            <p>
               <mixed-citation id="d17871e558" publication-type="book">
John
Kent, Egypt and the Defence of the Middle East (London, 1998)<person-group>
                     <string-name>
                        <surname>Kent</surname>
                     </string-name>
                  </person-group>
                  <source>Egypt and the Defence of the Middle East</source>
                  <year>1998</year>
               </mixed-citation>
            </p>
         </fn>
         <fn id="d17871e583a1310">
            <label>4</label>
            <p>
               <mixed-citation id="d17871e590" publication-type="other">
Minute by Morris, 28 July 1952, FO 371/96880 JE1018/210G, P[ublic] R[ecord] O[ffice,
London].</mixed-citation>
            </p>
         </fn>
         <fn id="d17871e600a1310">
            <label>5</label>
            <p>
               <mixed-citation id="d17871e607" publication-type="other">
'Biographic data - Members of the Military High Committee', Caffery to State Department,
4 Oct. 1952, RG 59 774.521/10-542, N[ational]A[rchives, Washington DC]</mixed-citation>
            </p>
            <p>
               <mixed-citation id="d17871e616" publication-type="journal">
'All the revolution's men', Al-Ahram Weekly, (18-24 July, 2002) (595)<issue>18-24 July</issue>
                  <fpage>595</fpage>
                  <source>Al-Ahram Weekly</source>
                  <year>2002</year>
               </mixed-citation>
            </p>
         </fn>
         <fn id="d17871e636a1310">
            <label>6</label>
            <p>
               <mixed-citation id="d17871e643" publication-type="book">
Robert Stephens, Nasser (London, 1971), p. 105<person-group>
                     <string-name>
                        <surname>Stephens</surname>
                     </string-name>
                  </person-group>
                  <fpage>105</fpage>
                  <source>Nasser</source>
                  <year>1971</year>
               </mixed-citation>
            </p>
            <p>
               <mixed-citation id="d17871e667" publication-type="book">
Miles Copeland, The Game ofNations (New York, 1969), p. 53<person-group>
                     <string-name>
                        <surname>Copeland</surname>
                     </string-name>
                  </person-group>
                  <fpage>53</fpage>
                  <source>The Game ofNations</source>
                  <year>1969</year>
               </mixed-citation>
            </p>
            <p>
               <mixed-citation id="d17871e691" publication-type="book">
Wilbur Crane Eveland,
Ropes of Sand (New York, 1980), p. 97<person-group>
                     <string-name>
                        <surname>Eveland</surname>
                     </string-name>
                  </person-group>
                  <fpage>97</fpage>
                  <source>Ropes of Sand</source>
                  <year>1980</year>
               </mixed-citation>
            </p>
            <p>
               <mixed-citation id="d17871e720" publication-type="book">
Hahn, The United States, Great Britain, and Egypt, p.
146<person-group>
                     <string-name>
                        <surname>Hahn</surname>
                     </string-name>
                  </person-group>
                  <fpage>146</fpage>
                  <source>The United States, Great Britain, and Egypt</source>
               </mixed-citation>
            </p>
         </fn>
         <fn id="d17871e745a1310">
            <label>7</label>
            <p>
               <mixed-citation id="d17871e752" publication-type="journal">
'Announcing the revolution', interview with Fahmi Omar by Omayma Abdel-Latif in
Al-Ahram Weekly (18-24 July 2000) (595).<person-group>
                     <string-name>
                        <surname>Abdel-Latif</surname>
                     </string-name>
                  </person-group>
                  <issue>18-24 July</issue>
                  <fpage>595</fpage>
                  <source>Al-Ahram Weekly</source>
                  <year>2000</year>
               </mixed-citation>
            </p>
         </fn>
         <fn id="d17871e784a1310">
            <label>8</label>
            <p>
               <mixed-citation id="d17871e791" publication-type="other">
Gordon's Nasser's Blessed Movement</mixed-citation>
            </p>
         </fn>
         <fn id="d17871e798a1310">
            <label>9</label>
            <p>
               <mixed-citation id="d17871e805" publication-type="book">
Tom Little, Egypt (London, 1958), pp. 196-7.<person-group>
                     <string-name>
                        <surname>Little</surname>
                     </string-name>
                  </person-group>
                  <fpage>196</fpage>
                  <source>Egypt</source>
                  <year>1958</year>
               </mixed-citation>
            </p>
         </fn>
         <fn id="d17871e830a1310">
            <label>10</label>
            <p>
               <mixed-citation id="d17871e837" publication-type="other">
Creswell to Foreign Office, 23 July 1952, FO 371/96877 JE1018/211 (B), PRO.</mixed-citation>
            </p>
         </fn>
         <fn id="d17871e844a1310">
            <label>11</label>
            <p>
               <mixed-citation id="d17871e851" publication-type="other">
Minutes by Allen and Strang, 23 July 1952, FO 371/96877 JE1018/211(B), PRO.</mixed-citation>
            </p>
         </fn>
         <fn id="d17871e859a1310">
            <label>12</label>
            <p>
               <mixed-citation id="d17871e866" publication-type="other">
Minute by Allen, 23 July 1952, FO 371/96877 JE1018/2ni (B), PRO.</mixed-citation>
            </p>
         </fn>
         <fn id="d17871e873a1310">
            <label>14</label>
            <p>
               <mixed-citation id="d17871e880" publication-type="other">
Creswell to Foreign Office, 23 July 1952, FO 141/1453 1011/96/52, PRO.</mixed-citation>
            </p>
         </fn>
         <fn id="d17871e887a1310">
            <label>15</label>
            <p>
               <mixed-citation id="d17871e894" publication-type="other">
Minute by Allen, 23 July 1952, FO 371/96877 JE1018/211 (B), PRO.</mixed-citation>
            </p>
         </fn>
         <fn id="d17871e901a1310">
            <label>16</label>
            <p>
               <mixed-citation id="d17871e908" publication-type="journal">
AI-Ahram Weekly (24-30 Jan. 2002) (570)<issue>24-30 Jan</issue>
                  <fpage>570</fpage>
                  <source>AI-Ahram Weekly</source>
                  <year>2002</year>
               </mixed-citation>
            </p>
         </fn>
         <fn id="d17871e927a1310">
            <label>17</label>
            <p>
               <mixed-citation id="d17871e934" publication-type="other">
Robertson to Slim, 25 Jan. 1952, WO 216/801 IA, PRO</mixed-citation>
            </p>
            <p>
               <mixed-citation id="d17871e940" publication-type="journal">
Michael T. Thornhill, 'Britain and
the Collapse of Egypt's Constitutional Order, 1950-52', Diplomacy and Statecraft, xiii (i) (March
2002), p. 138<person-group>
                     <string-name>
                        <surname>Thornhill</surname>
                     </string-name>
                  </person-group>
                  <issue>i</issue>
                  <fpage>138</fpage>
                  <volume>xiii</volume>
                  <source>Diplomacy and Statecraft</source>
                  <year>2002</year>
               </mixed-citation>
            </p>
         </fn>
         <fn id="d17871e978a1310">
            <label>18</label>
            <p>
               <mixed-citation id="d17871e985" publication-type="other">
Creswell to Foreign Office, 7
July 1952, FO 371/96876 JE1018/192, PRO</mixed-citation>
            </p>
         </fn>
         <fn id="d17871e996a1310">
            <label>19</label>
            <p>
               <mixed-citation id="d17871e1003" publication-type="other">
Creswell to Foreign Office, 23 July 1952, FO 371/96877 JE1018/211, PRO.</mixed-citation>
            </p>
         </fn>
         <fn id="d17871e1010a1310">
            <label>20</label>
            <p>
               <mixed-citation id="d17871e1017" publication-type="other">
Minute by Allen, 23 July 1952, FO 371/96877, JE1018/210G, PRO.</mixed-citation>
            </p>
         </fn>
         <fn id="d17871e1024a1310">
            <label>21</label>
            <p>
               <mixed-citation id="d17871e1031" publication-type="other">
Creswell to Foreign Office, 23 July 1952, FO 371/96877 JE1018/217, PRO.</mixed-citation>
            </p>
         </fn>
         <fn id="d17871e1038a1310">
            <label>22</label>
            <p>
               <mixed-citation id="d17871e1045" publication-type="other">
Creswell to Foreign Office, 23 July 1952, FO 371/96877 JE1018/211, PRO.</mixed-citation>
            </p>
         </fn>
         <fn id="d17871e1052a1310">
            <label>23</label>
            <p>
               <mixed-citation id="d17871e1059" publication-type="other">
Creswell to Foreign Office, 24 July 1952, FO 141/1453 1011/88/152G, PRO.</mixed-citation>
            </p>
         </fn>
         <fn id="d17871e1066a1310">
            <label>25</label>
            <p>
               <mixed-citation id="d17871e1073" publication-type="other">
Foreign Office to Creswell, 'Emergency/
Secret', 24 July 1952, FO 371/96878, JEiox8/229, PRO</mixed-citation>
            </p>
         </fn>
         <fn id="d17871e1084a1310">
            <label>28</label>
            <p>
               <mixed-citation id="d17871e1091" publication-type="other">
Creswell to Foreign Office, 25 July 1952, FO 371/96878 JE1018/241, PRO</mixed-citation>
            </p>
            <p>
               <mixed-citation id="d17871e1097" publication-type="other">
Franks to Foreign Office, 25 July 1952, FO 371/96878
JE1018/240, PRO</mixed-citation>
            </p>
         </fn>
         <fn id="d17871e1107a1310">
            <label>29</label>
            <p>
               <mixed-citation id="d17871e1114" publication-type="other">
Goulburn to Creswell, 28 July 1952, FO 371/96879 JE1018/273, PRO</mixed-citation>
            </p>
            <p>
               <mixed-citation id="d17871e1120" publication-type="other">
Minute by Morris,
29 July 1952, FO 371/96879 JE1018/273, PRO</mixed-citation>
            </p>
         </fn>
         <fn id="d17871e1130a1310">
            <label>30</label>
            <p>
               <mixed-citation id="d17871e1137" publication-type="book">
Anwar es-Sadat, Revolt on the Nile (London, 1957), p. 122<person-group>
                     <string-name>
                        <surname>Anwar es-Sadat</surname>
                     </string-name>
                  </person-group>
                  <fpage>122</fpage>
                  <source>Revolt on the Nile</source>
                  <year>1957</year>
               </mixed-citation>
            </p>
         </fn>
         <fn id="d17871e1162a1310">
            <label>31</label>
            <p>
               <mixed-citation id="d17871e1169" publication-type="other">
Creswell to Foreign Office, 26 July 1952, FO 371/96878
JE1018/263, PRO</mixed-citation>
            </p>
            <p>
               <mixed-citation id="d17871e1178" publication-type="journal">
The Times (27 July 1952)<issue>27 July</issue>
                  <source>The Times</source>
                  <year>1952</year>
               </mixed-citation>
            </p>
            <p>
               <mixed-citation id="d17871e1193" publication-type="other">
Minute by Parsons, 28
July 1952, FO 371/96878 JE1018/263 (B), PRO</mixed-citation>
            </p>
         </fn>
         <fn id="d17871e1203a1310">
            <label>32</label>
            <p>
               <mixed-citation id="d17871e1210" publication-type="other">
Creswell to Foreign Office, 28 July 1952, FO 414/1453 1011/144/52G, PRO.</mixed-citation>
            </p>
         </fn>
         <fn id="d17871e1217a1310">
            <label>33</label>
            <p>
               <mixed-citation id="d17871e1224" publication-type="other">
Caffery to Acheson, 31 July 1952, RG 59 774.00/7-3152, NA.</mixed-citation>
            </p>
         </fn>
         <fn id="d17871e1232a1310">
            <label>34</label>
            <p>
               <mixed-citation id="d17871e1239" publication-type="book">
Gordon, Nasser's Blessed Movement, p. 61.<person-group>
                     <string-name>
                        <surname>Gordon</surname>
                     </string-name>
                  </person-group>
                  <fpage>61</fpage>
                  <source>Nasser's Blessed Movement</source>
               </mixed-citation>
            </p>
         </fn>
         <fn id="d17871e1261a1310">
            <label>35</label>
            <p>
               <mixed-citation id="d17871e1268" publication-type="other">
Foreign Office to Creswell,
24 July 1952, FO 141/1453 1011/96/52G, PRO</mixed-citation>
            </p>
         </fn>
         <fn id="d17871e1278a1310">
            <label>36</label>
            <p>
               <mixed-citation id="d17871e1285" publication-type="other">
Foreign Office to Alexandria, 28 July 1952, FO 141/1453 1011/138/52G, PRO; also CAB 128/25
CC (52) 75, 31 July 1952, PRO.</mixed-citation>
            </p>
         </fn>
         <fn id="d17871e1295a1310">
            <label>37</label>
            <p>
               <mixed-citation id="d17871e1302" publication-type="other">
Stevenson to Eden, 2 Aug. 1952, FO 371/96879 JE1018/301, PRO</mixed-citation>
            </p>
            <p>
               <mixed-citation id="d17871e1308" publication-type="other">
Evans, 8
Aug. 1952, FO 141/1454 1011/156/52G, PRO</mixed-citation>
            </p>
         </fn>
         <fn id="d17871e1318a1310">
            <label>38</label>
            <p>
               <mixed-citation id="d17871e1325" publication-type="other">
Stevenson to Bowker, 16 Aug. 1952, FO 141/1454 1011/156/52G, PRO.</mixed-citation>
            </p>
         </fn>
         <fn id="d17871e1332a1310">
            <label>39</label>
            <p>
               <mixed-citation id="d17871e1339" publication-type="book">
Eveland, Ropes of Sand,
p. 104<person-group>
                     <string-name>
                        <surname>Eveland</surname>
                     </string-name>
                  </person-group>
                  <fpage>104</fpage>
                  <source>Ropes of Sand</source>
               </mixed-citation>
            </p>
            <p>
               <mixed-citation id="d17871e1363" publication-type="book">
American National Biography (New York,
2000) by Robert D. Schulzinger<person-group>
                     <string-name>
                        <surname>Schulzinger</surname>
                     </string-name>
                  </person-group>
                  <source>American National Biography</source>
                  <year>2000</year>
               </mixed-citation>
            </p>
         </fn>
         <fn id="d17871e1389a1310">
            <label>40</label>
            <p>
               <mixed-citation id="d17871e1396" publication-type="book">
Caffery to State
Department, 20 Aug. 1952, F[oreign] R[elations of the] U[nited] S[tates], Vol. IX, [1952-1954 The
Near and Middle East] Pt 2, pp. 1851-2<comment content-type="section">F[oreign] R[elations of the] U[nited] S[tates]</comment>
                  <fpage>1851</fpage>
                  <volume>IX</volume>
                  <source>1952-1954 The Near and Middle East</source>
                  <year>1952</year>
               </mixed-citation>
            </p>
         </fn>
         <fn id="d17871e1425a1310">
            <label>41</label>
            <p>
               <mixed-citation id="d17871e1432" publication-type="other">
Copeland's The Game of
Nations</mixed-citation>
            </p>
            <p>
               <mixed-citation id="d17871e1441" publication-type="other">
Ropes of Sand, fn. p. 98</mixed-citation>
            </p>
         </fn>
         <fn id="d17871e1448a1310">
            <label>42</label>
            <p>
               <mixed-citation id="d17871e1455" publication-type="book">
Robert D. Kaplan, The Arabists: The Romance of an
American Elite (New York, 1995)<person-group>
                     <string-name>
                        <surname>Kaplan</surname>
                     </string-name>
                  </person-group>
                  <source>The Arabists: The Romance of an American Elite</source>
                  <year>1995</year>
               </mixed-citation>
            </p>
            <p>
               <mixed-citation id="d17871e1479" publication-type="book">
Jon B. Alterman,
Egypt andAmerican Foreign Assistance, 1952-1956 (New York, 1992), p. 3<person-group>
                     <string-name>
                        <surname>Alterman</surname>
                     </string-name>
                  </person-group>
                  <fpage>3</fpage>
                  <source>Egypt andAmerican Foreign Assistance, 1952-1956</source>
                  <year>1992</year>
               </mixed-citation>
            </p>
         </fn>
         <fn id="d17871e1508a1310">
            <label>43</label>
            <p>
               <mixed-citation id="d17871e1515" publication-type="other">
Hart to Byroade, 31 March 1954, RG 59 774.00/3-3154, NA.</mixed-citation>
            </p>
         </fn>
         <fn id="d17871e1522a1310">
            <label>44</label>
            <p>
               <mixed-citation id="d17871e1529" publication-type="other">
Churchill to Eden, 26 Aug. 1952, FO 800/769 ME/52/64, PRO.</mixed-citation>
            </p>
         </fn>
         <fn id="d17871e1536a1310">
            <label>45</label>
            <p>
               <mixed-citation id="d17871e1543" publication-type="other">
Minute by Morris, 8 Sept. 1952, FO 371/96896 JE10345/19, PRO</mixed-citation>
            </p>
            <p>
               <mixed-citation id="d17871e1549" publication-type="journal">
Acheson to Caffery, 8 Sept.
1952, FRUS, Vol. IX, Pt. 2, pp. 1857-8<fpage>1857</fpage>
                  <volume>IX</volume>
                  <source>FRUS</source>
                  <year>1952</year>
               </mixed-citation>
            </p>
            <p>
               <mixed-citation id="d17871e1571" publication-type="other">
Steel to Foreign Office, 9 Sept. 1952, FO 371/96896 JE
10345/10, PRO</mixed-citation>
            </p>
         </fn>
         <fn id="d17871e1582a1310">
            <label>46</label>
            <p>
               <mixed-citation id="d17871e1589" publication-type="other">
Minute by Churchill, 7 Sept. 1952, on Stevenson to Foreign Office, 6 Sept. 1952, PREM
11/392 210-11, PRO.</mixed-citation>
            </p>
         </fn>
         <fn id="d17871e1599a1310">
            <label>47</label>
            <p>
               <mixed-citation id="d17871e1606" publication-type="other">
Caffery to State Department, 9 Sept. 1952, RG 59 774.00/9-952, NA</mixed-citation>
            </p>
            <p>
               <mixed-citation id="d17871e1612" publication-type="other">
Gifford to State
Department, 8 Sept. 1952, RG 59 774.00/9852, NA</mixed-citation>
            </p>
            <p>
               <mixed-citation id="d17871e1621" publication-type="other">
Gifford to State Department, 8 Sept. 1952, RG
59 774.oo/9852, NA</mixed-citation>
            </p>
         </fn>
         <fn id="d17871e1631a1310">
            <label>48</label>
            <p>
               <mixed-citation id="d17871e1638" publication-type="other">
Bowker to Stevenson, ii Sept. 1952, FO 141/1454 101l/166/5zG, PRO.</mixed-citation>
            </p>
         </fn>
         <fn id="d17871e1645a1310">
            <label>49</label>
            <p>
               <mixed-citation id="d17871e1652" publication-type="other">
Eden's comment on Steel to Foreign Office, 9 Sept. 1952, FO 371/96896 JE10345/18,
PRO</mixed-citation>
            </p>
         </fn>
         <fn id="d17871e1662a1310">
            <label>50</label>
            <p>
               <mixed-citation id="d17871e1669" publication-type="other">
Stevenson to Foreign Office, 2 Dec. 1952, FO 371/96883 JE1018/450, PRO.</mixed-citation>
            </p>
         </fn>
         <fn id="d17871e1676a1310">
            <label>51</label>
            <p>
               <mixed-citation id="d17871e1683" publication-type="journal">
Caffery to State Department, 8 Sept. 1952,
FRUS, Vol. IX, Pt. 2, p. 1856<fpage>1856</fpage>
                  <volume>IX</volume>
                  <source>FRUS</source>
                  <year>1952</year>
               </mixed-citation>
            </p>
         </fn>
         <fn id="d17871e1707a1310">
            <label>52</label>
            <p>
               <mixed-citation id="d17871e1714" publication-type="other">
Caffery to State Department, io Nov. 1952, RG 59 774.34/11-1052, NA</mixed-citation>
            </p>
         </fn>
         <fn id="d17871e1721a1310">
            <label>53</label>
            <p>
               <mixed-citation id="d17871e1728" publication-type="book">
Michael B. Oren, Origins of the Second Arab--Israeli War (London, 1992), pp. 13-14.<person-group>
                     <string-name>
                        <surname>Oren</surname>
                     </string-name>
                  </person-group>
                  <fpage>13</fpage>
                  <source>Origins of the Second Arab--Israeli War</source>
                  <year>1992</year>
               </mixed-citation>
            </p>
         </fn>
         <fn id="d17871e1753a1310">
            <label>54</label>
            <p>
               <mixed-citation id="d17871e1760" publication-type="other">
Minute by Bowker, 7 Aug. 1952, FO 371/96933 JE1952/407, PRO.</mixed-citation>
            </p>
         </fn>
         <fn id="d17871e1767a1310">
            <label>55</label>
            <p>
               <mixed-citation id="d17871e1774" publication-type="book">
Martin W. Daly, Imperial Sudan (Cambridge, 1991)<person-group>
                     <string-name>
                        <surname>Daly</surname>
                     </string-name>
                  </person-group>
                  <source>Imperial Sudan</source>
                  <year>1991</year>
               </mixed-citation>
            </p>
            <p>
               <mixed-citation id="d17871e1795" publication-type="book">
Glen Balfour-Paul, The End of Empire in the Middle East (Cambridge, 1991)<person-group>
                     <string-name>
                        <surname>Balfour-Paul</surname>
                     </string-name>
                  </person-group>
                  <source>The End of Empire in the Middle East</source>
                  <year>1991</year>
               </mixed-citation>
            </p>
         </fn>
         <fn id="d17871e1817a1310">
            <label>56</label>
            <p>
               <mixed-citation id="d17871e1824" publication-type="other">
Minute
by Allen (a lawyer before entering the foreign service), 16 Jan. 1952, FO 371/96902 JE1051/11G, PRO</mixed-citation>
            </p>
         </fn>
         <fn id="d17871e1834a1310">
            <label>57</label>
            <p>
               <mixed-citation id="d17871e1841" publication-type="journal">
Caffery to State Department, 18 Sept. 1952, FRUS, Vol. IX, Pt. 2, pp. 1860-1.<fpage>1860</fpage>
                  <volume>IX</volume>
                  <source>FRUS</source>
                  <year>1952</year>
               </mixed-citation>
            </p>
         </fn>
         <fn id="d17871e1861a1310">
            <label>58</label>
            <p>
               <mixed-citation id="d17871e1868" publication-type="other">
CAB 129/55 CP (52) 308, 25 Sept. 1952, PRO.</mixed-citation>
            </p>
         </fn>
         <fn id="d17871e1875a1310">
            <label>59</label>
            <p>
               <mixed-citation id="d17871e1882" publication-type="other">
Minute by Morris, 20 Nov. 1952, FO 371/96913 JE1051/411, PRO</mixed-citation>
            </p>
            <p>
               <mixed-citation id="d17871e1888" publication-type="other">
Stevenson to Foreign
Office, 2 Nov. 1952, FO 371/96911 JE1051/411, PRO</mixed-citation>
            </p>
         </fn>
         <fn id="d17871e1898a1310">
            <label>60</label>
            <p>
               <mixed-citation id="d17871e1905" publication-type="other">
Minute by Morris, 19 Sept. 1952, FO 371/96881, PRO</mixed-citation>
            </p>
         </fn>
         <fn id="d17871e1912a1310">
            <label>61</label>
            <p>
               <mixed-citation id="d17871e1919" publication-type="book">
Gordon,
Nasser's Blessed Movement, pp. 68-78<person-group>
                     <string-name>
                        <surname>Gordon</surname>
                     </string-name>
                  </person-group>
                  <fpage>68</fpage>
                  <source>Nasser's Blessed Movement</source>
               </mixed-citation>
            </p>
         </fn>
         <fn id="d17871e1944a1310">
            <label>62</label>
            <p>
               <mixed-citation id="d17871e1951" publication-type="other">
Stevenson to Foreign Office, 21 Nov. 1952, PREM 11/89 Io, PRO.</mixed-citation>
            </p>
         </fn>
         <fn id="d17871e1958a1310">
            <label>63</label>
            <p>
               <mixed-citation id="d17871e1965" publication-type="other">
Minute by Allen, 5 Jan. 1953, FO 371/96883 JE1018/465, PRO.</mixed-citation>
            </p>
         </fn>
         <fn id="d17871e1973a1310">
            <label>64</label>
            <p>
               <mixed-citation id="d17871e1980" publication-type="other">
Caffery to Sec of State, 6 Dec. 1952, RG 59 774.00/12-1152, NA</mixed-citation>
            </p>
         </fn>
         <fn id="d17871e1987a1310">
            <label>65</label>
            <p>
               <mixed-citation id="d17871e1994" publication-type="book">
Gordon, Nasser's Blessed Movement, p. 76.<person-group>
                     <string-name>
                        <surname>Gordon</surname>
                     </string-name>
                  </person-group>
                  <fpage>76</fpage>
                  <source>Nasser's Blessed Movement</source>
               </mixed-citation>
            </p>
         </fn>
         <fn id="d17871e2016a1310">
            <label>66</label>
            <p>
               <mixed-citation id="d17871e2023" publication-type="book">
Gordon, Nasser's Blessed Movement, p. 77.<person-group>
                     <string-name>
                        <surname>Gordon</surname>
                     </string-name>
                  </person-group>
                  <fpage>77</fpage>
                  <source>Nasser's Blessed Movement</source>
               </mixed-citation>
            </p>
         </fn>
         <fn id="d17871e2045a1310">
            <label>67</label>
            <p>
               <mixed-citation id="d17871e2052" publication-type="other">
Caffery to State Department, 17 Jan. 1953, RG 59 774.00 (W)/I-1653 NR 813, NA.</mixed-citation>
            </p>
         </fn>
         <fn id="d17871e2059a1310">
            <label>68</label>
            <p>
               <mixed-citation id="d17871e2066" publication-type="other">
Botman, 'Egyptian Communists and the Free Officers', especially pp. 350-1</mixed-citation>
            </p>
         </fn>
         <fn id="d17871e2073a1310">
            <label>69</label>
            <p>
               <mixed-citation id="d17871e2080" publication-type="book">
Mitchell, Society ofMuslim Brothers, pp. 103-4.<person-group>
                     <string-name>
                        <surname>Mitchell</surname>
                     </string-name>
                  </person-group>
                  <fpage>103</fpage>
                  <source>Society ofMuslim Brothers</source>
               </mixed-citation>
            </p>
         </fn>
         <fn id="d17871e2103a1310">
            <label>70</label>
            <p>
               <mixed-citation id="d17871e2110" publication-type="book">
Balfour-Paul, The End of Empire in the Middle East, p. 34.<person-group>
                     <string-name>
                        <surname>Balfour-Paul</surname>
                     </string-name>
                  </person-group>
                  <fpage>34</fpage>
                  <source>The End of Empire in the Middle East</source>
               </mixed-citation>
            </p>
         </fn>
         <fn id="d17871e2132a1310">
            <label>71</label>
            <p>
               <mixed-citation id="d17871e2139" publication-type="journal">
Reported in Caffery to State Department, 7 Feb. 1953, FRUS, Vol. IX, Pt. 2, p. 1983<fpage>1983</fpage>
                  <volume>IX</volume>
                  <source>FRUS</source>
                  <year>1953</year>
               </mixed-citation>
            </p>
            <p>
               <mixed-citation id="d17871e2157" publication-type="other">
Bowker, 12 Jan. 1953, FO 371/102738 JE1951/52G, PRO</mixed-citation>
            </p>
         </fn>
         <fn id="d17871e2164a1310">
            <label>72</label>
            <p>
               <mixed-citation id="d17871e2171" publication-type="other">
Churchill to Eden, 15 Jan. 1953, FO 371/102761 JE1052/16G, PRO.</mixed-citation>
            </p>
         </fn>
         <fn id="d17871e2178a1310">
            <label>73</label>
            <p>
               <mixed-citation id="d17871e2185" publication-type="other">
CAB 128/26 CM (53) 9, II Feb. 1953, PRO</mixed-citation>
            </p>
            <p>
               <mixed-citation id="d17871e2191" publication-type="other">
CAB 128/26 CM (53) io, ii Feb. 1953, PRO</mixed-citation>
            </p>
            <p>
               <mixed-citation id="d17871e2197" publication-type="other">
CAB 131/13 D (53) 2, 11 Feb. 1953, PRO</mixed-citation>
            </p>
            <p>
               <mixed-citation id="d17871e2204" publication-type="other">
Stevenson to Foreign Office, 12 Feb. 1953, FO 371/102744 JExosI/210, PRO</mixed-citation>
            </p>
         </fn>
         <fn id="d17871e2211a1310">
            <label>74</label>
            <p>
               <mixed-citation id="d17871e2218" publication-type="other">
CAB 129/59 CP (53) 65, 16 Feb. 1953, 1953</mixed-citation>
            </p>
            <p>
               <mixed-citation id="d17871e2224" publication-type="book">
Devereaux, The Formulation of British Defence
Policy towards the Middle East, pp. 69-70<person-group>
                     <string-name>
                        <surname>Devereaux</surname>
                     </string-name>
                  </person-group>
                  <fpage>69</fpage>
                  <source>The Formulation of British Defence Policy towards the Middle East</source>
               </mixed-citation>
            </p>
         </fn>
         <fn id="d17871e2249a1310">
            <label>75</label>
            <p>
               <mixed-citation id="d17871e2256" publication-type="other">
Jebb to Foreign Office, Io March 1953, FO 371/102802 JE1192130G (0), PRO</mixed-citation>
            </p>
            <p>
               <mixed-citation id="d17871e2262" publication-type="other">
Makins to
Foreign Office, 11 March 1953, FO 371/102802 JE1192/130 (W), PRO</mixed-citation>
            </p>
         </fn>
         <fn id="d17871e2273a1310">
            <label>76</label>
            <p>
               <mixed-citation id="d17871e2280" publication-type="other">
Stevenson to Foreign Office, 15 March 1953, FO 371/102798 JE1192/61, PRO.</mixed-citation>
            </p>
         </fn>
         <fn id="d17871e2287a1310">
            <label>77</label>
            <p>
               <mixed-citation id="d17871e2294" publication-type="other">
Minute by Allen, 23 March 1953, FO 371/102803 JE1192/155G, PRO.</mixed-citation>
            </p>
         </fn>
         <fn id="d17871e2301a1310">
            <label>78</label>
            <p>
               <mixed-citation id="d17871e2308" publication-type="other">
Creswell to Allen, 19 March 1953, FO 371/102803 JE1192/155G, PRO.</mixed-citation>
            </p>
         </fn>
         <fn id="d17871e2315a1310">
            <label>79</label>
            <p>
               <mixed-citation id="d17871e2322" publication-type="other">
Aldrich to State Department, 23 March 1953, RG 59 774.5/3-2353, NA.</mixed-citation>
            </p>
         </fn>
         <fn id="d17871e2329a1310">
            <label>80</label>
            <p>
               <mixed-citation id="d17871e2336" publication-type="other">
Minute by Allen, 23 March 1953, FO 371/102803 JE1192/155G, PRO.</mixed-citation>
            </p>
         </fn>
         <fn id="d17871e2343a1310">
            <label>81</label>
            <p>
               <mixed-citation id="d17871e2350" publication-type="journal">
Caffery to State Department, IS March 1953, FRUS, Vol. IX, Pt. 2, pp. 2019-20.<fpage>2019</fpage>
                  <volume>IX</volume>
                  <source>FRUS</source>
                  <year>1953</year>
               </mixed-citation>
            </p>
         </fn>
         <fn id="d17871e2370a1310">
            <label>82</label>
            <p>
               <mixed-citation id="d17871e2377" publication-type="other">
CAB 131/13 D (53) 25, 21 April 1953, PRO</mixed-citation>
            </p>
            <p>
               <mixed-citation id="d17871e2383" publication-type="other">
Lloyd to Churchill, 21 April 1953, PREM 11/392
113-14, PRO</mixed-citation>
            </p>
         </fn>
         <fn id="d17871e2393a1310">
            <label>83</label>
            <p>
               <mixed-citation id="d17871e2400" publication-type="other">
Churchill to Creswell, 22 April 1953, PREM 1/392 119, PRO.</mixed-citation>
            </p>
         </fn>
         <fn id="d17871e2407a1310">
            <label>84</label>
            <p>
               <mixed-citation id="d17871e2414" publication-type="other">
CAB 131/13 D (53) 25, 21 April 1953, PRO.</mixed-citation>
            </p>
         </fn>
         <fn id="d17871e2421a1310">
            <label>85</label>
            <p>
               <mixed-citation id="d17871e2428" publication-type="journal">
Caffery [for Dulles] to State Department, 12 May 1952, FRUS, Vol. IX, Pt. 2, pp. 2065-9.<fpage>2065</fpage>
                  <volume>IX</volume>
                  <source>FRUS</source>
                  <year>1952</year>
               </mixed-citation>
            </p>
         </fn>
         <fn id="d17871e2447a1310">
            <label>86</label>
            <p>
               <mixed-citation id="d17871e2454" publication-type="other">
Thornhill, 'Britain and the Collapse of Egypt's Constitutional Order, 1950-52', pp. 128-9.</mixed-citation>
            </p>
         </fn>
         <fn id="d17871e2461a1310">
            <label>87</label>
            <p>
               <mixed-citation id="d17871e2468" publication-type="journal">
Memo of discussion of 147th meeting of NSC, i June 1953, FRUS, Vol. IX, Pt. I, pp. 379-86.<fpage>379</fpage>
                  <volume>IX</volume>
                  <source>FRUS</source>
                  <year>1953</year>
               </mixed-citation>
            </p>
            <p>
               <mixed-citation id="d17871e2486" publication-type="journal">
Peter L. Hahn, 'Containment and Egyptian Nationalism: The
Unsuccessful Effort to Establish the Middle East Command, 1950-1953', Diplomatic History, xi (i)
(1987)<person-group>
                     <string-name>
                        <surname>Hahn</surname>
                     </string-name>
                  </person-group>
                  <issue>i</issue>
                  <volume>xi</volume>
                  <source>Diplomatic History</source>
                  <year>1987</year>
               </mixed-citation>
            </p>
         </fn>
         <fn id="d17871e2522a1310">
            <label>88</label>
            <p>
               <mixed-citation id="d17871e2529" publication-type="other">
Minute by Hankey, 22 May 1953, FO 371/02765 JE1052/121G, PRO.</mixed-citation>
            </p>
         </fn>
         <fn id="d17871e2536a1310">
            <label>89</label>
            <p>
               <mixed-citation id="d17871e2543" publication-type="other">
Minute by Bowker, 20 June 1953, FO 371/102845 JE1913/8, PRO</mixed-citation>
            </p>
            <p>
               <mixed-citation id="d17871e2549" publication-type="other">
Hankey to Foreign Office,
22 June 1953, FO 371/102723 JE1025/4, PRO</mixed-citation>
            </p>
         </fn>
         <fn id="d17871e2559a1310">
            <label>90</label>
            <p>
               <mixed-citation id="d17871e2566" publication-type="other">
Hankey to Foreign Office, 19 June 1953, PREM 11/629 92-93, PRO</mixed-citation>
            </p>
            <p>
               <mixed-citation id="d17871e2572" publication-type="other">
Duke to Allen, 23 July 1953, FO 371/102851 JEIIg14/X21, PRO</mixed-citation>
            </p>
            <p>
               <mixed-citation id="d17871e2578" publication-type="other">
Churchill
to Minister of State, 15 July 1953, FO 371/102850 JEn19414/87, PRO</mixed-citation>
            </p>
            <p>
               <mixed-citation id="d17871e2588" publication-type="other">
Hankey to FO, 17 July 1953, FO
371/102924 JE1897/I, PRO</mixed-citation>
            </p>
            <p>
               <mixed-citation id="d17871e2597" publication-type="other">
Hankey to Foreign Office, 18 July 1953, FO 371/102924 JE1897/3, PRO</mixed-citation>
            </p>
            <p>
               <mixed-citation id="d17871e2603" publication-type="other">
Hankey to Foreign Office, 30 Aug 1953, FO 371/102853 JE1914/158G, PRO</mixed-citation>
            </p>
         </fn>
         <fn id="d17871e2610a1310">
            <label>91</label>
            <p>
               <mixed-citation id="d17871e2617" publication-type="other">
Hankey to Bowker, 17 June 1953, FO 371/102766 JE1052/133, PRO</mixed-citation>
            </p>
            <p>
               <mixed-citation id="d17871e2623" publication-type="other">
Hankey to Strang, 23 June
1953, FO 371/102811 JE1192/374G, PRO</mixed-citation>
            </p>
            <p>
               <mixed-citation id="d17871e2632" publication-type="other">
Hankey to Allen, 3 Aug. 1953, FO 371/102766, JE1952/143,
PRO.</mixed-citation>
            </p>
         </fn>
         <fn id="d17871e2642a1310">
            <label>92</label>
            <p>
               <mixed-citation id="d17871e2649" publication-type="journal">
Caffery to State Department, 2 Aug. 1953, FRUS, Vol. IX, Pt. 2, pp. 2125-6.<fpage>2125</fpage>
                  <volume>IX</volume>
                  <source>FRUS</source>
                  <year>1953</year>
               </mixed-citation>
            </p>
         </fn>
         <fn id="d17871e2668a1310">
            <label>93</label>
            <p>
               <mixed-citation id="d17871e2675" publication-type="other">
CAB 128/62 C (53) 232, 15 Aug. 1953, PRO.</mixed-citation>
            </p>
         </fn>
         <fn id="d17871e2683a1310">
            <label>94</label>
            <p>
               <mixed-citation id="d17871e2690" publication-type="other">
Hankey to Foreign Office, 24 Aug. 1953, FO 371/102859 JE1195/55G, PRO.</mixed-citation>
            </p>
         </fn>
         <fn id="d17871e2697a1310">
            <label>95</label>
            <p>
               <mixed-citation id="d17871e2704" publication-type="other">
Caffery to State Department, 3 Sept. 1953, RG 59 774.00/9-1653, NA.</mixed-citation>
            </p>
         </fn>
         <fn id="d17871e2711a1310">
            <label>96</label>
            <p>
               <mixed-citation id="d17871e2718" publication-type="other">
Hankey to Bowker, 14 Sept. 1953, FO 371/102816 JE1192/482G, PRO.</mixed-citation>
            </p>
         </fn>
         <fn id="d17871e2725a1310">
            <label>97</label>
            <p>
               <mixed-citation id="d17871e2732" publication-type="other">
Minute by Allen, 24 Sept. 1953, FO 371/102816 JE1192/486G, PRO</mixed-citation>
            </p>
            <p>
               <mixed-citation id="d17871e2738" publication-type="other">
Caffery to State
Department, 25 Sept. 1953, RG 59 774.00 (W)/9-2553, NA</mixed-citation>
            </p>
         </fn>
         <fn id="d17871e2748a1310">
            <label>98</label>
            <p>
               <mixed-citation id="d17871e2755" publication-type="journal">
Caffery to State Department, 22 Oct. 1953, FRUS, Vol. IX, Pt. 2, p. 2151.<fpage>2151</fpage>
                  <volume>IX</volume>
                  <source>FRUS</source>
                  <year>1953</year>
               </mixed-citation>
            </p>
         </fn>
         <fn id="d17871e2774a1310">
            <label>99</label>
            <p>
               <mixed-citation id="d17871e2781" publication-type="other">
Minute by Eden, 29 Oct. 1953, FO
371/0102820 JE1192/590, PRO</mixed-citation>
            </p>
            <p>
               <mixed-citation id="d17871e2790" publication-type="other">
Hankey to Foreign Office, 23 Oct. 1953, FO 371/102818
JE1192/560G, PRO</mixed-citation>
            </p>
            <p>
               <mixed-citation id="d17871e2799" publication-type="other">
Minute by Allen, 23 Oct. 1953, FO 371/102818 JE1192/560G, PRO</mixed-citation>
            </p>
            <p>
               <mixed-citation id="d17871e2806" publication-type="other">
Makins to
Foreign Office, 26 Oct. 1953, FO 371/102818 JE1192/569G, PRO</mixed-citation>
            </p>
            <p>
               <mixed-citation id="d17871e2815" publication-type="other">
Minute by Allen, 29 Oct. 1953, FO
371/102820 JE1192/590, PRO</mixed-citation>
            </p>
         </fn>
         <fn id="d17871e2826a1310">
            <label>100</label>
            <p>
               <mixed-citation id="d17871e2833" publication-type="other">
CAB 131/13 D (53) 58, 30 Nov. 1953, PRO</mixed-citation>
            </p>
         </fn>
         <fn id="d17871e2840a1310">
            <label>101</label>
            <p>
               <mixed-citation id="d17871e2847" publication-type="other">
Marginal comments by Eden on Creswell to Foreign Office, 18 Nov. 1953, FO 371/102855
JE11914/190G, PRO.</mixed-citation>
            </p>
         </fn>
         <fn id="d17871e2857a1310">
            <label>102</label>
            <p>
               <mixed-citation id="d17871e2864" publication-type="other">
Churchill to Eden, 11 Dec. 1953, FO 371/102823 JE1192/656G, PRO.</mixed-citation>
            </p>
         </fn>
         <fn id="d17871e2871a1310">
            <label>103</label>
            <p>
               <mixed-citation id="d17871e2878" publication-type="other">
'Annual Report for Sudan, 1953', Riches to Eden, 22 Jan. 1954, FO 371/108311 JE1011/2, PRO.</mixed-citation>
            </p>
         </fn>
         <fn id="d17871e2885a1310">
            <label>104</label>
            <p>
               <mixed-citation id="d17871e2892" publication-type="other">
Hankey to Foreign Office, 9 Dec. 1953, FO 371/102732 JE10345/35, PRO.</mixed-citation>
            </p>
         </fn>
         <fn id="d17871e2899a1310">
            <label>105</label>
            <p>
               <mixed-citation id="d17871e2906" publication-type="other">
Caffery to State Department, 22 Jan. 1954, RG 59 774.00 (W)/I-2254, NA.</mixed-citation>
            </p>
         </fn>
         <fn id="d17871e2914a1310">
            <label>106</label>
            <p>
               <mixed-citation id="d17871e2921" publication-type="journal">
Caffery to State Department, 26 Jan. 1954, FRUS, IX, pp. 2208-9.<issue>26 Jan</issue>
                  <fpage>2208</fpage>
                  <volume>IX</volume>
                  <source>FRUS</source>
                  <year>1954</year>
               </mixed-citation>
            </p>
         </fn>
         <fn id="d17871e2944a1310">
            <label>107</label>
            <p>
               <mixed-citation id="d17871e2951" publication-type="other">
Stevenson to Foreign Office, 22 Jan. 1954, FO 371/108447 JE1193/14, PRO.</mixed-citation>
            </p>
         </fn>
         <fn id="d17871e2958a1310">
            <label>108</label>
            <p>
               <mixed-citation id="d17871e2965" publication-type="other">
Caffery to State Department, 18 Jan. 1954, RG 59 774.11/1-1854, NA</mixed-citation>
            </p>
            <p>
               <mixed-citation id="d17871e2971" publication-type="other">
Cairo to State
Department, 27 Jan., RG 59 774.00 (W) 2-554, NA</mixed-citation>
            </p>
            <p>
               <mixed-citation id="d17871e2980" publication-type="journal">
'The last pasha' [obituary] by
Shaden Shehab in Al-Ahram Weekly (17-23 Aug. 2000) (495)<issue>17-23 Aug</issue>
                  <fpage>495</fpage>
                  <source>Al-Ahram Weekly</source>
                  <year>2000</year>
               </mixed-citation>
            </p>
         </fn>
         <fn id="d17871e3003a1310">
            <label>109</label>
            <p>
               <mixed-citation id="d17871e3010" publication-type="other">
CAB 128/27 CM (54) 3, 18 Jan. 1954, PRO.</mixed-citation>
            </p>
         </fn>
         <fn id="d17871e3017a1310">
            <label>110</label>
            <p>
               <mixed-citation id="d17871e3024" publication-type="other">
Minute by Morris, 18 Jan. 1954, FO 371/108319 JE1016/4, PRO</mixed-citation>
            </p>
            <p>
               <mixed-citation id="d17871e3030" publication-type="other">
Caffery to State
Department, 22 Jan. 1954, RG 59 774.00 (W) 1-2254, NA</mixed-citation>
            </p>
         </fn>
         <fn id="d17871e3040a1310">
            <label>111</label>
            <p>
               <mixed-citation id="d17871e3047" publication-type="other">
Shuckburgh to Kirkpatrick, 27 Jan. 1954, FO 371/108375 JE1056/2G, PRO</mixed-citation>
            </p>
            <p>
               <mixed-citation id="d17871e3053" publication-type="other">
Boothby, 22 Jan. 1954, FO 371/108375 JE1056/IG</mixed-citation>
            </p>
            <p>
               <mixed-citation id="d17871e3059" publication-type="other">
Mason to Stevenson,
23 Jan. 1954, FO 371/108375 JE1056/1G, PRO</mixed-citation>
            </p>
         </fn>
         <fn id="d17871e3070a1310">
            <label>112</label>
            <p>
               <mixed-citation id="d17871e3077" publication-type="other">
Stevenson to Allen, 11 Feb. 1954, FO 371/108375 JE1056/3G, PRO.</mixed-citation>
            </p>
         </fn>
         <fn id="d17871e3084a1310">
            <label>113</label>
            <p>
               <mixed-citation id="d17871e3091" publication-type="journal">
Caffery to State Department, 26 Jan. 1954, FRUS, IX, Pt. 2, pp. 2208-9<issue>26 Jan</issue>
                  <fpage>2208</fpage>
                  <volume>IX</volume>
                  <source>FRUS</source>
                  <year>1954</year>
               </mixed-citation>
            </p>
            <p>
               <mixed-citation id="d17871e3113" publication-type="other">
Minute by Allen, 15
Feb. 1954, FO 371/108464 JE11912/21, PRO</mixed-citation>
            </p>
         </fn>
         <fn id="d17871e3123a1310">
            <label>114</label>
            <p>
               <mixed-citation id="d17871e3130" publication-type="other">
Eden to Lloyd, 9 Feb. 1954, FO 800/775 Eg/54/24, PRO</mixed-citation>
            </p>
            <p>
               <mixed-citation id="d17871e3136" publication-type="other">
Lloyd to Eden, 14 Feb. 1954, FO
800/775 Eg/54/26, PRO</mixed-citation>
            </p>
         </fn>
         <fn id="d17871e3146a1310">
            <label>115</label>
            <p>
               <mixed-citation id="d17871e3153" publication-type="journal">
Caffery to State Department, 12 Feb. 1954, FRUS, IX, Pt 2, pp. 2215-16.<issue>12 Feb</issue>
                  <fpage>2215</fpage>
                  <volume>IX</volume>
                  <source>FRUS</source>
                  <year>1954</year>
               </mixed-citation>
            </p>
         </fn>
         <fn id="d17871e3176a1310">
            <label>116</label>
            <p>
               <mixed-citation id="d17871e3183" publication-type="other">
Minute by Boothby for comments of Vice Chief of Imperial Staff, 8 Jan. 1954, FO
371/108413 JE1192/59G, PRO</mixed-citation>
            </p>
         </fn>
         <fn id="d17871e3193a1310">
            <label>117</label>
            <p>
               <mixed-citation id="d17871e3200" publication-type="journal">
Caffery to State Department, 25 Feb. 1954, FRUS, IX, Pt. 2, pp. 2221-2.<comment content-type="series title">25 Feb</comment>
                  <fpage>2221</fpage>
                  <volume>IX</volume>
                  <source>FRUS</source>
                  <year>1954</year>
               </mixed-citation>
            </p>
         </fn>
         <fn id="d17871e3224a1310">
            <label>118</label>
            <p>
               <mixed-citation id="d17871e3231" publication-type="other">
Ibid.</mixed-citation>
            </p>
         </fn>
         <fn id="d17871e3238a1310">
            <label>119</label>
            <p>
               <mixed-citation id="d17871e3245" publication-type="other">
Stevenson to Foreign Office, 25 Feb. 1954, FO 371/108327 JE1018/3, PRO</mixed-citation>
            </p>
            <p>
               <mixed-citation id="d17871e3251" publication-type="journal">
Caffery to State
Department, 25 Feb. 1954, FRUS, IX, Pt. 2, pp. 2221-2<person-group>
                     <string-name>
                        <surname>Caffery to State Department</surname>
                     </string-name>
                  </person-group>
                  <issue>25 Feb</issue>
                  <fpage>2221</fpage>
                  <volume>IX</volume>
                  <source>FRUS</source>
                  <year>1954</year>
               </mixed-citation>
            </p>
         </fn>
         <fn id="d17871e3286a1310">
            <label>120</label>
            <p>
               <mixed-citation id="d17871e3293" publication-type="journal">
Caffery to State Department, 27 Feb. 1954, FRUS, IX, Pt. 2, pp. 2223-4.<person-group>
                     <string-name>
                        <surname>Caffery to State Department</surname>
                     </string-name>
                  </person-group>
                  <issue>27 Feb</issue>
                  <fpage>2223</fpage>
                  <volume>IX</volume>
                  <source>FRUS</source>
                  <year>1954</year>
               </mixed-citation>
            </p>
         </fn>
         <fn id="d17871e3325a1310">
            <label>121</label>
            <p>
               <mixed-citation id="d17871e3332" publication-type="journal">
Caffery to State Department, 28 Feb. 1954, FRUS, IX, Pt. 2, pp. 2224-5<person-group>
                     <string-name>
                        <surname>Caffery to State Department</surname>
                     </string-name>
                  </person-group>
                  <issue>28 Feb</issue>
                  <fpage>2224</fpage>
                  <volume>IX</volume>
                  <source>FRUS</source>
                  <year>1954</year>
               </mixed-citation>
            </p>
            <p>
               <mixed-citation id="d17871e3363" publication-type="book">
Little, Egypt, pp.
232-3<person-group>
                     <string-name>
                        <surname>Little</surname>
                     </string-name>
                  </person-group>
                  <fpage>232</fpage>
                  <source>Egypt</source>
               </mixed-citation>
            </p>
         </fn>
         <fn id="d17871e3388a1310">
            <label>122</label>
            <p>
               <mixed-citation id="d17871e3395" publication-type="other">
Memo by Payne to Caffery, 25 March 1954, RG 59 774.00 3-2554, NA.</mixed-citation>
            </p>
         </fn>
         <fn id="d17871e3402a1310">
            <label>123</label>
            <p>
               <mixed-citation id="d17871e3409" publication-type="book">
Gordon, Nasser's Blessed Movement, p. 135.<person-group>
                     <string-name>
                        <surname>Gordon</surname>
                     </string-name>
                  </person-group>
                  <fpage>135</fpage>
                  <source>Nasser's Blessed Movement</source>
               </mixed-citation>
            </p>
         </fn>
         <fn id="d17871e3432a1310">
            <label>124</label>
            <p>
               <mixed-citation id="d17871e3439" publication-type="journal">
Caffery to State Department, 23 March 1954, FRUS, IX, Pt. 2, pp. 2242-4.<person-group>
                     <string-name>
                        <surname>Caffery to State Department</surname>
                     </string-name>
                  </person-group>
                  <issue>23 March</issue>
                  <fpage>2242</fpage>
                  <volume>IX</volume>
                  <source>FRUS</source>
                  <year>1954</year>
               </mixed-citation>
            </p>
         </fn>
         <fn id="d17871e3471a1310">
            <label>125</label>
            <p>
               <mixed-citation id="d17871e3478" publication-type="journal">
Caffery to State Department, 30 March 1954, FRUS, IX, Pt. 2, pp. 2252<person-group>
                     <string-name>
                        <surname>Caffery to State Department</surname>
                     </string-name>
                  </person-group>
                  <issue>30 March</issue>
                  <fpage>2252</fpage>
                  <volume>IX</volume>
                  <source>FRUS</source>
                  <year>1954</year>
               </mixed-citation>
            </p>
            <p>
               <mixed-citation id="d17871e3509" publication-type="other">
Caffery to State
Department, 3 April 1954, RG 59 774.00 (W)/4-254</mixed-citation>
            </p>
         </fn>
         <fn id="d17871e3519a1310">
            <label>126</label>
            <p>
               <mixed-citation id="d17871e3526" publication-type="journal">
Caffery to State Department, 28 March 1954, FRUS, IX, Pt. 2, pp. 2247--9<person-group>
                     <string-name>
                        <surname>Caffery to State Department</surname>
                     </string-name>
                  </person-group>
                  <issue>28 March</issue>
                  <fpage>2247</fpage>
                  <volume>IX</volume>
                  <source>FRUS</source>
                  <year>1954</year>
               </mixed-citation>
            </p>
            <p>
               <mixed-citation id="d17871e3557" publication-type="journal">
Caffery to State
Department, 30 March 1954, FRUS, IX, Pt. 2, pp. 2252<person-group>
                     <string-name>
                        <surname>Caffery to State Department</surname>
                     </string-name>
                  </person-group>
                  <issue>30 March</issue>
                  <fpage>2252</fpage>
                  <volume>IX</volume>
                  <source>FRUS</source>
                  <year>1954</year>
               </mixed-citation>
            </p>
         </fn>
         <fn id="d17871e3592a1310">
            <label>127</label>
            <p>
               <mixed-citation id="d17871e3599" publication-type="other">
Minute by Bromley, 29 March 1954, FO 371/108316 JE1015/8A, PRO.</mixed-citation>
            </p>
         </fn>
         <fn id="d17871e3606a1310">
            <label>128</label>
            <p>
               <mixed-citation id="d17871e3613" publication-type="journal">
Caffery to State Department, 26 March 1954, FRUS, IX, Pt. 2, p. 2246.<person-group>
                     <string-name>
                        <surname>Caffery to State Department</surname>
                     </string-name>
                  </person-group>
                  <issue>26 March</issue>
                  <fpage>2246</fpage>
                  <volume>IX</volume>
                  <source>FRUS</source>
                  <year>1954</year>
               </mixed-citation>
            </p>
         </fn>
         <fn id="d17871e3645a1310">
            <label>129</label>
            <p>
               <mixed-citation id="d17871e3652" publication-type="journal">
Caffery to State Department, 29 March 1954, FRUS, IX, Pt. 2, pp. 2250-1<issue>29 March</issue>
                  <fpage>2250</fpage>
                  <volume>IX</volume>
                  <source>FRUS</source>
                  <year>1954</year>
               </mixed-citation>
            </p>
            <p>
               <mixed-citation id="d17871e3674" publication-type="journal">
Caffery to State
Department, 30 March 1954, FRUS, IX, Pt. 2, p. 2253<person-group>
                     <string-name>
                        <surname>Caffery to State Department</surname>
                     </string-name>
                  </person-group>
                  <issue>30 March</issue>
                  <fpage>2253</fpage>
                  <volume>IX</volume>
                  <source>FRUS</source>
                  <year>1954</year>
               </mixed-citation>
            </p>
            <p>
               <mixed-citation id="d17871e3708" publication-type="other">
Stevenson to Eden, 15 April 1954, FO
371/108316 JE101s/29, PRO</mixed-citation>
            </p>
         </fn>
         <fn id="d17871e3719a1310">
            <label>130</label>
            <p>
               <mixed-citation id="d17871e3726" publication-type="other">
Stevenson to Eden, 15 April 1954, FO 371/108316 JE1015/z29, PRO.</mixed-citation>
            </p>
         </fn>
         <fn id="d17871e3733a1310">
            <label>131</label>
            <p>
               <mixed-citation id="d17871e3740" publication-type="other">
Caffery to Dulles, 31 March 1954, RG 59 774.00/3-3154, NA.</mixed-citation>
            </p>
         </fn>
         <fn id="d17871e3747a1310">
            <label>132</label>
            <p>
               <mixed-citation id="d17871e3754" publication-type="other">
Hart to Byroade, 31 March 1954, RG 59 774.00/3-3154, NA.</mixed-citation>
            </p>
         </fn>
         <fn id="d17871e3761a1310">
            <label>133</label>
            <p>
               <mixed-citation id="d17871e3768" publication-type="journal">
Shuckburgh, Descent to Suez, 29 March 1954, p. 155<person-group>
                     <string-name>
                        <surname>Shuckburgh</surname>
                     </string-name>
                  </person-group>
                  <issue>29 March</issue>
                  <fpage>155</fpage>
                  <source>Descent to Suez</source>
                  <year>1954</year>
               </mixed-citation>
            </p>
            <p>
               <mixed-citation id="d17871e3796" publication-type="other">
ii March 1954, p. 146</mixed-citation>
            </p>
            <p>
               <mixed-citation id="d17871e3802" publication-type="other">
12 March 1954,
p. 146</mixed-citation>
            </p>
            <p>
               <mixed-citation id="d17871e3812" publication-type="other">
CAB 129/66 CP (54) 99 13 March 1954, PRO</mixed-citation>
            </p>
         </fn>
         <fn id="d17871e3819a1310">
            <label>134</label>
            <p>
               <mixed-citation id="d17871e3826" publication-type="other">
CAB 128/27 CM (54) 18, 15 March 1954, PRO</mixed-citation>
            </p>
            <p>
               <mixed-citation id="d17871e3832" publication-type="other">
Aldrich to State Department, 18 March 1954,
IX, Pt. 2, pp. 2233-4</mixed-citation>
            </p>
            <p>
               <mixed-citation id="d17871e3841" publication-type="journal">
Dulles to Aldrich, 20 March 1954, FRUS, IX, Pt. 2, p. 2239<issue>20 March</issue>
                  <fpage>2239</fpage>
                  <volume>IX</volume>
                  <source>FRUS</source>
                  <year>1954</year>
               </mixed-citation>
            </p>
            <p>
               <mixed-citation id="d17871e3864" publication-type="other">
Caffery to State
Department, 20 March 1954, IX, Pt. 2, pp. 2240-I</mixed-citation>
            </p>
         </fn>
         <fn id="d17871e3874a1310">
            <label>135</label>
            <p>
               <mixed-citation id="d17871e3881" publication-type="other">
Note of meeting between Chief of Imperial General Staff and Keightley, 27 May 1954, WO
216/867 8, PRO.</mixed-citation>
            </p>
         </fn>
         <fn id="d17871e3892a1310">
            <label>136</label>
            <p>
               <mixed-citation id="d17871e3899" publication-type="other">
Minute by Street, i June 1954, Fo 371/108454 JE1195/30, PRO.</mixed-citation>
            </p>
         </fn>
         <fn id="d17871e3906a1310">
            <label>137</label>
            <p>
               <mixed-citation id="d17871e3913" publication-type="other">
Minute by Bromley, 14 June 1954, FO 371/108450, JE1193/III, PRO.</mixed-citation>
            </p>
         </fn>
         <fn id="d17871e3920a1310">
            <label>138</label>
            <p>
               <mixed-citation id="d17871e3927" publication-type="other">
CAB 128/27 CM (54) 43, 22 June 1954</mixed-citation>
            </p>
            <p>
               <mixed-citation id="d17871e3933" publication-type="other">
CAB 129/68 CP (54) 187, 3 June 1954, PRO</mixed-citation>
            </p>
            <p>
               <mixed-citation id="d17871e3939" publication-type="other">
CAB 129/69 CP (54) 2006, 21 June 1954, PRO</mixed-citation>
            </p>
         </fn>
         <fn id="d17871e3946a1310">
            <label>139</label>
            <p>
               <mixed-citation id="d17871e3953" publication-type="other">
CAB 129/69 CP (54) 220, 6 July 1954, PRO</mixed-citation>
            </p>
            <p>
               <mixed-citation id="d17871e3959" publication-type="other">
Bromley, 30 June 1954, FO
371/108419 JE1192/134G, PRO</mixed-citation>
            </p>
         </fn>
         <fn id="d17871e3969a1310">
            <label>140</label>
            <p>
               <mixed-citation id="d17871e3976" publication-type="other">
CAB 128/27 CM (54) 47, 7 July 1954</mixed-citation>
            </p>
            <p>
               <mixed-citation id="d17871e3982" publication-type="journal">
Shuckburgh, Descent to Suez, 7 July 1954, pp.
222-3<person-group>
                     <string-name>
                        <surname>Shuckburgh</surname>
                     </string-name>
                  </person-group>
                  <issue>7 July</issue>
                  <fpage>222</fpage>
                  <source>Descent to Suez</source>
                  <year>1954</year>
               </mixed-citation>
            </p>
         </fn>
         <fn id="d17871e4014a1310">
            <label>141</label>
            <p>
               <mixed-citation id="d17871e4021" publication-type="journal">
Caffery to State Department, 11 July 1954, FRUS, IX, Pt. 2, pp. 2279.<person-group>
                     <string-name>
                        <surname>Caffery to State Department</surname>
                     </string-name>
                  </person-group>
                  <issue>11 July</issue>
                  <fpage>2279</fpage>
                  <volume>IX</volume>
                  <source>FRUS</source>
                  <year>1954</year>
               </mixed-citation>
            </p>
         </fn>
         <fn id="d17871e4054a1310">
            <label>142</label>
            <p>
               <mixed-citation id="d17871e4061" publication-type="other">
Stevenson to Foreign Office, 20 July 1954, FO 3711/08424 JE1192/209G, PRO.</mixed-citation>
            </p>
         </fn>
         <fn id="d17871e4068a1310">
            <label>143</label>
            <p>
               <mixed-citation id="d17871e4075" publication-type="other">
CAB 128/27 CM (54) 52, 23 July 1954, PRO</mixed-citation>
            </p>
            <p>
               <mixed-citation id="d17871e4081" publication-type="other">
CAB 129/70 CP (54) 251, 23 July 1954, PRO</mixed-citation>
            </p>
            <p>
               <mixed-citation id="d17871e4087" publication-type="other">
DEFE 4/71 COS (54) 84,21 July 1954, PRO</mixed-citation>
            </p>
            <p>
               <mixed-citation id="d17871e4094" publication-type="other">
CAB 128/27 CM (54) 51, 20 July 1954, PRO</mixed-citation>
            </p>
         </fn>
         <fn id="d17871e4101a1310">
            <label>144</label>
            <p>
               <mixed-citation id="d17871e4108" publication-type="other">
CAB 128/27 CM (54) 53, 26 July 1954</mixed-citation>
            </p>
            <p>
               <mixed-citation id="d17871e4114" publication-type="journal">
Shuckburgh, Decsent to Suez, 25 July 1954, p.
230<person-group>
                     <string-name>
                        <surname>Shuckburgh</surname>
                     </string-name>
                  </person-group>
                  <issue>25 July</issue>
                  <fpage>230</fpage>
                  <source>Decsent to Suez</source>
                  <year>1954</year>
               </mixed-citation>
            </p>
         </fn>
         <fn id="d17871e4146a1310">
            <label>145</label>
            <p>
               <mixed-citation id="d17871e4153" publication-type="other">
Stevenson to Foreign Office, 29 July 1954, FO 371/108425
JE1192/258, PRO</mixed-citation>
            </p>
            <p>
               <mixed-citation id="d17871e4162" publication-type="other">
Heads of Agreement:
Anglo-Egyptian Defence Negotiations regarding the Suez Canal Base, Egypt, No. I Cmd. 9230
(HMSO, 1954)</mixed-citation>
            </p>
         </fn>
         <fn id="d17871e4175a1310">
            <label>146</label>
            <p>
               <mixed-citation id="d17871e4182" publication-type="other">
Head to Foreign Office, 27 July 1954, FO 371/108424 JE1192/234, PRO.</mixed-citation>
            </p>
         </fn>
         <fn id="d17871e4189a1310">
            <label>147</label>
            <p>
               <mixed-citation id="d17871e4196" publication-type="other">
Caffery to State Department, 31 July 1954 RG 59 774.(W)/-3054 NR 1158, NA.</mixed-citation>
            </p>
         </fn>
         <fn id="d17871e4204a1310">
            <label>148</label>
            <p>
               <mixed-citation id="d17871e4211" publication-type="journal">
The Times (30 July 1954) 8.<issue>30 July</issue>
                  <fpage>8</fpage>
                  <source>The Times</source>
                  <year>1954</year>
               </mixed-citation>
            </p>
         </fn>
         <fn id="d17871e4230a1310">
            <label>149</label>
            <p>
               <mixed-citation id="d17871e4237" publication-type="other">
Stevenson to Eden, 14 Sept. 1954, FO 371/108317 JE1015/54, PRO</mixed-citation>
            </p>
            <p>
               <mixed-citation id="d17871e4243" publication-type="journal">
'The Egyptian Revolution', Foreign Affairs, xxxiii (2)
(Jan. 1955)<issue>2</issue>
                  <volume>xxxiii</volume>
                  <source>Foreign Affairs</source>
                  <year>1955</year>
               </mixed-citation>
            </p>
         </fn>
         <fn id="d17871e4266a1310">
            <label>150</label>
            <p>
               <mixed-citation id="d17871e4273" publication-type="other">
Minute by Shuckburgh, 4 Oct. 1954, FO 371/108317 JE1015/54, PRO.</mixed-citation>
            </p>
         </fn>
         <fn id="d17871e4280a1310">
            <label>151</label>
            <p>
               <mixed-citation id="d17871e4287" publication-type="book">
Mohamed H. Heikal, Cutting the Lion's Tale: Suez Through Egyptian Eyes (London, 1986), p.
61<person-group>
                     <string-name>
                        <surname>Heikal</surname>
                     </string-name>
                  </person-group>
                  <fpage>61</fpage>
                  <source>Cutting the Lion's Tale: Suez Through Egyptian Eyes</source>
                  <year>1986</year>
               </mixed-citation>
            </p>
            <p>
               <mixed-citation id="d17871e4315" publication-type="book">
Tony Shaw, Eden, Suez
and the Mass Media (London, 1996)<person-group>
                     <string-name>
                        <surname>Shaw</surname>
                     </string-name>
                  </person-group>
                  <source>Eden, Suez and the Mass Media</source>
                  <year>1996</year>
               </mixed-citation>
            </p>
         </fn>
         <fn id="d17871e4340a1310">
            <label>152</label>
            <p>
               <mixed-citation id="d17871e4347" publication-type="other">
Agreement regarding the Suez Canal Base, Egypt
No. 2 Cmd 9298 (HMSO, 1954)</mixed-citation>
            </p>
            <p>
               <mixed-citation id="d17871e4356" publication-type="other">
CAB 129/70 CP (54) 299, 28 Sept.
1954, PRO</mixed-citation>
            </p>
            <p>
               <mixed-citation id="d17871e4365" publication-type="other">
Murray to Eden, 3 Nov. 1954, PREM 11/702 6, PRO</mixed-citation>
            </p>
         </fn>
         <fn id="d17871e4372a1310">
            <label>153</label>
            <p>
               <mixed-citation id="d17871e4379" publication-type="other">
Murray to Eden, 3 Nov. 1954, PREM 11/702 6, PRO.</mixed-citation>
            </p>
         </fn>
         <fn id="d17871e4387a1310">
            <label>154</label>
            <p>
               <mixed-citation id="d17871e4394" publication-type="other">
Caffery to State Department, 23 Oct. 1954, 774.00 (W) NR 1205, NA.</mixed-citation>
            </p>
         </fn>
         <fn id="d17871e4401a1310">
            <label>155</label>
            <p>
               <mixed-citation id="d17871e4408" publication-type="book">
Stephens, Nasser, p. 136.<person-group>
                     <string-name>
                        <surname>Stephens</surname>
                     </string-name>
                  </person-group>
                  <fpage>136</fpage>
                  <source>Nasser</source>
               </mixed-citation>
            </p>
         </fn>
         <fn id="d17871e4430a1310">
            <label>156</label>
            <p>
               <mixed-citation id="d17871e4437" publication-type="other">
Caffery to State Department, 29 Oct. 1954, 774.00 (W)/Io-2954 NR 1209</mixed-citation>
            </p>
            <p>
               <mixed-citation id="d17871e4443" publication-type="other">
Murray
to Eden, 3 Nov. 1954, PREM 11/702 6, PRO</mixed-citation>
            </p>
         </fn>
         <fn id="d17871e4453a1310">
            <label>157</label>
            <p>
               <mixed-citation id="d17871e4460" publication-type="other">
Caffery to State Department, 19 Nov. 1954, RG 59 774.00 (W)/II-1254 NR 1218, NA.</mixed-citation>
            </p>
         </fn>
         <fn id="d17871e4467a1310">
            <label>158</label>
            <p>
               <mixed-citation id="d17871e4474" publication-type="other">
Minute by Street, 12 Dec. 1954, FO 371/108319 JE1016/24, PRO.</mixed-citation>
            </p>
         </fn>
         <fn id="d17871e4481a1310">
            <label>159</label>
            <p>
               <mixed-citation id="d17871e4488" publication-type="other">
Trevelyan to Lloyd, 31 Jan. 1956, FO 371/n8830 JE1011/1, PRO</mixed-citation>
            </p>
            <p>
               <mixed-citation id="d17871e4494" publication-type="book">
Robert McNamara, Britain, Nasser and the Balance of Power in
the Middle East, 1952-1967 (London, 2003)<person-group>
                     <string-name>
                        <surname>McNamara</surname>
                     </string-name>
                  </person-group>
                  <source>Britain, Nasser and the Balance of Power in the Middle East, 1952-1967</source>
                  <year>2003</year>
               </mixed-citation>
            </p>
         </fn>
      </fn-group>
   </back>
</article>
