<article dtd-version="1.0" article-type="research-article">
   <front>
      <journal-meta>
         <journal-id xmlns:xlink="http://www.w3.org/1999/xlink" journal-id-type="jstor">englhistrevi</journal-id>
         <journal-id xmlns:xlink="http://www.w3.org/1999/xlink" journal-id-type="jstor">j100150</journal-id>
         <journal-title-group xmlns:xlink="http://www.w3.org/1999/xlink">
            <journal-title>The English Historical Review</journal-title>
         </journal-title-group>
         <publisher>
            <publisher-name>Oxford University Press</publisher-name>
         </publisher>
         <issn xmlns:xlink="http://www.w3.org/1999/xlink" pub-type="ppub">00138266</issn>
         <issn xmlns:xlink="http://www.w3.org/1999/xlink" pub-type="epub">14774534</issn>
      </journal-meta>
      <article-meta>
         <article-id xmlns:xlink="http://www.w3.org/1999/xlink" pub-id-type="jstor">3490802</article-id>
         <article-categories>
            <subj-group>
               <subject>Notes and Documents</subject>
            </subj-group>
         </article-categories>
         <title-group>
            <article-title>Space, Patronage, Procedure: The Court at Oxford, 1642-46</article-title>
         </title-group>
         <contrib-group>
            <contrib>
               <string-name xmlns:xlink="http://www.w3.org/1999/xlink">
                  <given-names>Jerome</given-names>
                  <surname>De Groot</surname>
               </string-name>
            </contrib>
         </contrib-group>
         <pub-date xmlns:xlink="http://www.w3.org/1999/xlink">
            <day>1</day>
            <month>11</month>
            <year>2002</year>
         </pub-date>
         <volume>117</volume>
         <issue>474</issue>
         <issue-id xmlns:xlink="http://www.w3.org/1999/xlink">i277750</issue-id>
         <fpage>1204</fpage>
         <lpage>1227</lpage>
         <page-range>1204-1227</page-range>
         <permissions>
            <copyright-statement>Copyright 2002 Oxford University Press</copyright-statement>
         </permissions>
         <self-uri xmlns:xlink="http://www.w3.org/1999/xlink"
                   xlink:href="http://www.jstor.org/stable/3490802"/>
         <custom-meta-group xmlns:xlink="http://www.w3.org/1999/xlink">
            <custom-meta>
               <meta-name>lang</meta-name>
               <meta-value>eng</meta-value>
            </custom-meta>
         </custom-meta-group>
      </article-meta>
   </front>
   <back>
      <fn-group xmlns:xlink="http://www.w3.org/1999/xlink">
         <title>[Footnotes]</title>
         <fn id="d30375e125a1310">
            <label>1</label>
            <p>
               <mixed-citation id="d30375e132" publication-type="book">
A Declaration and Justification; of the Earle of Lindsey, Now prisoner in Warwicke-Castle
(Oxford printed by Leonard Leychfield, Printer to the Universitie of Oxford), p. 8.<fpage>8</fpage>
                  <source>A Declaration and Justification; of the Earle of Lindsey, Now prisoner in Warwicke-Castle</source>
               </mixed-citation>
            </p>
         </fn>
         <fn id="d30375e148a1310">
            <label>2</label>
            <p>
               <mixed-citation id="d30375e155" publication-type="book">
The Memoirs ofAnne, Lady Halkett, andAnn, Lady Fanshawe, ed. John Loftis (Oxford, 1979),
p. III.<fpage>III</fpage>
                  <source>The Memoirs ofAnne, Lady Halkett, andAnn, Lady Fanshawe</source>
                  <year>1979</year>
               </mixed-citation>
            </p>
         </fn>
         <fn id="d30375e174a1310">
            <label>3</label>
            <p>
               <mixed-citation id="d30375e181" publication-type="book">
'The Image of Virtue: the court and household of Charles I, 1625-42' in The English Court:
from the Wars ofthe Roses to the Civil War, ed. David Starkey (Harlow, 1987), pp. 226-60 (p. 227).<person-group>
                     <string-name>
                        <surname>Starkey</surname>
                     </string-name>
                  </person-group>
                  <comment content-type="section">The Image of Virtue: the court and household of Charles I, 1625-42</comment>
                  <fpage>226</fpage>
                  <source>The English Court: from the Wars ofthe Roses to the Civil War</source>
                  <year>1987</year>
               </mixed-citation>
            </p>
         </fn>
         <fn id="d30375e213a1310">
            <label>4</label>
            <p>
               <mixed-citation id="d30375e220" publication-type="book">
H[istorical] M[anuscripts] C[ommission] 17 (House of Lords, New Series, XI), p. 325.<fpage>325</fpage>
                  <volume>XI</volume>
                  <source>[istorical] M[anuscripts] C[ommission] 17</source>
               </mixed-citation>
            </p>
         </fn>
         <fn id="d30375e237a1310">
            <label>5</label>
            <p>
               <mixed-citation id="d30375e244" publication-type="other">
HMC 17, pp. 322-33.</mixed-citation>
            </p>
         </fn>
         <fn id="d30375e251a1310">
            <label>6</label>
            <p>
               <mixed-citation id="d30375e258" publication-type="book">
Edward Hyde, Earl of Clarendon, History of the Rebellion, 6 vols, ed. W. Dunn Macray
(Oxford, 1888), VI, 375.<person-group>
                     <string-name>
                        <surname>Hyde</surname>
                     </string-name>
                  </person-group>
                  <fpage>375</fpage>
                  <volume>VI</volume>
                  <source>Earl of Clarendon, History of the Rebellion</source>
                  <year>1888</year>
               </mixed-citation>
            </p>
         </fn>
         <fn id="d30375e290a1310">
            <label>7</label>
            <p>
               <mixed-citation id="d30375e297" publication-type="book">
Kevin Sharpe, 'Archbishop Laud and the university of Oxford' in History and Imagination:
Essays in honour ofH. R. Trevor-Roper, ed. Hugh Lloyd-Jones, Valerie Pearl and Blair Worden
(London, 1981), pp. 146-65 (p. 150).<person-group>
                     <string-name>
                        <surname>Sharpe</surname>
                     </string-name>
                  </person-group>
                  <comment content-type="section">Archbishop Laud and the university of Oxford</comment>
                  <fpage>146</fpage>
                  <source>History and Imagination: Essays in honour ofH. R. Trevor-Roper</source>
                  <year>1981</year>
               </mixed-citation>
            </p>
         </fn>
         <fn id="d30375e332a1310">
            <label>8</label>
            <p>
               <mixed-citation id="d30375e339" publication-type="journal">
Raymond A. Anselment, 'The Oxford University Poets and Caroline Panegyric' in John
Donne Journal, iii (1984), 181-201<person-group>
                     <string-name>
                        <surname>Anselment</surname>
                     </string-name>
                  </person-group>
                  <fpage>181</fpage>
                  <volume>iii</volume>
                  <source>John Donne Journal</source>
                  <year>1984</year>
               </mixed-citation>
            </p>
         </fn>
         <fn id="d30375e371a1310">
            <label>9</label>
            <p>
               <mixed-citation id="d30375e378" publication-type="book">
The Kings Maiesties Speech, As It was delivered the second ofNovember before the university and
City of Oxford. Together With a gratulatory Replication expressed by that learned Man Doctor
William Strode, Orator for the famous university of Oxford (First printed at Oxford, and now
re-printed at London, 1642)<source>The Kings Maiesties Speech, As It was delivered the second ofNovember before the university and City of Oxford. Together With a gratulatory Replication expressed by that learned Man Doctor William Strode, Orator for the famous university of Oxford</source>
                  <year>1642</year>
               </mixed-citation>
            </p>
         </fn>
         <fn id="d30375e401a1310">
            <label>9</label>
            <p>
               <mixed-citation id="d30375e408" publication-type="book">
A Speech Delivered By the Kings Most Excellent Maiestie (Printed at Oxford by Leonard
Lichfield, Printer to the Universitie. 1643), p. 6.<fpage>6</fpage>
                  <source>A Speech Delivered By the Kings Most Excellent Maiestie</source>
                  <year>1643</year>
               </mixed-citation>
            </p>
         </fn>
         <fn id="d30375e428a1310">
            <label>11</label>
            <p>
               <mixed-citation id="d30375e435" publication-type="book">
The Royalist Ordnance Papers
r642-1646, ed. Ian Roy, Oxfordshire Record Society, 43 (1963-4)<person-group>
                     <string-name>
                        <surname>Roy</surname>
                     </string-name>
                  </person-group>
                  <source>The Royalist Ordnance Papers r642-1646</source>
                  <year>1963</year>
               </mixed-citation>
            </p>
         </fn>
         <fn id="d30375e460a1310">
            <label>12</label>
            <p>
               <mixed-citation id="d30375e467" publication-type="book">
Margaret Toynbee and Peter Young, Strangers in Oxford (Chichester, 1973)<person-group>
                     <string-name>
                        <surname>Toynbee</surname>
                     </string-name>
                  </person-group>
                  <source>Strangers in Oxford</source>
                  <year>1973</year>
               </mixed-citation>
            </p>
            <p>
               <mixed-citation id="d30375e488" publication-type="other">
Bod[leian Library], Add. MS D.-14</mixed-citation>
            </p>
         </fn>
         <fn id="d30375e495a1310">
            <label>13</label>
            <p>
               <mixed-citation id="d30375e502" publication-type="other">
Census taken on 7 June 1643, Bod, MS 28189, f. 17r-v and another copy at Bod, Add. MS
D.114, f. 19r</mixed-citation>
            </p>
            <p>
               <mixed-citation id="d30375e511" publication-type="book">
Peter Young and Wilfrid Emberton, The Cavalier Army
(London, 1974), p. 49<person-group>
                     <string-name>
                        <surname>Young</surname>
                     </string-name>
                  </person-group>
                  <fpage>49</fpage>
                  <source>The Cavalier Army</source>
                  <year>1974</year>
               </mixed-citation>
            </p>
         </fn>
         <fn id="d30375e540a1310">
            <label>14</label>
            <p>
               <mixed-citation id="d30375e547" publication-type="book">
C[alendar of] S[tate] P[apers,]D[omestic] 1644, 6 June, p. 212.<comment content-type="section">6 June</comment>
                  <fpage>212</fpage>
                  <source>C[alendar of] S[tate] P[apers,]D[omestic] 1644</source>
                  <year>1644</year>
               </mixed-citation>
            </p>
         </fn>
         <fn id="d30375e566a1310">
            <label>15</label>
            <p>
               <mixed-citation id="d30375e573" publication-type="other">
MS order by the Lords and Commissioners 'for the obseruance and execution of the Statute
made for the releife and ordering of persons infected with the Plague', Bod, Add. MS D.114, f. 164r.</mixed-citation>
            </p>
         </fn>
         <fn id="d30375e583a1310">
            <label>16</label>
            <p>
               <mixed-citation id="d30375e590" publication-type="other">
Oxford CouncilActs 1626-1665, p. 112.</mixed-citation>
            </p>
         </fn>
         <fn id="d30375e598a1310">
            <label>17</label>
            <p>
               <mixed-citation id="d30375e605" publication-type="book">
Mad Verse, Sad Verse, Glad Verse and Bad Verse ([Oxford, 1644]), 11. 254, 255-58.<fpage>254</fpage>
                  <volume>11</volume>
                  <source>Mad Verse, Sad Verse, Glad Verse and Bad Verse</source>
                  <year>1644</year>
               </mixed-citation>
            </p>
         </fn>
         <fn id="d30375e624a1310">
            <label>18</label>
            <p>
               <mixed-citation id="d30375e631" publication-type="book">
Peter Stallybrass and Allon White, The Politics and Poetics of Transgression (London, 1986).<person-group>
                     <string-name>
                        <surname>Stallybrass</surname>
                     </string-name>
                  </person-group>
                  <source>The Politics and Poetics of Transgression</source>
                  <year>1986</year>
               </mixed-citation>
            </p>
         </fn>
         <fn id="d30375e653a1310">
            <label>19</label>
            <p>
               <mixed-citation id="d30375e660" publication-type="book">
A Proclamationfor the ease of the Citty of Oxford ([Oxford, Leonard Lichfield], 1643).<source>A Proclamationfor the ease of the Citty of Oxford</source>
                  <year>1643</year>
               </mixed-citation>
            </p>
         </fn>
         <fn id="d30375e673a1310">
            <label>20</label>
            <p>
               <mixed-citation id="d30375e680" publication-type="other">
M[agdalen] C[ollege] A[rchives], CS 40/9/1.</mixed-citation>
            </p>
         </fn>
         <fn id="d30375e687a1310">
            <label>21</label>
            <p>
               <mixed-citation id="d30375e694" publication-type="other">
Lincoln College Archives, Bursary Archives (Calculus) Box 2: Calculus Book 1643, f. 18r.</mixed-citation>
            </p>
         </fn>
         <fn id="d30375e701a1310">
            <label>22</label>
            <p>
               <mixed-citation id="d30375e708" publication-type="other">
MCA, CS 40/9/1.</mixed-citation>
            </p>
         </fn>
         <fn id="d30375e716a1310">
            <label>23</label>
            <p>
               <mixed-citation id="d30375e723" publication-type="book">
Men-miracles, with other Poems. By M. LI. St. of Christ Church in Oxon ([Oxford, Henry
Hall], 1646), 11. 1-2.<fpage>1</fpage>
                  <volume>11</volume>
                  <source>Men-miracles, with other Poems. By M. LI. St. of Christ Church in Oxon</source>
                  <year>1646</year>
               </mixed-citation>
            </p>
         </fn>
         <fn id="d30375e746a1310">
            <label>24</label>
            <p>
               <mixed-citation id="d30375e753" publication-type="other">
HMC Report 5 (House of Lords MS), 20 December 1642, p. 61, p. 76, p. 77, p. 116.</mixed-citation>
            </p>
         </fn>
         <fn id="d30375e760a1310">
            <label>25</label>
            <p>
               <mixed-citation id="d30375e767" publication-type="book">
G. E. Aylmer calculates that during the 1630s the Royal households consisted of some 1840
staff, The King's Servants (London, 1961), p. 27.<person-group>
                     <string-name>
                        <surname>Aylmer</surname>
                     </string-name>
                  </person-group>
                  <fpage>27</fpage>
                  <source>The King's Servants</source>
                  <year>1961</year>
               </mixed-citation>
            </p>
         </fn>
         <fn id="d30375e796a1310">
            <label>26</label>
            <p>
               <mixed-citation id="d30375e803" publication-type="book">
'Table and Cellar Book of Charles I, at Oxford, A. D. 1643-1644', HMC (Ormond NS II),
pp. 406-10.<comment content-type="section">Table and Cellar Book of Charles I, at Oxford, A. D. 1643-1644</comment>
                  <fpage>406</fpage>
                  <source>HMC</source>
               </mixed-citation>
            </p>
         </fn>
         <fn id="d30375e822a1310">
            <label>27</label>
            <p>
               <mixed-citation id="d30375e829" publication-type="book">
Falconer Madan, Oxford Books (Oxford, 1912), II, 274<person-group>
                     <string-name>
                        <surname>Madan</surname>
                     </string-name>
                  </person-group>
                  <fpage>274</fpage>
                  <volume>II</volume>
                  <source>Oxford Books</source>
                  <year>1912</year>
               </mixed-citation>
            </p>
            <p>
               <mixed-citation id="d30375e857" publication-type="other">
CSPD 1641-43, P. 422</mixed-citation>
            </p>
         </fn>
         <fn id="d30375e864a1310">
            <label>28</label>
            <p>
               <mixed-citation id="d30375e871" publication-type="other">
BL, Egerton MS 1994, ff. 212r-224r</mixed-citation>
            </p>
            <p>
               <mixed-citation id="d30375e877" publication-type="other">
'August 5th: 1643' (f. 212r)</mixed-citation>
            </p>
         </fn>
         <fn id="d30375e885a1310">
            <label>29</label>
            <p>
               <mixed-citation id="d30375e892" publication-type="other">
Corpus Christi College Archives, C/I/I/IO (Libri Magni 1642-59), f. zIr-v</mixed-citation>
            </p>
            <p>
               <mixed-citation id="d30375e898" publication-type="other">
Oxford
Council Acts 1626-1665, p. 114</mixed-citation>
            </p>
         </fn>
         <fn id="d30375e908a1310">
            <label>30</label>
            <p>
               <mixed-citation id="d30375e915" publication-type="book">
A Proclamation against wast and excesse in Apparell, Madan, Oxford Books, II, entry 1377.<comment content-type="section">A Proclamation against wast and excesse in Apparell</comment>
                  <volume>II</volume>
                  <source>Oxford Books</source>
                  <year>1377</year>
               </mixed-citation>
            </p>
         </fn>
         <fn id="d30375e934a1310">
            <label>31</label>
            <p>
               <mixed-citation id="d30375e941" publication-type="other">
'Vive le Roy', Bod, Rawlinson Poet. MS 71, p. 62, 11. 1-4.</mixed-citation>
            </p>
         </fn>
         <fn id="d30375e948a1310">
            <label>32</label>
            <p>
               <mixed-citation id="d30375e955" publication-type="other">
'His Mary valediccon to the Queene at the departure', p. I, 1. 12.</mixed-citation>
            </p>
         </fn>
         <fn id="d30375e962a1310">
            <label>33</label>
            <p>
               <mixed-citation id="d30375e969" publication-type="other">
Bod, Rawlinson MS 26, f. 138r, 11. 7-8.</mixed-citation>
            </p>
         </fn>
         <fn id="d30375e976a1310">
            <label>34</label>
            <p>
               <mixed-citation id="d30375e983" publication-type="book">
The History of That most famous Saint and Souldier of Christ Jesus (London: Printed for
Henry Seyle, 1631), p. I.<fpage>I</fpage>
                  <source>The History of That most famous Saint and Souldier of Christ Jesus</source>
                  <year>1631</year>
               </mixed-citation>
            </p>
         </fn>
         <fn id="d30375e1003a1310">
            <label>35</label>
            <p>
               <mixed-citation id="d30375e1010" publication-type="book">
The Diary ofBulstrode Whitelocke 1605-r675, ed. Ruth Spalding (Oxford, 1990), p. 141.<person-group>
                     <string-name>
                        <surname>Spalding</surname>
                     </string-name>
                  </person-group>
                  <fpage>141</fpage>
                  <source>The Diary ofBulstrode Whitelocke 1605-r675</source>
                  <year>1990</year>
               </mixed-citation>
            </p>
         </fn>
         <fn id="d30375e1035a1310">
            <label>36</label>
            <p>
               <mixed-citation id="d30375e1042" publication-type="book">
Cited by John Adair, By the Sword Divided (Bridgend, 1998), pp. 77-78.<person-group>
                     <string-name>
                        <surname>Adair</surname>
                     </string-name>
                  </person-group>
                  <fpage>77</fpage>
                  <source>By the Sword Divided</source>
                  <year>1998</year>
               </mixed-citation>
            </p>
         </fn>
         <fn id="d30375e1067a1310">
            <label>37</label>
            <p>
               <mixed-citation id="d30375e1074" publication-type="book">
'The Epistle Dedicatory', The Loves of Hero and Leander (Oxford, Printed by Henry Hall. 1645)<comment content-type="section">The Epistle Dedicatory</comment>
                  <source>The Loves of Hero and Leander</source>
                  <year>1645</year>
               </mixed-citation>
            </p>
         </fn>
         <fn id="d30375e1090a1310">
            <label>38</label>
            <p>
               <mixed-citation id="d30375e1097" publication-type="book">
R. Malcolm Smuts, Court Culture and the Origins of a Royalist Tradition in Early Stuart
England (Philadelphia, 1987)<person-group>
                     <string-name>
                        <surname>Smuts</surname>
                     </string-name>
                  </person-group>
                  <source>Court Culture and the Origins of a Royalist Tradition in Early Stuart England</source>
                  <year>1987</year>
               </mixed-citation>
            </p>
            <p>
               <mixed-citation id="d30375e1121" publication-type="book">
Timothy Raylor, Cavaliers, Clubs and Literary Culture (London and
Toronto, 1994)<person-group>
                     <string-name>
                        <surname>Raylor</surname>
                     </string-name>
                  </person-group>
                  <source>Cavaliers, Clubs and Literary Culture</source>
                  <year>1994</year>
               </mixed-citation>
            </p>
         </fn>
         <fn id="d30375e1146a1310">
            <label>39</label>
            <p>
               <mixed-citation id="d30375e1153" publication-type="book">
Strickland Gibson, 'The university of Oxford' in History of
the County of Oxfordshire, 13 vols, ed. H. E. Salter and Mary D. Lobel (Oxford, 1954), III, 25<person-group>
                     <string-name>
                        <surname>Gibson</surname>
                     </string-name>
                  </person-group>
                  <comment content-type="section">The university of Oxford</comment>
                  <fpage>25</fpage>
                  <volume>III</volume>
                  <source>History of the County of Oxfordshire</source>
                  <year>1954</year>
               </mixed-citation>
            </p>
            <p>
               <mixed-citation id="d30375e1187" publication-type="book">
Madan, OxfordBooks, II,
218<person-group>
                     <string-name>
                        <surname>Madan</surname>
                     </string-name>
                  </person-group>
                  <fpage>218</fpage>
                  <volume>II</volume>
                  <source>OxfordBooks</source>
               </mixed-citation>
            </p>
         </fn>
         <fn id="d30375e1216a1310">
            <label>40</label>
            <p>
               <mixed-citation id="d30375e1223" publication-type="book">
The Malignants Lamentation (London, Printed by J. M. 1645), p. 13.<fpage>13</fpage>
                  <source>The Malignants Lamentation</source>
                  <year>1645</year>
               </mixed-citation>
            </p>
         </fn>
         <fn id="d30375e1240a1310">
            <label>41</label>
            <p>
               <mixed-citation id="d30375e1247" publication-type="other">
'Subdean's Book'), p. 385</mixed-citation>
            </p>
         </fn>
         <fn id="d30375e1254a1310">
            <label>42</label>
            <p>
               <mixed-citation id="d30375e1261" publication-type="book">
Madan, Oxford
Books, II, 293<person-group>
                     <string-name>
                        <surname>Madan</surname>
                     </string-name>
                  </person-group>
                  <fpage>293</fpage>
                  <source>Oxford Books</source>
               </mixed-citation>
            </p>
         </fn>
         <fn id="d30375e1286a1310">
            <label>43</label>
            <p>
               <mixed-citation id="d30375e1293" publication-type="book">
P. W. Thomas, Sir John Berkenhead 1617-_679 (Oxford,
1969), P. 34<person-group>
                     <string-name>
                        <surname>Thomas</surname>
                     </string-name>
                  </person-group>
                  <fpage>34</fpage>
                  <source>Sir John Berkenhead 1617-_679</source>
                  <year>1969</year>
               </mixed-citation>
            </p>
         </fn>
         <fn id="d30375e1322a1310">
            <label>44</label>
            <p>
               <mixed-citation id="d30375e1329" publication-type="other">
BL, Egerton MS 2978, ff. 133r-134v</mixed-citation>
            </p>
         </fn>
         <fn id="d30375e1336a1310">
            <label>45</label>
            <p>
               <mixed-citation id="d30375e1343" publication-type="other">
Certaine Informations, 30 Oct-6 Nov 1643</mixed-citation>
            </p>
            <p>
               <mixed-citation id="d30375e1349" publication-type="book">
Leslie Hotson, The Commonwealth
and Restoration Stage (Cambridge, MA, 1928), p. 9<person-group>
                     <string-name>
                        <surname>Hotson</surname>
                     </string-name>
                  </person-group>
                  <fpage>9</fpage>
                  <source>The Commonwealth and Restoration Stage</source>
                  <year>1928</year>
               </mixed-citation>
            </p>
         </fn>
         <fn id="d30375e1378a1310">
            <label>46</label>
            <p>
               <mixed-citation id="d30375e1385" publication-type="book">
A Letter Sent from the Provost Vice-Chancellour of Oxford (London: Printed by L. N. for
E. Husbands and J. Franck and are to be sold at their shops in the Middle-Temple, and next door
to the Kings head in Fleet-street, 1642), p. 6.<fpage>6</fpage>
                  <source>A Letter Sent from the Provost Vice-Chancellour of Oxford</source>
                  <year>1642</year>
               </mixed-citation>
            </p>
         </fn>
         <fn id="d30375e1409a1310">
            <label>47</label>
            <p>
               <mixed-citation id="d30375e1416" publication-type="other">
October 1643</mixed-citation>
            </p>
            <p>
               <mixed-citation id="d30375e1422" publication-type="other">
Hotson, p. 9</mixed-citation>
            </p>
         </fn>
         <fn id="d30375e1429a1310">
            <label>48</label>
            <p>
               <mixed-citation id="d30375e1436" publication-type="book">
His Majesties Declaration To all His loving Subjects upon occasion of the late Ordinance and
Declaration ofthe Lords and Commonsfor the Assessing all such who have not contributed sufficiently
for raising ofMoney, Plate (Oxford, by L. Lichfield, 1642).<source>His Majesties Declaration To all His loving Subjects upon occasion of the late Ordinance and Declaration ofthe Lords and Commonsfor the Assessing all such who have not contributed sufficiently for raising ofMoney, Plate</source>
                  <year>1642</year>
               </mixed-citation>
            </p>
         </fn>
         <fn id="d30375e1455a1310">
            <label>49</label>
            <p>
               <mixed-citation id="d30375e1462" publication-type="book">
A Proclamation touching the Adjourning of Part of Hilary Terme, Madan, Oxford Books, II,
entry 1140<comment content-type="section">A Proclamation touching the Adjourning of Part of Hilary Terme</comment>
                  <volume>II</volume>
                  <source>Oxford Books</source>
               </mixed-citation>
            </p>
            <p>
               <mixed-citation id="d30375e1480" publication-type="other">
MS 2978, ff. 77r-87v</mixed-citation>
            </p>
            <p>
               <mixed-citation id="d30375e1486" publication-type="other">
BL, Egerton MS 2978, f. 76r</mixed-citation>
            </p>
         </fn>
         <fn id="d30375e1493a1310">
            <label>50</label>
            <p>
               <mixed-citation id="d30375e1500" publication-type="other">
HMC Report 5, pp. 69, 76.</mixed-citation>
            </p>
         </fn>
         <fn id="d30375e1507a1310">
            <label>51</label>
            <p>
               <mixed-citation id="d30375e1514" publication-type="book">
A Proclamation for the Payment of His Majesties Rents, and Revenues into His Receipt of His
Exchequer, at His Citty of Oxford ([Oxford, Leonard Lichfield], 1642[13]).<source>A Proclamation for the Payment of His Majesties Rents, and Revenues into His Receipt of His Exchequer, at His Citty of Oxford</source>
                  <year>1642</year>
               </mixed-citation>
            </p>
         </fn>
         <fn id="d30375e1530a1310">
            <label>52</label>
            <p>
               <mixed-citation id="d30375e1537" publication-type="book">
A Proclamation for the speedy payment of all such summes ofMoney as are due to His Majesty
for Customes, or other Duties upon Merchandize, into His Majesties Receipt at His Citty of Oxford
(1643), Madan, Oxford Books, II, entry 1252.<comment content-type="section">A Proclamation for the speedy payment of all such summes ofMoney as are due to His Majesty for Customes, or other Duties upon Merchandize, into His Majesties Receipt at His Citty of Oxford</comment>
                  <volume>II</volume>
                  <source>Oxford Books</source>
                  <year>1643</year>
               </mixed-citation>
            </p>
         </fn>
         <fn id="d30375e1564a1310">
            <label>53</label>
            <p>
               <mixed-citation id="d30375e1571" publication-type="other">
The Privy Council minutes for the period illustrate the increasing concern with ways of
raising money, PRO, PC/2/53, pp. 224, 226.</mixed-citation>
            </p>
         </fn>
         <fn id="d30375e1581a1310">
            <label>54</label>
            <p>
               <mixed-citation id="d30375e1588" publication-type="journal">
J. Engberg, 'Royalist Finances during the English Civil War 1642-46', The Scandinavian
Economic History Review, xiv (1966), 73-97, at 87.<person-group>
                     <string-name>
                        <surname>Engberg</surname>
                     </string-name>
                  </person-group>
                  <fpage>73</fpage>
                  <volume>xiv</volume>
                  <source>The Scandinavian Economic History Review</source>
                  <year>1966</year>
               </mixed-citation>
            </p>
         </fn>
         <fn id="d30375e1620a1310">
            <label>55</label>
            <p>
               <mixed-citation id="d30375e1627" publication-type="other">
CSPD 1644-1645, 8 May, p. 107.</mixed-citation>
            </p>
         </fn>
         <fn id="d30375e1634a1310">
            <label>56</label>
            <p>
               <mixed-citation id="d30375e1641" publication-type="other">
PRO, PC/2/53, p. 224</mixed-citation>
            </p>
            <p>
               <mixed-citation id="d30375e1647" publication-type="book">
Proclamations, Madan, Oxford Books, II, entries 1472, 1551<person-group>
                     <string-name>
                        <surname>Proclamations</surname>
                     </string-name>
                  </person-group>
                  <volume>II</volume>
                  <source>Oxford Books</source>
                  <year>1983</year>
               </mixed-citation>
            </p>
         </fn>
         <fn id="d30375e1672a1310">
            <label>57</label>
            <p>
               <mixed-citation id="d30375e1679" publication-type="book">
Reginald W. Jeffrey, 'The Oxford Mint' in History of the County of Oxfordshire, II, 272-73,
at 273.<person-group>
                     <string-name>
                        <surname>Jeffrey</surname>
                     </string-name>
                  </person-group>
                  <comment content-type="section">The Oxford Mint</comment>
                  <fpage>272</fpage>
                  <source>History of the County of Oxfordshire</source>
               </mixed-citation>
            </p>
         </fn>
         <fn id="d30375e1708a1310">
            <label>58</label>
            <p>
               <mixed-citation id="d30375e1715" publication-type="book">
A Proclamation to Declare, that the Proces ofGreen Waxe may be sealed at Oxford as well as at
London (1643), Madan, Oxford Books, II, entry 1471.<comment content-type="section">A Proclamation to Declare, that the Proces ofGreen Waxe may be sealed at Oxford as well as at London (1643)</comment>
                  <volume>II</volume>
                  <source>Oxford Books</source>
                  <year>1643</year>
               </mixed-citation>
            </p>
         </fn>
         <fn id="d30375e1739a1310">
            <label>59</label>
            <p>
               <mixed-citation id="d30375e1746" publication-type="book">
A Proclamation warning all His Majesties good Subjects no longer to be misled by the Votes,
Orders, and pretended Ordinances of one or both Houses (1643), in James Larkin, ed., Stuart Royal
Proclamations (Oxford, 1983), II, 915.<person-group>
                     <string-name>
                        <surname>Larkin</surname>
                     </string-name>
                  </person-group>
                  <comment content-type="section">A Proclamation warning all His Majesties good Subjects no longer to be misled by the Votes, Orders, and pretended Ordinances of one or both Houses (1643)</comment>
                  <fpage>915</fpage>
                  <volume>II</volume>
                  <source>Stuart Royal Proclamations</source>
                  <year>1983</year>
               </mixed-citation>
            </p>
         </fn>
         <fn id="d30375e1784a1310">
            <label>60</label>
            <p>
               <mixed-citation id="d30375e1791" publication-type="book">
Musarum Oxoniensium, Serenissima ([Oxford] by L. Lichfield, 1643), 11. 3-5.<person-group>
                     <string-name>
                        <surname>Lichfield</surname>
                     </string-name>
                  </person-group>
                  <fpage>3</fpage>
                  <volume>11</volume>
                  <source>Musarum Oxoniensium, Serenissima</source>
                  <year>1643</year>
               </mixed-citation>
            </p>
         </fn>
         <fn id="d30375e1820a1310">
            <label>62</label>
            <p>
               <mixed-citation id="d30375e1827" publication-type="other">
'Song or Ode. When ye speakers of either houses Leueing their charges &amp; running away to ye
Army', Houghton Library, Harvard, Eng. fMS 645, p. 6, 11. 23-24.</mixed-citation>
            </p>
         </fn>
         <fn id="d30375e1837a1310">
            <label>63</label>
            <p>
               <mixed-citation id="d30375e1844" publication-type="other">
'The Liberty and requiem of an imprisoned Royallist', BL, Egerton MS 2725, ff. 138r-9r, 11.
7-Io.</mixed-citation>
            </p>
         </fn>
         <fn id="d30375e1854a1310">
            <label>64</label>
            <p>
               <mixed-citation id="d30375e1861" publication-type="book">
The Loyall Subiect's Retiring-Roome (Oxford, Printed by Leonard Lichfield, Printer to the
university, 1645), p. 2.<fpage>2</fpage>
                  <source>The Loyall Subiect's Retiring-Roome</source>
                  <year>1645</year>
               </mixed-citation>
            </p>
         </fn>
         <fn id="d30375e1880a1310">
            <label>65</label>
            <p>
               <mixed-citation id="d30375e1887" publication-type="book">
Kevin Sharpe, The Personal Rule (New Haven and London, 1992), p. 209.<person-group>
                     <string-name>
                        <surname>Sharpe</surname>
                     </string-name>
                  </person-group>
                  <fpage>209</fpage>
                  <source>The Personal Rule</source>
                  <year>1992</year>
               </mixed-citation>
            </p>
         </fn>
         <fn id="d30375e1913a1310">
            <label>66</label>
            <p>
               <mixed-citation id="d30375e1920" publication-type="other">
These points are also noted in Walker's minutes for the Council of War, 26 January [1642],
BL, Add. MS 15750, f. 16v.</mixed-citation>
            </p>
         </fn>
         <fn id="d30375e1930a1310">
            <label>67</label>
            <p>
               <mixed-citation id="d30375e1937" publication-type="journal">
The fourth Weeke, 26 January [1642].<issue>26 January</issue>
                  <source>The fourth Weeke</source>
                  <year>1642</year>
               </mixed-citation>
            </p>
         </fn>
         <fn id="d30375e1953a1310">
            <label>68</label>
            <p>
               <mixed-citation id="d30375e1960" publication-type="book">
Sharpe, 'The Image of Virtue', p. 233<person-group>
                     <string-name>
                        <surname>Sharpe</surname>
                     </string-name>
                  </person-group>
                  <fpage>233</fpage>
                  <source>The Image of Virtue</source>
               </mixed-citation>
            </p>
         </fn>
         <fn id="d30375e1982a1310">
            <label>69</label>
            <p>
               <mixed-citation id="d30375e1989" publication-type="book">
Sharpe, The Personal
Rule, p. 215<person-group>
                     <string-name>
                        <surname>Sharpe</surname>
                     </string-name>
                  </person-group>
                  <fpage>215</fpage>
                  <source>The Personal Rule</source>
               </mixed-citation>
            </p>
         </fn>
         <fn id="d30375e2014a1310">
            <label>70</label>
            <p>
               <mixed-citation id="d30375e2021" publication-type="book">
A Speech or Complaint (London, Printed for Nathaniel Butter, 1643), p. 5.<fpage>5</fpage>
                  <source>A Speech or Complaint</source>
                  <year>1643</year>
               </mixed-citation>
            </p>
         </fn>
         <fn id="d30375e2037a1310">
            <label>71</label>
            <p>
               <mixed-citation id="d30375e2044" publication-type="other">
Diary of Bulstrode Whitelocke, pp. 143, 145</mixed-citation>
            </p>
            <p>
               <mixed-citation id="d30375e2050" publication-type="other">
BL, Egerton MS 2725, ff. 139v-40r, 11. 9-12</mixed-citation>
            </p>
         </fn>
         <fn id="d30375e2058a1310">
            <label>72</label>
            <p>
               <mixed-citation id="d30375e2065" publication-type="other">
PRO, PC/2/153</mixed-citation>
            </p>
            <p>
               <mixed-citation id="d30375e2071" publication-type="other">
'At Oxford 5t"h Augusti 1643' (p. 215)</mixed-citation>
            </p>
            <p>
               <mixed-citation id="d30375e2077" publication-type="other">
Nottingham in the summer of 1642 (p. 213)</mixed-citation>
            </p>
         </fn>
         <fn id="d30375e2084a1310">
            <label>73</label>
            <p>
               <mixed-citation id="d30375e2091" publication-type="other">
Acts of the Privy Council vol. I, p. ix. PRO,
PC/2/53, ff. 213-33</mixed-citation>
            </p>
            <p>
               <mixed-citation id="d30375e2100" publication-type="other">
Privy Council Register 1643-45, PRO, LC/5/135
contains Miscellaneous Lord Chamberlain's Warrants 1641-3, Bod, Dugdale MS 19</mixed-citation>
            </p>
            <p>
               <mixed-citation id="d30375e2109" publication-type="other">
Officer of the Chancery' (p. ii)</mixed-citation>
            </p>
            <p>
               <mixed-citation id="d30375e2116" publication-type="other">
Bod, Rawlinson MS B. 121, ff.</mixed-citation>
            </p>
            <p>
               <mixed-citation id="d30375e2122" publication-type="other">
Bod, Add. MS D.114</mixed-citation>
            </p>
            <p>
               <mixed-citation id="d30375e2128" publication-type="other">
PRO, LC/I (Lord Steward's Household Accounts), PRO, LS/13/169 (Lord Steward's
Entry Book of Records)</mixed-citation>
            </p>
         </fn>
         <fn id="d30375e2138a1310">
            <label>74</label>
            <p>
               <mixed-citation id="d30375e2145" publication-type="journal">
Ian Roy, 'The Royalist Council of War 1642-46', Bulletin of the Institute of Historical
Research, xxxv (1962), 150-69<person-group>
                     <string-name>
                        <surname>Roy</surname>
                     </string-name>
                  </person-group>
                  <fpage>150</fpage>
                  <volume>xxxv</volume>
                  <source>Bulletin of the Institute of Historical Research</source>
                  <year>1962</year>
               </mixed-citation>
            </p>
         </fn>
         <fn id="d30375e2177a1310">
            <label>75</label>
            <p>
               <mixed-citation id="d30375e2184" publication-type="other">
PRO, PC/2/153, p. 215</mixed-citation>
            </p>
            <p>
               <mixed-citation id="d30375e2190" publication-type="other">
p. 224</mixed-citation>
            </p>
            <p>
               <mixed-citation id="d30375e2196" publication-type="other">
King (p. 226)</mixed-citation>
            </p>
         </fn>
         <fn id="d30375e2203a1310">
            <label>76</label>
            <p>
               <mixed-citation id="d30375e2210" publication-type="journal">
Ronald Hutton, 'The Structure of the Royalist
Party 1642-46', Historical Journal, xxiv (1981), 553-69<object-id pub-id-type="jstor">10.2307/2638883</object-id>
                  <fpage>553</fpage>
               </mixed-citation>
            </p>
            <p>
               <mixed-citation id="d30375e2225" publication-type="journal">
James Daly, 'The Implications of
Royalist Politics 1642-46', Historical Journal, xxvii (1984), 745-55<object-id pub-id-type="jstor">10.2307/2639278</object-id>
                  <fpage>745</fpage>
               </mixed-citation>
            </p>
         </fn>
         <fn id="d30375e2241a1310">
            <label>77</label>
            <p>
               <mixed-citation id="d30375e2248" publication-type="journal">
Ian Roy, 'The Royalist Council of War 1642-46', Bulletin of the Institute of Historical
Research, xxxv (1962), 150-69.<person-group>
                     <string-name>
                        <surname>Roy</surname>
                     </string-name>
                  </person-group>
                  <fpage>150</fpage>
                  <volume>xxxv</volume>
                  <source>Bulletin of the Institute of Historical Research</source>
                  <year>1962</year>
               </mixed-citation>
            </p>
         </fn>
         <fn id="d30375e2281a1310">
            <label>79</label>
            <p>
               <mixed-citation id="d30375e2288" publication-type="other">
CSPD 1644-1645, p. 107.</mixed-citation>
            </p>
         </fn>
         <fn id="d30375e2295a1310">
            <label>80</label>
            <p>
               <mixed-citation id="d30375e2302" publication-type="book">
Oxonii Lachrymae, Rachel weepingfor her Children, or, a Patheticall Relation of The present
Grievances ofthe late famous University of Oxford (London, Printed in the year, 1649), P. 2.<person-group>
                     <string-name>
                        <surname>Lachrymae</surname>
                     </string-name>
                  </person-group>
                  <fpage>2</fpage>
                  <source>Rachel weepingfor her Children, or, a Patheticall Relation of The present Grievances ofthe late famous University of Oxford</source>
                  <year>1649</year>
               </mixed-citation>
            </p>
         </fn>
      </fn-group>
   </back>
</article>
