<article dtd-version="1.0" article-type="research-article">
   <front>
      <journal-meta>
         <journal-id xmlns:xlink="http://www.w3.org/1999/xlink" journal-id-type="jstor">englhistrevi</journal-id>
         <journal-id xmlns:xlink="http://www.w3.org/1999/xlink" journal-id-type="jstor">j100150</journal-id>
         <journal-title-group xmlns:xlink="http://www.w3.org/1999/xlink">
            <journal-title>The English Historical Review</journal-title>
         </journal-title-group>
         <publisher>
            <publisher-name>Oxford University Press</publisher-name>
         </publisher>
         <issn xmlns:xlink="http://www.w3.org/1999/xlink" pub-type="ppub">00138266</issn>
         <issn xmlns:xlink="http://www.w3.org/1999/xlink" pub-type="epub">14774534</issn>
      </journal-meta>
      <article-meta>
         <article-id xmlns:xlink="http://www.w3.org/1999/xlink" pub-id-type="jstor">3490925</article-id>
         <article-categories>
            <subj-group>
               <subject>Notes</subject>
            </subj-group>
         </article-categories>
         <title-group>
            <article-title>The Royal Nursery: A Household for the Younger Children of Edward III</article-title>
         </title-group>
         <contrib-group>
            <contrib contrib-type="author">
               <string-name xmlns:xlink="http://www.w3.org/1999/xlink">
                  <given-names>W. M.</given-names>
                  <surname>Ormrod</surname>
               </string-name>
            </contrib>
         </contrib-group>
         <pub-date xmlns:xlink="http://www.w3.org/1999/xlink">
            <day>1</day>
            <month>4</month>
            <year>2005</year>
         </pub-date>
         <volume>120</volume>
         <issue>486</issue>
         <issue-id xmlns:xlink="http://www.w3.org/1999/xlink">i277762</issue-id>
         <fpage>398</fpage>
         <lpage>415</lpage>
         <page-range>398-415</page-range>
         <permissions>
            <copyright-statement>Copyright 2005 Oxford University Press</copyright-statement>
         </permissions>
         <self-uri xmlns:xlink="http://www.w3.org/1999/xlink"
                   xlink:href="http://www.jstor.org/stable/3490925"/>
         <custom-meta-group xmlns:xlink="http://www.w3.org/1999/xlink">
            <custom-meta>
               <meta-name>lang</meta-name>
               <meta-value>eng</meta-value>
            </custom-meta>
         </custom-meta-group>
      </article-meta>
   </front>
   <back>
      <fn-group xmlns:xlink="http://www.w3.org/1999/xlink">
         <title>[Footnotes]</title>
         <fn id="d8759e125a1310">
            <label>1</label>
            <p>
               <mixed-citation id="d8759e132" publication-type="book">
T. F. Tout, Chapters in the Administrative History of Mediaeval England (6 vols, Manchester,
1920-33).<person-group>
                     <string-name>
                        <surname>Tout</surname>
                     </string-name>
                  </person-group>
                  <source>Chapters in the Administrative History ofMediaeval England</source>
                  <year>1920</year>
               </mixed-citation>
            </p>
            <p>
               <mixed-citation id="d8759e156" publication-type="other">
Tout, Chapters, v, 231-430</mixed-citation>
            </p>
            <p>
               <mixed-citation id="d8759e162" publication-type="book">
T. F. Tout, The Place ofthe Reign of Edward II in
English History, 2nd edn, rev. Hilda Johnstone (Manchester, 1936)<person-group>
                     <string-name>
                        <surname>Tout</surname>
                     </string-name>
                  </person-group>
                  <edition>2</edition>
                  <source>The Place ofthe Reign ofEdward II in English History</source>
                  <year>1936</year>
               </mixed-citation>
            </p>
         </fn>
         <fn id="d8759e191a1310">
            <label>2</label>
            <p>
               <mixed-citation id="d8759e198" publication-type="other">
Supra, n. i</mixed-citation>
            </p>
            <p>
               <mixed-citation id="d8759e204" publication-type="journal">
Hilda Johnstone, 'The Wardrobe and Household of Henry, Son of Edward I',
Bulletin of the John Rylands Library, vii (1922-3), 384-420<person-group>
                     <string-name>
                        <surname>Johnstone</surname>
                     </string-name>
                  </person-group>
                  <fpage>384</fpage>
                  <volume>vii</volume>
                  <source>Bulletin of the John Rylands Library</source>
                  <year>1922</year>
               </mixed-citation>
            </p>
            <p>
               <mixed-citation id="d8759e235" publication-type="journal">
eadem, 'The Wardrobe and Household
Accounts of the Sons of Edward I', Bulletin of the Institute of Historical Research, ii (1925), 37-45<person-group>
                     <string-name>
                        <surname>eadem</surname>
                     </string-name>
                  </person-group>
                  <fpage>37</fpage>
                  <volume>ii</volume>
                  <source>Bulletin of the Institute of Historical Research</source>
                  <year>1925</year>
               </mixed-citation>
            </p>
            <p>
               <mixed-citation id="d8759e267" publication-type="book">
eadem, 'The Queen's Household', in The English Government at Work, 1327-I336; ed. J. F. Willard
et al. (3 vols, Cambridge, Mass., 1930-40), i, 250-99<person-group>
                     <string-name>
                        <surname>eadem</surname>
                     </string-name>
                  </person-group>
                  <comment content-type="section">'The Queen's Household'</comment>
                  <fpage>250</fpage>
                  <volume>i</volume>
                  <source>The English Government at Work, 1327-I336</source>
                  <year>1940</year>
               </mixed-citation>
            </p>
            <p>
               <mixed-citation id="d8759e301" publication-type="book">
eadem, 'The Queen's Exchequer under the
Three Edwards', in Historical Essays in Honour ofJames Tait, ed. J. G. Edwards, V. H. Galbraith
and E. F. Jacob (Manchester, 1933), 143-53<person-group>
                     <string-name>
                        <surname>eadem</surname>
                     </string-name>
                  </person-group>
                  <comment content-type="section">The Queen's Exchequer under the Three Edwards'</comment>
                  <fpage>143</fpage>
                  <source>Historical Essays in Honour ofJames Tait</source>
                  <year>1933</year>
               </mixed-citation>
            </p>
            <p>
               <mixed-citation id="d8759e335" publication-type="journal">
Noel Denholm-Young, 'Edward of Windsor
and Bermondsey Priory', ante, xlviii (1933), 432-43<person-group>
                     <string-name>
                        <surname>Denholm-Young</surname>
                     </string-name>
                  </person-group>
                  <fpage>432</fpage>
                  <volume>xlviii</volume>
                  <source>ante</source>
                  <year>1933</year>
               </mixed-citation>
            </p>
         </fn>
         <fn id="d8759e367a1310">
            <label>3</label>
            <p>
               <mixed-citation id="d8759e374" publication-type="book">
A. R. Myers, Crown, Household and Parliament
in Fifteenth Century England, ed. Cecil H. Clough (London, 1985).<person-group>
                     <string-name>
                        <surname>Myers</surname>
                     </string-name>
                  </person-group>
                  <source>Crown, Household and Parliament in Fifteenth Century England</source>
                  <year>1985</year>
               </mixed-citation>
            </p>
            <p>
               <mixed-citation id="d8759e398" publication-type="book">
The Household of
Edward IV The Black Book and the Ordinance ofl478, ed. A. R. Myers (Manchester, i959)<source>The Household of Edward IV The Black Book and the Ordinance ofl478</source>
                  <year>1959</year>
               </mixed-citation>
            </p>
            <p>
               <mixed-citation id="d8759e413" publication-type="journal">
D. A. L. Morgan, 'The King's
Affinity in the Polity of Yorkist England', Transactions of the Royal Historical Society, 5th ser., xxiii
(1973), 1-25<person-group>
                     <string-name>
                        <surname>Morgan</surname>
                     </string-name>
                  </person-group>
                  <comment content-type="series title">5th ser</comment>
                  <fpage>1</fpage>
                  <volume>xxiii</volume>
                  <source>Transactions of the Royal Historical Society</source>
                  <year>1973</year>
               </mixed-citation>
            </p>
            <p>
               <mixed-citation id="d8759e451" publication-type="book">
idem, 'The House of Policy: The Political Role of the Late Plantagenet Household,
1422-1485', in The English Court from the Wars of the Roses to the Civil War, ed. David Starkey
(London, 1987), 25-41<person-group>
                     <string-name>
                        <surname>Morgan</surname>
                     </string-name>
                  </person-group>
                  <comment content-type="section">The House of Policy: The Political Role of the Late Plantagenet Household, 1422-1485'</comment>
                  <fpage>25</fpage>
                  <source>The English Court from the Wars of the Roses to the Civil War</source>
                  <year>1987</year>
               </mixed-citation>
            </p>
         </fn>
         <fn id="d8759e486a1310">
            <label>4</label>
            <p>
               <mixed-citation id="d8759e493" publication-type="book">
Liber Conrarotulatoris Garderobiae, I299-13oo, ed. J. Topham (London, 1787)<person-group>
                     <string-name>
                        <surname>Topham</surname>
                     </string-name>
                  </person-group>
                  <source>Liber Conrarotulatoris Garderobiae, I299-13oo</source>
                  <year>1787</year>
               </mixed-citation>
            </p>
            <p>
               <mixed-citation id="d8759e514" publication-type="book">
A
Collection of Ordinances and Regulations for the Government of the Royal Household (Edward III-
William and Mary) (2 vols, London, 1790)<source>A Collection of Ordinances and Regulations for the Government of the Royal Household</source>
                  <year>1790</year>
               </mixed-citation>
            </p>
            <p>
               <mixed-citation id="d8759e532" publication-type="journal">
Samuel Lysons and John Brand, 'Extracts from the
Rotulusfamiliae in the Eighteenth Year of the Reign of King Edward I', Archaeologia, xv (18o6),
35o-62<person-group>
                     <string-name>
                        <surname>Lysons</surname>
                     </string-name>
                  </person-group>
                  <fpage>35o</fpage>
                  <volume>xv</volume>
                  <source>Archaeologia</source>
                  <year>1806</year>
               </mixed-citation>
            </p>
            <p>
               <mixed-citation id="d8759e567" publication-type="journal">
Nicholas Harris Nicolas, 'Observations on the Institution of the Most Noble Order of the
Garter', Archaeologia, xxxi (1846), 1-163<person-group>
                     <string-name>
                        <surname>Nicolas</surname>
                     </string-name>
                  </person-group>
                  <fpage>1</fpage>
                  <volume>xxxi</volume>
                  <source>Archaeologia</source>
                  <year>1846</year>
               </mixed-citation>
            </p>
            <p>
               <mixed-citation id="d8759e598" publication-type="other">
infra, n. 9</mixed-citation>
            </p>
         </fn>
         <fn id="d8759e606a1310">
            <label>5</label>
            <p>
               <mixed-citation id="d8759e613" publication-type="other">
supra, nn. 2-4</mixed-citation>
            </p>
            <p>
               <mixed-citation id="d8759e619" publication-type="book">
List of Documents Relating to the Household and
Wardrobe, John to Edward I, PRO Handbooks, vii (London, 1964)<volume>vii</volume>
                  <source>List of Documents Relating to the Household and Wardrobe, John to Edward I</source>
                  <year>1964</year>
               </mixed-citation>
            </p>
            <p>
               <mixed-citation id="d8759e637" publication-type="book">
The Household Book of Queen
Isabella of England for the Fifth Regnal Year of Edward II, ed. F. D. Blackley and G. Hermansen
(Edmonton, 1971)<person-group>
                     <string-name>
                        <surname>Blackley</surname>
                     </string-name>
                  </person-group>
                  <source>The Household Book of Queen Isabella of England for the Fifth Regnal Year of Edward II</source>
                  <year>1971</year>
               </mixed-citation>
            </p>
            <p>
               <mixed-citation id="d8759e666" publication-type="book">
A. J. Taylor, 'Royal Alms and Oblations in the Later Thirteenth Century: An
Analysis of the Alms Roll of 12 Edward I (1283-4)', in Tribute to an Antiquary: Essays Presented to
Marc Fitch, ed. F. Emmison and R. Stephens (London, 1976), 93-125<person-group>
                     <string-name>
                        <surname>Taylor</surname>
                     </string-name>
                  </person-group>
                  <comment content-type="section">Royal Alms and Oblations in the Later Thirteenth Century: An Analysis of the Alms Roll of 12 Edward I (1283-4)</comment>
                  <fpage>93</fpage>
                  <source>Tribute to an Antiquary: Essays Presented to Marc Fitch</source>
                  <year>1976</year>
               </mixed-citation>
            </p>
            <p>
               <mixed-citation id="d8759e700" publication-type="book">
The Court and Household of
Eleanor of Castile in 129o, ed. J. C. Parsons (Toronto, 1977)<person-group>
                     <string-name>
                        <surname>Parsons</surname>
                     </string-name>
                  </person-group>
                  <source>The Court and Household of Eleanor of Castile in 129o</source>
                  <year>1977</year>
               </mixed-citation>
            </p>
            <p>
               <mixed-citation id="d8759e724" publication-type="book">
Records ofthe Wardrobe and Household,
i285-9, ed. B. F. and C. R. Byerly (2 vols, London, 1977-86)<person-group>
                     <string-name>
                        <surname>Byerly</surname>
                     </string-name>
                  </person-group>
                  <source>Records ofthe Wardrobe and Household, i285-9</source>
                  <year>1977</year>
               </mixed-citation>
            </p>
            <p>
               <mixed-citation id="d8759e748" publication-type="book">
The Wardrobe Book of William de
Norwell, 12 July 138 to 27 May 134o, ed. Mary Lyon, Bryce Lyon, Henry S. Lucas and Jean de
Sturler (Brussels, 1983)<person-group>
                     <string-name>
                        <surname>Lyon</surname>
                     </string-name>
                  </person-group>
                  <source>The Wardrobe Book of William de Norwell, 12 July 138 to 27 May 134o</source>
                  <year>1983</year>
               </mixed-citation>
            </p>
            <p>
               <mixed-citation id="d8759e776" publication-type="journal">
Kay Staniland, 'Welcome, Royal Babe! The Birth of Thomas of Brotherton
in 1300', Costume, xix (1985), 1-13<person-group>
                     <string-name>
                        <surname>Staniland</surname>
                     </string-name>
                  </person-group>
                  <fpage>1</fpage>
                  <volume>xix</volume>
                  <source>Costume</source>
                  <year>1985</year>
               </mixed-citation>
            </p>
            <p>
               <mixed-citation id="d8759e807" publication-type="book">
Chris Given-Wilson, The Royal Household and the King's Affinity: Service, Politics and
Finance in England, 1U6o--413 (London, 1986)<person-group>
                     <string-name>
                        <surname>Given-Wilson</surname>
                     </string-name>
                  </person-group>
                  <source>The Royal Household and the King's Affinity: Service, Politics and Finance in England, 1U6o--413</source>
                  <year>1986</year>
               </mixed-citation>
            </p>
            <p>
               <mixed-citation id="d8759e832" publication-type="book">
Elsbeth
Andre, Ein Kiinigshof auf Reisen: Der Kontinentaufenthalt Eduards III von England, 1338-134o
(Cologne, 1996)<person-group>
                     <string-name>
                        <surname>André</surname>
                     </string-name>
                  </person-group>
                  <source>Ein Kiinigshof auf Reisen: Der Kontinentaufenthalt Eduards III von England, 1338-134o</source>
                  <year>1996</year>
               </mixed-citation>
            </p>
            <p>
               <mixed-citation id="d8759e860" publication-type="book">
Juliet Vale, Edward
III and Chivalry: Chivalric Society and its Context, I27o-I34o (Woodbridge, 1982)<person-group>
                     <string-name>
                        <surname>Vale</surname>
                     </string-name>
                  </person-group>
                  <source>Edward III and Chivalry: Chivalric Society and its Context, I27o-I34o</source>
                  <year>1982</year>
               </mixed-citation>
            </p>
            <p>
               <mixed-citation id="d8759e884" publication-type="book">
English Court
Culture in the Later Middle Ages, ed. V. J. Scattergood and J. W. Sherborne (London, 1983)<person-group>
                     <string-name>
                        <surname>Scattergood</surname>
                     </string-name>
                  </person-group>
                  <source>English Court Culture in the Later Middle Ages</source>
                  <year>1983</year>
               </mixed-citation>
            </p>
            <p>
               <mixed-citation id="d8759e908" publication-type="book">
Malcolm Vale, The Princely Court: Medieval Courts and Culture in North-West Europe, 127o0-13O
(Oxford, 1200)<person-group>
                     <string-name>
                        <surname>Vale</surname>
                     </string-name>
                  </person-group>
                  <source>The Princely Court: Medieval Courts and Culture in North-West Europe, 127o0-13O</source>
                  <year>1200</year>
               </mixed-citation>
            </p>
         </fn>
         <fn id="d8759e933a1310">
            <label>6</label>
            <p>
               <mixed-citation id="d8759e940" publication-type="book">
Vale, Princely Court, esp. 15-33, 295-300<person-group>
                     <string-name>
                        <surname>Vale</surname>
                     </string-name>
                  </person-group>
                  <fpage>15</fpage>
                  <source>Princely Court</source>
               </mixed-citation>
            </p>
         </fn>
         <fn id="d8759e962a1310">
            <label>7</label>
            <p>
               <mixed-citation id="d8759e969" publication-type="other">
Ibid. 104</mixed-citation>
            </p>
         </fn>
         <fn id="d8759e976a1310">
            <label>8</label>
            <p>
               <mixed-citation id="d8759e983" publication-type="book">
Kate Mertes, The English Noble Household I25o-diéo: Good Governance and Politic Rule
(Oxford, 1988)<person-group>
                     <string-name>
                        <surname>Mertes</surname>
                     </string-name>
                  </person-group>
                  <source>The English Noble Household I25o-diéo: Good Governance and Politic Rule</source>
                  <year>1988</year>
               </mixed-citation>
            </p>
            <p>
               <mixed-citation id="d8759e1007" publication-type="book">
Jennifer Ward, English Noblewomen in the Later Middle Ages (London, 1992),
50-69<person-group>
                     <string-name>
                        <surname>Ward</surname>
                     </string-name>
                  </person-group>
                  <fpage>50</fpage>
                  <source>English Noblewomen in the Later Middle Ages</source>
                  <year>1992</year>
               </mixed-citation>
            </p>
            <p>
               <mixed-citation id="d8759e1035" publication-type="book">
Household Accounts from Medieval England, ed. Christopher M. Woolgar (2 vols, Oxford,
1992-3)<person-group>
                     <string-name>
                        <surname>Woolgar</surname>
                     </string-name>
                  </person-group>
                  <source>Household Accounts from Medieval England</source>
                  <year>1993</year>
               </mixed-citation>
            </p>
            <p>
               <mixed-citation id="d8759e1060" publication-type="book">
Women of the English Nobility and Gentry, io66--ioo, ed. and trans. Jennifer Ward
(Manchester, 1995), 159-90<person-group>
                     <string-name>
                        <surname>Ward</surname>
                     </string-name>
                  </person-group>
                  <fpage>159</fpage>
                  <source>Women of the English Nobility and Gentry, io66--ioo</source>
                  <year>1995</year>
               </mixed-citation>
            </p>
            <p>
               <mixed-citation id="d8759e1088" publication-type="book">
Ffiona Swabey, Medieval Gentlewoman: Life in a Widow's Household
in the Later Middle Ages (Stroud, 1999)<person-group>
                     <string-name>
                        <surname>Swabey</surname>
                     </string-name>
                  </person-group>
                  <source>Medieval Gentlewoman: Life in a Widow's Household in the Later Middle Ages</source>
                  <year>1999</year>
               </mixed-citation>
            </p>
            <p>
               <mixed-citation id="d8759e1112" publication-type="book">
Frances A. Underhill, For her Good Estate: The Life of
Elizabeth de Burgh (New York, 1999)<person-group>
                     <string-name>
                        <surname>Underhill</surname>
                     </string-name>
                  </person-group>
                  <source>For her Good Estate: The Life of Elizabeth de Burgh</source>
                  <year>1999</year>
               </mixed-citation>
            </p>
            <p>
               <mixed-citation id="d8759e1136" publication-type="book">
Christopher M. Woolgar, The Great Household in Late
Medieval England (London, 1999)<person-group>
                     <string-name>
                        <surname>Woolgar</surname>
                     </string-name>
                  </person-group>
                  <source>The Great Household in Late Medieval England</source>
                  <year>1999</year>
               </mixed-citation>
            </p>
         </fn>
         <fn id="d8759e1161a1310">
            <label>9</label>
            <p>
               <mixed-citation id="d8759e1168" publication-type="book">
Mary Anne Everett Green, Lives of the Princesses of England (6 vols, London, 1857).<person-group>
                     <string-name>
                        <surname>Green</surname>
                     </string-name>
                  </person-group>
                  <source>Lives of the Princesses ofEngland</source>
                  <year>1857</year>
               </mixed-citation>
            </p>
         </fn>
         <fn id="d8759e1190a1310">
            <label>10</label>
            <p>
               <mixed-citation id="d8759e1197" publication-type="book">
Nicholas Orme, From Childhood to Chivalry: The Education of the English Kings and
Aristocracy, 1066-1530 (London, 1984)<person-group>
                     <string-name>
                        <surname>Orme</surname>
                     </string-name>
                  </person-group>
                  <source>From Childhood to Chivalry: The Education of the English Kings and Aristocracy, zod66-130</source>
                  <year>1984</year>
               </mixed-citation>
            </p>
            <p>
               <mixed-citation id="d8759e1221" publication-type="journal">
J. C. Parsons, 'The Year of Eleanor of Castile's Birth and
her Children by Edward I', Mediaeval Studies, xlvi (1984), 245-65<person-group>
                     <string-name>
                        <surname>Parsons</surname>
                     </string-name>
                  </person-group>
                  <fpage>245</fpage>
                  <volume>xlvi</volume>
                  <source>Mediaeval Studies</source>
                  <year>1984</year>
               </mixed-citation>
            </p>
            <p>
               <mixed-citation id="d8759e1252" publication-type="book">
idem, 'Mothers, Daughters,
Marriage, Power: Some Plantagenet Evidence, 115o-1500', in Medieval Queenship, ed. J. C. Parsons
(Stroud, 1994), 63-78<person-group>
                     <string-name>
                        <surname>Parsons</surname>
                     </string-name>
                  </person-group>
                  <fpage>63</fpage>
                  <source>'Mothers, Daughters, Marriage, Power: Some Plantagenet Evidence, 115o-1500'</source>
                  <year>1994</year>
               </mixed-citation>
            </p>
            <p>
               <mixed-citation id="d8759e1284" publication-type="book">
idem, Eleanor of Castile: Queen and Society in Thirteenth-Century England
(Basingstoke, 1995), 38-42<person-group>
                     <string-name>
                        <surname>Parsons</surname>
                     </string-name>
                  </person-group>
                  <fpage>38</fpage>
                  <source>Eleanor of Castile: Queen and Society in Thirteenth-Century England</source>
                  <year>1995</year>
               </mixed-citation>
            </p>
            <p>
               <mixed-citation id="d8759e1312" publication-type="book">
Margaret Howell, Eleanor ofProvence: Queenship in Thirteenth-Century
England (Oxford, 1998), 99-104<person-group>
                     <string-name>
                        <surname>Howell</surname>
                     </string-name>
                  </person-group>
                  <fpage>99</fpage>
                  <source>Eleanor ofProvence: Queenship in Thirteenth-Century England</source>
                  <year>1998</year>
               </mixed-citation>
            </p>
         </fn>
         <fn id="d8759e1342a1310">
            <label>11</label>
            <p>
               <mixed-citation id="d8759e1349" publication-type="other">
List of Documents Relating to the Household and Wardrobe, 96-7</mixed-citation>
            </p>
            <p>
               <mixed-citation id="d8759e1355" publication-type="book">
Vale, Princely Court, 50,
105-9, 142-3, 144, 237-8, 245, 266, 357<person-group>
                     <string-name>
                        <surname>Vale</surname>
                     </string-name>
                  </person-group>
                  <fpage>50</fpage>
                  <source>Princely Court</source>
               </mixed-citation>
            </p>
         </fn>
         <fn id="d8759e1380a1310">
            <label>12</label>
            <p>
               <mixed-citation id="d8759e1387" publication-type="other">
Tout, Chapters, v, 315</mixed-citation>
            </p>
            <p>
               <mixed-citation id="d8759e1393" publication-type="other">
Green, Lives
of the Princesses, iii, 67, 69, 70</mixed-citation>
            </p>
         </fn>
         <fn id="d8759e1403a1310">
            <label>13</label>
            <p>
               <mixed-citation id="d8759e1410" publication-type="other">
Tout, Chapters, ii, 165-6</mixed-citation>
            </p>
         </fn>
         <fn id="d8759e1417a1310">
            <label>14</label>
            <p>
               <mixed-citation id="d8759e1424" publication-type="book">
R. A. Brown, H. M. Colvin and A. J. Taylor, The History of the King's Works: The Middle
Ages (2 vols, London, 1963), ii, 870-81<person-group>
                     <string-name>
                        <surname>Brown</surname>
                     </string-name>
                  </person-group>
                  <fpage>870</fpage>
                  <volume>ii</volume>
                  <source>The History of the King's Works: The Middle Ages</source>
                  <year>1963</year>
               </mixed-citation>
            </p>
         </fn>
         <fn id="d8759e1456a1310">
            <label>15</label>
            <p>
               <mixed-citation id="d8759e1463" publication-type="other">
infra, nn. 34-5</mixed-citation>
            </p>
         </fn>
         <fn id="d8759e1470a1310">
            <label>16</label>
            <p>
               <mixed-citation id="d8759e1477" publication-type="other">
E 101/389/9; E 101/389/0o; E/Ioi/389/II</mixed-citation>
            </p>
            <p>
               <mixed-citation id="d8759e1483" publication-type="other">
Green, Lives of the Princesses, iii, 171-3, 174-5, 242</mixed-citation>
            </p>
            <p>
               <mixed-citation id="d8759e1489" publication-type="other">
Tout, Chapters, v, 315 and n. 8</mixed-citation>
            </p>
            <p>
               <mixed-citation id="d8759e1496" publication-type="book">
S. Armitage Smith, John of Gaunt (London, 1904), 4<person-group>
                     <string-name>
                        <surname>Smith</surname>
                     </string-name>
                  </person-group>
                  <fpage>4</fpage>
                  <source>John of Gaunt</source>
                  <year>1904</year>
               </mixed-citation>
            </p>
            <p>
               <mixed-citation id="d8759e1520" publication-type="book">
Barbara
Tuchman, A Distant Mirror: The Calamitous Fourteenth Century (Harmondsworth, 1979), 204-5<person-group>
                     <string-name>
                        <surname>Tuchman</surname>
                     </string-name>
                  </person-group>
                  <fpage>204</fpage>
                  <source>A Distant Mirror: The Calamitous Fourteenth Century</source>
                  <year>1979</year>
               </mixed-citation>
            </p>
            <p>
               <mixed-citation id="d8759e1548" publication-type="other">
Orme, Childhood to Chivalry, 13, 26 (n. 127), 131-2</mixed-citation>
            </p>
            <p>
               <mixed-citation id="d8759e1554" publication-type="book">
Anthony Goodman, John of Gaunt: The
Exercise of Princely Power in Fourteenth-Century Europe (Harlow, 1992), 29<person-group>
                     <string-name>
                        <surname>Goodman</surname>
                     </string-name>
                  </person-group>
                  <fpage>29</fpage>
                  <source>John of Gaunt: The Exercise of Princely Power in Fourteenth-Century Europe</source>
                  <year>1992</year>
               </mixed-citation>
            </p>
         </fn>
         <fn id="d8759e1584a1310">
            <label>17</label>
            <p>
               <mixed-citation id="d8759e1591" publication-type="other">
E 2o8/4 (Pt i), Easter 18 Edw III, Pt 3, nos 206-7.</mixed-citation>
            </p>
         </fn>
         <fn id="d8759e1598a1310">
            <label>18</label>
            <p>
               <mixed-citation id="d8759e1605" publication-type="book">
Vale, Princely Court, 347-50.<person-group>
                     <string-name>
                        <surname>Vale</surname>
                     </string-name>
                  </person-group>
                  <fpage>347</fpage>
                  <source>Princely Court</source>
               </mixed-citation>
            </p>
         </fn>
         <fn id="d8759e1627a1310">
            <label>19</label>
            <p>
               <mixed-citation id="d8759e1634" publication-type="other">
E 101/389/9.</mixed-citation>
            </p>
         </fn>
         <fn id="d8759e1641a1310">
            <label>20</label>
            <p>
               <mixed-citation id="d8759e1648" publication-type="other">
E 372/187, foreign accounts, m. lid.</mixed-citation>
            </p>
         </fn>
         <fn id="d8759e1655a1310">
            <label>21</label>
            <p>
               <mixed-citation id="d8759e1662" publication-type="other">
Tout, Chapters, v, 319-20</mixed-citation>
            </p>
            <p>
               <mixed-citation id="d8759e1668" publication-type="other">
Orme,
Childhood to Chivalry, 2</mixed-citation>
            </p>
            <p>
               <mixed-citation id="d8759e1677" publication-type="book">
De Rekeningen der Graven en Gravinnen uit
het Henegouwsche Huis, ed. H. J. Smit (3 vols, Utrecht, 1924-39), iii, 0o2<person-group>
                     <string-name>
                        <surname>Smit</surname>
                     </string-name>
                  </person-group>
                  <fpage>0o2</fpage>
                  <volume>iii</volume>
                  <source>De Rekeningen der Graven en Gravinnen uit het Henegouwsche Huis</source>
                  <year>1939</year>
               </mixed-citation>
            </p>
         </fn>
         <fn id="d8759e1709a1310">
            <label>22</label>
            <p>
               <mixed-citation id="d8759e1716" publication-type="other">
E 2o8/4 (Pt i), Easter 18 Edw III, Pt 3, no. 207</mixed-citation>
            </p>
         </fn>
         <fn id="d8759e1724a1310">
            <label>24</label>
            <p>
               <mixed-citation id="d8759e1731" publication-type="book">
Given-Wilson, Royal Household, 11, 12<person-group>
                     <string-name>
                        <surname>Given-Wilson</surname>
                     </string-name>
                  </person-group>
                  <fpage>11</fpage>
                  <source>Royal Household</source>
               </mixed-citation>
            </p>
            <p>
               <mixed-citation id="d8759e1752" publication-type="other">
ibid. 278</mixed-citation>
            </p>
         </fn>
         <fn id="d8759e1759a1310">
            <label>25</label>
            <p>
               <mixed-citation id="d8759e1766" publication-type="journal">
Chris Given-Wilson, 'The Merger of Edward III's and Queen Philippa's Households, i36o-
1369', Bulletin of the Institute of Historical Research, li (1978), 183-7, at 186<person-group>
                     <string-name>
                        <surname>Given-Wilson</surname>
                     </string-name>
                  </person-group>
                  <fpage>183</fpage>
                  <volume>li</volume>
                  <source>Bulletin of the Institute of Historical Research</source>
                  <year>1978</year>
               </mixed-citation>
            </p>
            <p>
               <mixed-citation id="d8759e1797" publication-type="book">
Parsons, Eleanor of Castile, 87<person-group>
                     <string-name>
                        <surname>Parsons</surname>
                     </string-name>
                  </person-group>
                  <fpage>87</fpage>
                  <source>Eleanor of Castile</source>
               </mixed-citation>
            </p>
            <p>
               <mixed-citation id="d8759e1818" publication-type="book">
Mertes,
English Noble Household, 194-218<person-group>
                     <string-name>
                        <surname>Mertes</surname>
                     </string-name>
                  </person-group>
                  <fpage>194</fpage>
                  <source>English Noble Household</source>
               </mixed-citation>
            </p>
            <p>
               <mixed-citation id="d8759e1843" publication-type="book">
Woolgar, Great Household, 8-29<person-group>
                     <string-name>
                        <surname>Woolgar</surname>
                     </string-name>
                  </person-group>
                  <fpage>8</fpage>
                  <source>Great Household</source>
               </mixed-citation>
            </p>
         </fn>
         <fn id="d8759e1865a1310">
            <label>26</label>
            <p>
               <mixed-citation id="d8759e1872" publication-type="other">
ibid. lxxxiv-lxxxv</mixed-citation>
            </p>
            <p>
               <mixed-citation id="d8759e1878" publication-type="other">
Green,
Lives of the Princesses, iii, 169</mixed-citation>
            </p>
         </fn>
         <fn id="d8759e1888a1310">
            <label>27</label>
            <p>
               <mixed-citation id="d8759e1895" publication-type="book">
Jonathan Sumption, The Hundred Years War I: Trial by Battle (London, 1990), 319-48.<person-group>
                     <string-name>
                        <surname>Sumption</surname>
                     </string-name>
                  </person-group>
                  <fpage>319</fpage>
                  <source>The Hundred Years War I: Trial by Battle</source>
                  <year>1990</year>
               </mixed-citation>
            </p>
         </fn>
         <fn id="d8759e1920a1310">
            <label>28</label>
            <p>
               <mixed-citation id="d8759e1927" publication-type="other">
Green, Lives of the Princesses, iii, 170</mixed-citation>
            </p>
         </fn>
         <fn id="d8759e1934a1310">
            <label>29</label>
            <p>
               <mixed-citation id="d8759e1941" publication-type="other">
E 101/389/9; E 101/389/10</mixed-citation>
            </p>
            <p>
               <mixed-citation id="d8759e1947" publication-type="other">
C[alendar ofJ C[lose]
R[olls,] 1339-41, 619</mixed-citation>
            </p>
         </fn>
         <fn id="d8759e1958a1310">
            <label>30</label>
            <p>
               <mixed-citation id="d8759e1965" publication-type="other">
E 2o8/4 (Pt i), Easter 18 Edw III, Pt 3, nos. 207.</mixed-citation>
            </p>
         </fn>
         <fn id="d8759e1972a1310">
            <label>31</label>
            <p>
               <mixed-citation id="d8759e1979" publication-type="journal">
CCR I133-41 , 619.<fpage>619</fpage>
                  <source>CCR</source>
                  <year>1133</year>
               </mixed-citation>
            </p>
         </fn>
         <fn id="d8759e1995a1310">
            <label>32</label>
            <p>
               <mixed-citation id="d8759e2002" publication-type="journal">
N. M. Fryde, 'Edward III's Removal of his Ministers and Judges, 1340-I', Bulletin of the
Institute ofHistorical Research, xlviii (1975), 149-61<person-group>
                     <string-name>
                        <surname>Fryde</surname>
                     </string-name>
                  </person-group>
                  <fpage>149</fpage>
                  <volume>xlviii</volume>
                  <source>Bulletin of the Institute ofHistorical Research</source>
                  <year>1975</year>
               </mixed-citation>
            </p>
            <p>
               <mixed-citation id="d8759e2033" publication-type="other">
Green, Lives of the Princesses, iii, 173</mixed-citation>
            </p>
            <p>
               <mixed-citation id="d8759e2039" publication-type="book">
Chronicon Angliae, ed. E. M.
Thompson, Rolls Series (London, 1874), Io<person-group>
                     <string-name>
                        <surname>Thompson</surname>
                     </string-name>
                  </person-group>
                  <fpage>Io</fpage>
                  <source>Chronicon Angliae</source>
                  <year>1874</year>
               </mixed-citation>
            </p>
         </fn>
         <fn id="d8759e2068a1310">
            <label>33</label>
            <p>
               <mixed-citation id="d8759e2075" publication-type="journal">
B. Wilkinson, 'The Protest of the Earls of Arundel and Surrey in the Crisis of 1341', ante, xlvi
(1931), 177-93<person-group>
                     <string-name>
                        <surname>Wilkinson</surname>
                     </string-name>
                  </person-group>
                  <fpage>177</fpage>
                  <volume>xlvi</volume>
                  <source>ante</source>
                  <year>1931</year>
               </mixed-citation>
            </p>
         </fn>
         <fn id="d8759e2107a1310">
            <label>34</label>
            <p>
               <mixed-citation id="d8759e2114" publication-type="other">
Shenton, 'English Court', 162-3</mixed-citation>
            </p>
            <p>
               <mixed-citation id="d8759e2120" publication-type="other">
infra, n. 45</mixed-citation>
            </p>
            <p>
               <mixed-citation id="d8759e2126" publication-type="book">
Vale, Edward III and Chivalry, 173<person-group>
                     <string-name>
                        <surname>Vale</surname>
                     </string-name>
                  </person-group>
                  <fpage>173</fpage>
                  <source>Edward III and Chivalry</source>
               </mixed-citation>
            </p>
            <p>
               <mixed-citation id="d8759e2148" publication-type="book">
Handbook of British Chronology,
ed. E. B. Fryde, D. E. Greenway, S. Porter and I. Roy (3rd edn, London, 1986), 39-40<person-group>
                     <string-name>
                        <surname>Fryde</surname>
                     </string-name>
                  </person-group>
                  <edition>3</edition>
                  <fpage>39</fpage>
                  <source>Handbook of British Chronology</source>
                  <year>1986</year>
               </mixed-citation>
            </p>
         </fn>
         <fn id="d8759e2180a1310">
            <label>35</label>
            <p>
               <mixed-citation id="d8759e2187" publication-type="other">
Mary of Waltham (b. 1344)</mixed-citation>
            </p>
            <p>
               <mixed-citation id="d8759e2193" publication-type="other">
Margaret of Windsor (b. 1346)</mixed-citation>
            </p>
            <p>
               <mixed-citation id="d8759e2199" publication-type="other">
William of Windsor (b.
1348)</mixed-citation>
            </p>
            <p>
               <mixed-citation id="d8759e2209" publication-type="other">
Brown, Colvin and Taylor, King's Works: The Middle Ages, i, 486-7</mixed-citation>
            </p>
            <p>
               <mixed-citation id="d8759e2215" publication-type="journal">
W. M. Ormrod, 'The Personal
Religion of Edward III', Speculum, lxiv (1989), 868<person-group>
                     <string-name>
                        <surname>Ormrod</surname>
                     </string-name>
                  </person-group>
                  <fpage>868</fpage>
                  <volume>lxiv</volume>
                  <source>Speculum</source>
                  <year>1989</year>
               </mixed-citation>
            </p>
            <p>
               <mixed-citation id="d8759e2246" publication-type="book">
Vale, Edward III and Chivalry, 64, 76, 77, 85<person-group>
                     <string-name>
                        <surname>Vale</surname>
                     </string-name>
                  </person-group>
                  <fpage>64</fpage>
                  <source>Edward III and Chivalry</source>
               </mixed-citation>
            </p>
            <p>
               <mixed-citation id="d8759e2267" publication-type="book">
Christine
Carpenter, The Wars ofthe Roses: Politics and the Constitution in England, c. I437-Iyo9 (Cambridge,
1997), 9 and n. 8<person-group>
                     <string-name>
                        <surname>Carpenter</surname>
                     </string-name>
                  </person-group>
                  <fpage>9</fpage>
                  <source>The Wars ofthe Roses: Politics and the Constitution in England, c. I437-Iyo9</source>
                  <year>1997</year>
               </mixed-citation>
            </p>
         </fn>
         <fn id="d8759e2300a1310">
            <label>36</label>
            <p>
               <mixed-citation id="d8759e2307" publication-type="other">
E 372/187, foreign accounts, m. ild.</mixed-citation>
            </p>
         </fn>
         <fn id="d8759e2314a1310">
            <label>37</label>
            <p>
               <mixed-citation id="d8759e2321" publication-type="journal">
CCR I33j-4i, 619<fpage>619</fpage>
                  <source>CCR</source>
                  <year>1331</year>
               </mixed-citation>
            </p>
            <p>
               <mixed-citation id="d8759e2336" publication-type="book">
E. B. Fryde, William de la Pole, Merchant and King's Banker (London,
1988), 153-5<person-group>
                     <string-name>
                        <surname>Fryde</surname>
                     </string-name>
                  </person-group>
                  <fpage>153</fpage>
                  <source>William de la Pole, Merchant and King's Banker</source>
                  <year>1988</year>
               </mixed-citation>
            </p>
         </fn>
         <fn id="d8759e2365a1310">
            <label>38</label>
            <p>
               <mixed-citation id="d8759e2372" publication-type="book">
E. B. Fryde,
Studies in Medieval Trade and Finance (London, 1983), chapters 5, 7<person-group>
                     <string-name>
                        <surname>Fryde</surname>
                     </string-name>
                  </person-group>
                  <comment content-type="section">chapters 5</comment>
                  <fpage>7</fpage>
                  <source>Studies in Medieval Trade and Finance</source>
                  <year>1983</year>
               </mixed-citation>
            </p>
            <p>
               <mixed-citation id="d8759e2403" publication-type="book">
N. M. Fryde, 'Edward III's
Removal of his Ministers', 151-3<person-group>
                     <string-name>
                        <surname>Fryde</surname>
                     </string-name>
                  </person-group>
                  <fpage>151</fpage>
                  <source>Edward III's Removal of his Ministers</source>
               </mixed-citation>
            </p>
         </fn>
         <fn id="d8759e2428a1310">
            <label>39</label>
            <p>
               <mixed-citation id="d8759e2435" publication-type="book">
Calendar ofFine Rolls, 1337-47, 226<fpage>226</fpage>
                  <source>Calendar ofFine Rolls</source>
                  <year>1347</year>
               </mixed-citation>
            </p>
         </fn>
         <fn id="d8759e2451a1310">
            <label>40</label>
            <p>
               <mixed-citation id="d8759e2458" publication-type="other">
E 372/187, foreign accounts, m. iid.</mixed-citation>
            </p>
         </fn>
         <fn id="d8759e2465a1310">
            <label>41</label>
            <p>
               <mixed-citation id="d8759e2472" publication-type="other">
E 2o8/4 (Pt I), Easter 18 Edw III pt 3, no. 206</mixed-citation>
            </p>
         </fn>
         <fn id="d8759e2480a1310">
            <label>42</label>
            <p>
               <mixed-citation id="d8759e2487" publication-type="other">
E 101/389/9-II</mixed-citation>
            </p>
         </fn>
         <fn id="d8759e2494a1310">
            <label>43</label>
            <p>
               <mixed-citation id="d8759e2501" publication-type="book">
Constance Bullock-Davies, Register of Royal and Baronial Domestic Minstrels 1272-i327
(Woodbridge, 1986), 62.<person-group>
                     <string-name>
                        <surname>Bullock-Davies</surname>
                     </string-name>
                  </person-group>
                  <fpage>62</fpage>
                  <source>Register of Royal and Baronial Domestic Minstrels 1272-i327</source>
                  <year>1986</year>
               </mixed-citation>
            </p>
         </fn>
         <fn id="d8759e2530a1310">
            <label>44</label>
            <p>
               <mixed-citation id="d8759e2537" publication-type="other">
Tout, Chapters, v, 256-7</mixed-citation>
            </p>
         </fn>
         <fn id="d8759e2544a1310">
            <label>45</label>
            <p>
               <mixed-citation id="d8759e2551" publication-type="other">
SC I/50/189: Queen Philippa present at King's Langley on
8 March</mixed-citation>
            </p>
         </fn>
         <fn id="d8759e2561a1310">
            <label>46</label>
            <p>
               <mixed-citation id="d8759e2568" publication-type="other">
Green, Lives of the Princesses, iii, 242</mixed-citation>
            </p>
            <p>
               <mixed-citation id="d8759e2574" publication-type="book">
A. B. Emden,
A Biographical Register ofthe University of Oxford to 1500 (3 vols, Oxford, 1957-9), ii, 739<person-group>
                     <string-name>
                        <surname>Emden</surname>
                     </string-name>
                  </person-group>
                  <fpage>739</fpage>
                  <volume>ii</volume>
                  <source>A Biographical Register ofthe University of Oxford to 1500</source>
                  <year>1959</year>
               </mixed-citation>
            </p>
         </fn>
         <fn id="d8759e2606a1310">
            <label>47</label>
            <p>
               <mixed-citation id="d8759e2613" publication-type="other">
Tout, Chapters, v, 289-400</mixed-citation>
            </p>
            <p>
               <mixed-citation id="d8759e2619" publication-type="book">
Given-Wilson, Royal Household, 56, 195, 213<person-group>
                     <string-name>
                        <surname>Given-Wilson</surname>
                     </string-name>
                  </person-group>
                  <fpage>56</fpage>
                  <source>Royal Household</source>
               </mixed-citation>
            </p>
            <p>
               <mixed-citation id="d8759e2640" publication-type="other">
Shenton, 'English Court', 114-16</mixed-citation>
            </p>
         </fn>
         <fn id="d8759e2648a1310">
            <label>48</label>
            <p>
               <mixed-citation id="d8759e2655" publication-type="book">
Foedera, conventiones, literae et cujuscunque generic acta publica, ed. T. Rymer, Record
Commission edn (3 vols in 6 pts, London, 1816-30), II, ii, 1044<person-group>
                     <string-name>
                        <surname>Rymer</surname>
                     </string-name>
                  </person-group>
                  <fpage>1044</fpage>
                  <volume>II</volume>
                  <source>Foedera, conventiones, literae et cujuscunque generic acta publica</source>
                  <year>1830</year>
               </mixed-citation>
            </p>
            <p>
               <mixed-citation id="d8759e2686" publication-type="book">
Andre, Ein KiinigshofaufReisen,
252-4<person-group>
                     <string-name>
                        <surname>André</surname>
                     </string-name>
                  </person-group>
                  <fpage>252</fpage>
                  <source>Ein KiinigshofaufReisen</source>
               </mixed-citation>
            </p>
            <p>
               <mixed-citation id="d8759e2710" publication-type="other">
Wardrobe Book ofNorwell, 28, 34, 287, 308</mixed-citation>
            </p>
         </fn>
         <fn id="d8759e2717a1310">
            <label>49</label>
            <p>
               <mixed-citation id="d8759e2724" publication-type="other">
E 101/389/5.</mixed-citation>
            </p>
         </fn>
         <fn id="d8759e2731a1310">
            <label>50</label>
            <p>
               <mixed-citation id="d8759e2738" publication-type="other">
Green, Lives of the Princesses, iii, 166</mixed-citation>
            </p>
         </fn>
         <fn id="d8759e2745a1310">
            <label>51</label>
            <p>
               <mixed-citation id="d8759e2752" publication-type="book">
Andre, Ein KiinigshofaufReisen, 104, n. 109.<person-group>
                     <string-name>
                        <surname>André</surname>
                     </string-name>
                  </person-group>
                  <fpage>104</fpage>
                  <source>Ein KiinigshofaufReisen</source>
               </mixed-citation>
            </p>
         </fn>
         <fn id="d8759e2774a1310">
            <label>52</label>
            <p>
               <mixed-citation id="d8759e2781" publication-type="other">
Wardrobe Book ofNorwell, 451</mixed-citation>
            </p>
            <p>
               <mixed-citation id="d8759e2787" publication-type="book">
Nicolas, 'Observations', 61, 66, 67<person-group>
                     <string-name>
                        <surname>Nicolas</surname>
                     </string-name>
                  </person-group>
                  <fpage>61</fpage>
                  <source>Observations</source>
               </mixed-citation>
            </p>
         </fn>
         <fn id="d8759e2809a1310">
            <label>53</label>
            <p>
               <mixed-citation id="d8759e2816" publication-type="other">
Wardrobe Book of Norwell, 239, 352</mixed-citation>
            </p>
            <p>
               <mixed-citation id="d8759e2822" publication-type="book">
Andre, Fin Kiinigshof auf
Reisen, 252<person-group>
                     <string-name>
                        <surname>André</surname>
                     </string-name>
                  </person-group>
                  <fpage>252</fpage>
                  <source>Fin Kiinigshof auf Reisen</source>
               </mixed-citation>
            </p>
         </fn>
         <fn id="d8759e2848a1310">
            <label>54</label>
            <p>
               <mixed-citation id="d8759e2855" publication-type="other">
Wardrobe Book of Norwell, 317, 437</mixed-citation>
            </p>
         </fn>
         <fn id="d8759e2862a1310">
            <label>55</label>
            <p>
               <mixed-citation id="d8759e2869" publication-type="other">
Ibid. 11, 17, 24, 29, 304, 351, 391.</mixed-citation>
            </p>
         </fn>
         <fn id="d8759e2876a1310">
            <label>56</label>
            <p>
               <mixed-citation id="d8759e2883" publication-type="other">
Ibid. 402, 406.</mixed-citation>
            </p>
         </fn>
         <fn id="d8759e2890a1310">
            <label>57</label>
            <p>
               <mixed-citation id="d8759e2897" publication-type="other">
Janet and Hanyn 'de Hanonia', presumably related</mixed-citation>
            </p>
         </fn>
         <fn id="d8759e2904a1310">
            <label>58</label>
            <p>
               <mixed-citation id="d8759e2911" publication-type="other">
Wardrobe Book ofNorwell, index, s.vv. 'Mountz', 'Waldeshef'</mixed-citation>
            </p>
         </fn>
         <fn id="d8759e2918a1310">
            <label>59</label>
            <p>
               <mixed-citation id="d8759e2925" publication-type="other">
supra, n. 34</mixed-citation>
            </p>
         </fn>
         <fn id="d8759e2933a1310">
            <label>60</label>
            <p>
               <mixed-citation id="d8759e2940" publication-type="book">
Malcolm Vale, 'England, France and
the Origins of the Hundred Years War', in England and her Neighbours, zoéd-I453<person-group>
                     <string-name>
                        <surname>Vale</surname>
                     </string-name>
                  </person-group>
                  <comment content-type="section">England, France and the Origins of the Hundred Years War'</comment>
                  <source>England and her Neighbours</source>
                  <year>1453</year>
               </mixed-citation>
            </p>
            <p>
               <mixed-citation id="d8759e2968" publication-type="book">
Essays in
Honour ofPierre Chaplais, ed. Michael Jones and Malcolm Vale (London, 1989), 199-216<person-group>
                     <string-name>
                        <surname>Jones</surname>
                     </string-name>
                  </person-group>
                  <fpage>199</fpage>
                  <source>Essays in Honour ofPierre Chaplais</source>
                  <year>1989</year>
               </mixed-citation>
            </p>
            <p>
               <mixed-citation id="d8759e2996" publication-type="book">
Malcolm
Vale, The Angevin Legacy and the Hundred Years War, z25o-I34o (Oxford, 1990), 21-35<person-group>
                     <string-name>
                        <surname>Vale</surname>
                     </string-name>
                  </person-group>
                  <fpage>21</fpage>
                  <source>The Angevin Legacy and the Hundred Years War, z25o-I34o</source>
                  <year>1990</year>
               </mixed-citation>
            </p>
         </fn>
         <fn id="d8759e3025a1310">
            <label>61</label>
            <p>
               <mixed-citation id="d8759e3032" publication-type="book">
Jean Devaux, 'From the Court of Hainault to the Court of England: The Example of Jean
Froissart', in War, Government and Power in Late Medieval France, ed. Christopher Allmand
(Liverpool, 200o), I2, n. 48.<person-group>
                     <string-name>
                        <surname>Devaux</surname>
                     </string-name>
                  </person-group>
                  <comment content-type="section">From the Court of Hainault to the Court of England: The Example of Jean Froissart'</comment>
                  <fpage>I2</fpage>
                  <source>War, Government and Power in Late Medieval France</source>
                  <year>2000</year>
               </mixed-citation>
            </p>
         </fn>
         <fn id="d8759e3067a1310">
            <label>62</label>
            <p>
               <mixed-citation id="d8759e3074" publication-type="book">
Art and the Courts: France and England from m25 to 1z28,
ed. P. Vergier, P. Brieger and M. F. Montpetit (Ottowa, 1972)<person-group>
                     <string-name>
                        <surname>Vergier</surname>
                     </string-name>
                  </person-group>
                  <source>Art and the Courts: France and England from m25 to 1z28</source>
                  <year>1972</year>
               </mixed-citation>
            </p>
            <p>
               <mixed-citation id="d8759e3098" publication-type="book">
Vale, Edward III and Chivalry,
42-7<person-group>
                     <string-name>
                        <surname>Vale</surname>
                     </string-name>
                  </person-group>
                  <fpage>42</fpage>
                  <source>Edward III and Chivalry</source>
               </mixed-citation>
            </p>
            <p>
               <mixed-citation id="d8759e3122" publication-type="journal">
Michael A. Michael, 'A Manuscript Wedding Gift from Philippa of Hainault to Edward III',
Burlington Magazine, cxxvii (1985), 582-99<object-id pub-id-type="jstor">10.2307/882230</object-id>
                  <fpage>582</fpage>
               </mixed-citation>
            </p>
            <p>
               <mixed-citation id="d8759e3138" publication-type="book">
Paul Binski, The Painted Chamber at Westminster,
Society of Antiquaries Occasional Papers, new series, ix (London, 1986)<person-group>
                     <string-name>
                        <surname>Binski</surname>
                     </string-name>
                  </person-group>
                  <volume>ix</volume>
                  <source>The Painted Chamber at Westminster</source>
                  <year>1986</year>
               </mixed-citation>
            </p>
            <p>
               <mixed-citation id="d8759e3166" publication-type="journal">
Andrew Wathey, 'The
Peace of 1360-1369 and Anglo-French Musical Relations', Early Music History, ix (i989), 129-74<object-id pub-id-type="jstor">10.2307/942442</object-id>
                  <fpage>129</fpage>
               </mixed-citation>
            </p>
            <p>
               <mixed-citation id="d8759e3181" publication-type="book">
Vale, Angevin Legacy, 35-47<person-group>
                     <string-name>
                        <surname>Vale</surname>
                     </string-name>
                  </person-group>
                  <fpage>35</fpage>
                  <source>Angevin Legacy</source>
               </mixed-citation>
            </p>
            <p>
               <mixed-citation id="d8759e3202" publication-type="journal">
Andrew Wathey, 'The Marriage of Edward III and the Transmission
of French Motets to England', Journal of the American Musicological Society, xlv (1992), 1-29<object-id pub-id-type="jstor">10.2307/831488</object-id>
                  <fpage>1</fpage>
               </mixed-citation>
            </p>
            <p>
               <mixed-citation id="d8759e3217" publication-type="book">
Caroline Barron, 'Introduction: England and the Low Countries, 1327-1477', in England and the
Low Countries in the Late Middle Ages, ed. Caroline Barron and Nigel Saul (Stroud, 1995), 14-15<person-group>
                     <string-name>
                        <surname>Barron</surname>
                     </string-name>
                  </person-group>
                  <comment content-type="section">Introduction: England and the Low Countries, 1327-1477</comment>
                  <fpage>14</fpage>
                  <source>England and the Low Countries in the Late Middle Ages</source>
                  <year>1995</year>
               </mixed-citation>
            </p>
            <p>
               <mixed-citation id="d8759e3248" publication-type="book">
Devaux, 'From the Court of Hainault', 1-20<person-group>
                     <string-name>
                        <surname>Devaux</surname>
                     </string-name>
                  </person-group>
                  <fpage>1</fpage>
                  <source>From the Court of Hainault'</source>
               </mixed-citation>
            </p>
            <p>
               <mixed-citation id="d8759e3270" publication-type="book">
Vale, Princely Court, i65-294<person-group>
                     <string-name>
                        <surname>Vale</surname>
                     </string-name>
                  </person-group>
                  <fpage>i65</fpage>
                  <source>Princely Court</source>
               </mixed-citation>
            </p>
         </fn>
         <fn id="d8759e3292a1310">
            <label>63</label>
            <p>
               <mixed-citation id="d8759e3299" publication-type="journal">
A. Rouse and Richard H. Rouse, 'The Goldsmith and the Peacocks: Jean de la
Mote in the Household of Simon de Lille', Viator, xxviii (1997), 293-4<person-group>
                     <string-name>
                        <surname>Rouse</surname>
                     </string-name>
                  </person-group>
                  <fpage>293</fpage>
                  <volume>xxviii</volume>
                  <source>Viator</source>
                  <year>1997</year>
               </mixed-citation>
            </p>
         </fn>
         <fn id="d8759e3331a1310">
            <label>64</label>
            <p>
               <mixed-citation id="d8759e3338" publication-type="journal">
CCR r337-9, 94<fpage>94</fpage>
                  <source>CCR</source>
                  <year>1337</year>
               </mixed-citation>
            </p>
            <p>
               <mixed-citation id="d8759e3353" publication-type="other">
Green, Lives of the Princesses, iii, 230-I</mixed-citation>
            </p>
            <p>
               <mixed-citation id="d8759e3359" publication-type="other">
Green, Lives of the
Princesses, iii, 166</mixed-citation>
            </p>
         </fn>
         <fn id="d8759e3369a1310">
            <label>65</label>
            <p>
               <mixed-citation id="d8759e3376" publication-type="book">
Raymond Cazelles, La societd'politique et la crise de la
royautd sous Philippe de Valois (Paris, 1958), 138, n. ii<person-group>
                     <string-name>
                        <surname>Cazelles</surname>
                     </string-name>
                  </person-group>
                  <fpage>138</fpage>
                  <source>La societd'politique et la crise de la royautd sous Philippe de Valois</source>
                  <year>1958</year>
               </mixed-citation>
            </p>
         </fn>
         <fn id="d8759e3406a1310">
            <label>66</label>
            <p>
               <mixed-citation id="d8759e3413" publication-type="other">
C I43/49/3.</mixed-citation>
            </p>
         </fn>
         <fn id="d8759e3420a1310">
            <label>67</label>
            <p>
               <mixed-citation id="d8759e3427" publication-type="other">
CCR 337-9, 94</mixed-citation>
            </p>
            <p>
               <mixed-citation id="d8759e3433" publication-type="book">
Green, Lives ofthe Princesses, iii, 232<person-group>
                     <string-name>
                        <surname>Green</surname>
                     </string-name>
                  </person-group>
                  <fpage>232</fpage>
                  <volume>iii</volume>
                  <source>Lives ofthe Princesses</source>
               </mixed-citation>
            </p>
            <p>
               <mixed-citation id="d8759e3457" publication-type="journal">
HilaryJenkinson, 'Mary de Sancto Paulo, Foundress of Pembroke College, Cambridge', Archaeologia,
lxvi (1914-15), 427<person-group>
                     <string-name>
                        <surname>Jenkinson</surname>
                     </string-name>
                  </person-group>
                  <fpage>427</fpage>
                  <volume>lxvi</volume>
                  <source>Archaeologia</source>
                  <year>1915</year>
               </mixed-citation>
            </p>
            <p>
               <mixed-citation id="d8759e3489" publication-type="journal">
CPR 1345-8, 531<fpage>531</fpage>
                  <source>CPR</source>
                  <year>1348</year>
               </mixed-citation>
            </p>
         </fn>
         <fn id="d8759e3505a1310">
            <label>68</label>
            <p>
               <mixed-citation id="d8759e3512" publication-type="other">
Foedera, II, ii, 1044</mixed-citation>
            </p>
            <p>
               <mixed-citation id="d8759e3518" publication-type="book">
Treaty Rolls II (iz37-9) (London, 1972), n. 388<fpage>388</fpage>
                  <source>Treaty Rolls II</source>
                  <year>1972</year>
               </mixed-citation>
            </p>
            <p>
               <mixed-citation id="d8759e3533" publication-type="other">
Wardrobe Book of
Norwell, 4o6, 455</mixed-citation>
            </p>
            <p>
               <mixed-citation id="d8759e3543" publication-type="other">
ibid. L, 454, 455</mixed-citation>
            </p>
         </fn>
         <fn id="d8759e3550a1310">
            <label>69</label>
            <p>
               <mixed-citation id="d8759e3557" publication-type="book">
Vale, Angevin Legacy, 21-35.<person-group>
                     <string-name>
                        <surname>Vale</surname>
                     </string-name>
                  </person-group>
                  <fpage>21</fpage>
                  <source>Angevin Legacy</source>
               </mixed-citation>
            </p>
         </fn>
         <fn id="d8759e3579a1310">
            <label>70</label>
            <p>
               <mixed-citation id="d8759e3586" publication-type="other">
Supra, n. 23.</mixed-citation>
            </p>
         </fn>
         <fn id="d8759e3593a1310">
            <label>71</label>
            <p>
               <mixed-citation id="d8759e3600" publication-type="other">
CPR 1345-8, 531</mixed-citation>
            </p>
         </fn>
         <fn id="d8759e3608a1310">
            <label>72</label>
            <p>
               <mixed-citation id="d8759e3615" publication-type="other">
E 30/77; E 30/136.</mixed-citation>
            </p>
         </fn>
         <fn id="d8759e3622a1310">
            <label>73</label>
            <p>
               <mixed-citation id="d8759e3629" publication-type="other">
E 36/204, fos 41v, 45.</mixed-citation>
            </p>
         </fn>
         <fn id="d8759e3636a1310">
            <label>74</label>
            <p>
               <mixed-citation id="d8759e3643" publication-type="other">
Foedera, II, ii, 1159</mixed-citation>
            </p>
            <p>
               <mixed-citation id="d8759e3649" publication-type="book">
Green, Lives ofthe Princesses, iii,
177<person-group>
                     <string-name>
                        <surname>Green</surname>
                     </string-name>
                  </person-group>
                  <fpage>177</fpage>
                  <volume>iii</volume>
                  <source>Lives ofthe Princesses</source>
               </mixed-citation>
            </p>
            <p>
               <mixed-citation id="d8759e3677" publication-type="other">
Tout, Chapters, iii, 199</mixed-citation>
            </p>
            <p>
               <mixed-citation id="d8759e3684" publication-type="book">
Robin Frame, English Lordship in Ireland, I318-I361 (Oxford,
1982), 264-5<person-group>
                     <string-name>
                        <surname>Frame</surname>
                     </string-name>
                  </person-group>
                  <fpage>264</fpage>
                  <source>English Lordship in Ireland, I318-I361</source>
                  <year>1982</year>
               </mixed-citation>
            </p>
            <p>
               <mixed-citation id="d8759e3712" publication-type="journal">
W. M. Ormrod, 'Edward III and his Family', Journal ofBritish Studies, xxvi (1987), 405<person-group>
                     <string-name>
                        <surname>Ormrod</surname>
                     </string-name>
                  </person-group>
                  <fpage>405</fpage>
                  <volume>xxvi</volume>
                  <source>Journal ofBritish Studies</source>
                  <year>1987</year>
               </mixed-citation>
            </p>
         </fn>
         <fn id="d8759e3741a1310">
            <label>75</label>
            <p>
               <mixed-citation id="d8759e3748" publication-type="book">
Goodman, John ofGaunt, 30-2<person-group>
                     <string-name>
                        <surname>Goodman</surname>
                     </string-name>
                  </person-group>
                  <fpage>30</fpage>
                  <source>John ofGaunt</source>
               </mixed-citation>
            </p>
            <p>
               <mixed-citation id="d8759e3769" publication-type="book">
David Green, The Black Prince (Stroud, 2001), 117<person-group>
                     <string-name>
                        <surname>Green</surname>
                     </string-name>
                  </person-group>
                  <fpage>117</fpage>
                  <source>The Black Prince</source>
                  <year>2001</year>
               </mixed-citation>
            </p>
         </fn>
         <fn id="d8759e3794a1310">
            <label>76</label>
            <p>
               <mixed-citation id="d8759e3801" publication-type="book">
Anthony Goodman, The Loyal Conspiracy: The Lords Appellant under Richard II (London,
1971), 4-5<person-group>
                     <string-name>
                        <surname>Goodman</surname>
                     </string-name>
                  </person-group>
                  <fpage>4</fpage>
                  <source>The Loyal Conspiracy: The Lords Appellant under Richard II</source>
                  <year>1971</year>
               </mixed-citation>
            </p>
            <p>
               <mixed-citation id="d8759e3829" publication-type="book">
Given-Wilson, Royal Household, 32<person-group>
                     <string-name>
                        <surname>Given-Wilson</surname>
                     </string-name>
                  </person-group>
                  <fpage>32</fpage>
                  <source>Royal Household</source>
               </mixed-citation>
            </p>
            <p>
               <mixed-citation id="d8759e3850" publication-type="journal">
Douglas Biggs, "'A wrong whom conscience and
kindred bid me to right": A Re-assessment of Edmund of Langley, Duke of York, and the
Usurpation of Henry IV', Albion, xxvi (1994), 253-72<person-group>
                     <string-name>
                        <surname>Biggs</surname>
                     </string-name>
                  </person-group>
                  <fpage>253</fpage>
                  <volume>xxvi</volume>
                  <source>Albion</source>
                  <year>1994</year>
               </mixed-citation>
            </p>
            <p>
               <mixed-citation id="d8759e3885" publication-type="book">
B. P. Wolffe, The Royal Demesne in English History: The Crown Estate and the Governance of the
Realm from the Conquest to 1509 (London, 1971), 58, 242-3<person-group>
                     <string-name>
                        <surname>Wolffe</surname>
                     </string-name>
                  </person-group>
                  <fpage>58</fpage>
                  <source>The Royal Demesne in English History: The Crown Estate and the Governance of the Realm from the Conquest to 1509</source>
                  <year>1971</year>
               </mixed-citation>
            </p>
         </fn>
         <fn id="d8759e3914a1310">
            <label>77</label>
            <p>
               <mixed-citation id="d8759e3921" publication-type="book">
Goodman, Loyal Conspiracy, 5<person-group>
                     <string-name>
                        <surname>Goodman</surname>
                     </string-name>
                  </person-group>
                  <fpage>5</fpage>
                  <source>Loyal Conspiracy</source>
               </mixed-citation>
            </p>
         </fn>
         <fn id="d8759e3944a1310">
            <label>78</label>
            <p>
               <mixed-citation id="d8759e3951" publication-type="book">
Wolffe, Royal Demesne, 243-4<person-group>
                     <string-name>
                        <surname>Wolffe</surname>
                     </string-name>
                  </person-group>
                  <fpage>243</fpage>
                  <source>Royal Demesne</source>
               </mixed-citation>
            </p>
            <p>
               <mixed-citation id="d8759e3972" publication-type="book">
Tuchman, Distant Mirror, zo6-8<person-group>
                     <string-name>
                        <surname>Tuchman</surname>
                     </string-name>
                  </person-group>
                  <fpage>zo6</fpage>
                  <source>Distant Mirror</source>
               </mixed-citation>
            </p>
         </fn>
         <fn id="d8759e3994a1310">
            <label>79</label>
            <p>
               <mixed-citation id="d8759e4001" publication-type="other">
E 101/386/7; E o10/624/27</mixed-citation>
            </p>
            <p>
               <mixed-citation id="d8759e4007" publication-type="other">
Green, Lives of the Princesses, iii, 75-8</mixed-citation>
            </p>
         </fn>
         <fn id="d8759e4014a1310">
            <label>80</label>
            <p>
               <mixed-citation id="d8759e4021" publication-type="other">
Foedera, II, ii, 915, 929, 940</mixed-citation>
            </p>
            <p>
               <mixed-citation id="d8759e4027" publication-type="book">
Fritz Trautz, Die Kd'nige von England
unddas Reich, I272-I377(Heidelberg, I96I), 217, 219, 220, 279-80, 307, n. 383<person-group>
                     <string-name>
                        <surname>Trautz</surname>
                     </string-name>
                  </person-group>
                  <fpage>217</fpage>
                  <source>Die Kd'nige von England unddas Reich, I272-I377</source>
                  <year>1961</year>
               </mixed-citation>
            </p>
            <p>
               <mixed-citation id="d8759e4055" publication-type="book">
Wardrobe
Book ofNorwell, lxxxiv, 222, 245<fpage>222</fpage>
                  <volume>lxxxiv</volume>
                  <source>Wardrobe Book ofNorwell</source>
               </mixed-citation>
            </p>
            <p>
               <mixed-citation id="d8759e4074" publication-type="book">
Ralph A. Griffiths, The
Principality of Wales in the Later Middle Ages: The Structure and Personnel of Government, L: South
Wales, r277-i536, University of Wales Board of Celtic Studies, History and Law Series, XXVI
(Cardiff, 1972), 229<person-group>
                     <string-name>
                        <surname>Griffiths</surname>
                     </string-name>
                  </person-group>
                  <fpage>229</fpage>
                  <source>The Principality of Wales in the Later Middle Ages: The Structure and Personnel of Government, L: South Wales, r277-i536</source>
                  <year>1972</year>
               </mixed-citation>
            </p>
            <p>
               <mixed-citation id="d8759e4108" publication-type="other">
Green, Lives of the Princesses, iii, 231-9</mixed-citation>
            </p>
         </fn>
         <fn id="d8759e4115a1310">
            <label>81</label>
            <p>
               <mixed-citation id="d8759e4122" publication-type="other">
E 101/391/16-23; see also E 43/97</mixed-citation>
            </p>
            <p>
               <mixed-citation id="d8759e4128" publication-type="other">
E 43/197; E 101/312/32</mixed-citation>
            </p>
            <p>
               <mixed-citation id="d8759e4134" publication-type="other">
Foedera, III,
i, 21-2, 23</mixed-citation>
            </p>
            <p>
               <mixed-citation id="d8759e4144" publication-type="book">
Green, Lives ofthe Princesses, iii, 243-8<person-group>
                     <string-name>
                        <surname>Green</surname>
                     </string-name>
                  </person-group>
                  <fpage>243</fpage>
                  <volume>iii</volume>
                  <source>Lives ofthe Princesses</source>
               </mixed-citation>
            </p>
            <p>
               <mixed-citation id="d8759e4168" publication-type="book">
Kenneth Fowler, The King's Lieutenant: Henry of Grosmont, First Duke of Lancaster, I31rO--136
(London, 1969), 47, 92<person-group>
                     <string-name>
                        <surname>Fowler</surname>
                     </string-name>
                  </person-group>
                  <fpage>47</fpage>
                  <source>The King's Lieutenant: Henry of Grosmont, First Duke of Lancaster, I31rO--136</source>
                  <year>1969</year>
               </mixed-citation>
            </p>
            <p>
               <mixed-citation id="d8759e4196" publication-type="book">
G. P. Cuttino, English Medieval Diplomacy (Bloomington, Ind., 1985), 88<person-group>
                     <string-name>
                        <surname>Cuttino</surname>
                     </string-name>
                  </person-group>
                  <fpage>88</fpage>
                  <source>English Medieval Diplomacy</source>
                  <year>1985</year>
               </mixed-citation>
            </p>
         </fn>
         <fn id="d8759e4221a1310">
            <label>82</label>
            <p>
               <mixed-citation id="d8759e4228" publication-type="book">
Nicolas, 'Observations', 78-83, 145-6<person-group>
                     <string-name>
                        <surname>Nicolas</surname>
                     </string-name>
                  </person-group>
                  <fpage>78</fpage>
                  <source>Observations'</source>
               </mixed-citation>
            </p>
            <p>
               <mixed-citation id="d8759e4249" publication-type="other">
Green, Lives of the Princesses, iii, 248-9</mixed-citation>
            </p>
         </fn>
         <fn id="d8759e4256a1310">
            <label>83</label>
            <p>
               <mixed-citation id="d8759e4263" publication-type="other">
Foedera, III, i, 171</mixed-citation>
            </p>
            <p>
               <mixed-citation id="d8759e4269" publication-type="book">
Nicolas, 'Observations', 145<person-group>
                     <string-name>
                        <surname>Nicolas</surname>
                     </string-name>
                  </person-group>
                  <fpage>145</fpage>
                  <source>Observations</source>
               </mixed-citation>
            </p>
            <p>
               <mixed-citation id="d8759e4290" publication-type="book">
Philip Ziegler, The Black Death (Harmondsworth, 1970), 81<person-group>
                     <string-name>
                        <surname>Ziegler</surname>
                     </string-name>
                  </person-group>
                  <fpage>81</fpage>
                  <source>The Black Death</source>
                  <year>1970</year>
               </mixed-citation>
            </p>
            <p>
               <mixed-citation id="d8759e4315" publication-type="book">
W. M.
Ormrod, 'The English Government and the Black Death of 1348-9', in England in the Fourteenth
Century: Proceedings of the 1984 Harlaxton Symposium, ed. W. M. Ormrod (Woodbridge, 1985),
175<person-group>
                     <string-name>
                        <surname>Ormrod</surname>
                     </string-name>
                  </person-group>
                  <comment content-type="section">The English Government and the Black Death of 1348-9</comment>
                  <fpage>175</fpage>
                  <source>England in the Fourteenth Century: Proceedings of the 1984 Harlaxton Symposium</source>
                  <year>1985</year>
               </mixed-citation>
            </p>
         </fn>
         <fn id="d8759e4354a1310">
            <label>84</label>
            <p>
               <mixed-citation id="d8759e4361" publication-type="other">
Earl of Pembroke (1359)</mixed-citation>
            </p>
            <p>
               <mixed-citation id="d8759e4367" publication-type="other">
Duke of Brittany (in 1361)</mixed-citation>
            </p>
            <p>
               <mixed-citation id="d8759e4373" publication-type="other">
Earl of Bedford (in 1365)</mixed-citation>
            </p>
         </fn>
         <fn id="d8759e4380a1310">
            <label>85</label>
            <p>
               <mixed-citation id="d8759e4387" publication-type="other">
E I01/404/I1 (Blanche, daughter of Henry IV)</mixed-citation>
            </p>
            <p>
               <mixed-citation id="d8759e4393" publication-type="other">
E 101/404/12, E IOI/406/IO (Philippa, daugh-
ter of Henry IV)</mixed-citation>
            </p>
         </fn>
      </fn-group>
   </back>
</article>
