<article dtd-version="1.0" article-type="research-article">
   <front>
      <journal-meta>
         <journal-id xmlns:xlink="http://www.w3.org/1999/xlink" journal-id-type="jstor">englhistrevi</journal-id>
         <journal-id xmlns:xlink="http://www.w3.org/1999/xlink" journal-id-type="jstor">j100150</journal-id>
         <journal-title-group xmlns:xlink="http://www.w3.org/1999/xlink">
            <journal-title>The English Historical Review</journal-title>
         </journal-title-group>
         <publisher>
            <publisher-name>Oxford University Press</publisher-name>
         </publisher>
         <issn xmlns:xlink="http://www.w3.org/1999/xlink" pub-type="ppub">00138266</issn>
         <issn xmlns:xlink="http://www.w3.org/1999/xlink" pub-type="epub">14774534</issn>
      </journal-meta>
      <article-meta>
         <article-id xmlns:xlink="http://www.w3.org/1999/xlink" pub-id-type="jstor">3490923</article-id>
         <title-group>
            <article-title>Taming the Revolution? Legitimists and the Centenary of 1789</article-title>
         </title-group>
         <contrib-group>
            <contrib contrib-type="author">
               <string-name xmlns:xlink="http://www.w3.org/1999/xlink">
                  <given-names>Martin</given-names>
                  <surname>Simpson</surname>
               </string-name>
            </contrib>
         </contrib-group>
         <pub-date xmlns:xlink="http://www.w3.org/1999/xlink">
            <day>1</day>
            <month>4</month>
            <year>2005</year>
         </pub-date>
         <volume>120</volume>
         <issue>486</issue>
         <issue-id xmlns:xlink="http://www.w3.org/1999/xlink">i277762</issue-id>
         <fpage>340</fpage>
         <lpage>364</lpage>
         <page-range>340-364</page-range>
         <permissions>
            <copyright-statement>Copyright 2005 Oxford University Press</copyright-statement>
         </permissions>
         <self-uri xmlns:xlink="http://www.w3.org/1999/xlink"
                   xlink:href="http://www.jstor.org/stable/3490923"/>
         <custom-meta-group xmlns:xlink="http://www.w3.org/1999/xlink">
            <custom-meta>
               <meta-name>lang</meta-name>
               <meta-value>eng</meta-value>
            </custom-meta>
         </custom-meta-group>
      </article-meta>
   </front>
   <back>
      <fn-group xmlns:xlink="http://www.w3.org/1999/xlink">
         <title>[Footnotes]</title>
         <fn id="d9349e116a1310">
            <label>1</label>
            <p>
               <mixed-citation id="d9349e123" publication-type="book">
P. Ory, 'Le centenaire de la revolution frangaise', Les Lieux de Mimoire, ed.
P. Nora (7 vols, Paris, 1984-1992), i, 523-60<person-group>
                     <string-name>
                        <surname>Ory</surname>
                     </string-name>
                  </person-group>
                  <comment content-type="section">Le centenaire de la revolution frangaise'</comment>
                  <fpage>523</fpage>
                  <volume>i</volume>
                  <source>Les Lieux de Mimoire</source>
                  <year>1992</year>
               </mixed-citation>
            </p>
            <p>
               <mixed-citation id="d9349e157" publication-type="book">
idem, Une Nation pour mdmoire: 1889, i939, 1989, trois
jubilks rivolutionnaires (Paris, 1992)<person-group>
                     <string-name>
                        <surname>Ory</surname>
                     </string-name>
                  </person-group>
                  <source>Une Nation pour mdmoire: 1889, i939, 1989, trois jubilks rivolutionnaires</source>
                  <year>1992</year>
               </mixed-citation>
            </p>
            <p>
               <mixed-citation id="d9349e181" publication-type="book">
M. Agulhon, Marianne au Pouvoir: l'imagerie et la symbolique
republicaines de i88o rp94 (Paris, 1989)<person-group>
                     <string-name>
                        <surname>Agulhon</surname>
                     </string-name>
                  </person-group>
                  <source>Marianne au Pouvoir: l'imagerie et la symbolique republicaines de i88o rp94</source>
                  <year>1989</year>
               </mixed-citation>
            </p>
            <p>
               <mixed-citation id="d9349e206" publication-type="book">
R. Gildea, The Past in French History (New Haven,
1994<person-group>
                     <string-name>
                        <surname>Gildea</surname>
                     </string-name>
                  </person-group>
                  <source>The Past in French History</source>
                  <year>1994</year>
               </mixed-citation>
            </p>
         </fn>
         <fn id="d9349e231a1310">
            <label>2</label>
            <p>
               <mixed-citation id="d9349e238" publication-type="book">
F. Furet, Revolutionary France, i77o-188o (Oxford, 1992), 537.<person-group>
                     <string-name>
                        <surname>Furet</surname>
                     </string-name>
                  </person-group>
                  <fpage>537</fpage>
                  <source>Revolutionary France, i77o-188o</source>
                  <year>1992</year>
               </mixed-citation>
            </p>
         </fn>
         <fn id="d9349e263a1310">
            <label>3</label>
            <p>
               <mixed-citation id="d9349e270" publication-type="book">
M. Angenot, Le Centenaire de la Rdvolution - i889 (Paris, 1989).<person-group>
                     <string-name>
                        <surname>Angenot</surname>
                     </string-name>
                  </person-group>
                  <source>Le Centenaire de la Rdvolution - i889</source>
                  <year>1989</year>
               </mixed-citation>
            </p>
         </fn>
         <fn id="d9349e292a1310">
            <label>4</label>
            <p>
               <mixed-citation id="d9349e299" publication-type="book">
W. Irvine, The Boulanger Affair Reconsidered (Oxford, 1989)<person-group>
                     <string-name>
                        <surname>Irvine</surname>
                     </string-name>
                  </person-group>
                  <source>The Boulanger Affair Reconsidered</source>
                  <year>1989</year>
               </mixed-citation>
            </p>
            <p>
               <mixed-citation id="d9349e320" publication-type="journal">
idem, 'Royalists, Mass Politics
and the Boulanger Affair', French History, iii (1989)<person-group>
                     <string-name>
                        <surname>Irvine</surname>
                     </string-name>
                  </person-group>
                  <volume>iii</volume>
                  <source>French History</source>
                  <year>1989</year>
               </mixed-citation>
            </p>
         </fn>
         <fn id="d9349e350a1310">
            <label>5</label>
            <p>
               <mixed-citation id="d9349e357" publication-type="book">
Furet, Revolutionary France, 420.<person-group>
                     <string-name>
                        <surname>Furet</surname>
                     </string-name>
                  </person-group>
                  <fpage>420</fpage>
                  <source>Revolutionary France</source>
               </mixed-citation>
            </p>
         </fn>
         <fn id="d9349e379a1310">
            <label>6</label>
            <p>
               <mixed-citation id="d9349e386" publication-type="book">
A. Rdmy, Anniversaires royalistes (Paris, 1854).<person-group>
                     <string-name>
                        <surname>Rdmy</surname>
                     </string-name>
                  </person-group>
                  <source>Anniversaires royalistes</source>
                  <year>1854</year>
               </mixed-citation>
            </p>
         </fn>
         <fn id="d9349e408a1310">
            <label>7</label>
            <p>
               <mixed-citation id="d9349e415" publication-type="other">
M. Simpson, 'Confronting the Revolution: French Legitimists 1877-1893', unpublished
Ph.D. thesis, University of London, 2000.</mixed-citation>
            </p>
         </fn>
         <fn id="d9349e425a1310">
            <label>8</label>
            <p>
               <mixed-citation id="d9349e432" publication-type="journal">
Revue Religieuse de la diockse de Rodez et de Mende, 2 Jan. 1880<issue>Jan</issue>
                  <source>Revue Religieuse de la diockse de Rodez et de Mende</source>
                  <year>1880</year>
               </mixed-citation>
            </p>
         </fn>
         <fn id="d9349e448a1310">
            <label>9</label>
            <p>
               <mixed-citation id="d9349e455" publication-type="other">
ibid</mixed-citation>
            </p>
         </fn>
         <fn id="d9349e462a1310">
            <label>10</label>
            <p>
               <mixed-citation id="d9349e469" publication-type="book">
S. Kale, Legitimism and the Reconstruction of French Society, 1852-1883 (Baton Rouge,
1992).<person-group>
                     <string-name>
                        <surname>Kale</surname>
                     </string-name>
                  </person-group>
                  <source>Legitimism and the Reconstruction of French Society, 1852-1883</source>
                  <year>1992</year>
               </mixed-citation>
            </p>
         </fn>
         <fn id="d9349e495a1310">
            <label>11</label>
            <p>
               <mixed-citation id="d9349e502" publication-type="journal">
L 'Union du Midi, 2 April I880<issue>April</issue>
                  <source>L 'Union du Midi</source>
                  <year>1880</year>
               </mixed-citation>
            </p>
            <p>
               <mixed-citation id="d9349e517" publication-type="other">
A[rchives] D[epartementales de 1'] H[aute]-G[aronne] BF
340o</mixed-citation>
            </p>
         </fn>
         <fn id="d9349e527a1310">
            <label>12</label>
            <p>
               <mixed-citation id="d9349e534" publication-type="book">
J. Gadille, La pensde et l'action politique des evequesfianfais au ddbut de la III
Rtpublique (2 vols, Paris, 1967), i, 65.<person-group>
                     <string-name>
                        <surname>Gadille</surname>
                     </string-name>
                  </person-group>
                  <fpage>65</fpage>
                  <volume>i</volume>
                  <source>La pensde et l'action politique des evequesfianfais au ddbut de la III Rtpublique</source>
                  <year>1967</year>
               </mixed-citation>
            </p>
         </fn>
         <fn id="d9349e566a1310">
            <label>13</label>
            <p>
               <mixed-citation id="d9349e573" publication-type="book">
B. Martin,
Count Albert de Mun: Paladin of the Third Republic (Chapel Hill, North Carolina, 1978), 36<person-group>
                     <string-name>
                        <surname>Martin</surname>
                     </string-name>
                  </person-group>
                  <fpage>36</fpage>
                  <source>Count Albert de Mun: Paladin of the Third Republic</source>
                  <year>1978</year>
               </mixed-citation>
            </p>
         </fn>
         <fn id="d9349e602a1310">
            <label>14</label>
            <p>
               <mixed-citation id="d9349e609" publication-type="book">
R. Rimond, Histoire des Droites en France (4th edn, Paris, 1982), 128<person-group>
                     <string-name>
                        <surname>Rimond</surname>
                     </string-name>
                  </person-group>
                  <edition>4</edition>
                  <fpage>128</fpage>
                  <source>Histoire des Droites en France</source>
                  <year>1982</year>
               </mixed-citation>
            </p>
         </fn>
         <fn id="d9349e638a1310">
            <label>15</label>
            <p>
               <mixed-citation id="d9349e645" publication-type="book">
S. Hazareesingh, From Subject to Citizen (Princeton, 1998).<person-group>
                     <string-name>
                        <surname>Hazareesingh</surname>
                     </string-name>
                  </person-group>
                  <source>From Subject to Citizen</source>
                  <year>1998</year>
               </mixed-citation>
            </p>
         </fn>
         <fn id="d9349e667a1310">
            <label>16</label>
            <p>
               <mixed-citation id="d9349e674" publication-type="book">
R. Tombs, France 1814-1914 (London, 1996), 28<person-group>
                     <string-name>
                        <surname>Tombs</surname>
                     </string-name>
                  </person-group>
                  <fpage>28</fpage>
                  <source>France 1814-1914</source>
                  <year>1996</year>
               </mixed-citation>
            </p>
         </fn>
         <fn id="d9349e700a1310">
            <label>17</label>
            <p>
               <mixed-citation id="d9349e707" publication-type="journal">
M. Simpson, 'The Death of Henri V: Legitimism without the Bourbons', French History, xv
(2001).<person-group>
                     <string-name>
                        <surname>Simpson</surname>
                     </string-name>
                  </person-group>
                  <volume>xv</volume>
                  <source>French History</source>
                  <year>2001</year>
               </mixed-citation>
            </p>
         </fn>
         <fn id="d9349e736a1310">
            <label>18</label>
            <p>
               <mixed-citation id="d9349e743" publication-type="journal">
Abbd Alazard, editor of the Revue Religieuse de la diocese de
Rodez et de Mende, 23 Sept. 1887<person-group>
                     <string-name>
                        <surname>Alazard</surname>
                     </string-name>
                  </person-group>
                  <issue>Sept</issue>
                  <source>Revue Religieuse de la diocese de Rodez et de Mende</source>
                  <year>1887</year>
               </mixed-citation>
            </p>
         </fn>
         <fn id="d9349e772a1310">
            <label>19</label>
            <p>
               <mixed-citation id="d9349e779" publication-type="other">
Simpson, 'The Death of Henri V.</mixed-citation>
            </p>
         </fn>
         <fn id="d9349e786a1310">
            <label>20</label>
            <p>
               <mixed-citation id="d9349e793" publication-type="book">
Gadille, La pensbe et I'action
politique, i, 85<person-group>
                     <string-name>
                        <surname>Gadille</surname>
                     </string-name>
                  </person-group>
                  <fpage>85</fpage>
                  <volume>i</volume>
                  <source>La pensbe et I'action politique</source>
               </mixed-citation>
            </p>
         </fn>
         <fn id="d9349e822a1310">
            <label>21</label>
            <p>
               <mixed-citation id="d9349e829" publication-type="book">
Martin, Count Albert de Mun, 36-37.<person-group>
                     <string-name>
                        <surname>Martin</surname>
                     </string-name>
                  </person-group>
                  <fpage>36</fpage>
                  <source>Count Albert de Mun</source>
               </mixed-citation>
            </p>
            <p>
               <mixed-citation id="d9349e850" publication-type="book">
J. Morel, M de
Mun et M. de Falloux (Paris, 1879), 8<person-group>
                     <string-name>
                        <surname>Morel</surname>
                     </string-name>
                  </person-group>
                  <fpage>8</fpage>
                  <source>M de Mun et M. de Falloux</source>
                  <year>1879</year>
               </mixed-citation>
            </p>
         </fn>
         <fn id="d9349e879a1310">
            <label>22</label>
            <p>
               <mixed-citation id="d9349e886" publication-type="journal">
Morel, M. de Mun et M. de Falloux, 25.<person-group>
                     <string-name>
                        <surname>Morel</surname>
                     </string-name>
                  </person-group>
                  <fpage>25</fpage>
                  <source>M. de Mun et M. de Falloux</source>
               </mixed-citation>
            </p>
         </fn>
         <fn id="d9349e909a1310">
            <label>23</label>
            <p>
               <mixed-citation id="d9349e916" publication-type="journal">
L'Union du Midi, 14 July 1881<issue>July</issue>
                  <source>L'Union du Midi</source>
                  <year>1881</year>
               </mixed-citation>
            </p>
            <p>
               <mixed-citation id="d9349e931" publication-type="other">
ADH-G BF 340</mixed-citation>
            </p>
         </fn>
         <fn id="d9349e938a1310">
            <label>24</label>
            <p>
               <mixed-citation id="d9349e945" publication-type="journal">
L'Union du Midi, 15 July 1880<issue>July</issue>
                  <source>L'Union du Midi</source>
                  <year>1880</year>
               </mixed-citation>
            </p>
            <p>
               <mixed-citation id="d9349e960" publication-type="other">
ADH-G BF 340</mixed-citation>
            </p>
         </fn>
         <fn id="d9349e967a1310">
            <label>25</label>
            <p>
               <mixed-citation id="d9349e974" publication-type="other">
ADH-G 4M 97.</mixed-citation>
            </p>
         </fn>
         <fn id="d9349e981a1310">
            <label>26</label>
            <p>
               <mixed-citation id="d9349e988" publication-type="other">
A[rchives] N[ationales] FI9 5611.</mixed-citation>
            </p>
         </fn>
         <fn id="d9349e995a1310">
            <label>27</label>
            <p>
               <mixed-citation id="d9349e1002" publication-type="book">
Geoffrey Cubbitt at the 1998 Society
for the Study of French History Conference<person-group>
                     <string-name>
                        <surname>Cubbitt</surname>
                     </string-name>
                  </person-group>
                  <source>Society for the Study of French History Conference</source>
                  <year>1998</year>
               </mixed-citation>
            </p>
         </fn>
         <fn id="d9349e1027a1310">
            <label>28</label>
            <p>
               <mixed-citation id="d9349e1034" publication-type="book">
D. Klinck, The French
Counter-Revolutionary Theorist Louis de Bonald (New York, 1996)<person-group>
                     <string-name>
                        <surname>Klinck</surname>
                     </string-name>
                  </person-group>
                  <source>The French Counter-Revolutionary Theorist Louis de Bonald</source>
                  <year>1996</year>
               </mixed-citation>
            </p>
         </fn>
         <fn id="d9349e1060a1310">
            <label>29</label>
            <p>
               <mixed-citation id="d9349e1067" publication-type="book">
M. Denis, 'Reconqu&amp;te ou defensive: les stratdgies de la Noblesse de l'Ouest au XIXe si&amp;cle',
Noblesse Française, Noblesse Hongroise XVIe-XIXe si&amp;cles, ed. B. Köpeczi and t. H. Balizs (Paris,
i98I), 129-36.<person-group>
                     <string-name>
                        <surname>Denis</surname>
                     </string-name>
                  </person-group>
                  <comment content-type="section">Reconqu&amp;te ou defensive: les stratdgies de la Noblesse de l'Ouest au XIXe si&amp;cle'</comment>
                  <fpage>129</fpage>
                  <source>Noblesse Française, Noblesse Hongroise XVIe-XIXe si&amp;cles</source>
                  <year>1981</year>
               </mixed-citation>
            </p>
         </fn>
         <fn id="d9349e1102a1310">
            <label>30</label>
            <p>
               <mixed-citation id="d9349e1109" publication-type="book">
J.-C. Martin, La Vendle et la France
(Paris, 1987)<person-group>
                     <string-name>
                        <surname>Martin</surname>
                     </string-name>
                  </person-group>
                  <source>La Vendle et la France</source>
                  <year>1987</year>
               </mixed-citation>
            </p>
            <p>
               <mixed-citation id="d9349e1133" publication-type="book">
idem, La Vendée de la mémoire (Paris, 1989)<person-group>
                     <string-name>
                        <surname>Martin</surname>
                     </string-name>
                  </person-group>
                  <source>La Vendée de la mémoire</source>
                  <year>1989</year>
               </mixed-citation>
            </p>
            <p>
               <mixed-citation id="d9349e1154" publication-type="journal">
idem, 'La Vend&amp;e, region-mémoire',
Lieux de Mémoire, i, 595-617<person-group>
                     <string-name>
                        <surname>Martin</surname>
                     </string-name>
                  </person-group>
                  <fpage>595</fpage>
                  <volume>i</volume>
                  <source>Lieux de Mémoire</source>
               </mixed-citation>
            </p>
            <p>
               <mixed-citation id="d9349e1183" publication-type="other">
Gildea, Past in French History, 26-31</mixed-citation>
            </p>
         </fn>
         <fn id="d9349e1190a1310">
            <label>31</label>
            <p>
               <mixed-citation id="d9349e1197" publication-type="book">
A.-J. Tudesq, Les Grands Notables en France 1840-1849 (2 vols, Bordeaux, 1964), i, 221.<person-group>
                     <string-name>
                        <surname>Tudesq</surname>
                     </string-name>
                  </person-group>
                  <fpage>221</fpage>
                  <volume>i</volume>
                  <source>Les Grands Notables en France 1840-1849</source>
                  <year>1964</year>
               </mixed-citation>
            </p>
         </fn>
         <fn id="d9349e1226a1310">
            <label>32</label>
            <p>
               <mixed-citation id="d9349e1233" publication-type="other">
Kale, Legitimism and the Reconstruction of French
Society</mixed-citation>
            </p>
            <p>
               <mixed-citation id="d9349e1242" publication-type="other">
Hazareesingh, Subject to Citizen</mixed-citation>
            </p>
         </fn>
         <fn id="d9349e1249a1310">
            <label>33</label>
            <p>
               <mixed-citation id="d9349e1256" publication-type="book">
E. de Barrau, 1789 en Rouergue. Étude historique et critique des institutions lectorales de I'ancien
et du nouveau rdgime (Rodez, 1873)<person-group>
                     <string-name>
                        <surname>de Barrau</surname>
                     </string-name>
                  </person-group>
                  <source>1789 en Rouergue. Étude historique et critique des institutions lectorales de I'ancien et du nouveau rdgime</source>
                  <year>1873</year>
               </mixed-citation>
            </p>
         </fn>
         <fn id="d9349e1281a1310">
            <label>34</label>
            <p>
               <mixed-citation id="d9349e1288" publication-type="book">
E., H. and F. de Barrau, L "poque rivolutionnaire en Rouergue, 1789--18o1 (Rodez, 1910)<person-group>
                     <string-name>
                        <surname>de Barrau</surname>
                     </string-name>
                  </person-group>
                  <source>L "poque rivolutionnaire en Rouergue, 1789--18o1</source>
                  <year>1910</year>
               </mixed-citation>
            </p>
         </fn>
         <fn id="d9349e1311a1310">
            <label>35</label>
            <p>
               <mixed-citation id="d9349e1318" publication-type="journal">
S. Kale, 'The Countercentenary of 1889, Counterrevolution and the Revolutionary Tradi-
tion', Historical Reflections/ Rdflexions Historiques, xxiii (1997), 1-28.<person-group>
                     <string-name>
                        <surname>Kale</surname>
                     </string-name>
                  </person-group>
                  <fpage>1</fpage>
                  <volume>xxiii</volume>
                  <source>Historical Reflections/ Rdflexions Historiques</source>
                  <year>1997</year>
               </mixed-citation>
            </p>
         </fn>
         <fn id="d9349e1350a1310">
            <label>36</label>
            <p>
               <mixed-citation id="d9349e1357" publication-type="journal">
J.-C. Martin, 'Monseigneur Freppel et la Revolution franqaise', Annales de Bretagne et Pays
de l'Ouest, cii (1995), 75-88.<person-group>
                     <string-name>
                        <surname>Martin</surname>
                     </string-name>
                  </person-group>
                  <fpage>75</fpage>
                  <volume>cii</volume>
                  <source>Annales de Bretagne et Pays de l'Ouest</source>
                  <year>1995</year>
               </mixed-citation>
            </p>
         </fn>
         <fn id="d9349e1389a1310">
            <label>37</label>
            <p>
               <mixed-citation id="d9349e1396" publication-type="journal">
La revue religieuse du diochse de Rodez et de Mende, 26 July 1889, 13 Sept. 1889.<issue>July</issue>
                  <source>La revue religieuse du diochse de Rodez et de Mende</source>
                  <year>1889</year>
               </mixed-citation>
            </p>
         </fn>
         <fn id="d9349e1412a1310">
            <label>38</label>
            <p>
               <mixed-citation id="d9349e1419" publication-type="book">
Freppel, La Rdvolution francaise propos du centenaire de 1889 (Paris, I Jan. 1889), 22-3.<person-group>
                     <string-name>
                        <surname>Freppel</surname>
                     </string-name>
                  </person-group>
                  <fpage>22</fpage>
                  <source>La Rdvolution francaise propos du centenaire de 1889</source>
                  <year>1889</year>
               </mixed-citation>
            </p>
         </fn>
         <fn id="d9349e1444a1310">
            <label>39</label>
            <p>
               <mixed-citation id="d9349e1451" publication-type="other">
Ibid. 14.</mixed-citation>
            </p>
         </fn>
         <fn id="d9349e1458a1310">
            <label>40</label>
            <p>
               <mixed-citation id="d9349e1465" publication-type="other">
Ibid. 18-19.</mixed-citation>
            </p>
         </fn>
         <fn id="d9349e1473a1310">
            <label>41</label>
            <p>
               <mixed-citation id="d9349e1480" publication-type="book">
Vitteaut, Reoonse h Mgr Freppel sur les Principes de la Rdvolutionfranfaise (Paris, 1889).<person-group>
                     <string-name>
                        <surname>Vitteaut</surname>
                     </string-name>
                  </person-group>
                  <source>Reoonse h Mgr Freppel sur les Principes de la Rdvolutionfranfaise</source>
                  <year>1889</year>
               </mixed-citation>
            </p>
         </fn>
         <fn id="d9349e1502a1310">
            <label>42</label>
            <p>
               <mixed-citation id="d9349e1509" publication-type="book">
E. Trogan, L 'tquivoque sur la Rivolution franfaise - Rdponse i Mgr Freppel (Paris, 28 April
1889).<person-group>
                     <string-name>
                        <surname>Trogan</surname>
                     </string-name>
                  </person-group>
                  <source>L 'tquivoque sur la Rivolution franfaise - Rdponse i Mgr Freppel</source>
                  <year>1889</year>
               </mixed-citation>
            </p>
         </fn>
         <fn id="d9349e1534a1310">
            <label>43</label>
            <p>
               <mixed-citation id="d9349e1541" publication-type="other">
E. de Barrau, 1789 en Rouergue.</mixed-citation>
            </p>
         </fn>
         <fn id="d9349e1548a1310">
            <label>44</label>
            <p>
               <mixed-citation id="d9349e1555" publication-type="other">
E., H. and F. de Barrau, L 'poque rivolutionnaire.</mixed-citation>
            </p>
         </fn>
         <fn id="d9349e1562a1310">
            <label>45</label>
            <p>
               <mixed-citation id="d9349e1569" publication-type="other">
AN F7 12584.</mixed-citation>
            </p>
         </fn>
         <fn id="d9349e1576a1310">
            <label>46</label>
            <p>
               <mixed-citation id="d9349e1583" publication-type="journal">
Gazette de lAveyron, i8 May 1889, ADA Per 782.<issue>May</issue>
                  <source>Gazette de lAveyron</source>
                  <year>1889</year>
               </mixed-citation>
            </p>
         </fn>
         <fn id="d9349e1600a1310">
            <label>47</label>
            <p>
               <mixed-citation id="d9349e1607" publication-type="journal">
La Semaine Catholique du diocise de Saint-Flour, is May 1889, AN FI9 5611.<issue>May</issue>
                  <source>La Semaine Catholique du diocise de Saint-Flour</source>
                  <year>1889</year>
               </mixed-citation>
            </p>
         </fn>
         <fn id="d9349e1623a1310">
            <label>48</label>
            <p>
               <mixed-citation id="d9349e1630" publication-type="journal">
journal de lAveyron, 2 May 1889, ADA Per 877.<issue>May</issue>
                  <source>journal de lAveyron</source>
                  <year>1889</year>
               </mixed-citation>
            </p>
         </fn>
         <fn id="d9349e1646a1310">
            <label>49</label>
            <p>
               <mixed-citation id="d9349e1653" publication-type="other">
Ory, 'Le centenaire'.</mixed-citation>
            </p>
         </fn>
         <fn id="d9349e1660a1310">
            <label>50</label>
            <p>
               <mixed-citation id="d9349e1667" publication-type="journal">
La Revue religieuse, 19 July 1889<issue>July</issue>
                  <source>La Revue religieuse</source>
                  <year>1889</year>
               </mixed-citation>
            </p>
            <p>
               <mixed-citation id="d9349e1682" publication-type="journal">
M. Crogiez, 'Centenaire et rdpublicanisme: 1889 dans le Nord et
dans le Pas-de-Calais', Revue du Nord, lxiii (199i), 663-702.<person-group>
                     <string-name>
                        <surname>Crogiez</surname>
                     </string-name>
                  </person-group>
                  <fpage>663</fpage>
                  <volume>lxiii</volume>
                  <source>Revue du Nord</source>
                  <year>1991</year>
               </mixed-citation>
            </p>
         </fn>
         <fn id="d9349e1714a1310">
            <label>51</label>
            <p>
               <mixed-citation id="d9349e1721" publication-type="journal">
Lejournal de l'Aveyron, I6 July 1887, ADA Per 877.<issue>July</issue>
                  <source>Lejournal de l'Aveyron</source>
                  <year>1887</year>
               </mixed-citation>
            </p>
         </fn>
         <fn id="d9349e1737a1310">
            <label>52</label>
            <p>
               <mixed-citation id="d9349e1744" publication-type="journal">
J.-C. Martin, 'Quatorze juillet 188o - quatorze juillet 1889. L'instauration de la fete
nationale dans l'Ouest', Annales de Bretagne et Pays de l'Ouest, xci (1984), 201-47.<person-group>
                     <string-name>
                        <surname>Martin</surname>
                     </string-name>
                  </person-group>
                  <fpage>201</fpage>
                  <volume>xci</volume>
                  <source>Annales de Bretagne et Pays de l'Ouest</source>
                  <year>1984</year>
               </mixed-citation>
            </p>
         </fn>
         <fn id="d9349e1777a1310">
            <label>53</label>
            <p>
               <mixed-citation id="d9349e1784" publication-type="other">
Martin, La Vendee de la Mimoire</mixed-citation>
            </p>
            <p>
               <mixed-citation id="d9349e1790" publication-type="other">
idem, La Vendie et la France</mixed-citation>
            </p>
            <p>
               <mixed-citation id="d9349e1796" publication-type="other">
idem, 'La Vendée, region-
memoire'</mixed-citation>
            </p>
            <p>
               <mixed-citation id="d9349e1806" publication-type="other">
Gildea, Past in French History, 26-31</mixed-citation>
            </p>
            <p>
               <mixed-citation id="d9349e1812" publication-type="book">
P. Ory, Une Nation pour mt'moire: 1889, 1939,
1989, trois jubiles revolutionnaires (Paris, 1992), 116<person-group>
                     <string-name>
                        <surname>Ory</surname>
                     </string-name>
                  </person-group>
                  <fpage>116</fpage>
                  <source>Une Nation pour mt'moire: 1889, 1939, 1989, trois jubiles revolutionnaires</source>
                  <year>1992</year>
               </mixed-citation>
            </p>
         </fn>
         <fn id="d9349e1841a1310">
            <label>54</label>
            <p>
               <mixed-citation id="d9349e1848" publication-type="journal">
B. Peschot, 'Le contre-anniversaire de 1789 " travers la littdra-
ture populaire catholique de la fin du XIXe si cle', Annales de Bretagne et Pays de l'Ouest, xci (1984),
269-78.<person-group>
                     <string-name>
                        <surname>Peschot</surname>
                     </string-name>
                  </person-group>
                  <fpage>269</fpage>
                  <volume>xci</volume>
                  <source>Annales de Bretagne et Pays de l'Ouest</source>
                  <year>1984</year>
               </mixed-citation>
            </p>
         </fn>
         <fn id="d9349e1883a1310">
            <label>55</label>
            <p>
               <mixed-citation id="d9349e1890" publication-type="journal">
Reported in La
Revue religieuse du diochse de Rodez et de Mende, 16 Sept. 1892, ADA Per 1242<issue>Sept</issue>
                  <source>La Revue religieuse du diochse de Rodez et de Mende</source>
                  <year>1892</year>
               </mixed-citation>
            </p>
         </fn>
         <fn id="d9349e1909a1310">
            <label>56</label>
            <p>
               <mixed-citation id="d9349e1916" publication-type="journal">
Charles Duinay, directeur des cultes, 27 March 1889, AN F19 5611.<person-group>
                     <string-name>
                        <surname>Duinay</surname>
                     </string-name>
                  </person-group>
                  <issue>March</issue>
                  <source>directeur des cultes</source>
                  <year>1889</year>
               </mixed-citation>
            </p>
         </fn>
         <fn id="d9349e1941a1310">
            <label>57</label>
            <p>
               <mixed-citation id="d9349e1948" publication-type="other">
Duinay's report, AN FI9 561I.</mixed-citation>
            </p>
         </fn>
         <fn id="d9349e1955a1310">
            <label>58</label>
            <p>
               <mixed-citation id="d9349e1962" publication-type="journal">
Ory, 'Le centenaire'. Radicals wanted to celebrate the centenary of 7 June 1788<person-group>
                     <string-name>
                        <surname>Ory</surname>
                     </string-name>
                  </person-group>
                  <issue>June</issue>
                  <source>Le centenaire</source>
                  <year>1788</year>
               </mixed-citation>
            </p>
         </fn>
         <fn id="d9349e1988a1310">
            <label>59</label>
            <p>
               <mixed-citation id="d9349e1995" publication-type="other">
Duinay's report, AN F19 5611.</mixed-citation>
            </p>
         </fn>
         <fn id="d9349e2002a1310">
            <label>60</label>
            <p>
               <mixed-citation id="d9349e2009" publication-type="other">
Levillain, Albert de Mun; Martin, Count Albert de Mun.</mixed-citation>
            </p>
         </fn>
         <fn id="d9349e2016a1310">
            <label>61</label>
            <p>
               <mixed-citation id="d9349e2023" publication-type="journal">
Duinay, on Angers, report of prefet of Maine-et-Loire, 21 June
1889, AN FI9 5611.<person-group>
                     <string-name>
                        <surname>Duinay</surname>
                     </string-name>
                  </person-group>
                  <issue>June</issue>
                  <source>prefet</source>
                  <year>1889</year>
               </mixed-citation>
            </p>
         </fn>
         <fn id="d9349e2052a1310">
            <label>62</label>
            <p>
               <mixed-citation id="d9349e2059" publication-type="other">
Guibert (Paris)</mixed-citation>
            </p>
            <p>
               <mixed-citation id="d9349e2065" publication-type="other">
Desprez (Toulouse)</mixed-citation>
            </p>
            <p>
               <mixed-citation id="d9349e2071" publication-type="other">
Caverot (Lyons)</mixed-citation>
            </p>
         </fn>
         <fn id="d9349e2078a1310">
            <label>63</label>
            <p>
               <mixed-citation id="d9349e2085" publication-type="other">
Gildea, Past in French History, 299-300.</mixed-citation>
            </p>
         </fn>
         <fn id="d9349e2092a1310">
            <label>64</label>
            <p>
               <mixed-citation id="d9349e2099" publication-type="journal">
M. de Gailhard-Bancel, 'Le 89 du Peuple'. Speech published in Revue des Confirences
Populaires, Jan. 1889, AN FI9 5611.<person-group>
                     <string-name>
                        <surname>de Gailhard-Bancel</surname>
                     </string-name>
                  </person-group>
                  <issue>Jan</issue>
                  <source>Revue des Confirences Populaires</source>
                  <year>1889</year>
               </mixed-citation>
            </p>
         </fn>
         <fn id="d9349e2129a1310">
            <label>65</label>
            <p>
               <mixed-citation id="d9349e2136" publication-type="journal">
Reported in L'Univers, io May 1889, AN FI9 5611.<issue>May</issue>
                  <source>L'Univers</source>
                  <year>1889</year>
               </mixed-citation>
            </p>
         </fn>
         <fn id="d9349e2152a1310">
            <label>66</label>
            <p>
               <mixed-citation id="d9349e2159" publication-type="book">
Kale, 'The Countercentenary of 1889'<person-group>
                     <string-name>
                        <surname>Kale</surname>
                     </string-name>
                  </person-group>
                  <source>The Countercentenary</source>
                  <year>1889</year>
               </mixed-citation>
            </p>
            <p>
               <mixed-citation id="d9349e2180" publication-type="book">
Levillain, Albert de Mun, 569-626, 647-56, 661-76, 869-83<person-group>
                     <string-name>
                        <surname>Levillain</surname>
                     </string-name>
                  </person-group>
                  <fpage>569</fpage>
                  <source>Albert de Mun</source>
               </mixed-citation>
            </p>
         </fn>
         <fn id="d9349e2202a1310">
            <label>67</label>
            <p>
               <mixed-citation id="d9349e2209" publication-type="other">
Gailhard-Bancel, 'Le 89 du Peuple'.</mixed-citation>
            </p>
         </fn>
         <fn id="d9349e2216a1310">
            <label>68</label>
            <p>
               <mixed-citation id="d9349e2223" publication-type="journal">
Revue des Confirences Populaires, Feb. 1889, AN FI9 5611.<issue>Feb</issue>
                  <source>Revue des Confirences Populaires</source>
                  <year>1889</year>
               </mixed-citation>
            </p>
         </fn>
         <fn id="d9349e2239a1310">
            <label>69</label>
            <p>
               <mixed-citation id="d9349e2246" publication-type="journal">
L 'Impartial de Romans et de Bourg-de-Reage, II Nov. I888, ibid.<issue>Nov</issue>
                  <source>Revue des Confirences Populaires</source>
                  <year>1888</year>
               </mixed-citation>
            </p>
         </fn>
         <fn id="d9349e2262a1310">
            <label>70</label>
            <p>
               <mixed-citation id="d9349e2269" publication-type="journal">
Published in L'Univers, 28 April 1889, ibid.<issue>April</issue>
                  <source>Revue des Confirences Populaires</source>
                  <year>1889</year>
               </mixed-citation>
            </p>
         </fn>
         <fn id="d9349e2286a1310">
            <label>71</label>
            <p>
               <mixed-citation id="d9349e2293" publication-type="journal">
Report of the prifet of Maine-et-Loire, 21 June 1889, ibid.<issue>June</issue>
                  <source>Revue des Confirences Populaires</source>
                  <year>1889</year>
               </mixed-citation>
            </p>
         </fn>
         <fn id="d9349e2309a1310">
            <label>72</label>
            <p>
               <mixed-citation id="d9349e2316" publication-type="other">
Ibid.</mixed-citation>
            </p>
         </fn>
         <fn id="d9349e2323a1310">
            <label>73</label>
            <p>
               <mixed-citation id="d9349e2330" publication-type="other">
Ibid.</mixed-citation>
            </p>
         </fn>
         <fn id="d9349e2337a1310">
            <label>74</label>
            <p>
               <mixed-citation id="d9349e2344" publication-type="other">
Report of Duinay, AN FI9 5611.</mixed-citation>
            </p>
         </fn>
         <fn id="d9349e2351a1310">
            <label>75</label>
            <p>
               <mixed-citation id="d9349e2358" publication-type="other">
Martin, Count Albert de Mun.</mixed-citation>
            </p>
         </fn>
         <fn id="d9349e2365a1310">
            <label>76</label>
            <p>
               <mixed-citation id="d9349e2372" publication-type="journal">
L'Univers, 14 Nov. 1888, AN FI9 5611.<issue>Nov</issue>
                  <source>L'Univers</source>
                  <year>1888</year>
               </mixed-citation>
            </p>
         </fn>
         <fn id="d9349e2389a1310">
            <label>77</label>
            <p>
               <mixed-citation id="d9349e2396" publication-type="other">
Duinay's report, ibid.</mixed-citation>
            </p>
         </fn>
         <fn id="d9349e2403a1310">
            <label>78</label>
            <p>
               <mixed-citation id="d9349e2410" publication-type="other">
Angenot, Le Centenaire de la Rivolution.</mixed-citation>
            </p>
         </fn>
         <fn id="d9349e2417a1310">
            <label>79</label>
            <p>
               <mixed-citation id="d9349e2424" publication-type="journal">
Prlfet's report on the assemblde de Romans, 13 Nov. I888, AN FI9 5611.<issue>Nov</issue>
                  <source>assemblde de Romans</source>
                  <year>1888</year>
               </mixed-citation>
            </p>
         </fn>
         <fn id="d9349e2440a1310">
            <label>80</label>
            <p>
               <mixed-citation id="d9349e2447" publication-type="book">
R. Jonas, France and the Cult of the Sacred Heart: An Epic Tale for Modern Times
(Berkeley, zooo)<person-group>
                     <string-name>
                        <surname>Jonas</surname>
                     </string-name>
                  </person-group>
                  <source>France and the Cult of the Sacred Heart: An Epic Tale for Modern Times</source>
                  <year>2000</year>
               </mixed-citation>
            </p>
         </fn>
         <fn id="d9349e2472a1310">
            <label>81</label>
            <p>
               <mixed-citation id="d9349e2479" publication-type="journal">
R. Jonas, 'Monument as Ex-Voto, Monument as Historiography: The Basilica of Sacr&amp;-
Caeur', French Historical Studies, xviii (1993), 482-502.<object-id pub-id-type="doi">10.2307/286877</object-id>
                  <fpage>482</fpage>
               </mixed-citation>
            </p>
         </fn>
         <fn id="d9349e2495a1310">
            <label>82</label>
            <p>
               <mixed-citation id="d9349e2502" publication-type="journal">
The radical Conseil municipal de Paris saw Sacrd-Coeur as pure provocation: in the sédance of
8 June 1891<issue>June</issue>
                  <source>sdance</source>
                  <year>1891</year>
               </mixed-citation>
            </p>
         </fn>
         <fn id="d9349e2522a1310">
            <label>83</label>
            <p>
               <mixed-citation id="d9349e2529" publication-type="journal">
R. Jonas, 'Anxiety, Identity and the Displacement of Violence during the Année Terrible- the
Sacred Heart and the Diocese of Nantes, 1870-1871', French Historical Studies, xxi (1998).<person-group>
                     <string-name>
                        <surname>Jonas</surname>
                     </string-name>
                  </person-group>
                  <volume>xxi</volume>
                  <source>French Historical Studies</source>
                  <year>1998</year>
               </mixed-citation>
            </p>
         </fn>
         <fn id="d9349e2558a1310">
            <label>84</label>
            <p>
               <mixed-citation id="d9349e2565" publication-type="journal">
M. Lagrée, 'Le clerge breton et le premier
centenaire de la Révolution française', Annales de Bretagne et Pays de l'Ouest, xci (1984), 249-67<person-group>
                     <string-name>
                        <surname>Lagr&amp;e</surname>
                     </string-name>
                  </person-group>
                  <fpage>249</fpage>
                  <volume>xci</volume>
                  <source>Annales de Bretagne et Pays de l'Ouest</source>
                  <year>1984</year>
               </mixed-citation>
            </p>
         </fn>
         <fn id="d9349e2597a1310">
            <label>85</label>
            <p>
               <mixed-citation id="d9349e2604" publication-type="journal">
Gazette de lAveyron, 13 July 1889, 20 July 1889, ADA Per 782.<issue>July</issue>
                  <source>Gazette de lAveyron</source>
                  <year>1889</year>
               </mixed-citation>
            </p>
         </fn>
         <fn id="d9349e2620a1310">
            <label>86</label>
            <p>
               <mixed-citation id="d9349e2627" publication-type="journal">
Gazette de lAveyron, 6 July 1889, ADA Per 782.<issue>July</issue>
                  <source>Gazette de lAveyron</source>
                  <year>1889</year>
               </mixed-citation>
            </p>
            <p>
               <mixed-citation id="d9349e2642" publication-type="other">
Gazette and the Revue Religieuse du diocése de
Rodez et de Mende</mixed-citation>
            </p>
         </fn>
         <fn id="d9349e2652a1310">
            <label>87</label>
            <p>
               <mixed-citation id="d9349e2659" publication-type="book">
Furet, Revolutionary France, 520.<person-group>
                     <string-name>
                        <surname>Furet</surname>
                     </string-name>
                  </person-group>
                  <fpage>520</fpage>
                  <source>Revolutionary France</source>
               </mixed-citation>
            </p>
         </fn>
         <fn id="d9349e2681a1310">
            <label>88</label>
            <p>
               <mixed-citation id="d9349e2688" publication-type="other">
Le Comte de Paris, ADA 4M 288</mixed-citation>
            </p>
         </fn>
         <fn id="d9349e2696a1310">
            <label>89</label>
            <p>
               <mixed-citation id="d9349e2703" publication-type="other">
Gildea, Past in French History.</mixed-citation>
            </p>
         </fn>
         <fn id="d9349e2710a1310">
            <label>90</label>
            <p>
               <mixed-citation id="d9349e2717" publication-type="book">
P.-L. Target, Un Cahier de 1889, ADA 4M 288.<person-group>
                     <string-name>
                        <surname>Target</surname>
                     </string-name>
                  </person-group>
                  <source>Un Cahier de</source>
                  <year>1889</year>
               </mixed-citation>
            </p>
         </fn>
         <fn id="d9349e2739a1310">
            <label>91</label>
            <p>
               <mixed-citation id="d9349e2746" publication-type="journal">
L'Aveyronnais, 4 Aug. 1882, ADA 18T 5-6<issue>Aug</issue>
                  <fpage>5</fpage>
                  <source>L Aveyronnais</source>
                  <year>1882</year>
               </mixed-citation>
            </p>
            <p>
               <mixed-citation id="d9349e2764" publication-type="book">
Topin, délégué du ministre de l'instruction publique, in Rodez on 29
July 1882<person-group>
                     <string-name>
                        <surname>Topin</surname>
                     </string-name>
                  </person-group>
                  <source>diligu6 du ministre de l'instruction publique</source>
                  <year>1882</year>
               </mixed-citation>
            </p>
         </fn>
         <fn id="d9349e2789a1310">
            <label>92</label>
            <p>
               <mixed-citation id="d9349e2796" publication-type="other">
Lagrée, 'Le clergé breton'</mixed-citation>
            </p>
         </fn>
      </fn-group>
   </back>
</article>
