<article dtd-version="1.0" article-type="research-article">
   <front>
      <journal-meta>
         <journal-id xmlns:xlink="http://www.w3.org/1999/xlink" journal-id-type="jstor">englhistrevi</journal-id>
         <journal-id xmlns:xlink="http://www.w3.org/1999/xlink" journal-id-type="jstor">j100150</journal-id>
         <journal-title-group xmlns:xlink="http://www.w3.org/1999/xlink">
            <journal-title>The English Historical Review</journal-title>
         </journal-title-group>
         <publisher>
            <publisher-name>Oxford University Press</publisher-name>
         </publisher>
         <issn xmlns:xlink="http://www.w3.org/1999/xlink" pub-type="ppub">00138266</issn>
         <issn xmlns:xlink="http://www.w3.org/1999/xlink" pub-type="epub">14774534</issn>
      </journal-meta>
      <article-meta>
         <article-id xmlns:xlink="http://www.w3.org/1999/xlink" pub-id-type="jstor">3491126</article-id>
         <title-group>
            <article-title>A Strategy of Reaction: The Armadas of 1596 and 1597 and the Spanish Struggle for European Hegemony</article-title>
         </title-group>
         <contrib-group>
            <contrib contrib-type="author">
               <string-name xmlns:xlink="http://www.w3.org/1999/xlink">
                  <given-names>Edward</given-names>
                  <surname>Tenace</surname>
               </string-name>
            </contrib>
         </contrib-group>
         <pub-date xmlns:xlink="http://www.w3.org/1999/xlink">
            <day>1</day>
            <month>9</month>
            <year>2003</year>
         </pub-date>
         <volume>118</volume>
         <issue>478</issue>
         <issue-id xmlns:xlink="http://www.w3.org/1999/xlink">i277754</issue-id>
         <fpage>855</fpage>
         <lpage>882</lpage>
         <page-range>855-882</page-range>
         <permissions>
            <copyright-statement>Copyright 2003 Oxford University Press</copyright-statement>
         </permissions>
         <self-uri xmlns:xlink="http://www.w3.org/1999/xlink"
                   xlink:href="http://www.jstor.org/stable/3491126"/>
         <custom-meta-group xmlns:xlink="http://www.w3.org/1999/xlink">
            <custom-meta>
               <meta-name>lang</meta-name>
               <meta-value>eng</meta-value>
            </custom-meta>
         </custom-meta-group>
      </article-meta>
   </front>
   <back>
      <fn-group xmlns:xlink="http://www.w3.org/1999/xlink">
         <title>[Footnotes]</title>
         <fn id="d13069e116a1310">
            <label>1</label>
            <p>
               <mixed-citation id="d13069e123" publication-type="book">
Paul Kennedy, The Rise and Fall of the Great Powers: Economic Change and Military Conflict
from 150oo to 2000 (New York, 1989), pp. 45-52.<person-group>
                     <string-name>
                        <surname>Kennedy</surname>
                     </string-name>
                  </person-group>
                  <fpage>45</fpage>
                  <source>The Rise and Fall of the Great Powers: Economic Change and Military Conflict from 150oo to 2000</source>
                  <year>1989</year>
               </mixed-citation>
            </p>
         </fn>
         <fn id="d13069e152a1310">
            <label>2</label>
            <p>
               <mixed-citation id="d13069e159" publication-type="book">
Geof Frey Parker, The Grand Strategy of Philip II (New Haven, 1998).<person-group>
                     <string-name>
                        <surname>Parker</surname>
                     </string-name>
                  </person-group>
                  <source>The Grand Strategy of Philip II</source>
                  <year>1998</year>
               </mixed-citation>
            </p>
         </fn>
         <fn id="d13069e181a1310">
            <label>3</label>
            <p>
               <mixed-citation id="d13069e188" publication-type="book">
Quoted in Geof Frey Parker, 'The Making of Strategy in Habsburg Spain: Philip II's "bid for
Mastery", 1556-1598', in Williamson Murray, MacGregor Knox, and Alvin Bernstein (ed.), The
Making of Strategy: Rulers, States, and War (Cambridge, 1994), p. 150.<person-group>
                     <string-name>
                        <surname>Parker</surname>
                     </string-name>
                  </person-group>
                  <comment content-type="section">The Making of Strategy in Habsburg Spain: Philip II's "bid for Mastery", 1556-1598</comment>
                  <fpage>150</fpage>
                  <source>The Making of Strategy: Rulers, States, and War</source>
                  <year>1994</year>
               </mixed-citation>
            </p>
         </fn>
         <fn id="d13069e223a1310">
            <label>4</label>
            <p>
               <mixed-citation id="d13069e230" publication-type="book">
R. B. Wernham, After the Armada: Elizabethan England and the Struggle for Western Europe
1588-1595 (Oxford, 1985) p. vii<person-group>
                     <string-name>
                        <surname>Wernham</surname>
                     </string-name>
                  </person-group>
                  <fpage>vii</fpage>
                  <source>After the Armada: Elizabethan England and the Struggle for Western Europe 1588-1595</source>
                  <year>1985</year>
               </mixed-citation>
            </p>
            <p>
               <mixed-citation id="d13069e258" publication-type="other">
The Return of theArmadas: The Last Years of the Elizabethan
War against Spain, 1595-16o3 (Oxford, 1994)</mixed-citation>
            </p>
         </fn>
         <fn id="d13069e269a1310">
            <label>5</label>
            <p>
               <mixed-citation id="d13069e276" publication-type="book">
Quoted in Wernham, After the Armada, p. 143.<person-group>
                     <string-name>
                        <surname>Wernham</surname>
                     </string-name>
                  </person-group>
                  <fpage>143</fpage>
                  <source>After the Armada</source>
               </mixed-citation>
            </p>
         </fn>
         <fn id="d13069e298a1310">
            <label>6</label>
            <p>
               <mixed-citation id="d13069e305" publication-type="book">
Winston Graham, The
Spanish Armadas (New York, 1972), pp. 217-41<person-group>
                     <string-name>
                        <surname>Graham</surname>
                     </string-name>
                  </person-group>
                  <fpage>217</fpage>
                  <source>The Spanish Armadas</source>
                  <year>1972</year>
               </mixed-citation>
            </p>
         </fn>
         <fn id="d13069e334a1310">
            <label>7</label>
            <p>
               <mixed-citation id="d13069e341" publication-type="journal">
A[rchivo] G[eneral de] S[imancas], Guerra Antigua. 435.138. 5 March 1595, Madrid, Philip II
to Aguila.<person-group>
                     <string-name>
                        <surname>S[imancas]</surname>
                     </string-name>
                  </person-group>
                  <issue>5 March</issue>
                  <volume>435</volume>
                  <source>Guerra Antigua</source>
                  <year>1595</year>
               </mixed-citation>
            </p>
         </fn>
         <fn id="d13069e373a1310">
            <label>8</label>
            <p>
               <mixed-citation id="d13069e380" publication-type="other">
B[ritish] L[ibrary]. Additional. 14007.443</mixed-citation>
            </p>
         </fn>
         <fn id="d13069e387a1310">
            <label>9</label>
            <p>
               <mixed-citation id="d13069e394" publication-type="journal">
BL. Additional. 14007.443<fpage>443</fpage>
                  <volume>14007</volume>
                  <source>Additional.</source>
               </mixed-citation>
            </p>
            <p>
               <mixed-citation id="d13069e409" publication-type="book">
Mortimer Levine, The Early Elizabethan Succession Question, 1558-1568, (Stanford,
1966), p. 8<person-group>
                     <string-name>
                        <surname>Levine</surname>
                     </string-name>
                  </person-group>
                  <fpage>8</fpage>
                  <source>The Early Elizabethan Succession Question, 1558-1568</source>
                  <year>1966</year>
               </mixed-citation>
            </p>
         </fn>
         <fn id="d13069e438a1310">
            <label>10</label>
            <p>
               <mixed-citation id="d13069e445" publication-type="book">
R. Doleman (Robert Parsons), A Conference about the Next Sucession to the Crowne oflngland
(1594), ed. D. M. Rogers, English Recusant Literature z558-1640, v. 104. (Menston, 1974)<person-group>
                     <string-name>
                        <surname>Doleman</surname>
                     </string-name>
                  </person-group>
                  <comment content-type="section">A Conference about the Next Sucession to the Crowne oflngland</comment>
                  <fpage>104</fpage>
                  <volume>v</volume>
                  <source>English Recusant Literature z558-1640</source>
                  <year>1594</year>
               </mixed-citation>
            </p>
         </fn>
         <fn id="d13069e481a1310">
            <label>11</label>
            <p>
               <mixed-citation id="d13069e488" publication-type="book">
M. J. Rodriguez-Salgado. 'The Anglo-Spanish War: the Final Episode of the War of the
Roses?', in England, Spain, and the Gran Armada 1585-1604, ed. Simon Adams and M. J.
Rodriguez-Salgado (London, 1988), pp. 12-14<person-group>
                     <string-name>
                        <surname>Rodriguez-Salgado</surname>
                     </string-name>
                  </person-group>
                  <comment content-type="section">The Anglo-Spanish War: the Final Episode of the War of the Roses?</comment>
                  <fpage>12</fpage>
                  <source>England, Spain, and the Gran Armada 1585-1604</source>
                  <year>1988</year>
               </mixed-citation>
            </p>
         </fn>
         <fn id="d13069e523a1310">
            <label>12</label>
            <p>
               <mixed-citation id="d13069e530" publication-type="book">
Doleman, A Conference, 2:53; 2:IOI-2:102<person-group>
                     <string-name>
                        <surname>Doleman</surname>
                     </string-name>
                  </person-group>
                  <fpage>53</fpage>
                  <volume>2</volume>
                  <source>A Conference</source>
               </mixed-citation>
            </p>
         </fn>
         <fn id="d13069e555a1310">
            <label>13</label>
            <p>
               <mixed-citation id="d13069e562" publication-type="book">
Doleman, A Conference, 2:72-2:74, 2:96.<person-group>
                     <string-name>
                        <surname>Doleman</surname>
                     </string-name>
                  </person-group>
                  <fpage>72</fpage>
                  <source>A Conference</source>
               </mixed-citation>
            </p>
         </fn>
         <fn id="d13069e584a1310">
            <label>14</label>
            <p>
               <mixed-citation id="d13069e591" publication-type="book">
Rodriguez-Salgado, 'The Anglo-Spanish War', pp. 16-17.<person-group>
                     <string-name>
                        <surname>Rodriguez-Salgado</surname>
                     </string-name>
                  </person-group>
                  <fpage>16</fpage>
                  <source>The Anglo-Spanish War</source>
               </mixed-citation>
            </p>
         </fn>
         <fn id="d13069e613a1310">
            <label>15</label>
            <p>
               <mixed-citation id="d13069e620" publication-type="journal">
BL. Additional. 14007.443<fpage>443</fpage>
                  <volume>14007</volume>
                  <source>Additional.</source>
               </mixed-citation>
            </p>
            <p>
               <mixed-citation id="d13069e635" publication-type="book">
Doleman, A Conference, 2:16-2:27, 2:150-153<person-group>
                     <string-name>
                        <surname>Doleman</surname>
                     </string-name>
                  </person-group>
                  <fpage>16</fpage>
                  <volume>2</volume>
                  <source>A Conference</source>
               </mixed-citation>
            </p>
         </fn>
         <fn id="d13069e660a1310">
            <label>16</label>
            <p>
               <mixed-citation id="d13069e667" publication-type="book">
Quoted in Geof Frey Parker, The World is not Enough: The Imperial Vision of Philip II
of Spain, The Twenty-Second Charles Edmondson Historical Lecture (Waco, 2001) p. 24<person-group>
                     <string-name>
                        <surname>Parker</surname>
                     </string-name>
                  </person-group>
                  <fpage>24</fpage>
                  <source>The World is not Enough: The Imperial Vision of Philip II of Spain</source>
                  <year>2001</year>
               </mixed-citation>
            </p>
         </fn>
         <fn id="d13069e697a1310">
            <label>17</label>
            <p>
               <mixed-citation id="d13069e704" publication-type="book">
Sir William Foster, The Voyages of SirJames Lancaster to Brazil and
the East Indies, p59r-r6o3 (Cambridge, 1940), pp. xix-xxii<person-group>
                     <string-name>
                        <surname>Foster</surname>
                     </string-name>
                  </person-group>
                  <fpage>xix</fpage>
                  <source>The Voyages of SirJames Lancaster to Brazil and the East Indies, p59r-r6o3</source>
                  <year>1940</year>
               </mixed-citation>
            </p>
            <p>
               <mixed-citation id="d13069e732" publication-type="other">
AGS. Guerra
Antigua. 431.157</mixed-citation>
            </p>
         </fn>
         <fn id="d13069e742a1310">
            <label>18</label>
            <p>
               <mixed-citation id="d13069e749" publication-type="book">
Kenneth Andrews, The Last Voyage of Drake
and Hawkins (Cambridge, 1972), pp. 235-8<person-group>
                     <string-name>
                        <surname>Andrews</surname>
                     </string-name>
                  </person-group>
                  <fpage>235</fpage>
                  <source>The Last Voyage of Drake and Hawkins</source>
                  <year>1972</year>
               </mixed-citation>
            </p>
            <p>
               <mixed-citation id="d13069e777" publication-type="book">
Peter Pierson, Commander of the Armada: The
Seventh Duke of Medina Sidonia (New Haven, 1989), p. 195<person-group>
                     <string-name>
                        <surname>Pierson</surname>
                     </string-name>
                  </person-group>
                  <fpage>195</fpage>
                  <source>Commander of the Armada: The Seventh Duke of Medina Sidonia</source>
                  <year>1989</year>
               </mixed-citation>
            </p>
         </fn>
         <fn id="d13069e806a1310">
            <label>19</label>
            <p>
               <mixed-citation id="d13069e813" publication-type="book">
Andrews, The Last Voyage, pp. 244-9<person-group>
                     <string-name>
                        <surname>Andrews</surname>
                     </string-name>
                  </person-group>
                  <fpage>244</fpage>
                  <source>The Last Voyage</source>
               </mixed-citation>
            </p>
            <p>
               <mixed-citation id="d13069e834" publication-type="other">
AGS. Estado. 177, unfoliated, 16 November 1596,
Medina-Sidonia to Philip II</mixed-citation>
            </p>
         </fn>
         <fn id="d13069e844a1310">
            <label>20</label>
            <p>
               <mixed-citation id="d13069e851" publication-type="book">
Francis Edwards S. J. Robert Persons: the Biography of an
Elizabethan Jesuit, 1546-16ro (St. Louis, 1988), p. 18<person-group>
                     <string-name>
                        <surname>Edwards</surname>
                     </string-name>
                  </person-group>
                  <fpage>18</fpage>
                  <source>Robert Persons: the Biography of an Elizabethan Jesuit, 1546-16ro</source>
                  <year>1988</year>
               </mixed-citation>
            </p>
            <p>
               <mixed-citation id="d13069e879" publication-type="journal">
AGS.
Estado. 433, unfoliated, 17 November 1595, Lisbon, Pedro López de Soto to Philip II<issue>17 November</issue>
                  <volume>433</volume>
                  <source>Estado.</source>
                  <year>1595</year>
               </mixed-citation>
            </p>
         </fn>
         <fn id="d13069e902a1310">
            <label>21</label>
            <p>
               <mixed-citation id="d13069e909" publication-type="other">
AGS. Estado. 613.103-10o5</mixed-citation>
            </p>
         </fn>
         <fn id="d13069e916a1310">
            <label>22</label>
            <p>
               <mixed-citation id="d13069e923" publication-type="journal">
W. A. R. Richardson, 'An English Pilot's Charts (1594): Spanish Intelligence Regarding the
Coasts of England and Wales at the End of the XVIth Century', Journal ofNavigation, liii (2000),
313-27.<person-group>
                     <string-name>
                        <surname>Richardson</surname>
                     </string-name>
                  </person-group>
                  <fpage>313</fpage>
                  <volume>liii</volume>
                  <source>Journal ofNavigation</source>
                  <year>2000</year>
               </mixed-citation>
            </p>
         </fn>
         <fn id="d13069e959a1310">
            <label>23</label>
            <p>
               <mixed-citation id="d13069e966" publication-type="book">
Colin Martin and Geof Frey Parker, The Spanish Armada (New York, 1988), pp. 114-15.<person-group>
                     <string-name>
                        <surname>Martin</surname>
                     </string-name>
                  </person-group>
                  <fpage>114</fpage>
                  <source>The Spanish Armada</source>
                  <year>1988</year>
               </mixed-citation>
            </p>
         </fn>
         <fn id="d13069e991a1310">
            <label>24</label>
            <p>
               <mixed-citation id="d13069e998" publication-type="book">
Hiram Morgan, Tyrone's Rebellion: The Outbreak of the Nine Years' War in Tudor Ireland
(New York, 1993), p. 206<person-group>
                     <string-name>
                        <surname>Morgan</surname>
                     </string-name>
                  </person-group>
                  <fpage>206</fpage>
                  <source>Tyrone's Rebellion: The Outbreak of the Nine Years' War in Tudor Ireland</source>
                  <year>1993</year>
               </mixed-citation>
            </p>
            <p>
               <mixed-citation id="d13069e1026" publication-type="book">
Cesireo Fernandez Duro, Armada Espantola desde la
Unidn de los Reinos de Castilla y de Aragón (Madrid, 1897), III, p. 129<person-group>
                     <string-name>
                        <surname>Duro</surname>
                     </string-name>
                  </person-group>
                  <fpage>129</fpage>
                  <volume>III</volume>
                  <source>Armada Espantola desde la Unidn de los Reinos de Castilla y de Aragón</source>
                  <year>1897</year>
               </mixed-citation>
            </p>
         </fn>
         <fn id="d13069e1058a1310">
            <label>25</label>
            <p>
               <mixed-citation id="d13069e1065" publication-type="other">
AGS. Estado. K.1596.9o. io June 1595, Quimperle, Aguila to Philip II</mixed-citation>
            </p>
            <p>
               <mixed-citation id="d13069e1071" publication-type="other">
AGS. Estado.
K.1597.24, 18 August 1595, 'Puntos de las Cartas de Don Juan del Aguila.'</mixed-citation>
            </p>
         </fn>
         <fn id="d13069e1081a1310">
            <label>26</label>
            <p>
               <mixed-citation id="d13069e1088" publication-type="book">
Calendar of the Carew Manuscripts Preserved in the Library at
Lambeth, 1515--624. III, I4I<fpage>I4I</fpage>
                  <volume>III</volume>
                  <source>Calendar of the Carew Manuscripts Preserved in the Library at Lambeth, 1515--624</source>
               </mixed-citation>
            </p>
         </fn>
         <fn id="d13069e1107a1310">
            <label>27</label>
            <p>
               <mixed-citation id="d13069e1114" publication-type="other">
AGS. Estado. 176, unfoliated, 25 February 1596, Don Juan de Idiaquez to Andrés de Prada.</mixed-citation>
            </p>
         </fn>
         <fn id="d13069e1121a1310">
            <label>28</label>
            <p>
               <mixed-citation id="d13069e1128" publication-type="other">
AGS. Estado. 833.o4/o105. 'Relac1ón del alf~rez Alonso Cobos.' For the Irish response to these
missions</mixed-citation>
            </p>
            <p>
               <mixed-citation id="d13069e1137" publication-type="book">
Morgan, Tyrone's Rebellion, pp. 208-213<person-group>
                     <string-name>
                        <surname>Morgan</surname>
                     </string-name>
                  </person-group>
                  <fpage>208</fpage>
                  <source>Tyrone's Rebellion</source>
               </mixed-citation>
            </p>
         </fn>
         <fn id="d13069e1160a1310">
            <label>29</label>
            <p>
               <mixed-citation id="d13069e1167" publication-type="other">
BL. Additional. 28377, unfoliated, io April 1596, Azeca, Moura to Poza.</mixed-citation>
            </p>
         </fn>
         <fn id="d13069e1174a1310">
            <label>30</label>
            <p>
               <mixed-citation id="d13069e1181" publication-type="other">
BL. Additional. 28377, unfoliated, 17 April 1596, Azeca, Moura to Poza.</mixed-citation>
            </p>
         </fn>
         <fn id="d13069e1188a1310">
            <label>31</label>
            <p>
               <mixed-citation id="d13069e1195" publication-type="other">
BL. Additional. 28378, unfoliated, 12 May 1596, Azeca, Poza to Moura</mixed-citation>
            </p>
         </fn>
         <fn id="d13069e1202a1310">
            <label>32</label>
            <p>
               <mixed-citation id="d13069e1209" publication-type="other">
Biblioteca de Z[abilburu]. Carpeta. 13.184/185, 12 March 1596, Consulta de Juan de Ibarra.</mixed-citation>
            </p>
         </fn>
         <fn id="d13069e1216a1310">
            <label>33</label>
            <p>
               <mixed-citation id="d13069e1223" publication-type="other">
BL. Additional. 28377, unfoliated, 9 May 1596, Madrid, Poza to Moura</mixed-citation>
            </p>
            <p>
               <mixed-citation id="d13069e1229" publication-type="other">
BL. Add. 28377,
unfoliated, 19 May 1596, Madrid, Poza to Moura</mixed-citation>
            </p>
         </fn>
         <fn id="d13069e1239a1310">
            <label>34</label>
            <p>
               <mixed-citation id="d13069e1246" publication-type="other">
BL. Additional. 28377, unfoliated, 6 June 1596, Madrid, Poza to Moura</mixed-citation>
            </p>
            <p>
               <mixed-citation id="d13069e1252" publication-type="other">
BL.
Additional. 28377, unfoliated, 21 June 1596, Madrid, Poza to Moura</mixed-citation>
            </p>
         </fn>
         <fn id="d13069e1263a1310">
            <label>35</label>
            <p>
               <mixed-citation id="d13069e1270" publication-type="other">
BL. Additional. 28377, unfoliated, 18 June 1596, Madrid, Poza to Moura</mixed-citation>
            </p>
         </fn>
         <fn id="d13069e1277a1310">
            <label>36</label>
            <p>
               <mixed-citation id="d13069e1284" publication-type="other">
I[nstituto de] V[alencia de] D[on] J[uan]. Envio. 45.143. 23 February 1596, Vazialmadrid,
La Junta Grande.</mixed-citation>
            </p>
         </fn>
         <fn id="d13069e1294a1310">
            <label>37</label>
            <p>
               <mixed-citation id="d13069e1301" publication-type="other">
IVDJ. Envio. 4514545. 26 February 1596, Vazialmadrid, La Junta Grande</mixed-citation>
            </p>
            <p>
               <mixed-citation id="d13069e1307" publication-type="other">
IVDJ. Envio. 45.154.
9 April 1596, Azeca, La Junta Grande</mixed-citation>
            </p>
         </fn>
         <fn id="d13069e1317a1310">
            <label>38</label>
            <p>
               <mixed-citation id="d13069e1324" publication-type="book">
Pierson, Commander,
pp. 193-213<person-group>
                     <string-name>
                        <surname>Pierson</surname>
                     </string-name>
                  </person-group>
                  <fpage>193</fpage>
                  <source>Commander</source>
               </mixed-citation>
            </p>
         </fn>
         <fn id="d13069e1349a1310">
            <label>39</label>
            <p>
               <mixed-citation id="d13069e1356" publication-type="other">
AGS. Estado. 176. unfoliated, 15 July 1596, Toledo, Philip II to the Count of Portalegre</mixed-citation>
            </p>
            <p>
               <mixed-citation id="d13069e1362" publication-type="other">
AGS.
Guerra Antigua. 463-736. 28 July 1596, Toledo, Philip II to Don Juan del Aguila</mixed-citation>
            </p>
         </fn>
         <fn id="d13069e1372a1310">
            <label>40</label>
            <p>
               <mixed-citation id="d13069e1379" publication-type="other">
AGS. Estado. 839.145. 'Relac1ón que trae el capitin Alonso Cobos de Irelanda embiado por
orden de VM'</mixed-citation>
            </p>
            <p>
               <mixed-citation id="d13069e1388" publication-type="journal">
C[alendar oflSftate]P[apers]: Spanish, IV, 637-641, October 1596, 'Summary of the
Statement of Captain Alonso Cobos'<issue>October</issue>
                  <fpage>637</fpage>
                  <volume>IV</volume>
                  <source>C[alendar oflSftate]P[apers]: Spanish</source>
                  <year>1596</year>
               </mixed-citation>
            </p>
         </fn>
         <fn id="d13069e1415a1310">
            <label>41</label>
            <p>
               <mixed-citation id="d13069e1422" publication-type="other">
AGS. Estado. 176, unfoliated, 'Algunos advertimientos para Irlanda si la armada de Su
Magestad ubiesse de yr alla</mixed-citation>
            </p>
            <p>
               <mixed-citation id="d13069e1431" publication-type="other">
AGS. Estado. 176, unfoliated, 14 September 1596, Philip II to the
Adelantado</mixed-citation>
            </p>
         </fn>
         <fn id="d13069e1441a1310">
            <label>42</label>
            <p>
               <mixed-citation id="d13069e1448" publication-type="journal">
CSP: Spanish. IV. 628-633<fpage>628</fpage>
                  <volume>IV</volume>
                  <source>CSP: Spanish.</source>
               </mixed-citation>
            </p>
         </fn>
         <fn id="d13069e1464a1310">
            <label>43</label>
            <p>
               <mixed-citation id="d13069e1471" publication-type="other">
AGS. Estado. 176, unfoliated, 'Algunos advertimientos para Irlanda si la armada de Su
Magestad ubiesse de ir alla.'</mixed-citation>
            </p>
         </fn>
         <fn id="d13069e1481a1310">
            <label>44</label>
            <p>
               <mixed-citation id="d13069e1488" publication-type="journal">
CSP: Spanish. IV, 637-41<fpage>637</fpage>
                  <volume>IV</volume>
                  <source>CSP: Spanish.</source>
               </mixed-citation>
            </p>
         </fn>
         <fn id="d13069e1504a1310">
            <label>45</label>
            <p>
               <mixed-citation id="d13069e1511" publication-type="journal">
CSP: Spanish. IV, 623-624. 7 June 1596, Count of Portalegre to Juan de Idiaquez<issue>7 June</issue>
                  <fpage>623</fpage>
                  <volume>IV</volume>
                  <source>CSP: Spanish.</source>
                  <year>1596</year>
               </mixed-citation>
            </p>
            <p>
               <mixed-citation id="d13069e1533" publication-type="journal">
CSP: Spanish. IV, 641, 6 October 1596<issue>6 October</issue>
                  <fpage>641</fpage>
                  <volume>IV</volume>
                  <source>CSP: Spanish.</source>
                  <year>1596</year>
               </mixed-citation>
            </p>
         </fn>
         <fn id="d13069e1556a1310">
            <label>46</label>
            <p>
               <mixed-citation id="d13069e1563" publication-type="other">
AGS. Estado. 177, unfoliated, 27 June 1596, Madrid, Adelantado to Philip II.</mixed-citation>
            </p>
         </fn>
         <fn id="d13069e1571a1310">
            <label>47</label>
            <p>
               <mixed-citation id="d13069e1578" publication-type="book">
Martin and Parker, The Spanish Armada, pp. 159-6o.<person-group>
                     <string-name>
                        <surname>Martin</surname>
                     </string-name>
                  </person-group>
                  <fpage>159</fpage>
                  <source>The Spanish Armada</source>
               </mixed-citation>
            </p>
         </fn>
         <fn id="d13069e1600a1310">
            <label>48</label>
            <p>
               <mixed-citation id="d13069e1607" publication-type="other">
AGS. Estado. 434.134. 15 September 1596, Lisbon, The Adelantado to Philip II.</mixed-citation>
            </p>
         </fn>
         <fn id="d13069e1614a1310">
            <label>49</label>
            <p>
               <mixed-citation id="d13069e1621" publication-type="other">
IVDJ. Envio. 45.203. 2 September 1596, San Lorenzo,
Consulta of the Junta Grande</mixed-citation>
            </p>
            <p>
               <mixed-citation id="d13069e1630" publication-type="other">
BL. Additional. 28377. unfoliated, 27 June 1596, Madrid, Poza
to Moura</mixed-citation>
            </p>
            <p>
               <mixed-citation id="d13069e1639" publication-type="other">
BL. Additional. 28377, unfoliated, 30 June 1596, Madrid,
Poza to Moura</mixed-citation>
            </p>
         </fn>
         <fn id="d13069e1649a1310">
            <label>50</label>
            <p>
               <mixed-citation id="d13069e1656" publication-type="other">
BL. Additional. 28377, unfoliated, I4 July 1596, Madrid, Poza to Moura</mixed-citation>
            </p>
            <p>
               <mixed-citation id="d13069e1662" publication-type="other">
BL. Additional.
28377, unfoliated, 27 July 1596</mixed-citation>
            </p>
            <p>
               <mixed-citation id="d13069e1671" publication-type="book">
Pierson, Commander, p. 20o8<person-group>
                     <string-name>
                        <surname>Pierson</surname>
                     </string-name>
                  </person-group>
                  <fpage>2008</fpage>
                  <source>Commander</source>
               </mixed-citation>
            </p>
         </fn>
         <fn id="d13069e1693a1310">
            <label>51</label>
            <p>
               <mixed-citation id="d13069e1700" publication-type="book">
A[ctas de las] C[ortes de] C[astilla] (Madrid: Sucesores de Rivadeneyra, 1889-1890), XVI,
pp. 415-17<fpage>415</fpage>
                  <volume>XVI</volume>
                  <source>A[ctas de las] C[ortes de] C[astilla]</source>
                  <year>1889</year>
               </mixed-citation>
            </p>
            <p>
               <mixed-citation id="d13069e1722" publication-type="journal">
ACC, XV, 45-6, 64-85, 272-273 (rejection of the
package)<fpage>45</fpage>
                  <volume>XV</volume>
                  <source>ACC</source>
               </mixed-citation>
            </p>
         </fn>
         <fn id="d13069e1741a1310">
            <label>52</label>
            <p>
               <mixed-citation id="d13069e1748" publication-type="book">
David Goodman, Spanish Naval Power z589p-665: Reconstruction and Defeat (Cambridge,
1997), p. 152.<person-group>
                     <string-name>
                        <surname>Goodman</surname>
                     </string-name>
                  </person-group>
                  <fpage>152</fpage>
                  <source>Spanish Naval Power z589p-665: Reconstruction and Defeat</source>
                  <year>1997</year>
               </mixed-citation>
            </p>
         </fn>
         <fn id="d13069e1778a1310">
            <label>53</label>
            <p>
               <mixed-citation id="d13069e1785" publication-type="book">
Goodman, Spanish Naval Power, pp. 152-3.<person-group>
                     <string-name>
                        <surname>Goodman</surname>
                     </string-name>
                  </person-group>
                  <fpage>152</fpage>
                  <source>Spanish Naval Power</source>
               </mixed-citation>
            </p>
         </fn>
         <fn id="d13069e1807a1310">
            <label>54</label>
            <p>
               <mixed-citation id="d13069e1814" publication-type="book">
Goodman, Spanish Naval Power, p. 141.<person-group>
                     <string-name>
                        <surname>Goodman</surname>
                     </string-name>
                  </person-group>
                  <fpage>141</fpage>
                  <source>Spanish Naval Power</source>
               </mixed-citation>
            </p>
         </fn>
         <fn id="d13069e1836a1310">
            <label>55</label>
            <p>
               <mixed-citation id="d13069e1843" publication-type="other">
AGS. Estado. 434.134. 15 September 1596, Lisbon, Adelantado to Philip II.</mixed-citation>
            </p>
         </fn>
         <fn id="d13069e1850a1310">
            <label>56</label>
            <p>
               <mixed-citation id="d13069e1857" publication-type="other">
AGS. Estado. 434.136. 21 September 1596, Lisbon, Adelantado to Philip II.</mixed-citation>
            </p>
         </fn>
         <fn id="d13069e1864a1310">
            <label>57</label>
            <p>
               <mixed-citation id="d13069e1871" publication-type="other">
AGS. Estado. 434.134. 15 September 1596, Lisbon, Adelantado to Philip II.</mixed-citation>
            </p>
         </fn>
         <fn id="d13069e1878a1310">
            <label>58</label>
            <p>
               <mixed-citation id="d13069e1885" publication-type="other">
AGS. Estado. 176, unfoliated, 23 September 1596, San Lorenzo, Philip II to the Adelantado.</mixed-citation>
            </p>
         </fn>
         <fn id="d13069e1893a1310">
            <label>59</label>
            <p>
               <mixed-citation id="d13069e1900" publication-type="other">
AGS. Estado. 176, unfoliated, 24 September 1596, San Lorenzo, Philip II to the Adelantado.</mixed-citation>
            </p>
         </fn>
         <fn id="d13069e1907a1310">
            <label>60</label>
            <p>
               <mixed-citation id="d13069e1914" publication-type="other">
AGS. Estado. 434.140. unfoliated, 29 September 1596, Lisbon, Adelantado to Philip II.</mixed-citation>
            </p>
         </fn>
         <fn id="d13069e1921a1310">
            <label>61</label>
            <p>
               <mixed-citation id="d13069e1928" publication-type="other">
AGS. Estado. 176. unfoliated, I October 1596, San Lorenzo, Philip II to the Adelantado.</mixed-citation>
            </p>
         </fn>
         <fn id="d13069e1935a1310">
            <label>62</label>
            <p>
               <mixed-citation id="d13069e1942" publication-type="other">
AGS. Estado. 176. unfoliated, 3 October 1596, San Lorenzo, Philip II to the Adelantado.</mixed-citation>
            </p>
         </fn>
         <fn id="d13069e1949a1310">
            <label>63</label>
            <p>
               <mixed-citation id="d13069e1956" publication-type="other">
AGS. Estado. 434-145. 12 October 1596, Lisbon, Adelantado to Philip II.</mixed-citation>
            </p>
         </fn>
         <fn id="d13069e1963a1310">
            <label>64</label>
            <p>
               <mixed-citation id="d13069e1970" publication-type="other">
AGS. Estado. 434.146. 12 October 1596, Lisbon, Adelantado to Moura and Idiiquez.</mixed-citation>
            </p>
         </fn>
         <fn id="d13069e1978a1310">
            <label>65</label>
            <p>
               <mixed-citation id="d13069e1985" publication-type="other">
AGS. Estado. 176, unfoliated, 13 October 1596, San Lorenzo, Philip II to the Adelantado.</mixed-citation>
            </p>
         </fn>
         <fn id="d13069e1992a1310">
            <label>66</label>
            <p>
               <mixed-citation id="d13069e1999" publication-type="other">
AGS. Estado. 2223.177. 2 November 1596, San Lorenzo, Philip II to the Archduke.</mixed-citation>
            </p>
         </fn>
         <fn id="d13069e2006a1310">
            <label>67</label>
            <p>
               <mixed-citation id="d13069e2013" publication-type="other">
AGS. Estado. 434, unfoliated, 18 October 1596, Lisbon, Adelantado to Philip II; AGS. Estado.</mixed-citation>
            </p>
         </fn>
         <fn id="d13069e2020a1310">
            <label>68</label>
            <p>
               <mixed-citation id="d13069e2027" publication-type="other">
unfoliated, 24 October 1596, Lisbon, Adelantado to Philip II.</mixed-citation>
            </p>
         </fn>
         <fn id="d13069e2034a1310">
            <label>68</label>
            <p>
               <mixed-citation id="d13069e2041" publication-type="other">
AGS. Estado. 434.159. 22 October 1596, Lisbon, the Adelantado to Moura and Idiasquez.</mixed-citation>
            </p>
         </fn>
         <fn id="d13069e2048a1310">
            <label>69</label>
            <p>
               <mixed-citation id="d13069e2055" publication-type="book">
Graham, The Spanish Armadas, p. 222.<person-group>
                     <string-name>
                        <surname>Graham</surname>
                     </string-name>
                  </person-group>
                  <fpage>222</fpage>
                  <source>The Spanish Armadas</source>
               </mixed-citation>
            </p>
         </fn>
         <fn id="d13069e2078a1310">
            <label>70</label>
            <p>
               <mixed-citation id="d13069e2085" publication-type="book">
Cesireo Fernandez Duro, Armada Espafiola, III, pp. 130-I.<person-group>
                     <string-name>
                        <surname>Duro</surname>
                     </string-name>
                  </person-group>
                  <fpage>130</fpage>
                  <volume>III</volume>
                  <source>Armada Espafiola</source>
               </mixed-citation>
            </p>
         </fn>
         <fn id="d13069e2110a1310">
            <label>71</label>
            <p>
               <mixed-citation id="d13069e2117" publication-type="other">
AGS. Estado. 177, unfoliated, 'Puntos del despacho del conde de Santa Gadea a 3 de
Noviembre 1596</mixed-citation>
            </p>
            <p>
               <mixed-citation id="d13069e2126" publication-type="other">
AGS. Estado. 176, unfoliated, 13 November 1596, Campillo, Philip II to the
Adelantado</mixed-citation>
            </p>
         </fn>
         <fn id="d13069e2136a1310">
            <label>72</label>
            <p>
               <mixed-citation id="d13069e2143" publication-type="other">
AGS. Estado. 177, unfoliated, 31 December 1596, Ferrol, Adelantado to Moura and Idiaquez.</mixed-citation>
            </p>
         </fn>
         <fn id="d13069e2150a1310">
            <label>73</label>
            <p>
               <mixed-citation id="d13069e2157" publication-type="other">
AGS. Estado. 177, unfoliated, undated, December 1596, Ferrol, Adelantado to Philip II.</mixed-citation>
            </p>
         </fn>
         <fn id="d13069e2164a1310">
            <label>74</label>
            <p>
               <mixed-citation id="d13069e2171" publication-type="other">
AGS. Estado. 177, unfoliated, 23 November 1596, Ferrol, Adelantado to Philip II.</mixed-citation>
            </p>
         </fn>
         <fn id="d13069e2178a1310">
            <label>75</label>
            <p>
               <mixed-citation id="d13069e2185" publication-type="other">
AGS. Estado. 177, unfoliated, 31 December 1596, Ferrol, Adelantado to Philip II.</mixed-citation>
            </p>
         </fn>
         <fn id="d13069e2193a1310">
            <label>76</label>
            <p>
               <mixed-citation id="d13069e2200" publication-type="book">
Goodman, Spanish Naval Power, p. 188.<person-group>
                     <string-name>
                        <surname>Goodman</surname>
                     </string-name>
                  </person-group>
                  <fpage>188</fpage>
                  <source>Spanish Naval Power</source>
               </mixed-citation>
            </p>
         </fn>
         <fn id="d13069e2222a1310">
            <label>77</label>
            <p>
               <mixed-citation id="d13069e2229" publication-type="book">
Luis Martin Guitian, Navesy Flotas de las Cuatro Villas de la Costa (Santander, 1942), p. 85.<person-group>
                     <string-name>
                        <surname>Guitian</surname>
                     </string-name>
                  </person-group>
                  <fpage>85</fpage>
                  <source>Navesy Flotas de las Cuatro Villas de la Costa</source>
                  <year>1942</year>
               </mixed-citation>
            </p>
         </fn>
         <fn id="d13069e2254a1310">
            <label>78</label>
            <p>
               <mixed-citation id="d13069e2261" publication-type="book">
Goodman, Spanish Naval Power, p. 207.<person-group>
                     <string-name>
                        <surname>Goodman</surname>
                     </string-name>
                  </person-group>
                  <fpage>207</fpage>
                  <source>Spanish Naval Power</source>
               </mixed-citation>
            </p>
         </fn>
         <fn id="d13069e2283a1310">
            <label>79</label>
            <p>
               <mixed-citation id="d13069e2290" publication-type="other">
AGS. Estado. 177, unfoliated, undated, December 1596, Adelantado to Philip II.</mixed-citation>
            </p>
         </fn>
         <fn id="d13069e2297a1310">
            <label>81</label>
            <p>
               <mixed-citation id="d13069e2304" publication-type="other">
AGS. Estado. 177, unfoliated, 19 December 1596, Ferrol, Adelantado to Philip II.</mixed-citation>
            </p>
         </fn>
         <fn id="d13069e2311a1310">
            <label>81</label>
            <p>
               <mixed-citation id="d13069e2318" publication-type="book">
Goodman, Spanish Naval Power, pp. 55-7.<person-group>
                     <string-name>
                        <surname>Goodman</surname>
                     </string-name>
                  </person-group>
                  <fpage>55</fpage>
                  <source>Spanish Naval Power</source>
               </mixed-citation>
            </p>
         </fn>
         <fn id="d13069e2341a1310">
            <label>82</label>
            <p>
               <mixed-citation id="d13069e2348" publication-type="other">
AGS. Estado. 177, unfoliated, 3P December 1596, Ferrol, Adelantado to Philip II.</mixed-citation>
            </p>
         </fn>
         <fn id="d13069e2355a1310">
            <label>83</label>
            <p>
               <mixed-citation id="d13069e2362" publication-type="book">
John Francis Guilmartin, Gunpowder and Galleys: Changing Technology and Mediterranean
Warfare at Sea in the Sixteenth Century (Cambridge, 1974), PP. 7-15.<person-group>
                     <string-name>
                        <surname>Guilmartin</surname>
                     </string-name>
                  </person-group>
                  <fpage>7</fpage>
                  <source>Gunpowder and Galleys: Changing Technology and Mediterranean Warfare at Sea in the Sixteenth Century</source>
                  <year>1974</year>
               </mixed-citation>
            </p>
         </fn>
         <fn id="d13069e2391a1310">
            <label>84</label>
            <p>
               <mixed-citation id="d13069e2398" publication-type="book">
Harry Kelsey, Sir Francis Drake: The Queen's Pirate (New Haven, 1998), pp. 357-8.<person-group>
                     <string-name>
                        <surname>Kelsey</surname>
                     </string-name>
                  </person-group>
                  <fpage>357</fpage>
                  <source>Sir Francis Drake: The Queen's Pirate</source>
                  <year>1998</year>
               </mixed-citation>
            </p>
         </fn>
         <fn id="d13069e2423a1310">
            <label>85</label>
            <p>
               <mixed-citation id="d13069e2430" publication-type="journal">
Paul J. Hammer, 'New Light on the Cadiz Expedition of 1596', Historical
Research, lxx (1997), 200, note 92<person-group>
                     <string-name>
                        <surname>Hammer</surname>
                     </string-name>
                  </person-group>
                  <fpage>200</fpage>
                  <volume>lxx</volume>
                  <source>Historical Research</source>
                  <year>1997</year>
               </mixed-citation>
            </p>
         </fn>
         <fn id="d13069e2462a1310">
            <label>86</label>
            <p>
               <mixed-citation id="d13069e2469" publication-type="other">
AGS. Estado. K.1576.42. 6 October 1591</mixed-citation>
            </p>
            <p>
               <mixed-citation id="d13069e2475" publication-type="book">
List and Analysis of State Papers
Foreign Series: Elizabeth I: preserved in the Public Record of Fice (London, 1964), III, 288,
27 September 1591, Norris to Burghley<fpage>288</fpage>
                  <volume>III</volume>
                  <source>List and Analysis of State Papers Foreign Series: Elizabeth I: preserved in the Public Record of Fice</source>
                  <year>1964</year>
               </mixed-citation>
            </p>
         </fn>
         <fn id="d13069e2501a1310">
            <label>87</label>
            <p>
               <mixed-citation id="d13069e2508" publication-type="other">
AGS. Guerra Antigua. 327.185. 24 November 1591</mixed-citation>
            </p>
            <p>
               <mixed-citation id="d13069e2514" publication-type="other">
AGS. Guerra Antigua. 326.205</mixed-citation>
            </p>
         </fn>
         <fn id="d13069e2522a1310">
            <label>88</label>
            <p>
               <mixed-citation id="d13069e2529" publication-type="other">
AGS. Guerra Antigua. 356.60o. 19 September 1592, the Isle of Batz, Brochero to Philip II</mixed-citation>
            </p>
            <p>
               <mixed-citation id="d13069e2535" publication-type="other">
AGS. Guerra Antigua. 356.161. 9 October 1592, Menaudet, Brochero to Philip II</mixed-citation>
            </p>
         </fn>
         <fn id="d13069e2542a1310">
            <label>89</label>
            <p>
               <mixed-citation id="d13069e2549" publication-type="other">
AGS. Guerra Antigua. 431.157. September 1595, 'Relación de lo subcedido en el viaje que me
he hecho en las galeras de la guardia de Bretafia.'</mixed-citation>
            </p>
         </fn>
         <fn id="d13069e2559a1310">
            <label>90</label>
            <p>
               <mixed-citation id="d13069e2566" publication-type="other">
AGS. Estado. 177, unfoliated, Ferrol, December 1596, Adelantado to Philip II.</mixed-citation>
            </p>
         </fn>
         <fn id="d13069e2573a1310">
            <label>91</label>
            <p>
               <mixed-citation id="d13069e2580" publication-type="book">
Carla Rahn Phillips, Six Galleons for the King of Spain:
Imperial Defense in the Early Seventeenth Century (Baltimore, 1988), pp. 36-8<person-group>
                     <string-name>
                        <surname>Phillips</surname>
                     </string-name>
                  </person-group>
                  <fpage>36</fpage>
                  <source>Six Galleons for the King of Spain: Imperial Defense in the Early Seventeenth Century</source>
                  <year>1988</year>
               </mixed-citation>
            </p>
         </fn>
         <fn id="d13069e2609a1310">
            <label>92</label>
            <p>
               <mixed-citation id="d13069e2616" publication-type="book">
Phillips, Six Galleons, p. 67<person-group>
                     <string-name>
                        <surname>Phillips</surname>
                     </string-name>
                  </person-group>
                  <fpage>67</fpage>
                  <source>Six Galleons</source>
               </mixed-citation>
            </p>
            <p>
               <mixed-citation id="d13069e2637" publication-type="book">
Richard W. Unger, The Ship in the Medieval Economy 6oo-16oo
(Montreal, 1980), p. 264<person-group>
                     <string-name>
                        <surname>Unger</surname>
                     </string-name>
                  </person-group>
                  <fpage>264</fpage>
                  <source>The Ship in the Medieval Economy 6oo-16oo</source>
                  <year>1980</year>
               </mixed-citation>
            </p>
         </fn>
         <fn id="d13069e2666a1310">
            <label>93</label>
            <p>
               <mixed-citation id="d13069e2673" publication-type="book">
Goodman, Spanish Naval Power, p. 57.<person-group>
                     <string-name>
                        <surname>Goodman</surname>
                     </string-name>
                  </person-group>
                  <fpage>57</fpage>
                  <source>Spanish Naval Power</source>
               </mixed-citation>
            </p>
         </fn>
         <fn id="d13069e2696a1310">
            <label>94</label>
            <p>
               <mixed-citation id="d13069e2703" publication-type="book">
Ruth Pike, Penal Service in Early Modern Europe (Madison, 1983), p. II.<person-group>
                     <string-name>
                        <surname>Pike</surname>
                     </string-name>
                  </person-group>
                  <fpage>II</fpage>
                  <source>Penal Service in Early Modern Europe</source>
                  <year>1983</year>
               </mixed-citation>
            </p>
         </fn>
         <fn id="d13069e2728a1310">
            <label>95</label>
            <p>
               <mixed-citation id="d13069e2735" publication-type="book">
Pike, Penal Service, p. 25.<person-group>
                     <string-name>
                        <surname>Pike</surname>
                     </string-name>
                  </person-group>
                  <fpage>25</fpage>
                  <source>Penal Service</source>
               </mixed-citation>
            </p>
         </fn>
         <fn id="d13069e2757a1310">
            <label>96</label>
            <p>
               <mixed-citation id="d13069e2764" publication-type="other">
AGS. Estado. K. 1592.74. 18 March 1592, Blavet, Brochero to Philip II.</mixed-citation>
            </p>
         </fn>
         <fn id="d13069e2771a1310">
            <label>97</label>
            <p>
               <mixed-citation id="d13069e2778" publication-type="book">
Guilmartin, Gunpowder, p. 73.<person-group>
                     <string-name>
                        <surname>Guilmartin</surname>
                     </string-name>
                  </person-group>
                  <fpage>73</fpage>
                  <source>Gunpowder</source>
               </mixed-citation>
            </p>
         </fn>
         <fn id="d13069e2800a1310">
            <label>98</label>
            <p>
               <mixed-citation id="d13069e2807" publication-type="book">
Graham, The Spanish Armadas, pp. 269-71.<person-group>
                     <string-name>
                        <surname>Graham</surname>
                     </string-name>
                  </person-group>
                  <fpage>269</fpage>
                  <source>The Spanish Armadas</source>
               </mixed-citation>
            </p>
         </fn>
         <fn id="d13069e2829a1310">
            <label>99</label>
            <p>
               <mixed-citation id="d13069e2836" publication-type="other">
AGS. Estado. 178, unfoliated, 2 January 1597, Madrid, Philip II to the Adelantado.</mixed-citation>
            </p>
         </fn>
         <fn id="d13069e2844a1310">
            <label>100</label>
            <p>
               <mixed-citation id="d13069e2851" publication-type="book">
Fernand Braudel, The Mediterranean andthe Mediterranean
World in the Age of Philip II (New York, 1976), I, pp. 510-15<person-group>
                     <string-name>
                        <surname>Braudel</surname>
                     </string-name>
                  </person-group>
                  <fpage>510</fpage>
                  <volume>I</volume>
                  <source>The Mediterranean andthe Mediterranean World in the Age of Philip II</source>
                  <year>1976</year>
               </mixed-citation>
            </p>
         </fn>
         <fn id="d13069e2883a1310">
            <label>101</label>
            <p>
               <mixed-citation id="d13069e2890" publication-type="other">
AGS. Estado. 2223.190. 31 December 1596, Philip II to the Archduke</mixed-citation>
            </p>
            <p>
               <mixed-citation id="d13069e2896" publication-type="book">
Geof Frey Parker, The
Army of Flanders and the Spanish Road, 1567-1659 (London, 1972), p. 247. n. 3<person-group>
                     <string-name>
                        <surname>Parker</surname>
                     </string-name>
                  </person-group>
                  <fpage>247</fpage>
                  <source>The Army of Flanders and the Spanish Road, 1567-1659</source>
                  <year>1972</year>
               </mixed-citation>
            </p>
            <p>
               <mixed-citation id="d13069e2924" publication-type="book">
Braudel, The
Mediterranean, I, pp. 513-14<person-group>
                     <string-name>
                        <surname>Braudel</surname>
                     </string-name>
                  </person-group>
                  <fpage>513</fpage>
                  <volume>I</volume>
                  <source>The Mediterranean</source>
               </mixed-citation>
            </p>
         </fn>
         <fn id="d13069e2953a1310">
            <label>102</label>
            <p>
               <mixed-citation id="d13069e2960" publication-type="other">
AGS. Estado. 613.50. 14 March 1597, Brussels, Archduke to Philip II.</mixed-citation>
            </p>
         </fn>
         <fn id="d13069e2967a1310">
            <label>103</label>
            <p>
               <mixed-citation id="d13069e2974" publication-type="book">
Wernham, The Return of the Armadas, pp. 78-81<person-group>
                     <string-name>
                        <surname>Wernham</surname>
                     </string-name>
                  </person-group>
                  <fpage>78</fpage>
                  <source>The Return of the Armadas</source>
               </mixed-citation>
            </p>
         </fn>
         <fn id="d13069e2996a1310">
            <label>104</label>
            <p>
               <mixed-citation id="d13069e3003" publication-type="other">
AGS. Estado. 2223.187. 0I December 1596, Madrid, Philip II to Albert.</mixed-citation>
            </p>
         </fn>
         <fn id="d13069e3010a1310">
            <label>105</label>
            <p>
               <mixed-citation id="d13069e3017" publication-type="other">
AGS. Estado. 613.120. 3 April 1597, Brussels, Archduke to Philip II.</mixed-citation>
            </p>
         </fn>
         <fn id="d13069e3025a1310">
            <label>106</label>
            <p>
               <mixed-citation id="d13069e3032" publication-type="other">
AGS. Estado. 2224-1.233. 14 March 1597, Madrid, Philip II to the Archduke</mixed-citation>
            </p>
            <p>
               <mixed-citation id="d13069e3038" publication-type="other">
AGS. Estado.
2224-1.273. 26 March 1597, Madrid, Philip II to the Archduke</mixed-citation>
            </p>
         </fn>
         <fn id="d13069e3048a1310">
            <label>107</label>
            <p>
               <mixed-citation id="d13069e3055" publication-type="other">
AGS. Estado. 2224-1.238. I April 1597, Madrid, Philip II to the Archduke.</mixed-citation>
            </p>
         </fn>
         <fn id="d13069e3062a1310">
            <label>108</label>
            <p>
               <mixed-citation id="d13069e3069" publication-type="other">
AGS. Estado. 2224-1.273. 26 March 1597, Madrid, Philip II to the Archduke.</mixed-citation>
            </p>
         </fn>
         <fn id="d13069e3076a1310">
            <label>109</label>
            <p>
               <mixed-citation id="d13069e3083" publication-type="other">
AGS. Estado. 180, unfoliated, 6 May 1597, Ferrol, Adelantado to Moura and Idiiquez.</mixed-citation>
            </p>
         </fn>
         <fn id="d13069e3090a1310">
            <label>110</label>
            <p>
               <mixed-citation id="d13069e3097" publication-type="other">
AGS. Estado. 180, unfoliated, 23 June 1597</mixed-citation>
            </p>
         </fn>
         <fn id="d13069e3104a1310">
            <label>111</label>
            <p>
               <mixed-citation id="d13069e3111" publication-type="other">
AGS. Estado. 180, unfoliated, 27 July 1597, San Lorenzo, Philip II to the Adelantado.</mixed-citation>
            </p>
         </fn>
         <fn id="d13069e3119a1310">
            <label>112</label>
            <p>
               <mixed-citation id="d13069e3126" publication-type="other">
AGS. Estado. 180, unfoliated, 2 August 1597, Ferrol, Adelantado to Philip II.</mixed-citation>
            </p>
         </fn>
         <fn id="d13069e3133a1310">
            <label>113</label>
            <p>
               <mixed-citation id="d13069e3140" publication-type="other">
AGS. Estado. 178, unfoliated, 29 August 1597, San Lorenzo, Philip II to the Adelantado.</mixed-citation>
            </p>
         </fn>
         <fn id="d13069e3147a1310">
            <label>114</label>
            <p>
               <mixed-citation id="d13069e3154" publication-type="other">
AGS. Estado. 180, unfoliated, 2 September 1597, San Lorenzo, Philip II to the Adelantado.</mixed-citation>
            </p>
         </fn>
         <fn id="d13069e3161a1310">
            <label>115</label>
            <p>
               <mixed-citation id="d13069e3168" publication-type="other">
AGS. Estado. 180, unfoliated, 7 September 1597, Ferrol, Adelantado to Philip II.</mixed-citation>
            </p>
         </fn>
         <fn id="d13069e3175a1310">
            <label>116</label>
            <p>
               <mixed-citation id="d13069e3182" publication-type="book">
Wernham, The Return of the Armadas, pp. 171-2.<person-group>
                     <string-name>
                        <surname>Wernham</surname>
                     </string-name>
                  </person-group>
                  <fpage>171</fpage>
                  <source>The Return of the Armadas</source>
               </mixed-citation>
            </p>
         </fn>
         <fn id="d13069e3204a1310">
            <label>117</label>
            <p>
               <mixed-citation id="d13069e3211" publication-type="other">
AGS. Estado. 178, unfoliated, 14 September 1597, San Lorenzo, Philip II to the Adelantado.</mixed-citation>
            </p>
         </fn>
         <fn id="d13069e3219a1310">
            <label>118</label>
            <p>
               <mixed-citation id="d13069e3226" publication-type="other">
AGS. Estado. 178, unfoliated, 21 September 1597, San Lorenzo, Philip II to the Adelantado.</mixed-citation>
            </p>
         </fn>
         <fn id="d13069e3233a1310">
            <label>119</label>
            <p>
               <mixed-citation id="d13069e3240" publication-type="other">
AGS. Estado. 178, unfoliated, 22 September 1597, San Lorenzo, Philip II to the Adelantado.</mixed-citation>
            </p>
         </fn>
         <fn id="d13069e3247a1310">
            <label>120</label>
            <p>
               <mixed-citation id="d13069e3254" publication-type="other">
P[ublic] R[ecord] O[ffice]. S[tate]/ P[apers] 94/95/5. 'Relac1ón del Viaje del Adelantado</mixed-citation>
            </p>
            <p>
               <mixed-citation id="d13069e3260" publication-type="journal">
CSP: Venetian. IX, 294-296, 25 October 1597<issue>25 October</issue>
                  <fpage>294</fpage>
                  <volume>IX</volume>
                  <source>CSP: Venetian.</source>
                  <year>1597</year>
               </mixed-citation>
            </p>
         </fn>
         <fn id="d13069e3283a1310">
            <label>121</label>
            <p>
               <mixed-citation id="d13069e3290" publication-type="other">
AGS. Estado. 180, unfoliated, 29 September 1597, La Corufia, Adelantado to Philip II</mixed-citation>
            </p>
            <p>
               <mixed-citation id="d13069e3296" publication-type="book">
Fernindez-Duro, Armada Espaniola, III, pp. 166-7<person-group>
                     <string-name>
                        <surname>Fernindez-Duro</surname>
                     </string-name>
                  </person-group>
                  <fpage>166</fpage>
                  <volume>III</volume>
                  <source>Armada Espaniola</source>
               </mixed-citation>
            </p>
         </fn>
         <fn id="d13069e3321a1310">
            <label>122</label>
            <p>
               <mixed-citation id="d13069e3328" publication-type="other">
AGS. Estado. 178, unfoliated, I October 1597, San Lorenzo, Philip II to the Adelantado.</mixed-citation>
            </p>
         </fn>
         <fn id="d13069e3335a1310">
            <label>123</label>
            <p>
               <mixed-citation id="d13069e3342" publication-type="other">
AGS. Estado. 178, unfoliated, 19 October 1597, San Lorenzo, Philip II to the Adelantado.</mixed-citation>
            </p>
         </fn>
         <fn id="d13069e3350a1310">
            <label>124</label>
            <p>
               <mixed-citation id="d13069e3357" publication-type="other">
PRO. SP. 94/95/5. 'Relac1ón del viaje del Adelantado.'</mixed-citation>
            </p>
         </fn>
         <fn id="d13069e3364a1310">
            <label>125</label>
            <p>
               <mixed-citation id="d13069e3371" publication-type="book">
Fernindez-Duro, Armada Espahola, III, p. 166.<person-group>
                     <string-name>
                        <surname>Fernindez-Duro</surname>
                     </string-name>
                  </person-group>
                  <fpage>166</fpage>
                  <volume>III</volume>
                  <source>Armada Espahola</source>
               </mixed-citation>
            </p>
         </fn>
         <fn id="d13069e3396a1310">
            <label>126</label>
            <p>
               <mixed-citation id="d13069e3403" publication-type="other">
AGS. Guerra Antigua. 490.159. 31 October '597, Blavet, Ledesma to Philip II.</mixed-citation>
            </p>
         </fn>
         <fn id="d13069e3410a1310">
            <label>127</label>
            <p>
               <mixed-citation id="d13069e3417" publication-type="other">
PRO. SP. 94/95/5. 'Relac1ón del viaje del Adelantado.'</mixed-citation>
            </p>
         </fn>
         <fn id="d13069e3424a1310">
            <label>128</label>
            <p>
               <mixed-citation id="d13069e3431" publication-type="other">
AGS. Estado. 180, unfoliated, io November 1597, La Corufia, Adelantado to Philip II.</mixed-citation>
            </p>
         </fn>
         <fn id="d13069e3438a1310">
            <label>129</label>
            <p>
               <mixed-citation id="d13069e3445" publication-type="book">
Fernindez-Duro, Armada Espahola, III, p. 167.<person-group>
                     <string-name>
                        <surname>Fernindez-Duro</surname>
                     </string-name>
                  </person-group>
                  <fpage>167</fpage>
                  <volume>III</volume>
                  <source>Armada Espahola</source>
               </mixed-citation>
            </p>
         </fn>
         <fn id="d13069e3471a1310">
            <label>130</label>
            <p>
               <mixed-citation id="d13069e3478" publication-type="other">
AGS. Estado. 180, unfoliated, 28 October 1597, Relac1ón de carta de conde de Santa Gadea
del galeon capitana sobre La Corufia.</mixed-citation>
            </p>
         </fn>
         <fn id="d13069e3488a1310">
            <label>131</label>
            <p>
               <mixed-citation id="d13069e3495" publication-type="other">
AGS. Estado. 178, unfoliated, 4 November 1597, Campillo, Philip II to Padilla.</mixed-citation>
            </p>
         </fn>
         <fn id="d13069e3502a1310">
            <label>132</label>
            <p>
               <mixed-citation id="d13069e3509" publication-type="book">
Wernham, The Return of theArmadas, pp. 171-91.<person-group>
                     <string-name>
                        <surname>Wernham</surname>
                     </string-name>
                  </person-group>
                  <fpage>171</fpage>
                  <source>The Return of theArmadas</source>
               </mixed-citation>
            </p>
         </fn>
         <fn id="d13069e3531a1310">
            <label>133</label>
            <p>
               <mixed-citation id="d13069e3538" publication-type="other">
AGS. Estado. 180, unfoliated, 16 November 1597, La Corufia, Adelantado to Philip II</mixed-citation>
            </p>
         </fn>
         <fn id="d13069e3545a1310">
            <label>134</label>
            <p>
               <mixed-citation id="d13069e3552" publication-type="other">
AGS. Estado. 178, unfoliated, 24 October 1597, San Lorenzo, Philip II to the Adelantado.</mixed-citation>
            </p>
         </fn>
         <fn id="d13069e3559a1310">
            <label>135</label>
            <p>
               <mixed-citation id="d13069e3566" publication-type="book">
Wernham, The Return of the Armadas, pp. 179-80.<person-group>
                     <string-name>
                        <surname>Wernham</surname>
                     </string-name>
                  </person-group>
                  <fpage>179</fpage>
                  <source>The Return of the Armadas</source>
               </mixed-citation>
            </p>
         </fn>
         <fn id="d13069e3589a1310">
            <label>136</label>
            <p>
               <mixed-citation id="d13069e3596" publication-type="other">
AGS. Estado. 178, unfoliated, 4 November 1597, Campillo, Philip II to the Adelantado.</mixed-citation>
            </p>
         </fn>
         <fn id="d13069e3603a1310">
            <label>137</label>
            <p>
               <mixed-citation id="d13069e3610" publication-type="book">
John L. Motley, History of the United Netherlands (New York, 1879), III, pp. 456-7<person-group>
                     <string-name>
                        <surname>Motley</surname>
                     </string-name>
                  </person-group>
                  <fpage>456</fpage>
                  <volume>III</volume>
                  <source>History of the United Netherlands</source>
                  <year>1879</year>
               </mixed-citation>
            </p>
            <p>
               <mixed-citation id="d13069e3638" publication-type="book">
Wernham, The Return of the Armadas, p. 233<person-group>
                     <string-name>
                        <surname>Wernham</surname>
                     </string-name>
                  </person-group>
                  <fpage>233</fpage>
                  <source>The Return of the Armadas</source>
               </mixed-citation>
            </p>
         </fn>
         <fn id="d13069e3660a1310">
            <label>138</label>
            <p>
               <mixed-citation id="d13069e3667" publication-type="book">
Parker, The Army of Flanders, p. 291.<person-group>
                     <string-name>
                        <surname>Parker</surname>
                     </string-name>
                  </person-group>
                  <fpage>291</fpage>
                  <source>The Army of Flanders</source>
               </mixed-citation>
            </p>
         </fn>
         <fn id="d13069e3689a1310">
            <label>139</label>
            <p>
               <mixed-citation id="d13069e3696" publication-type="book">
Graham, The Spanish Armadas, p. 242.<person-group>
                     <string-name>
                        <surname>Graham</surname>
                     </string-name>
                  </person-group>
                  <fpage>242</fpage>
                  <source>The Spanish Armadas</source>
               </mixed-citation>
            </p>
         </fn>
         <fn id="d13069e3718a1310">
            <label>140</label>
            <p>
               <mixed-citation id="d13069e3725" publication-type="other">
AGS. Estado. 614. 59/64. 24 October 1597, Arras, Archduke to Philip II</mixed-citation>
            </p>
         </fn>
         <fn id="d13069e3732a1310">
            <label>141</label>
            <p>
               <mixed-citation id="d13069e3739" publication-type="other">
IVDJ. Envio. 114.21. 27 October 1599, Adelantado to Philip III.</mixed-citation>
            </p>
         </fn>
         <fn id="d13069e3747a1310">
            <label>142</label>
            <p>
               <mixed-citation id="d13069e3754" publication-type="book">
Quoted in Goodman, Spanish Naval Power, p. 177.<person-group>
                     <string-name>
                        <surname>Goodman</surname>
                     </string-name>
                  </person-group>
                  <fpage>177</fpage>
                  <source>Spanish Naval Power</source>
               </mixed-citation>
            </p>
         </fn>
         <fn id="d13069e3776a1310">
            <label>143</label>
            <p>
               <mixed-citation id="d13069e3783" publication-type="book">
Goodman, Spanish Naval Power, p. 180.<person-group>
                     <string-name>
                        <surname>Goodman</surname>
                     </string-name>
                  </person-group>
                  <fpage>180</fpage>
                  <source>Spanish Naval Power</source>
               </mixed-citation>
            </p>
         </fn>
         <fn id="d13069e3805a1310">
            <label>144</label>
            <p>
               <mixed-citation id="d13069e3812" publication-type="book">
Parker, Philip II, p. 193.<person-group>
                     <string-name>
                        <surname>Parker</surname>
                     </string-name>
                  </person-group>
                  <fpage>193</fpage>
                  <source>Philip</source>
               </mixed-citation>
            </p>
         </fn>
         <fn id="d13069e3834a1310">
            <label>145</label>
            <p>
               <mixed-citation id="d13069e3841" publication-type="other">
AGS. Estado. 178, unfoliated, 29 August 1597, San Lorenzo, Philip II to the Adelantado</mixed-citation>
            </p>
         </fn>
         <fn id="d13069e3848a1310">
            <label>146</label>
            <p>
               <mixed-citation id="d13069e3855" publication-type="book">
Martin and Parker, The Spanish Armada, p. 132.<person-group>
                     <string-name>
                        <surname>Martin</surname>
                     </string-name>
                  </person-group>
                  <fpage>132</fpage>
                  <source>The Spanish Armada</source>
               </mixed-citation>
            </p>
         </fn>
         <fn id="d13069e3877a1310">
            <label>147</label>
            <p>
               <mixed-citation id="d13069e3884" publication-type="other">
AGS. Guerra Antigua. 457.113. 7 September 1596, Santander, Don Fernando Giron to
Philip II.</mixed-citation>
            </p>
         </fn>
         <fn id="d13069e3895a1310">
            <label>148</label>
            <p>
               <mixed-citation id="d13069e3902" publication-type="book">
Goodman, Spanish Naval Power, pp. 50--I<person-group>
                     <string-name>
                        <surname>Goodman</surname>
                     </string-name>
                  </person-group>
                  <fpage>50</fpage>
                  <source>Spanish Naval Power</source>
               </mixed-citation>
            </p>
         </fn>
         <fn id="d13069e3924a1310">
            <label>149</label>
            <p>
               <mixed-citation id="d13069e3931" publication-type="other">
AGS. Estado. 434.161. 22 October 1596, Lisbon, Adelantado to Philip II.</mixed-citation>
            </p>
         </fn>
         <fn id="d13069e3938a1310">
            <label>150</label>
            <p>
               <mixed-citation id="d13069e3945" publication-type="other">
PRO. SP 94/5/273. 'Relac1ón del Viaje del Adelantado.'</mixed-citation>
            </p>
         </fn>
         <fn id="d13069e3952a1310">
            <label>151</label>
            <p>
               <mixed-citation id="d13069e3959" publication-type="book">
John Silke, Kinsale: The Spanish Intervention in Ireland at the End of the
Elizabethan Wars (Liverpool, 1970)<person-group>
                     <string-name>
                        <surname>Silke</surname>
                     </string-name>
                  </person-group>
                  <source>Kinsale: The Spanish Intervention in Ireland at the End of the Elizabethan Wars</source>
                  <year>1970</year>
               </mixed-citation>
            </p>
         </fn>
         <fn id="d13069e3984a1310">
            <label>152</label>
            <p>
               <mixed-citation id="d13069e3991" publication-type="book">
Parker, The Grand Strategy of Philip II, p. 295.<person-group>
                     <string-name>
                        <surname>Parker</surname>
                     </string-name>
                  </person-group>
                  <fpage>295</fpage>
                  <volume>II</volume>
                  <source>The Grand Strategy of Philip</source>
               </mixed-citation>
            </p>
         </fn>
      </fn-group>
   </back>
</article>
