<article dtd-version="1.0" article-type="research-article">
   <front>
      <journal-meta>
         <journal-id xmlns:xlink="http://www.w3.org/1999/xlink" journal-id-type="jstor">englhistrevi</journal-id>
         <journal-id xmlns:xlink="http://www.w3.org/1999/xlink" journal-id-type="jstor">j100150</journal-id>
         <journal-title-group xmlns:xlink="http://www.w3.org/1999/xlink">
            <journal-title>The English Historical Review</journal-title>
         </journal-title-group>
         <publisher>
            <publisher-name>Oxford University Press</publisher-name>
         </publisher>
         <issn xmlns:xlink="http://www.w3.org/1999/xlink" pub-type="ppub">00138266</issn>
         <issn xmlns:xlink="http://www.w3.org/1999/xlink" pub-type="epub">14774534</issn>
      </journal-meta>
      <article-meta>
         <article-id xmlns:xlink="http://www.w3.org/1999/xlink" pub-id-type="jstor">3806067</article-id>
         <title-group>
            <article-title>Ireland's Puritan Revolution? The Emergence of Ulster Presbyterianism Reconsidered</article-title>
         </title-group>
         <contrib-group>
            <contrib contrib-type="author">
               <string-name xmlns:xlink="http://www.w3.org/1999/xlink">
                  <given-names>Robert</given-names>
                  <surname>Armstrong</surname>
               </string-name>
            </contrib>
         </contrib-group>
         <pub-date xmlns:xlink="http://www.w3.org/1999/xlink">
            <day>1</day>
            <month>9</month>
            <year>2006</year>
         </pub-date>
         <volume>121</volume>
         <issue>493</issue>
         <issue-id xmlns:xlink="http://www.w3.org/1999/xlink">i371256</issue-id>
         <fpage>1048</fpage>
         <lpage>1074</lpage>
         <page-range>1048-1074</page-range>
         <permissions>
            <copyright-statement>Copyright 2006 Oxford University Press</copyright-statement>
         </permissions>
         <self-uri xmlns:xlink="http://www.w3.org/1999/xlink"
                   xlink:href="http://www.jstor.org/stable/3806067"/>
         <custom-meta-group xmlns:xlink="http://www.w3.org/1999/xlink">
            <custom-meta>
               <meta-name>lang</meta-name>
               <meta-value>eng</meta-value>
            </custom-meta>
         </custom-meta-group>
      </article-meta>
   </front>
   <back>
      <fn-group xmlns:xlink="http://www.w3.org/1999/xlink">
         <title>[Footnotes]</title>
         <fn id="d26403e116a1310">
            <label>1</label>
            <p>
               <mixed-citation id="d26403e123" publication-type="book">
David Stevenson, The Scottish Revolution 1637–1644 (Newton Abbot, 1973), 250-1<person-group>
                     <string-name>
                        <surname>Stevenson</surname>
                     </string-name>
                  </person-group>
                  <fpage>250</fpage>
                  <source>The Scottish Revolution 1637–1644</source>
                  <year>1973</year>
               </mixed-citation>
            </p>
         </fn>
         <fn id="d26403e148a1310">
            <label>2</label>
            <p>
               <mixed-citation id="d26403e155" publication-type="book">
Edward Furgol, 'The Military and Ministers as Agents of Presbyterian Imperialism in
England and Ireland, 1640–1648', in John Dwyer, Roger A. Mason and Alexander Murdoch (eds),
New Perspectives on the Politics and Culture of Early Modern Scotland (Edinburgh, 1982), 99,111.<person-group>
                     <string-name>
                        <surname>Furgol</surname>
                     </string-name>
                  </person-group>
                  <comment content-type="section">The Military and Ministers as Agents of Presbyterian Imperialism in England and Ireland, 1640–1648</comment>
                  <fpage>99</fpage>
                  <source>New Perspectives on the Politics and Culture of Early Modern Scotland</source>
                  <year>1982</year>
               </mixed-citation>
            </p>
         </fn>
         <fn id="d26403e190a1310">
            <label>3</label>
            <p>
               <mixed-citation id="d26403e197" publication-type="book">
J. S. Reid, History of the Presbyterian Church in Ireland(3 vols, Belfast, 1867), i, 372_4<person-group>
                     <string-name>
                        <surname>Reid</surname>
                     </string-name>
                  </person-group>
                  <fpage>i</fpage>
                  <source>History of the Presbyterian Church in Ireland</source>
                  <year>1867</year>
               </mixed-citation>
            </p>
         </fn>
         <fn id="d26403e222a1310">
            <label>4</label>
            <p>
               <mixed-citation id="d26403e229" publication-type="other">
Christ,
Mr. Robert Blair' in 1622</mixed-citation>
            </p>
            <p>
               <mixed-citation id="d26403e238" publication-type="book">
Patrick Adair, A True Narrative of the Rise and Progress of the Presbyterian
Church in Ireland, ed. W. D. Killen (Belfast, 1866), 1-2<person-group>
                     <string-name>
                        <surname>Adair</surname>
                     </string-name>
                  </person-group>
                  <fpage>1</fpage>
                  <source>A True Narrative of the Rise and Progress of the Presbyterian Church in Ireland</source>
                  <year>1866</year>
               </mixed-citation>
            </p>
         </fn>
         <fn id="d26403e268a1310">
            <label>5</label>
            <p>
               <mixed-citation id="d26403e275" publication-type="other">
The Humble Petition of the Scottish, and Many Other Inhabitants of the Province of Ulster ...
to ... the Moderator and Remnant Members of the Generall Assembly of Scotland ... (1642)</mixed-citation>
            </p>
            <p>
               <mixed-citation id="d26403e284" publication-type="journal">
Reid,
History, i, 375-9<person-group>
                     <string-name>
                        <surname>Reid</surname>
                     </string-name>
                  </person-group>
                  <fpage>375</fpage>
                  <volume>i</volume>
                  <source>History</source>
               </mixed-citation>
            </p>
         </fn>
         <fn id="d26403e313a1310">
            <label>6</label>
            <p>
               <mixed-citation id="d26403e320" publication-type="book">
Raymond Gillespie, 'The Presbyterian Revolution in Ulster, 1660–1690', in William J.
Shiels and Diana Wood (eds), The Churches, Ireland and the Irish, Studies in Church History 25
(Oxford, 1989), 159-70<person-group>
                     <string-name>
                        <surname>Gillespie</surname>
                     </string-name>
                  </person-group>
                  <comment content-type="section">The Presbyterian Revolution in Ulster, 1660–1690</comment>
                  <fpage>159</fpage>
                  <source>The Churches, Ireland and the Irish</source>
                  <year>1989</year>
               </mixed-citation>
            </p>
         </fn>
         <fn id="d26403e355a1310">
            <label>7</label>
            <p>
               <mixed-citation id="d26403e362" publication-type="journal">
John Walter, 'Confessional Politics in pre-Civil War Essex: Prayer Books, Profanations and
Petitions', Historical Journal, xliv (2001), 677-701 at 677.<object-id pub-id-type="jstor">10.2307/3133579</object-id>
                  <fpage>677</fpage>
               </mixed-citation>
            </p>
         </fn>
         <fn id="d26403e378a1310">
            <label>8</label>
            <p>
               <mixed-citation id="d26403e385" publication-type="other">
Stevenson, Scottish Revolution, 69–72.</mixed-citation>
            </p>
         </fn>
         <fn id="d26403e392a1310">
            <label>9</label>
            <p>
               <mixed-citation id="d26403e399" publication-type="book">
John McCafferty, '"To follow the late precedents of England": The Irish Impeachment
Proceedings of 1641', in D. S. Greer and N. M. Dawson (eds), Mysteries and Solutions in Irish Legal
History (Dublin, 2001), 68.<person-group>
                     <string-name>
                        <surname>McCafferty</surname>
                     </string-name>
                  </person-group>
                  <comment content-type="section">"To follow the late precedents of England": The Irish Impeachment Proceedings of 1641</comment>
                  <fpage>68</fpage>
                  <source>Mysteries and Solutions in Irish Legal History</source>
                  <year>2001</year>
               </mixed-citation>
            </p>
         </fn>
         <fn id="d26403e434a1310">
            <label>10</label>
            <p>
               <mixed-citation id="d26403e441" publication-type="other">
McCafferty, 'To follow the late precedents of England', 57, 64.</mixed-citation>
            </p>
         </fn>
         <fn id="d26403e449a1310">
            <label>11</label>
            <p>
               <mixed-citation id="d26403e456" publication-type="journal">
Commons'Journal Ireland, i, 281-2, 288-9.<fpage>281</fpage>
                  <volume>i</volume>
                  <source>Commons'Journal Ireland</source>
               </mixed-citation>
            </p>
         </fn>
         <fn id="d26403e472a1310">
            <label>12</label>
            <p>
               <mixed-citation id="d26403e479" publication-type="journal">
David Cressy, 'Revolutionary England 1640-1642', Past and Present, clxxxi (2003), 35-71
at.43.<object-id pub-id-type="jstor">10.2307/3600785</object-id>
                  <fpage>35</fpage>
               </mixed-citation>
            </p>
         </fn>
         <fn id="d26403e495a1310">
            <label>13</label>
            <p>
               <mixed-citation id="d26403e502" publication-type="book">
Conrad Russell, The Fall of the British Monarchies, 1637–1642 (Oxford, 1991), 283, 392.<person-group>
                     <string-name>
                        <surname>Russell</surname>
                     </string-name>
                  </person-group>
                  <fpage>392</fpage>
                  <volume>283</volume>
                  <source>The Fall of the British Monarchies, 1637–1642</source>
                  <year>1991</year>
               </mixed-citation>
            </p>
         </fn>
         <fn id="d26403e531a1310">
            <label>14</label>
            <p>
               <mixed-citation id="d26403e538" publication-type="book">
Proceedings in the Opening Session of the Long Parliament. House of Commons, Volume 1:
3 November–19 December 1640, ed. Maija Jansson (Rochester, NY, 2000), 649.<fpage>649</fpage>
                  <source>Proceedings in the Opening Session of the Long Parliament. House of Commons, Volume 1: 3 November–19 December 1640</source>
                  <year>2000</year>
               </mixed-citation>
            </p>
         </fn>
         <fn id="d26403e557a1310">
            <label>15</label>
            <p>
               <mixed-citation id="d26403e564" publication-type="book">
Michael Perceval-Maxwell, The
Outbreak of the Irish Rebellion of 1641 (Dublin 1994), 113-14<person-group>
                     <string-name>
                        <surname>Perceval-Maxwell</surname>
                     </string-name>
                  </person-group>
                  <fpage>113</fpage>
                  <source>The Outbreak of the Irish Rebellion of 1641</source>
                  <year>1994</year>
               </mixed-citation>
            </p>
         </fn>
         <fn id="d26403e593a1310">
            <label>16</label>
            <p>
               <mixed-citation id="d26403e600" publication-type="other">
The Humble Petition of the Protestant Inhabitants of the Counties of Antrim, Downe, Tyrone &amp;c
(1641)</mixed-citation>
            </p>
            <p>
               <mixed-citation id="d26403e609" publication-type="journal">
reprinted in Reid, History, i, 283-91<person-group>
                     <string-name>
                        <surname>Reid</surname>
                     </string-name>
                  </person-group>
                  <fpage>283</fpage>
                  <volume>i</volume>
                  <source>History</source>
               </mixed-citation>
            </p>
         </fn>
         <fn id="d26403e635a1310">
            <label>19</label>
            <p>
               <mixed-citation id="d26403e642" publication-type="book">
Alan Ford, 'The Origins of Irish Dissent', in Kevin Herlihy (ed.), The Religion of Irish
Dissent 1650–1800 (Dublin, 1995), 9-30 at 23<person-group>
                     <string-name>
                        <surname>Ford</surname>
                     </string-name>
                  </person-group>
                  <comment content-type="section">The Origins of Irish Dissent</comment>
                  <fpage>9</fpage>
                  <source>The Religion of Irish Dissent 1650–1800</source>
                  <year>1995</year>
               </mixed-citation>
            </p>
            <p>
               <mixed-citation id="d26403e673" publication-type="book">
The Protestant Reformation
in Ireland 1590–1641 (2nd edn, Dublin, 1997), 170<edition>2</edition>
                  <fpage>170</fpage>
                  <source>The Protestant Reformation in Ireland 1590–1641</source>
                  <year>1997</year>
               </mixed-citation>
            </p>
            <p>
               <mixed-citation id="d26403e695" publication-type="book">
David George Mullan, Scottish Puritanism,
1590–1638 (Oxford, 2000), 57<person-group>
                     <string-name>
                        <surname>Mullan</surname>
                     </string-name>
                  </person-group>
                  <fpage>57</fpage>
                  <source>Scottish Puritanism, 1590–1638</source>
                  <year>2000</year>
               </mixed-citation>
            </p>
         </fn>
         <fn id="d26403e724a1310">
            <label>20</label>
            <p>
               <mixed-citation id="d26403e731" publication-type="other">
John Morrill, The Nature of the English Revolution (1993), 42, 71</mixed-citation>
            </p>
            <p>
               <mixed-citation id="d26403e737" publication-type="book">
Jacqueline Eales, 'A Road
to Revolution: The Continuity of Puritanism, 1559-1642', in Christopher Durston and Jacqueline
Eales (eds), The Culture of English Puritanism, 1560-1700 (Basingstoke, 1996), 184-209 at 205<person-group>
                     <string-name>
                        <surname>Eales</surname>
                     </string-name>
                  </person-group>
                  <comment content-type="section">A Road to Revolution: The Continuity of Puritanism, 1559-1642</comment>
                  <fpage>184</fpage>
                  <source>The Culture of English Puritanism, 1560-1700</source>
                  <year>1996</year>
               </mixed-citation>
            </p>
         </fn>
         <fn id="d26403e772a1310">
            <label>21</label>
            <p>
               <mixed-citation id="d26403e779" publication-type="other">
T[he ]N[ational ]A[rchives: Public Record Office], SP 63/274/75</mixed-citation>
            </p>
         </fn>
         <fn id="d26403e786a1310">
            <label>22</label>
            <p>
               <mixed-citation id="d26403e793" publication-type="book">
Conrad Russell, The Causes of the English Civil War (Oxford, 1990), 28.<person-group>
                     <string-name>
                        <surname>Russell</surname>
                     </string-name>
                  </person-group>
                  <fpage>28</fpage>
                  <source>The Causes of the English Civil War</source>
                  <year>1990</year>
               </mixed-citation>
            </p>
         </fn>
         <fn id="d26403e818a1310">
            <label>23</label>
            <p>
               <mixed-citation id="d26403e825" publication-type="other">
Bramhall to Ussher, 26 April 1641</mixed-citation>
            </p>
            <p>
               <mixed-citation id="d26403e831" publication-type="other">
Reid, History, i, 282n</mixed-citation>
            </p>
         </fn>
         <fn id="d26403e838a1310">
            <label>24</label>
            <p>
               <mixed-citation id="d26403e845" publication-type="book">
Tom Webster, Godly Clergy in Early Stuart England: The Caroline Puritan Movement
c.1620-1643 (Cambridge, 1997), 312-13, 320-6.<person-group>
                     <string-name>
                        <surname>Webster</surname>
                     </string-name>
                  </person-group>
                  <fpage>312</fpage>
                  <source>Godly Clergy in Early Stuart England: The Caroline Puritan Movement c.1620-1643</source>
                  <year>1997</year>
               </mixed-citation>
            </p>
         </fn>
         <fn id="d26403e875a1310">
            <label>25</label>
            <p>
               <mixed-citation id="d26403e882" publication-type="other">
Webster, Godly Clergy, 337.</mixed-citation>
            </p>
         </fn>
         <fn id="d26403e889a1310">
            <label>26</label>
            <p>
               <mixed-citation id="d26403e896" publication-type="book">
Alan Ford, 'The Church of Ireland, 1558–1634: A Puritan Church?', in Alan Ford, James
McGuire and Kenneth Milne (eds), As by Law Established: The Church of Ireland since the
Reformation (Dublin, 1995), 52-69 at 58-9<person-group>
                     <string-name>
                        <surname>Ford</surname>
                     </string-name>
                  </person-group>
                  <comment content-type="section">The Church of Ireland, 1558–1634: A Puritan Church?</comment>
                  <fpage>52</fpage>
                  <source>As by Law Established: The Church of Ireland since the Reformation</source>
                  <year>1995</year>
               </mixed-citation>
            </p>
            <p>
               <mixed-citation id="d26403e930" publication-type="book">
John McCafferty, 'When Reformations Collide', in
Allan I. Macinnes and Jane H. Ohlmeyer (eds), The Stuart Kingdoms in the Seventeenth Century
(Dublin, 2002), 186-203 at 195-7<person-group>
                     <string-name>
                        <surname>McCafferty</surname>
                     </string-name>
                  </person-group>
                  <comment content-type="section">When Reformations Collide</comment>
                  <fpage>186</fpage>
                  <source>The Stuart Kingdoms in the Seventeenth Century</source>
                  <year>2002</year>
               </mixed-citation>
            </p>
         </fn>
         <fn id="d26403e965a1310">
            <label>27</label>
            <p>
               <mixed-citation id="d26403e972" publication-type="other">
Ford, 'Origins of Irish Dissent', 13,15</mixed-citation>
            </p>
         </fn>
         <fn id="d26403e979a1310">
            <label>28</label>
            <p>
               <mixed-citation id="d26403e986" publication-type="book">
John Coffey, Politics, Religion and the British Revolutions: The Mind of Samuel Rutherford
(Cambridge, 1997), 17-19<person-group>
                     <string-name>
                        <surname>Coffey</surname>
                     </string-name>
                  </person-group>
                  <fpage>17</fpage>
                  <source>Politics, Religion and the British Revolutions: The Mind of Samuel Rutherford</source>
                  <year>1997</year>
               </mixed-citation>
            </p>
         </fn>
         <fn id="d26403e1015a1310">
            <label>29</label>
            <p>
               <mixed-citation id="d26403e1022" publication-type="other">
Ford, 'Origins of Irish Dissent', 26–9</mixed-citation>
            </p>
            <p>
               <mixed-citation id="d26403e1028" publication-type="book">
Marilyn J. Westerkamp, Triumph of the Laity:
Scots-Irish Piety and the Great Awakening 1625–1760 (New York, 1988), ch. 1.<person-group>
                     <string-name>
                        <surname>Marilyn</surname>
                     </string-name>
                  </person-group>
                  <comment content-type="section">ch. 1</comment>
                  <source>Triumph of the Laity: Scots-Irish Piety and the Great Awakening 1625–1760</source>
                  <year>1988</year>
               </mixed-citation>
            </p>
         </fn>
         <fn id="d26403e1057a1310">
            <label>30</label>
            <p>
               <mixed-citation id="d26403e1064" publication-type="book">
Sharon Adams, 'The Making of the Radical South-west: Charles I and his Scottish Kingdom
1625–1649', in John R. Young (ed.), Celtic Dimensions of the British Civil Wars (Edinburgh, 1997),
53-74 at 53<person-group>
                     <string-name>
                        <surname>Adams</surname>
                     </string-name>
                  </person-group>
                  <comment content-type="section">The Making of the Radical South-west: Charles I and his Scottish Kingdom 1625–1649</comment>
                  <fpage>53</fpage>
                  <source>Celtic Dimensions of the British Civil Wars</source>
                  <year>1997</year>
               </mixed-citation>
            </p>
            <p>
               <mixed-citation id="d26403e1098" publication-type="journal">
David Stevenson, 'Conventicles in the Kirk, 1619-37: The Emergence of a Radical
Party', Records of the Scottish Church History Society, xviii (1972-4), 99-114 at 105-11<person-group>
                     <string-name>
                        <surname>Stevenson</surname>
                     </string-name>
                  </person-group>
                  <fpage>99</fpage>
                  <volume>xviii</volume>
                  <source>Records of the Scottish Church History Society</source>
                  <year>1972</year>
               </mixed-citation>
            </p>
         </fn>
         <fn id="d26403e1131a1310">
            <label>31</label>
            <p>
               <mixed-citation id="d26403e1138" publication-type="other">
McCafferty, 'When Reformations Collide', 187,189,198, 201-2.</mixed-citation>
            </p>
         </fn>
         <fn id="d26403e1145a1310">
            <label>32</label>
            <p>
               <mixed-citation id="d26403e1152" publication-type="other">
Mullan, Scottish Puritanism, 228-30</mixed-citation>
            </p>
            <p>
               <mixed-citation id="d26403e1158" publication-type="other">
McCafferty, 'When Reformations Collide'</mixed-citation>
            </p>
         </fn>
         <fn id="d26403e1165a1310">
            <label>33</label>
            <p>
               <mixed-citation id="d26403e1172" publication-type="book">
W. K. Tweedie (ed.), Select Biographies (2 vols, Edinburgh, 1845-7), i&gt; 142—3<person-group>
                     <string-name>
                        <surname>Tweedie</surname>
                     </string-name>
                  </person-group>
                  <fpage>142</fpage>
                  <volume>i</volume>
                  <source>Select Biographies</source>
                  <year>1845</year>
               </mixed-citation>
            </p>
            <p>
               <mixed-citation id="d26403e1200" publication-type="other">
Stevenson,
'Conventicles', 107-8</mixed-citation>
            </p>
            <p>
               <mixed-citation id="d26403e1209" publication-type="other">
Coffey, Politics, Religion and the British Revolutions, 41-2</mixed-citation>
            </p>
            <p>
               <mixed-citation id="d26403e1216" publication-type="other">
Ford, 'Origins
of Irish Dissent', 27</mixed-citation>
            </p>
         </fn>
         <fn id="d26403e1226a1310">
            <label>34</label>
            <p>
               <mixed-citation id="d26403e1233" publication-type="other">
Mullan, Scottish Puritanism, 287-9.</mixed-citation>
            </p>
         </fn>
         <fn id="d26403e1240a1310">
            <label>35</label>
            <p>
               <mixed-citation id="d26403e1247" publication-type="other">
Stevenson, 'Conventicles', 105–11, 113</mixed-citation>
            </p>
            <p>
               <mixed-citation id="d26403e1253" publication-type="journal">
Stevenson, 'The Radical Party in the
Kirk, 1637-45", Journal of Ecclesiastical History, xxvi (1974), 135-65 at 136<person-group>
                     <string-name>
                        <surname>Stevenson</surname>
                     </string-name>
                  </person-group>
                  <fpage>135</fpage>
                  <volume>xxvi</volume>
                  <source>Journal of Ecclesiastical History</source>
                  <year>1974</year>
               </mixed-citation>
            </p>
         </fn>
         <fn id="d26403e1285a1310">
            <label>36</label>
            <p>
               <mixed-citation id="d26403e1292" publication-type="other">
Viscounts Ards and Claneboy to Lords Justices, 10 April 1641, enclosing examination of
Rotherford, TNA, SP 63/258/92.</mixed-citation>
            </p>
         </fn>
         <fn id="d26403e1303a1310">
            <label>37</label>
            <p>
               <mixed-citation id="d26403e1310" publication-type="book">
Samuel Rutherford, Letters of Samuel Rutherford, ed. Andrew A. Bonar (Edinburgh,
1984), 574.<person-group>
                     <string-name>
                        <surname>Rutherford</surname>
                     </string-name>
                  </person-group>
                  <fpage>574</fpage>
                  <source>Letters of Samuel Rutherford</source>
                  <year>1984</year>
               </mixed-citation>
            </p>
         </fn>
         <fn id="d26403e1339a1310">
            <label>38</label>
            <p>
               <mixed-citation id="d26403e1346" publication-type="other">
Walter, 'Confessional Politics', 700–1</mixed-citation>
            </p>
         </fn>
         <fn id="d26403e1353a1310">
            <label>39</label>
            <p>
               <mixed-citation id="d26403e1360" publication-type="book">
reprinted in The Acts of the General Assemblies of the Church
of Scotiand from the year 1638 to the year 1649 (Edinburgh, 1691)<source>The Acts of the General Assemblies of the Church of Scotiand from the year 1638 to the year 1649</source>
                  <year>1691</year>
               </mixed-citation>
            </p>
         </fn>
         <fn id="d26403e1376a1310">
            <label>40</label>
            <p>
               <mixed-citation id="d26403e1383" publication-type="book">
Daniel Harcourt, The Clergies Lamentation, deploring the sad condition of the kingdome of
Ireland... (London, 1644).<person-group>
                     <string-name>
                        <surname>Harcourt</surname>
                     </string-name>
                  </person-group>
                  <source>The Clergies Lamentation, deploring the sad condition of the kingdome of Ireland...</source>
                  <year>1644</year>
               </mixed-citation>
            </p>
         </fn>
         <fn id="d26403e1408a1310">
            <label>41</label>
            <p>
               <mixed-citation id="d26403e1415" publication-type="other">
Trinity College Dublin ms 866, fo. 233r.</mixed-citation>
            </p>
         </fn>
         <fn id="d26403e1422a1310">
            <label>42</label>
            <p>
               <mixed-citation id="d26403e1429" publication-type="journal">
Joseph Cope, 'Fashioning Victims: Dr. Henry Jones and the Plight of Irish Pro¬
testants, 1642', Historical Research, lxxiv (2001), 370-91<person-group>
                     <string-name>
                        <surname>Cope</surname>
                     </string-name>
                  </person-group>
                  <fpage>370</fpage>
                  <volume>lxxiv</volume>
                  <source>Historical Research</source>
                  <year>2001</year>
               </mixed-citation>
            </p>
         </fn>
         <fn id="d26403e1462a1310">
            <label>43</label>
            <p>
               <mixed-citation id="d26403e1469" publication-type="other">
The Humble Petition of the Scottish, and many other inhabitants of the province of Ulster ...
to ... the moderator and remnant members of the Generall Assembly of Scotland ... (1642), 1–2</mixed-citation>
            </p>
            <p>
               <mixed-citation id="d26403e1478" publication-type="journal">
Reid, History, i, 376<person-group>
                     <string-name>
                        <surname>Reid</surname>
                     </string-name>
                  </person-group>
                  <fpage>376</fpage>
                  <volume>i</volume>
                  <source>History</source>
               </mixed-citation>
            </p>
         </fn>
         <fn id="d26403e1503a1310">
            <label>47</label>
            <p>
               <mixed-citation id="d26403e1510" publication-type="other">
Humble
Petition, 4</mixed-citation>
            </p>
            <p>
               <mixed-citation id="d26403e1519" publication-type="journal">
Reid, History, i, 379<person-group>
                     <string-name>
                        <surname>Reid</surname>
                     </string-name>
                  </person-group>
                  <fpage>379</fpage>
                  <volume>i</volume>
               </mixed-citation>
            </p>
         </fn>
         <fn id="d26403e1541a1310">
            <label>48</label>
            <p>
               <mixed-citation id="d26403e1548" publication-type="other">
Acts of the General Assemblies,
159–62</mixed-citation>
            </p>
         </fn>
         <fn id="d26403e1558a1310">
            <label>49</label>
            <p>
               <mixed-citation id="d26403e1565" publication-type="book">
Crawford Gribben, The Puritan Millennium: Literature and Theology, 1550–1682 (Dublin,
2000), 115.<person-group>
                     <string-name>
                        <surname>Gribben</surname>
                     </string-name>
                  </person-group>
                  <fpage>115</fpage>
                  <source>The Puritan Millennium: Literature and Theology, 1550–1682</source>
                  <year>2000</year>
               </mixed-citation>
            </p>
         </fn>
         <fn id="d26403e1594a1310">
            <label>50</label>
            <p>
               <mixed-citation id="d26403e1601" publication-type="other">
Humble Petition, 4.</mixed-citation>
            </p>
         </fn>
         <fn id="d26403e1608a1310">
            <label>51</label>
            <p>
               <mixed-citation id="d26403e1615" publication-type="book">
Michael Perceval-Maxwell, 'Ulster 1641 in the Context of Political Developments in the
Three Kingdoms', in Brian Mae Cuarta (ed.), Ulster 1641 (Belfast, 1993), 93-106 at 101-3<person-group>
                     <string-name>
                        <surname>Perceval-Maxwell</surname>
                     </string-name>
                  </person-group>
                  <comment content-type="section">Ulster 1641 in the Context of Political Developments in the Three Kingdoms</comment>
                  <fpage>93</fpage>
                  <source>Ulster 1641</source>
                  <year>1993</year>
               </mixed-citation>
            </p>
            <p>
               <mixed-citation id="d26403e1646" publication-type="book">
David
Stevenson, Scottish Covenanters and Irish Confederates (Belfast, 1981), 44-5<person-group>
                     <string-name>
                        <surname>Stevenson</surname>
                     </string-name>
                  </person-group>
                  <fpage>44</fpage>
                  <source>Scottish Covenanters and Irish Confederates</source>
                  <year>1981</year>
               </mixed-citation>
            </p>
         </fn>
         <fn id="d26403e1676a1310">
            <label>52</label>
            <p>
               <mixed-citation id="d26403e1683" publication-type="other">
Acts of the General Assemblies, 151–3</mixed-citation>
            </p>
            <p>
               <mixed-citation id="d26403e1689" publication-type="journal">
Reid, History, i, 379-81<person-group>
                     <string-name>
                        <surname>Reid</surname>
                     </string-name>
                  </person-group>
                  <fpage>379</fpage>
                  <volume>i</volume>
                  <source>History</source>
               </mixed-citation>
            </p>
         </fn>
         <fn id="d26403e1714a1310">
            <label>53</label>
            <p>
               <mixed-citation id="d26403e1721" publication-type="other">
Stevenson, Scottish Revolution, 282–5</mixed-citation>
            </p>
         </fn>
         <fn id="d26403e1728a1310">
            <label>54</label>
            <p>
               <mixed-citation id="d26403e1735" publication-type="book">
Edward J. Cowan, 'The Solemn League and Covenant', in Roger A. Mason (ed.), Scotland
and England 1286–1815 (Edinburgh, 1987), 182-202 at 195.<person-group>
                     <string-name>
                        <surname>Cowan</surname>
                     </string-name>
                  </person-group>
                  <comment content-type="section">The Solemn League and Covenant</comment>
                  <fpage>182</fpage>
                  <source>Scotland and England 1286–1815</source>
                  <year>1987</year>
               </mixed-citation>
            </p>
         </fn>
         <fn id="d26403e1767a1310">
            <label>56</label>
            <p>
               <mixed-citation id="d26403e1774" publication-type="book">
Robert Armstrong, Protestant War: The 'British' of Ireland and the Wars of the Three Kingdoms
(Manchester, 2005), ch. 4<person-group>
                     <string-name>
                        <surname>Armstrong</surname>
                     </string-name>
                  </person-group>
                  <comment content-type="section">ch. 4</comment>
                  <source>Protestant War: The 'British' of Ireland and the Wars of the Three Kingdoms</source>
                  <year>2005</year>
               </mixed-citation>
            </p>
         </fn>
         <fn id="d26403e1803a1310">
            <label>57</label>
            <p>
               <mixed-citation id="d26403e1810" publication-type="other">
Adair, True Narrative, 103</mixed-citation>
            </p>
            <p>
               <mixed-citation id="d26403e1816" publication-type="journal">
Edward Vallance,
' "An holy and sacramentall paction": Federal Theology and the Solemn League and Covenant in
England', ante, cxvi (2001), 50-75 at 51, 62-3<fpage>50</fpage>
                  <volume>cxvi</volume>
                  <source>ante</source>
                  <year>2001</year>
               </mixed-citation>
            </p>
         </fn>
         <fn id="d26403e1842a1310">
            <label>58</label>
            <p>
               <mixed-citation id="d26403e1849" publication-type="other">
Bodleian Library, Carte ms 10, fos 350, 353, 391, 395-6, 472-3</mixed-citation>
            </p>
         </fn>
         <fn id="d26403e1857a1310">
            <label>60</label>
            <p>
               <mixed-citation id="d26403e1864" publication-type="other">
Acts ofthe General Assemblies, 215.</mixed-citation>
            </p>
         </fn>
         <fn id="d26403e1871a1310">
            <label>61</label>
            <p>
               <mixed-citation id="d26403e1878" publication-type="other">
Furgol, 'Military and Ministers', 107.</mixed-citation>
            </p>
         </fn>
         <fn id="d26403e1885a1310">
            <label>62</label>
            <p>
               <mixed-citation id="d26403e1892" publication-type="other">
'Minister at Derry' to dean of Deny, 25 Nov. 1644, Carte MS 12, fos 629–30.</mixed-citation>
            </p>
         </fn>
         <fn id="d26403e1899a1310">
            <label>63</label>
            <p>
               <mixed-citation id="d26403e1906" publication-type="other">
Thornton to Ormond, 17 Oct. 1643</mixed-citation>
            </p>
            <p>
               <mixed-citation id="d26403e1912" publication-type="book">
J. T. Gilbert (ed.), A Contemporary History of Affairs
in Ireland (3 vols, Dublin, 1879-80), i, 792<person-group>
                     <string-name>
                        <surname>Gilbert</surname>
                     </string-name>
                  </person-group>
                  <fpage>792</fpage>
                  <volume>i</volume>
                  <source>A Contemporary History of Affairs in Ireland</source>
                  <year>1879</year>
               </mixed-citation>
            </p>
         </fn>
         <fn id="d26403e1944a1310">
            <label>64</label>
            <p>
               <mixed-citation id="d26403e1951" publication-type="other">
Adair, True Narrative, 108–9</mixed-citation>
            </p>
         </fn>
         <fn id="d26403e1958a1310">
            <label>65</label>
            <p>
               <mixed-citation id="d26403e1965" publication-type="other">
Carte MS II, fo. 582.</mixed-citation>
            </p>
         </fn>
         <fn id="d26403e1973a1310">
            <label>66</label>
            <p>
               <mixed-citation id="d26403e1980" publication-type="other">
Adair, True Narrative, 120–2</mixed-citation>
            </p>
            <p>
               <mixed-citation id="d26403e1986" publication-type="other">
Furgol, 'Military and Ministers', 109</mixed-citation>
            </p>
         </fn>
         <fn id="d26403e1993a1310">
            <label>68</label>
            <p>
               <mixed-citation id="d26403e2000" publication-type="other">
Thornton to Ormond, 7 Feb. 1645, Carte ms 14, fos 40-1</mixed-citation>
            </p>
            <p>
               <mixed-citation id="d26403e2006" publication-type="other">
Hew Scott, Fasti ecclesiae
Scoticanae (new edn, 10 vols, Edinburgh, 1915—81), iii, 46</mixed-citation>
            </p>
         </fn>
         <fn id="d26403e2016a1310">
            <label>69</label>
            <p>
               <mixed-citation id="d26403e2023" publication-type="journal">
Reid, History, ii, 2, 4-8, 15<person-group>
                     <string-name>
                        <surname>Reid</surname>
                     </string-name>
                  </person-group>
                  <fpage>2</fpage>
                  <volume>ii</volume>
                  <source>History</source>
               </mixed-citation>
            </p>
            <p>
               <mixed-citation id="d26403e2047" publication-type="other">
Acts ofthe General Assemblies, 256-9, 269-70, 299</mixed-citation>
            </p>
         </fn>
         <fn id="d26403e2054a1310">
            <label>70</label>
            <p>
               <mixed-citation id="d26403e2061" publication-type="other">
11 Nov. 1644, NAS,
GD 406/1/1943</mixed-citation>
            </p>
         </fn>
         <fn id="d26403e2071a1310">
            <label>71</label>
            <p>
               <mixed-citation id="d26403e2078" publication-type="book">
Patrick Little, 'The English Parliament and the Irish Constitution, 1641—9', in Micheal O
Siochrii (ed.), Kingdoms in Conflict: Ireland in the 1640s (Dublin, 2001), 106-21.<person-group>
                     <string-name>
                        <surname>Little</surname>
                     </string-name>
                  </person-group>
                  <comment content-type="section">The English Parliament and the Irish Constitution, 1641—9</comment>
                  <fpage>106</fpage>
                  <source>Kingdoms in Conflict: Ireland in the 1640s</source>
                  <year>2001</year>
               </mixed-citation>
            </p>
         </fn>
         <fn id="d26403e2110a1310">
            <label>72</label>
            <p>
               <mixed-citation id="d26403e2117" publication-type="other">
Adair,
True Narrative, 128–9</mixed-citation>
            </p>
         </fn>
         <fn id="d26403e2128a1310">
            <label>73</label>
            <p>
               <mixed-citation id="d26403e2135" publication-type="book">
Alexander F. Mitchell and James Christie (eds), The Records of the Commissions of the
General Assemblies of the Church of Scotland... 1646 and 1647, Scottish History Society Publications
ix (Edinburgh, 1892), 183<person-group>
                     <string-name>
                        <surname>Alexander</surname>
                     </string-name>
                  </person-group>
                  <fpage>183</fpage>
                  <volume>ix</volume>
                  <source>The Records of the Commissions of the General Assemblies of the Church of Scotland... 1646 and 1647</source>
                  <year>1892</year>
               </mixed-citation>
            </p>
         </fn>
         <fn id="d26403e2170a1310">
            <label>74</label>
            <p>
               <mixed-citation id="d26403e2177" publication-type="other">
Adair, True Narrative, 136–7</mixed-citation>
            </p>
         </fn>
         <fn id="d26403e2184a1310">
            <label>75</label>
            <p>
               <mixed-citation id="d26403e2191" publication-type="journal">
Reid, History, i, 465-7<person-group>
                     <string-name>
                        <surname>Reid</surname>
                     </string-name>
                  </person-group>
                  <fpage>465</fpage>
                  <volume>i</volume>
                  <source>History</source>
               </mixed-citation>
            </p>
         </fn>
         <fn id="d26403e2216a1310">
            <label>76</label>
            <p>
               <mixed-citation id="d26403e2223" publication-type="other">
Furgol, 'Military and Ministers', 109–10.</mixed-citation>
            </p>
         </fn>
         <fn id="d26403e2230a1310">
            <label>77</label>
            <p>
               <mixed-citation id="d26403e2237" publication-type="other">
Adair, True Narrative, 122,124–5,1295</mixed-citation>
            </p>
            <p>
               <mixed-citation id="d26403e2243" publication-type="book">
James McConnell and Samuel G. McConnell, Fasti
of the Irish Presbyterian Church 1613–1840 (Belfast, 1951), part 2 (separately paginated), which covers
the period 1642-60<person-group>
                     <string-name>
                        <surname>McConnell</surname>
                     </string-name>
                  </person-group>
                  <comment content-type="section">part 2</comment>
                  <source>Fasti of the Irish Presbyterian Church 1613–1840</source>
                  <year>1951</year>
               </mixed-citation>
            </p>
         </fn>
         <fn id="d26403e2275a1310">
            <label>78</label>
            <p>
               <mixed-citation id="d26403e2282" publication-type="other">
Acts of the General Assemblies, 190–2 (1643)</mixed-citation>
            </p>
         </fn>
         <fn id="d26403e2290a1310">
            <label>81</label>
            <p>
               <mixed-citation id="d26403e2297" publication-type="other">
Adair, True Narrative, 105–6.</mixed-citation>
            </p>
         </fn>
         <fn id="d26403e2304a1310">
            <label>82</label>
            <p>
               <mixed-citation id="d26403e2311" publication-type="other">
Trinity College, Dublin MS 866, fo. 24or–v</mixed-citation>
            </p>
         </fn>
         <fn id="d26403e2318a1310">
            <label>83</label>
            <p>
               <mixed-citation id="d26403e2325" publication-type="other">
Carte MS 12, fo. 630</mixed-citation>
            </p>
            <p>
               <mixed-citation id="d26403e2331" publication-type="book">
James B. Leslie, Derry Clergy
and Parishes (Enniskillen, 1937), 155, 196<person-group>
                     <string-name>
                        <surname>Leslie</surname>
                     </string-name>
                  </person-group>
                  <fpage>155</fpage>
                  <source>Derry Clergy and Parishes</source>
                  <year>1937</year>
               </mixed-citation>
            </p>
         </fn>
         <fn id="d26403e2360a1310">
            <label>84</label>
            <p>
               <mixed-citation id="d26403e2367" publication-type="other">
Adair, True Narrative, 120–2,126</mixed-citation>
            </p>
         </fn>
         <fn id="d26403e2374a1310">
            <label>85</label>
            <p>
               <mixed-citation id="d26403e2381" publication-type="other">
James Hamilton, rector of Dundonald
since 1636</mixed-citation>
            </p>
            <p>
               <mixed-citation id="d26403e2390" publication-type="other">
Connor since 1628</mixed-citation>
            </p>
            <p>
               <mixed-citation id="d26403e2396" publication-type="other">
Skerry and Racavan from 1633</mixed-citation>
            </p>
            <p>
               <mixed-citation id="d26403e2403" publication-type="other">
Ballymoney since 1633</mixed-citation>
            </p>
            <p>
               <mixed-citation id="d26403e2409" publication-type="book">
J. B. Leslie, Clergy of Connor (Belfast, 1993), 271, 369, 646<person-group>
                     <string-name>
                        <surname>Leslie</surname>
                     </string-name>
                  </person-group>
                  <fpage>271</fpage>
                  <source>Clergy of Connor</source>
                  <year>1993</year>
               </mixed-citation>
            </p>
            <p>
               <mixed-citation id="d26403e2433" publication-type="book">
F. Rankin,
J. B. Leslie and H. B. Swanzy (eds), Clergy of Down and Dromore (Belfast, 1996), 61-2<person-group>
                     <string-name>
                        <surname>Rankin</surname>
                     </string-name>
                  </person-group>
                  <fpage>61</fpage>
                  <source>Clergy of Down and Dromore</source>
                  <year>1996</year>
               </mixed-citation>
            </p>
         </fn>
         <fn id="d26403e2462a1310">
            <label>86</label>
            <p>
               <mixed-citation id="d26403e2469" publication-type="other">
George Merchant to Francis Guthry, 13 June 1642, NAS GD 188/21/3/4.</mixed-citation>
            </p>
         </fn>
         <fn id="d26403e2477a1310">
            <label>87</label>
            <p>
               <mixed-citation id="d26403e2484" publication-type="other">
Carte MSS 18, fo. 385, 21, fo. 555</mixed-citation>
            </p>
         </fn>
         <fn id="d26403e2491a1310">
            <label>88</label>
            <p>
               <mixed-citation id="d26403e2498" publication-type="journal">
David Stevenson, 'Deposition of Ministers in the Church of Scotland under the Covenanters,
1638-1651', Church History, xliv (1975), 321-35 at 326<object-id pub-id-type="doi">10.2307/3164034</object-id>
                  <fpage>321</fpage>
               </mixed-citation>
            </p>
         </fn>
         <fn id="d26403e2514a1310">
            <label>89</label>
            <p>
               <mixed-citation id="d26403e2521" publication-type="other">
Stevenson, 'Radical Party', 135-6</mixed-citation>
            </p>
         </fn>
         <fn id="d26403e2528a1310">
            <label>90</label>
            <p>
               <mixed-citation id="d26403e2535" publication-type="journal">
Tweedie, Select Biographies, i, 167-8.<person-group>
                     <string-name>
                        <surname>Tweedie</surname>
                     </string-name>
                  </person-group>
                  <fpage>167</fpage>
                  <volume>i</volume>
                  <source>Select Biographies</source>
               </mixed-citation>
            </p>
         </fn>
         <fn id="d26403e2560a1310">
            <label>91</label>
            <p>
               <mixed-citation id="d26403e2567" publication-type="journal">
Tweedie, Select Biographies, i, 331<person-group>
                     <string-name>
                        <surname>Tweedie</surname>
                     </string-name>
                  </person-group>
                  <fpage>331</fpage>
                  <volume>i</volume>
                  <source>Select Biographies</source>
               </mixed-citation>
            </p>
            <p>
               <mixed-citation id="d26403e2591" publication-type="other">
Adair, True Narrative, 119</mixed-citation>
            </p>
         </fn>
         <fn id="d26403e2598a1310">
            <label>92</label>
            <p>
               <mixed-citation id="d26403e2605" publication-type="other">
Blair to Dougias, 23 May 1643</mixed-citation>
            </p>
            <p>
               <mixed-citation id="d26403e2611" publication-type="other">
George Dick to Dougias, 10 Jan. 1645</mixed-citation>
            </p>
            <p>
               <mixed-citation id="d26403e2617" publication-type="other">
National Library of
Scotiand, Wodrow MS Folio 25, fos 27, 52</mixed-citation>
            </p>
            <p>
               <mixed-citation id="d26403e2627" publication-type="journal">
David Stevenson, 'The General Assembly and the Commission ofthe Kirk, 1638-1651',
Records of the Scottish Church History Society, xix (1975-7), 59~79 at 74<person-group>
                     <string-name>
                        <surname>Stevenson</surname>
                     </string-name>
                  </person-group>
                  <fpage>59</fpage>
                  <volume>xix</volume>
                  <source>Records of the Scottish Church History Society</source>
                  <year>1975</year>
               </mixed-citation>
            </p>
         </fn>
         <fn id="d26403e2660a1310">
            <label>94</label>
            <p>
               <mixed-citation id="d26403e2667" publication-type="other">
Stevenson, 'Radical Party', 138,143</mixed-citation>
            </p>
            <p>
               <mixed-citation id="d26403e2673" publication-type="other">
Acts of the General Assemblies, 191</mixed-citation>
            </p>
            <p>
               <mixed-citation id="d26403e2679" publication-type="other">
Furgol, 'Military and Ministers', 96, 98</mixed-citation>
            </p>
         </fn>
         <fn id="d26403e2686a1310">
            <label>97</label>
            <p>
               <mixed-citation id="d26403e2693" publication-type="other">
'General Assembly and the Commission of the Kirk', 59, 62–3, 74–5</mixed-citation>
            </p>
         </fn>
         <fn id="d26403e2700a1310">
            <label>99</label>
            <p>
               <mixed-citation id="d26403e2707" publication-type="other">
McConnell and
McConnell, Fasti, part 2, 4,14,15, 37, 38, 43, 44, 45, 48</mixed-citation>
            </p>
         </fn>
         <fn id="d26403e2717a1310">
            <label>101</label>
            <p>
               <mixed-citation id="d26403e2724" publication-type="journal">
W.T. Latimer (ed.), 'The Old Session-book of Templepatrick Presbyterian Church',
Journal of the Royal Society of Antiquaries of Ireland, 4th series, xxv (1895), 130-4 at 134<person-group>
                     <string-name>
                        <surname>Latimer</surname>
                     </string-name>
                  </person-group>
                  <comment content-type="series title">4th series</comment>
                  <fpage>130</fpage>
                  <volume>xxv</volume>
                  <source>Journal of the Royal Society of Antiquaries of Ireland</source>
                  <year>1895</year>
               </mixed-citation>
            </p>
            <p>
               <mixed-citation id="d26403e2758" publication-type="other">
McConnell and McConnell, Fasti, part 2, 13,15, 43, 44, 47, 48, 50, 51</mixed-citation>
            </p>
         </fn>
         <fn id="d26403e2765a1310">
            <label>102</label>
            <p>
               <mixed-citation id="d26403e2772" publication-type="other">
McConnell and McConnell, Fasti, part 2, 43-4.</mixed-citation>
            </p>
         </fn>
         <fn id="d26403e2779a1310">
            <label>103</label>
            <p>
               <mixed-citation id="d26403e2786" publication-type="other">
NAS, GD 406/1/1944, Audley Mervyn, 11 Nov. 1644 to [Committee of both kingdoms?]</mixed-citation>
            </p>
         </fn>
         <fn id="d26403e2794a1310">
            <label>104</label>
            <p>
               <mixed-citation id="d26403e2801" publication-type="other">
Adair, True Narrative, 120–1.</mixed-citation>
            </p>
         </fn>
         <fn id="d26403e2808a1310">
            <label>105</label>
            <p>
               <mixed-citation id="d26403e2815" publication-type="book">
John Maxwell, Sacro-sancta Regum Majestas (Oxford, 1644), 157.<person-group>
                     <string-name>
                        <surname>Maxwell</surname>
                     </string-name>
                  </person-group>
                  <fpage>157</fpage>
                  <source>Sacro-sancta Regum Majestas</source>
                  <year>1644</year>
               </mixed-citation>
            </p>
         </fn>
         <fn id="d26403e2840a1310">
            <label>106</label>
            <p>
               <mixed-citation id="d26403e2847" publication-type="book">
George Gillespie, An Assertion of the Government of the Church of Scotland (Edinburgh,
1641), 109, 122.<person-group>
                     <string-name>
                        <surname>Gillespie</surname>
                     </string-name>
                  </person-group>
                  <fpage>109</fpage>
                  <source>An Assertion of the Government of the Church of Scotland</source>
                  <year>1641</year>
               </mixed-citation>
            </p>
         </fn>
         <fn id="d26403e2876a1310">
            <label>107</label>
            <p>
               <mixed-citation id="d26403e2883" publication-type="book">
W. D. J. McKay, An Ecclesiastical Republic: Church Government in the Writings of George
Gillespie (Carlisle, 1997), 156,160, 212<person-group>
                     <string-name>
                        <surname>McKay</surname>
                     </string-name>
                  </person-group>
                  <fpage>156</fpage>
                  <source>An Ecclesiastical Republic: Church Government in the Writings of George Gillespie</source>
                  <year>1997</year>
               </mixed-citation>
            </p>
            <p>
               <mixed-citation id="d26403e2911" publication-type="book">
Robert S. Paul, The Assembly of the Lord: Politics and Religion
in the Westminster Assembly and the' Grand Debate (Edinburgh, 1985), 163-73<person-group>
                     <string-name>
                        <surname>Paul</surname>
                     </string-name>
                  </person-group>
                  <fpage>163</fpage>
                  <source>The Assembly of the Lord: Politics and Religion in the Westminster Assembly and the' Grand Debate</source>
                  <year>1985</year>
               </mixed-citation>
            </p>
         </fn>
         <fn id="d26403e2940a1310">
            <label>108</label>
            <p>
               <mixed-citation id="d26403e2947" publication-type="book">
W. R. Foster, The Church before the Covenants: The Church of Scotland 1596–1638
(Edinburgh, 1975), 4-5, 71, 80.<person-group>
                     <string-name>
                        <surname>Foster</surname>
                     </string-name>
                  </person-group>
                  <fpage>4</fpage>
                  <source>The Church before the Covenants: The Church of Scotland 1596–1638</source>
                  <year>1975</year>
               </mixed-citation>
            </p>
         </fn>
         <fn id="d26403e2976a1310">
            <label>109</label>
            <p>
               <mixed-citation id="d26403e2983" publication-type="book">
Walter Makey, The Church of the Covenant 1637–1651 (Edinburgh, 1979), 153, 159.<person-group>
                     <string-name>
                        <surname>Makey</surname>
                     </string-name>
                  </person-group>
                  <fpage>153</fpage>
                  <source>The Church of the Covenant 1637–1651</source>
                  <year>1979</year>
               </mixed-citation>
            </p>
         </fn>
         <fn id="d26403e3009a1310">
            <label>110</label>
            <p>
               <mixed-citation id="d26403e3016" publication-type="other">
Latimer, 'The Old Session-book of Templepatrick Presbyterian Church', xxv (1895),
130–4</mixed-citation>
            </p>
            <p>
               <mixed-citation id="d26403e3025" publication-type="other">
xxxi (1901), 162–75, 259–72</mixed-citation>
            </p>
         </fn>
         <fn id="d26403e3032a1310">
            <label>111</label>
            <p>
               <mixed-citation id="d26403e3039" publication-type="other">
.G.D. Henderson, The Scottish Ruling Elder (1935), 216–17</mixed-citation>
            </p>
            <p>
               <mixed-citation id="d26403e3045" publication-type="book">
Jonn M. Barkley, The Eldership
in Irish Presbyterianism (Belfast, 1963), 22<person-group>
                     <string-name>
                        <surname>Barkley</surname>
                     </string-name>
                  </person-group>
                  <fpage>22</fpage>
                  <source>The Eldership in Irish Presbyterianism</source>
                  <year>1963</year>
               </mixed-citation>
            </p>
         </fn>
         <fn id="d26403e3074a1310">
            <label>112</label>
            <p>
               <mixed-citation id="d26403e3081" publication-type="other">
Henderson, Scottish Ruling Elder, 218–19.</mixed-citation>
            </p>
         </fn>
         <fn id="d26403e3088a1310">
            <label>113</label>
            <p>
               <mixed-citation id="d26403e3095" publication-type="book">
Alexander Henderson, The Government and Order of the Church of Scotland
(Edinburgh, 1641), 14<person-group>
                     <string-name>
                        <surname>Henderson</surname>
                     </string-name>
                  </person-group>
                  <fpage>14</fpage>
                  <source>The Government and Order of the Church of Scotland</source>
                  <year>1641</year>
               </mixed-citation>
            </p>
         </fn>
         <fn id="d26403e3124a1310">
            <label>114</label>
            <p>
               <mixed-citation id="d26403e3131" publication-type="other">
Adair, True Narrative, 129–30</mixed-citation>
            </p>
         </fn>
         <fn id="d26403e3138a1310">
            <label>116</label>
            <p>
               <mixed-citation id="d26403e3145" publication-type="other">
Furgol, 'Military and Ministers', 101, 110.</mixed-citation>
            </p>
         </fn>
         <fn id="d26403e3153a1310">
            <label>118</label>
            <p>
               <mixed-citation id="d26403e3160" publication-type="other">
Adair, True Narrative, 121, 129, 149</mixed-citation>
            </p>
            <p>
               <mixed-citation id="d26403e3166" publication-type="other">
Latimer, 'The Old Session-book of Templepatrick
Presbyterian Church' (1895), 130–4</mixed-citation>
            </p>
         </fn>
         <fn id="d26403e3176a1310">
            <label>119</label>
            <p>
               <mixed-citation id="d26403e3183" publication-type="other">
Latimer, 'The Old Session-book of Templepatrick Presbyterian Church' (1901), 162–75,
259–72 at 163, 262, 267, 269, 271, 272ff</mixed-citation>
            </p>
            <p>
               <mixed-citation id="d26403e3192" publication-type="other">
'Irishes', 31. 271</mixed-citation>
            </p>
         </fn>
         <fn id="d26403e3199a1310">
            <label>120</label>
            <p>
               <mixed-citation id="d26403e3206" publication-type="other">
The Declaration of the British in the North of Ireland (1648 [1649])</mixed-citation>
            </p>
            <p>
               <mixed-citation id="d26403e3212" publication-type="other">
Robert Armstrong,
'Viscount Ards and the Presbytery: The Politics of the Scots of Ulster in the 1640s', in John R.
Young (ed.), Scotland and Ulster 1585–1700 (forthcoming)</mixed-citation>
            </p>
         </fn>
         <fn id="d26403e3225a1310">
            <label>121</label>
            <p>
               <mixed-citation id="d26403e3232" publication-type="book">
Allan I. Macinnes, 'Covenanting
Ideology in Seventeenth-century Scotiand', in Jane H. Ohlmeyer (ed.), Political Thought in
Seventeenth-century Ireland (Cambridge, 2000), 191-220<person-group>
                     <string-name>
                        <surname>Macinnes</surname>
                     </string-name>
                  </person-group>
                  <comment content-type="section">Covenanting Ideology in Seventeenth-century Scotiand</comment>
                  <fpage>191</fpage>
                  <source>Political Thought in Seventeenth-century Ireland</source>
                  <year>2000</year>
               </mixed-citation>
            </p>
            <p>
               <mixed-citation id="d26403e3266" publication-type="other">
Adair, True Narrative, 94</mixed-citation>
            </p>
         </fn>
         <fn id="d26403e3273a1310">
            <label>122</label>
            <p>
               <mixed-citation id="d26403e3280" publication-type="book">
Nicholas Canny, 'The Origins of Empire: An Introduction', in Canny (ed.), The
Oxford History of the British Empire, I: The Origins of Empire (Oxford, 1998), 12-14.<person-group>
                     <string-name>
                        <surname>Canny</surname>
                     </string-name>
                  </person-group>
                  <comment content-type="section">The Origins of Empire: An Introduction</comment>
                  <fpage>12</fpage>
                  <source>The Oxford History of the British Empire, I: The Origins of Empire</source>
                  <year>1998</year>
               </mixed-citation>
            </p>
         </fn>
         <fn id="d26403e3312a1310">
            <label>123</label>
            <p>
               <mixed-citation id="d26403e3319" publication-type="other">
Armstrong, 'Viscount Ards and the Presbytery'.</mixed-citation>
            </p>
         </fn>
         <fn id="d26403e3327a1310">
            <label>124</label>
            <p>
               <mixed-citation id="d26403e3334" publication-type="journal">
'Necessary Representation' of the presbytery, printed in Reid, History, ii, 88-95<fpage>88</fpage>
                  <volume>ii</volume>
                  <source>History</source>
               </mixed-citation>
            </p>
         </fn>
         <fn id="d26403e3350a1310">
            <label>125</label>
            <p>
               <mixed-citation id="d26403e3357" publication-type="other">
Adair, True Narrative, 154–5</mixed-citation>
            </p>
         </fn>
         <fn id="d26403e3364a1310">
            <label>126</label>
            <p>
               <mixed-citation id="d26403e3371" publication-type="book">
Ian McBride, 'Ulster Presbyterians
and the Confessional State, c.1688–1733', in D. George Boyce, Robert Eccleshall and Vincent
Geoghegan (eds), Political Discourse in Seventeenth- and Eighteenth-century Ireland (Basingstoke,
2001), 169-92<person-group>
                     <string-name>
                        <surname>McBride</surname>
                     </string-name>
                  </person-group>
                  <comment content-type="section">Ulster Presbyterians and the Confessional State, c.1688–1733</comment>
                  <fpage>169</fpage>
                  <source>Political Discourse in Seventeenth- and Eighteenth-century Ireland</source>
                  <year>2001</year>
               </mixed-citation>
            </p>
         </fn>
         <fn id="d26403e3409a1310">
            <label>127</label>
            <p>
               <mixed-citation id="d26403e3416" publication-type="other">
Gillespie, 'Presbyterian Revolution', 161–4.</mixed-citation>
            </p>
         </fn>
      </fn-group>
   </back>
</article>
