<article dtd-version="1.0" article-type="research-article">
   <front>
      <journal-meta>
         <journal-id xmlns:xlink="http://www.w3.org/1999/xlink" journal-id-type="jstor">englhistrevi</journal-id>
         <journal-id xmlns:xlink="http://www.w3.org/1999/xlink" journal-id-type="jstor">j100150</journal-id>
         <journal-title-group xmlns:xlink="http://www.w3.org/1999/xlink">
            <journal-title>The English Historical Review</journal-title>
         </journal-title-group>
         <publisher>
            <publisher-name>Oxford University Press</publisher-name>
         </publisher>
         <issn xmlns:xlink="http://www.w3.org/1999/xlink" pub-type="ppub">00138266</issn>
         <issn xmlns:xlink="http://www.w3.org/1999/xlink" pub-type="epub">14774534</issn>
      </journal-meta>
      <article-meta>
         <article-id xmlns:xlink="http://www.w3.org/1999/xlink" pub-id-type="jstor">3806241</article-id>
         <title-group>
            <article-title>'Ever Reliable Friends'?: The Conservative Party and Ulster Unionism in the Twentieth Century</article-title>
         </title-group>
         <contrib-group>
            <contrib contrib-type="author">
               <string-name xmlns:xlink="http://www.w3.org/1999/xlink">
                  <given-names>Jeremy</given-names>
                  <surname>Smith</surname>
               </string-name>
            </contrib>
         </contrib-group>
         <pub-date xmlns:xlink="http://www.w3.org/1999/xlink">
            <day>1</day>
            <month>2</month>
            <year>2006</year>
         </pub-date>
         <volume>121</volume>
         <issue>490</issue>
         <issue-id xmlns:xlink="http://www.w3.org/1999/xlink">i371253</issue-id>
         <fpage>70</fpage>
         <lpage>103</lpage>
         <page-range>70-103</page-range>
         <permissions>
            <copyright-statement>Copyright 2006 Oxford University Press</copyright-statement>
         </permissions>
         <self-uri xmlns:xlink="http://www.w3.org/1999/xlink"
                   xlink:href="http://www.jstor.org/stable/3806241"/>
         <custom-meta-group xmlns:xlink="http://www.w3.org/1999/xlink">
            <custom-meta>
               <meta-name>lang</meta-name>
               <meta-value>eng</meta-value>
            </custom-meta>
         </custom-meta-group>
      </article-meta>
   </front>
   <back>
      <fn-group xmlns:xlink="http://www.w3.org/1999/xlink">
         <title>[Footnotes]</title>
         <fn id="d34598e116a1310">
            <label>1</label>
            <p>
               <mixed-citation id="d34598e123" publication-type="book">
G. Walker, A History of the Ulster Unionist Party: Protest, Pragmatism and Pessimism
(Manchester, 2004), 24.<person-group>
                     <string-name>
                        <surname>Walker</surname>
                     </string-name>
                  </person-group>
                  <fpage>24</fpage>
                  <source>A History of the Ulster Unionist Party: Protest, Pragmatism and Pessimism</source>
                  <year>2004</year>
               </mixed-citation>
            </p>
         </fn>
         <fn id="d34598e152a1310">
            <label>2</label>
            <p>
               <mixed-citation id="d34598e159" publication-type="book">
A. Jackson, The Ulster Party: Irish Unionists in the House of Commons, 1884–1911 (Oxford,
1989), 310.<person-group>
                     <string-name>
                        <surname>Jackson</surname>
                     </string-name>
                  </person-group>
                  <fpage>310</fpage>
                  <source>The Ulster Party: Irish Unionists in the House of Commons, 1884–1911</source>
                  <year>1989</year>
               </mixed-citation>
            </p>
         </fn>
         <fn id="d34598e188a1310">
            <label>3</label>
            <p>
               <mixed-citation id="d34598e195" publication-type="other">
A. T. Q. Stewart, The Ulster Crisis: Resistance to Home Rule, 1912–14 (1967)</mixed-citation>
            </p>
            <p>
               <mixed-citation id="d34598e201" publication-type="other">
J. Ramsden, The
Age of Balfour and Baldwin, 1902–1940 (1978), 65–86</mixed-citation>
            </p>
            <p>
               <mixed-citation id="d34598e210" publication-type="book">
D. Dutton, His Majesty's Loyal Opposition
(Liverpool, 1992), 203-51<person-group>
                     <string-name>
                        <surname>Dutton</surname>
                     </string-name>
                  </person-group>
                  <fpage>203</fpage>
                  <source>His Majesty's Loyal Opposition</source>
                  <year>1992</year>
               </mixed-citation>
            </p>
            <p>
               <mixed-citation id="d34598e239" publication-type="book">
P. Bew, Ideology and the Irish Question, 1912–1916 (Oxford, 1994)<person-group>
                     <string-name>
                        <surname>Bew</surname>
                     </string-name>
                  </person-group>
                  <source>Ideology and the Irish Question, 1912–1916</source>
                  <year>1994</year>
               </mixed-citation>
            </p>
            <p>
               <mixed-citation id="d34598e260" publication-type="book">
J. Smith, The Tories and Ireland: Conservative Party Politics and the Home Rule Crisis, 1910–1914
(Dublin, 2000)<person-group>
                     <string-name>
                        <surname>Smith</surname>
                     </string-name>
                  </person-group>
                  <source>The Tories and Ireland: Conservative Party Politics and the Home Rule Crisis, 1910–1914</source>
                  <year>2000</year>
               </mixed-citation>
            </p>
         </fn>
         <fn id="d34598e285a1310">
            <label>4</label>
            <p>
               <mixed-citation id="d34598e292" publication-type="other">
Smith, Tories and Ireland, 67–70</mixed-citation>
            </p>
            <p>
               <mixed-citation id="d34598e298" publication-type="book">
R. J. Q. Adams, Bonar Law (London, 1999), 109<person-group>
                     <string-name>
                        <surname>Adams</surname>
                     </string-name>
                  </person-group>
                  <fpage>109</fpage>
                  <source>Bonar Law</source>
                  <year>1999</year>
               </mixed-citation>
            </p>
         </fn>
         <fn id="d34598e324a1310">
            <label>5</label>
            <p>
               <mixed-citation id="d34598e331" publication-type="other">
B. Faulkner, Memoirs of a
Statesman (1978), 153</mixed-citation>
            </p>
         </fn>
         <fn id="d34598e341a1310">
            <label>6</label>
            <p>
               <mixed-citation id="d34598e348" publication-type="other">
Meetings of the Ulster Unionist Party at Westminster, II April 1972: C[onservative] P[arty]
A[rchive], B[odleian] L[ibrary], CRD 3/18/1.</mixed-citation>
            </p>
         </fn>
         <fn id="d34598e358a1310">
            <label>7</label>
            <p>
               <mixed-citation id="d34598e365" publication-type="journal">
Meetings of the Ulster Unionist Party at Westminster, 27 March<issue>27 March</issue>
                  <source>Meetings of the Ulster Unionist Party at Westminster</source>
               </mixed-citation>
            </p>
            <p>
               <mixed-citation id="d34598e377" publication-type="other">
II, 18 and 26 April 1972:
CPA, BL, CRD 3/18/1</mixed-citation>
            </p>
         </fn>
         <fn id="d34598e387a1310">
            <label>8</label>
            <p>
               <mixed-citation id="d34598e394" publication-type="other">
P. Norton, Conservative Dissidents: Dissent within the Parliamentary Conservative Party,
1970–1974 (1978).</mixed-citation>
            </p>
         </fn>
         <fn id="d34598e404a1310">
            <label>9</label>
            <p>
               <mixed-citation id="d34598e411" publication-type="other">
E. Heath, Autobiography: The course of My Life (1998), 519–20</mixed-citation>
            </p>
            <p>
               <mixed-citation id="d34598e417" publication-type="other">
J. Douglas to Webster, Fraser and Wolff, "Semantics of Ulster", 15 May 1974</mixed-citation>
            </p>
            <p>
               <mixed-citation id="d34598e423" publication-type="other">
Organisation Dept, 'Northern Ireland – 1974': CPA, BL, CCO 500/55/4</mixed-citation>
            </p>
            <p>
               <mixed-citation id="d34598e430" publication-type="journal">
'Ulster Loyalists', by J. Houston, 14 May1974<person-group>
                     <string-name>
                        <surname>Houston</surname>
                     </string-name>
                  </person-group>
                  <issue>14 May</issue>
                  <source>Ulster Loyalists</source>
                  <year>1974</year>
               </mixed-citation>
            </p>
         </fn>
         <fn id="d34598e455a1310">
            <label>10</label>
            <p>
               <mixed-citation id="d34598e462" publication-type="other">
Fraser to Webster, 2 Jan. 1973,'Ulster', Organisation Dept, Northern Ireland – 1973: CPA,
BL, CCO 500/55/3.</mixed-citation>
            </p>
         </fn>
         <fn id="d34598e473a1310">
            <label>11</label>
            <p>
               <mixed-citation id="d34598e480" publication-type="other">
M. Thatcher, The Downing Street Years (1993), 385.</mixed-citation>
            </p>
         </fn>
         <fn id="d34598e487a1310">
            <label>12</label>
            <p>
               <mixed-citation id="d34598e494" publication-type="other">
'Northern Ireland – Meeting in Chairman's Office', 13 Dec. 1978, Chairman's Office, Airey
Neave, 1974–1979: CPA, BL, CCO 20/1/22.</mixed-citation>
            </p>
         </fn>
         <fn id="d34598e504a1310">
            <label>13</label>
            <p>
               <mixed-citation id="d34598e511" publication-type="journal">
P. Dixon, '"The Usual English Doubletalk": The British Political Parties and the Ulster
Unionists, 1974-1994', Irish Political Studies, 9 (1994)<person-group>
                     <string-name>
                        <surname>Dixon</surname>
                     </string-name>
                  </person-group>
                  <volume>9</volume>
                  <source>Irish Political Studies</source>
                  <year>1994</year>
               </mixed-citation>
            </p>
            <p>
               <mixed-citation id="d34598e539" publication-type="other">
idem, 'The British Labour Party and
Northern Ireland, 1959–1974' (Ph.D. thesis, University of Bradford, 1993)</mixed-citation>
            </p>
         </fn>
         <fn id="d34598e549a1310">
            <label>14</label>
            <p>
               <mixed-citation id="d34598e556" publication-type="other">
'Northern Ireland – Meeting in Chairman's Office', 13 Dec. 1978, Chairman's Office, Airey
Neave, 1974–1979: CPA, BL, CCO 20/1/22.</mixed-citation>
            </p>
         </fn>
         <fn id="d34598e566a1310">
            <label>15</label>
            <p>
               <mixed-citation id="d34598e573" publication-type="book">
A. Aughey, Under Siege: Ulster Unionism and the Anglo-Irish Agreement (Belfast, 1989).<person-group>
                     <string-name>
                        <surname>Aughey</surname>
                     </string-name>
                  </person-group>
                  <source>Under Siege: Ulster Unionism and the Anglo-Irish Agreement</source>
                  <year>1989</year>
               </mixed-citation>
            </p>
         </fn>
         <fn id="d34598e595a1310">
            <label>16</label>
            <p>
               <mixed-citation id="d34598e602" publication-type="journal">
B. O'Leary, 'The Conservative Stewardship of Northern Ireland, 1979-1997: Sound-
bottomed or Slow-learning?', Political Studies, 44, 4 (1997), 663^-y6.<person-group>
                     <string-name>
                        <surname>O'Leary</surname>
                     </string-name>
                  </person-group>
                  <issue>4</issue>
                  <fpage>663</fpage>
                  <volume>44</volume>
                  <source>Political Studies</source>
                  <year>1997</year>
               </mixed-citation>
            </p>
         </fn>
         <fn id="d34598e638a1310">
            <label>17</label>
            <p>
               <mixed-citation id="d34598e645" publication-type="other">
Minutes of the Conservative Back-bench Committee on Northern Ireland, 1973–1975,
10 April 1974: CPA, BL, CRD 4/15/1.</mixed-citation>
            </p>
         </fn>
         <fn id="d34598e655a1310">
            <label>18</label>
            <p>
               <mixed-citation id="d34598e662" publication-type="journal">
M. Cunningham, 'Conservative Dissidents and the Irish Question: the Pro-Integrationist
Lobby', Irish Political Studies, 10 (1995), 26-40.<person-group>
                     <string-name>
                        <surname>Cunningham</surname>
                     </string-name>
                  </person-group>
                  <fpage>26</fpage>
                  <volume>10</volume>
                  <source>Irish Political Studies</source>
                  <year>1995</year>
               </mixed-citation>
            </p>
         </fn>
         <fn id="d34598e694a1310">
            <label>19</label>
            <p>
               <mixed-citation id="d34598e701" publication-type="other">
D. Hogg, The Door Wherein I Went (1975), 239–42</mixed-citation>
            </p>
            <p>
               <mixed-citation id="d34598e707" publication-type="other">
P. Dixon,'"A House Divided
Cannot Stand": Britain, Bi-partisanship and Northern Ireland', Contemporary Studies (1995), 147–87</mixed-citation>
            </p>
         </fn>
         <fn id="d34598e717a1310">
            <label>20</label>
            <p>
               <mixed-citation id="d34598e724" publication-type="book">
A. Aughey, 'Unionism, Conservatism and the Anglo-Irish Agreement', in D. G. Boyce and
A. O'Day (ed.), Defenders of the Union; A Survey of British and Irish Unionism (2001), 298.<person-group>
                     <string-name>
                        <surname>Aughey</surname>
                     </string-name>
                  </person-group>
                  <comment content-type="section">Unionism, Conservatism and the Anglo-Irish Agreement</comment>
                  <fpage>298</fpage>
                  <source>Defenders of the Union; A Survey of British and Irish Unionism</source>
                  <year>2001</year>
               </mixed-citation>
            </p>
         </fn>
         <fn id="d34598e756a1310">
            <label>21</label>
            <p>
               <mixed-citation id="d34598e763" publication-type="other">
J. Loughlin, Ulster Unionism and British National Identity since 1885 (1995), 91.</mixed-citation>
            </p>
         </fn>
         <fn id="d34598e770a1310">
            <label>22</label>
            <p>
               <mixed-citation id="d34598e777" publication-type="other">
B. Faulkner, Memoirs of a Statesman (1978), 22.</mixed-citation>
            </p>
         </fn>
         <fn id="d34598e785a1310">
            <label>24</label>
            <p>
               <mixed-citation id="d34598e792" publication-type="other">
F. Tughan, 'Conservative and Unionist Party: Minutes of a Meeting held in London 14 Oct
1969': U[lster] U[nionist] P[arty] A[rchive], P[ublic] R[ecord] O[ffice of] N[orthern] I[reland],
D.1327/17/54.</mixed-citation>
            </p>
         </fn>
         <fn id="d34598e805a1310">
            <label>25</label>
            <p>
               <mixed-citation id="d34598e812" publication-type="book">
J. F. Harbinson, The Ulster Unionist Party, 1882–1973: Its Development and Organisation
(Belfast, 1973), 104.<person-group>
                     <string-name>
                        <surname>Harbinson</surname>
                     </string-name>
                  </person-group>
                  <fpage>104</fpage>
                  <source>The Ulster Unionist Party, 1882–1973: Its Development and Organisation</source>
                  <year>1973</year>
               </mixed-citation>
            </p>
         </fn>
         <fn id="d34598e841a1310">
            <label>26</label>
            <p>
               <mixed-citation id="d34598e848" publication-type="other">
J. Moore, Ulster Unionism and the British Conservative Party: A Study of a Failed Marriage
(1997), 9.</mixed-citation>
            </p>
         </fn>
         <fn id="d34598e858a1310">
            <label>27</label>
            <p>
               <mixed-citation id="d34598e865" publication-type="book">
P. Norton, 'Conservative Politics and the Abolition of Stormont', in P. Catterall and
S. McDoughall (ed.), The Northern Ireland Question in British Politics (1996), 129.<person-group>
                     <string-name>
                        <surname>Norton</surname>
                     </string-name>
                  </person-group>
                  <comment content-type="section">Conservative Politics and the Abolition of Stormont</comment>
                  <fpage>129</fpage>
                  <source>The Northern Ireland Question in British Politics</source>
                  <year>1996</year>
               </mixed-citation>
            </p>
         </fn>
         <fn id="d34598e897a1310">
            <label>28</label>
            <p>
               <mixed-citation id="d34598e904" publication-type="journal">
M. Cunningham, 'An Historical Coda: Some Reflections on the Conservatives and the
Irish Question, 1949-1951', Irish Political Studies, 14 (1999), 132.<person-group>
                     <string-name>
                        <surname>Cunningham</surname>
                     </string-name>
                  </person-group>
                  <fpage>132</fpage>
                  <volume>14</volume>
                  <source>Irish Political Studies</source>
                  <year>1999</year>
               </mixed-citation>
            </p>
         </fn>
         <fn id="d34598e936a1310">
            <label>29</label>
            <p>
               <mixed-citation id="d34598e943" publication-type="other">
J. Ramsden, The Age of Churchill and Eden, 1940–1957 (London, 1995) and idem, Winds of
Change: Macmillan to Heath, 1957–1975(1996).</mixed-citation>
            </p>
         </fn>
         <fn id="d34598e954a1310">
            <label>30</label>
            <p>
               <mixed-citation id="d34598e961" publication-type="other">
R. Blake, A History of the Conservative Party: From Peel to Thatcher (1985), 261.</mixed-citation>
            </p>
         </fn>
         <fn id="d34598e968a1310">
            <label>31</label>
            <p>
               <mixed-citation id="d34598e975" publication-type="other">
F. W. S. Craig, British General Election Manifestos, 1900–1974 (1975), 37.</mixed-citation>
            </p>
         </fn>
         <fn id="d34598e982a1310">
            <label>35</label>
            <p>
               <mixed-citation id="d34598e989" publication-type="other">
I. Gilmour, Inside Right: Conservatism, Policies and the People (1977)</mixed-citation>
            </p>
            <p>
               <mixed-citation id="d34598e995" publication-type="other">
P. Norton and
A. Aughey, Conservatives and Conservatism (1981)</mixed-citation>
            </p>
            <p>
               <mixed-citation id="d34598e1004" publication-type="book">
R. Eatwell and N. O'Sullivan (ed.), The Nature
of the Right: American and European Politics and Political Thought Since 1789 (1989)<person-group>
                     <string-name>
                        <surname>Eatwell</surname>
                     </string-name>
                  </person-group>
                  <source>The Nature of the Right: American and European Politics and Political Thought Since 1789</source>
                  <year>1989</year>
               </mixed-citation>
            </p>
            <p>
               <mixed-citation id="d34598e1029" publication-type="book">
J. Barnes,
'Ideology and Faction', in A. Seldon and S. Ball (ed.), Conservative Century: The Conservative Party
since 1900 (Oxford, 1994)<person-group>
                     <string-name>
                        <surname>Barnes</surname>
                     </string-name>
                  </person-group>
                  <comment content-type="section">Ideology and Faction</comment>
                  <source>Conservative Century: The Conservative Party since 1900</source>
                  <year>1994</year>
               </mixed-citation>
            </p>
            <p>
               <mixed-citation id="d34598e1060" publication-type="book">
M. Freeden, Ideologies and Political Theory: A Conceptual Approach
(Oxford, 1998)<person-group>
                     <string-name>
                        <surname>Freeden</surname>
                     </string-name>
                  </person-group>
                  <source>Ideologies and Political Theory: A Conceptual Approach</source>
                  <year>1998</year>
               </mixed-citation>
            </p>
            <p>
               <mixed-citation id="d34598e1084" publication-type="book">
E. Green, Ideologies of Conservatism: Conservative Political Ideas in the Twentieth
Century (Oxford, 2002)<person-group>
                     <string-name>
                        <surname>Green</surname>
                     </string-name>
                  </person-group>
                  <source>Ideologies of Conservatism: Conservative Political Ideas in the Twentieth Century</source>
                  <year>2002</year>
               </mixed-citation>
            </p>
         </fn>
         <fn id="d34598e1109a1310">
            <label>36</label>
            <p>
               <mixed-citation id="d34598e1116" publication-type="book">
M. Bentley, Lord Salisbury's World: Conservative Environments in Late Victorian Britain
(Cambridge, 2001), 63.<person-group>
                     <string-name>
                        <surname>Bentley</surname>
                     </string-name>
                  </person-group>
                  <fpage>63</fpage>
                  <source>Lord Salisbury's World: Conservative Environments in Late Victorian Britain</source>
                  <year>2001</year>
               </mixed-citation>
            </p>
         </fn>
         <fn id="d34598e1145a1310">
            <label>37</label>
            <p>
               <mixed-citation id="d34598e1152" publication-type="other">
J. Smith, Tories and Ireland, 10–19</mixed-citation>
            </p>
            <p>
               <mixed-citation id="d34598e1158" publication-type="book">
P. Bew, Ideology and the Irish Question, 1912–1916
(Oxford, 1994)<person-group>
                     <string-name>
                        <surname>Bew</surname>
                     </string-name>
                  </person-group>
                  <source>Ideology and the Irish Question, 1912–1916</source>
                  <year>1994</year>
               </mixed-citation>
            </p>
         </fn>
         <fn id="d34598e1183a1310">
            <label>38</label>
            <p>
               <mixed-citation id="d34598e1190" publication-type="book">
J. Smith, 'Conservative Ideology and Representations of the Union with Ireland, 1884–1914',
in M. Francis and I. Zweiniger-Bargielowska (ed.), The Conservatives in British Society, 1880–1980
(Cardiff, 1996).<person-group>
                     <string-name>
                        <surname>Smith</surname>
                     </string-name>
                  </person-group>
                  <comment content-type="section">Conservative Ideology and Representations of the Union with Ireland, 1884–1914</comment>
                  <source>The Conservatives in British Society, 1880–1980</source>
                  <year>1996</year>
               </mixed-citation>
            </p>
         </fn>
         <fn id="d34598e1223a1310">
            <label>40</label>
            <p>
               <mixed-citation id="d34598e1230" publication-type="journal">
S. Evans, 'The Conservatives and the Redefinition of Unionism, 1912-1921', Twentieth
Century British History, 9 (1998), 1-27.<person-group>
                     <string-name>
                        <surname>Evans</surname>
                     </string-name>
                  </person-group>
                  <fpage>1</fpage>
                  <volume>9</volume>
                  <source>Twentieth Century British History</source>
                  <year>1998</year>
               </mixed-citation>
            </p>
         </fn>
         <fn id="d34598e1262a1310">
            <label>41</label>
            <p>
               <mixed-citation id="d34598e1269" publication-type="book">
P. Williamson, Stanley Baldwin: Conservative Leadership and National Values (Cambridge,
1999).<person-group>
                     <string-name>
                        <surname>Williamson</surname>
                     </string-name>
                  </person-group>
                  <source>Stanley Baldwin: Conservative Leadership and National Values</source>
                  <year>1999</year>
               </mixed-citation>
            </p>
         </fn>
         <fn id="d34598e1294a1310">
            <label>42</label>
            <p>
               <mixed-citation id="d34598e1301" publication-type="journal">
T. Wilson, 'Ulster and Eire', in W. A. Robson (ed.), The Political Quarterly in the Thirties
(1971), 214.<person-group>
                     <string-name>
                        <surname>Wilson</surname>
                     </string-name>
                  </person-group>
                  <fpage>214</fpage>
                  <source>The Political Quarterly in the Thirties</source>
                  <year>1971</year>
               </mixed-citation>
            </p>
         </fn>
         <fn id="d34598e1330a1310">
            <label>43</label>
            <p>
               <mixed-citation id="d34598e1337" publication-type="other">
his Ulster Unionism and British National Identity, 91–5</mixed-citation>
            </p>
         </fn>
         <fn id="d34598e1344a1310">
            <label>45</label>
            <p>
               <mixed-citation id="d34598e1351" publication-type="book">
N. Mccrillis, The British Conservative Party in the Age of Universal Suffrage: Popular
Conservatism, 1918–1929 (Columbus, 1998).<person-group>
                     <string-name>
                        <surname>Mccrillis</surname>
                     </string-name>
                  </person-group>
                  <source>The British Conservative Party in the Age of Universal Suffrage: Popular Conservatism, 1918–1929</source>
                  <year>1998</year>
               </mixed-citation>
            </p>
         </fn>
         <fn id="d34598e1376a1310">
            <label>46</label>
            <p>
               <mixed-citation id="d34598e1383" publication-type="book">
B. O'Leary and J. McGarry, The Politics of Antagonism: Understanding Northern Ireland
(London, 1993), 112-25.<person-group>
                     <string-name>
                        <surname>Leary</surname>
                     </string-name>
                  </person-group>
                  <fpage>112</fpage>
                  <source>The Politics of Antagonism: Understanding Northern Ireland</source>
                  <year>1993</year>
               </mixed-citation>
            </p>
         </fn>
         <fn id="d34598e1413a1310">
            <label>47</label>
            <p>
               <mixed-citation id="d34598e1420" publication-type="journal">
Chapman-Walker, 'Report on a Visit to Northern Ireland', 19 Feb1951: CPA, BL, CCO
2/2/21.<person-group>
                     <string-name>
                        <surname>Chapman-Walker</surname>
                     </string-name>
                  </person-group>
                  <issue>19 Feb</issue>
                  <source>Report on a Visit to Northern Ireland</source>
                  <year>1951</year>
               </mixed-citation>
            </p>
         </fn>
         <fn id="d34598e1449a1310">
            <label>50</label>
            <p>
               <mixed-citation id="d34598e1456" publication-type="journal">
'Trip to Northern Ireland', Thomas to Woolton, 20 Feb. 1951: CPA, BL, CCO 2/1/20.<person-group>
                     <string-name>
                        <surname>Thomas</surname>
                     </string-name>
                  </person-group>
                  <issue>20 Feb</issue>
                  <source>Trip to Northern Ireland</source>
                  <year>1951</year>
               </mixed-citation>
            </p>
         </fn>
         <fn id="d34598e1481a1310">
            <label>51</label>
            <p>
               <mixed-citation id="d34598e1488" publication-type="journal">
'Meeting on Ulster Publicity', 25 Feb.1964, CPA, BL, CCO 2/6/23.<issue>25 Feb.</issue>
                  <source>Meeting on Ulster Publicity</source>
                  <year>1964</year>
               </mixed-citation>
            </p>
         </fn>
         <fn id="d34598e1504a1310">
            <label>52</label>
            <p>
               <mixed-citation id="d34598e1511" publication-type="other">
M. Mulholland, Ulster at the Crossroads: Ulster Unionism in the O'Neil Years, 1960–9
(2000), ch. 3.</mixed-citation>
            </p>
         </fn>
         <fn id="d34598e1521a1310">
            <label>53</label>
            <p>
               <mixed-citation id="d34598e1528" publication-type="journal">
Mr Van Straubenzee, 'Special Memo by of his visit to the Young Unionist Weekend School',
Oct.1952: CPA, BL, CCO 2/3/22.<person-group>
                     <string-name>
                        <surname>Straubenzee</surname>
                     </string-name>
                  </person-group>
                  <issue>Oct.</issue>
                  <source>Special Memo by of his visit to the Young Unionist Weekend School</source>
                  <year>1952</year>
               </mixed-citation>
            </p>
         </fn>
         <fn id="d34598e1557a1310">
            <label>54</label>
            <p>
               <mixed-citation id="d34598e1564" publication-type="journal">
Sir C. Graham, speech delivered at a dinner in the House of Commons in reply to a speech
by the Chancellor of the Exchequer, Friday 29 April1960, PRONI, UUPA, D.1327/17/14.<person-group>
                     <string-name>
                        <surname>Graham</surname>
                     </string-name>
                  </person-group>
                  <issue>Friday 29 April</issue>
                  <source>Chancellor of the Exchequer</source>
                  <year>1960</year>
               </mixed-citation>
            </p>
         </fn>
         <fn id="d34598e1594a1310">
            <label>55</label>
            <p>
               <mixed-citation id="d34598e1601" publication-type="other">
Ramsden, Winds of Change.</mixed-citation>
            </p>
         </fn>
         <fn id="d34598e1608a1310">
            <label>56</label>
            <p>
               <mixed-citation id="d34598e1615" publication-type="other">
Faulkner, Memoirs of a Statesman, 38–53</mixed-citation>
            </p>
            <p>
               <mixed-citation id="d34598e1621" publication-type="other">
Mulholland, Ulster at the Crossroads, ch. 5</mixed-citation>
            </p>
         </fn>
         <fn id="d34598e1628a1310">
            <label>57</label>
            <p>
               <mixed-citation id="d34598e1635" publication-type="journal">
Mr Thomas to Woolton, 'Trip to Northern Ireland', 20 Feb.1951: CPA, BL, CCO 2/1/20.<person-group>
                     <string-name>
                        <surname>Thomas</surname>
                     </string-name>
                  </person-group>
                  <issue>20 Feb.</issue>
                  <source>Trip to Northern Ireland</source>
                  <year>1951</year>
               </mixed-citation>
            </p>
         </fn>
         <fn id="d34598e1660a1310">
            <label>58</label>
            <p>
               <mixed-citation id="d34598e1667" publication-type="journal">
Mr Whitelock to chairman, sent extract from The Observer, 15 Nov.1959: CPA, BL,
CRD 2/45/1.<person-group>
                     <string-name>
                        <surname>Whitelock</surname>
                     </string-name>
                  </person-group>
                  <issue>15 Nov.</issue>
                  <source>The Observer</source>
                  <year>1959</year>
               </mixed-citation>
            </p>
         </fn>
         <fn id="d34598e1696a1310">
            <label>59</label>
            <p>
               <mixed-citation id="d34598e1703" publication-type="journal">
Central Office to Dougias, 3 Dec.1959.<issue>3 Dec.</issue>
                  <source>Central Office to Dougias</source>
                  <year>1959</year>
               </mixed-citation>
            </p>
         </fn>
         <fn id="d34598e1719a1310">
            <label>60</label>
            <p>
               <mixed-citation id="d34598e1726" publication-type="book">
K. Bloomfield, Stormont in Crisis: A Memoir (Belfast, 1994), 67-8.<person-group>
                     <string-name>
                        <surname>Bloomfield</surname>
                     </string-name>
                  </person-group>
                  <fpage>67</fpage>
                  <source>Stormont in Crisis: A Memoir</source>
                  <year>1994</year>
               </mixed-citation>
            </p>
         </fn>
         <fn id="d34598e1752a1310">
            <label>61</label>
            <p>
               <mixed-citation id="d34598e1759" publication-type="other">
S. A. Walker to Douglas, 13 April 1962: CPA, BL, CCO 2/6/23.</mixed-citation>
            </p>
         </fn>
         <fn id="d34598e1766a1310">
            <label>62</label>
            <p>
               <mixed-citation id="d34598e1773" publication-type="journal">
Central Office to Sir Knox Cunningham,21 June1962: CPA, BL, CRD 2/45/1.<issue>21 June</issue>
                  <source>Central Office to Sir Knox Cunningham</source>
                  <year>1962</year>
               </mixed-citation>
            </p>
         </fn>
         <fn id="d34598e1789a1310">
            <label>63</label>
            <p>
               <mixed-citation id="d34598e1796" publication-type="other">
Thomas to Douglas, 25 Jan. 1951: UUPA, PRONI, D.1327/17/6.</mixed-citation>
            </p>
         </fn>
         <fn id="d34598e1803a1310">
            <label>64</label>
            <p>
               <mixed-citation id="d34598e1810" publication-type="other">
R. Gramsden to Douglas, 10 Nov. 1951: ibid., D.1327/16/2/28.</mixed-citation>
            </p>
         </fn>
         <fn id="d34598e1817a1310">
            <label>65</label>
            <p>
               <mixed-citation id="d34598e1824" publication-type="other">
Douglas to Adamson, 12 Nov. 1951: ibid., D.1327/16/2/28.</mixed-citation>
            </p>
         </fn>
         <fn id="d34598e1831a1310">
            <label>66</label>
            <p>
               <mixed-citation id="d34598e1838" publication-type="journal">
T. Bartlett, 'Ulster, 1600-2000: Posing the Question', Bullan, 4 (1998), 5-18.<person-group>
                     <string-name>
                        <surname>Bartlett</surname>
                     </string-name>
                  </person-group>
                  <fpage>5</fpage>
                  <volume>4</volume>
                  <source>Bullan</source>
                  <year>1998</year>
               </mixed-citation>
            </p>
         </fn>
         <fn id="d34598e1868a1310">
            <label>67</label>
            <p>
               <mixed-citation id="d34598e1875" publication-type="other">
P. Dixon,' "A House Divided Cannot Stand"'.</mixed-citation>
            </p>
         </fn>
         <fn id="d34598e1882a1310">
            <label>69</label>
            <p>
               <mixed-citation id="d34598e1889" publication-type="journal">
Garmonsway to Bagnall, 3 Dec.1956: CPA, BL, CCO 2/4/18.<issue>3 Dec.</issue>
                  <source>Garmonsway to Bagnall</source>
                  <year>1956</year>
               </mixed-citation>
            </p>
         </fn>
         <fn id="d34598e1905a1310">
            <label>70</label>
            <p>
               <mixed-citation id="d34598e1912" publication-type="journal">
Douglas to Streatfield, 1 Dec.1961: CPA, BL, CCO 2/6/23.<issue>1 Dec.</issue>
                  <source>Douglas to Streatfield</source>
                  <year>1961</year>
               </mixed-citation>
            </p>
         </fn>
         <fn id="d34598e1928a1310">
            <label>71</label>
            <p>
               <mixed-citation id="d34598e1935" publication-type="other">
R. Lewis to Bailie, 5 March 1968: UUPA, PRONI, D.1327/17/48.</mixed-citation>
            </p>
         </fn>
         <fn id="d34598e1942a1310">
            <label>72</label>
            <p>
               <mixed-citation id="d34598e1949" publication-type="journal">
F. Tughan, 'Conservative and Unionist Party': Minutes of a Meeting held in London,
14 Oct. 1969: UUPA, PRONI, D.1327/17/54.<person-group>
                     <string-name>
                        <surname>Tughan</surname>
                     </string-name>
                  </person-group>
                  <issue>14 Oct</issue>
                  <source>Minutes of a Meeting held in London</source>
                  <year>1969</year>
               </mixed-citation>
            </p>
         </fn>
         <fn id="d34598e1978a1310">
            <label>74</label>
            <p>
               <mixed-citation id="d34598e1985" publication-type="other">
Harbinson, Ulster Unionist Party, 105.</mixed-citation>
            </p>
         </fn>
         <fn id="d34598e1993a1310">
            <label>75</label>
            <p>
               <mixed-citation id="d34598e2000" publication-type="other">
Seldon and Ball, Conservative Century, 778.</mixed-citation>
            </p>
         </fn>
         <fn id="d34598e2007a1310">
            <label>76</label>
            <p>
               <mixed-citation id="d34598e2014" publication-type="other">
Norton, Conservative Politics and the Abolition of Stormont, 130–1.</mixed-citation>
            </p>
         </fn>
         <fn id="d34598e2021a1310">
            <label>77</label>
            <p>
               <mixed-citation id="d34598e2028" publication-type="journal">
Garmonsway Memorandum, 'Northern Ireland', 4 March1955: CPA, BL, CCO 2/4/18.<person-group>
                     <string-name>
                        <surname>Memorandum</surname>
                     </string-name>
                  </person-group>
                  <issue>4 March</issue>
                  <source>Northern Ireland</source>
                  <year>1955</year>
               </mixed-citation>
            </p>
         </fn>
         <fn id="d34598e2053a1310">
            <label>79</label>
            <p>
               <mixed-citation id="d34598e2060" publication-type="journal">
Streatfield to Chief Organisation Officer, 'Re: Ulster', 3 Dec.1956<issue>3 Dec.</issue>
                  <source>Re: Ulster</source>
                  <year>1956</year>
               </mixed-citation>
            </p>
            <p>
               <mixed-citation id="d34598e2075" publication-type="journal">
Conservative Research Dept paper, 'Ulster and the Conservative Party', 1 April1974, CCO
500/55/4.<issue>1 April</issue>
                  <source>Ulster and the Conservative Party</source>
                  <year>1974</year>
               </mixed-citation>
            </p>
         </fn>
         <fn id="d34598e2094a1310">
            <label>80</label>
            <p>
               <mixed-citation id="d34598e2101" publication-type="other">
Boyce and O'Day, Defenders of the Union, 294</mixed-citation>
            </p>
         </fn>
         <fn id="d34598e2108a1310">
            <label>81</label>
            <p>
               <mixed-citation id="d34598e2115" publication-type="journal">
Mr Van Straubenzee 'Special Memo of his visit to the Young Unionist Weekened School',
Oct. 1952: CPA, BL, CCO 2/3/22.<person-group>
                     <string-name>
                        <surname>Straubenzee</surname>
                     </string-name>
                  </person-group>
                  <issue>Oct</issue>
                  <source>Special Memo of his visit to the Young Unionist Weekened School</source>
                  <year>1952</year>
               </mixed-citation>
            </p>
         </fn>
         <fn id="d34598e2145a1310">
            <label>82</label>
            <p>
               <mixed-citation id="d34598e2152" publication-type="journal">
E. Adamson, 'Ulster Unionists: Unionist not Conservative', 4 March1955: CPA, BL,
CCO 2/4/18.<person-group>
                     <string-name>
                        <surname>Adamson</surname>
                     </string-name>
                  </person-group>
                  <issue>4 March</issue>
                  <source>Ulster Unionists: Unionist not Conservative</source>
                  <year>1955</year>
               </mixed-citation>
            </p>
         </fn>
         <fn id="d34598e2181a1310">
            <label>84</label>
            <p>
               <mixed-citation id="d34598e2188" publication-type="other">
D. Savory to Pierssene, 2 Aug. 1949: CPA, BL CCO 2/1/20</mixed-citation>
            </p>
            <p>
               <mixed-citation id="d34598e2194" publication-type="other">
Miss Spencer to General
Director, 19 Dec.1949: ibid</mixed-citation>
            </p>
         </fn>
         <fn id="d34598e2204a1310">
            <label>85</label>
            <p>
               <mixed-citation id="d34598e2211" publication-type="other">
'Election Addresses', 1953: Ford Papers, PRONI, D/3437/D/4/4.</mixed-citation>
            </p>
         </fn>
         <fn id="d34598e2218a1310">
            <label>86</label>
            <p>
               <mixed-citation id="d34598e2225" publication-type="other">
Bloomfield, Stormont in Crisis, 76.</mixed-citation>
            </p>
         </fn>
         <fn id="d34598e2232a1310">
            <label>87</label>
            <p>
               <mixed-citation id="d34598e2239" publication-type="journal">
Henry M'Coy to Douglas, 30 March1951: 'General Elections to the Imperial Parliament':
UUPA, PRONI, D.1327/16/36.<person-group>
                     <string-name>
                        <surname>M'Coy</surname>
                     </string-name>
                  </person-group>
                  <issue>30 March</issue>
                  <year>1951</year>
               </mixed-citation>
            </p>
         </fn>
         <fn id="d34598e2264a1310">
            <label>88</label>
            <p>
               <mixed-citation id="d34598e2271" publication-type="other">
Gage to H. Burdge, 9 July 1952: Connolly Gage papers, PRONI, D.3211/1/2/50.</mixed-citation>
            </p>
         </fn>
         <fn id="d34598e2279a1310">
            <label>89</label>
            <p>
               <mixed-citation id="d34598e2286" publication-type="journal">
CRD Paper, Appendix A, 'Ulster Unionists: Strictly confidential', 5 Dec.1956: CPA, BL,
CCO 2/7/14.<person-group>
                     <string-name>
                        <surname>CRD Paper</surname>
                     </string-name>
                  </person-group>
                  <issue>5 Dec.</issue>
                  <source>Ulster Unionists: Strictly confidential</source>
                  <year>1956</year>
               </mixed-citation>
            </p>
         </fn>
         <fn id="d34598e2315a1310">
            <label>90</label>
            <p>
               <mixed-citation id="d34598e2322" publication-type="journal">
Chapman-Walker, 'Report on a Visit to Northern Ireland', 19 Feb. 1951: CPA, BL, CCO
2/2/21.<person-group>
                     <string-name>
                        <surname>Chapman-Walker</surname>
                     </string-name>
                  </person-group>
                  <issue>19 Feb</issue>
                  <source>Report on a Visit to Northern Ireland</source>
                  <year>1951</year>
               </mixed-citation>
            </p>
         </fn>
         <fn id="d34598e2351a1310">
            <label>91</label>
            <p>
               <mixed-citation id="d34598e2358" publication-type="journal">
Briefing document sent to E. Du Cann, Ulster Unionists', June1965: CPA, BL, CCO
2/7/14.<person-group>
                     <string-name>
                        <surname>Cann</surname>
                     </string-name>
                  </person-group>
                  <issue>June</issue>
                  <source>Ulster Unionists</source>
                  <year>1965</year>
               </mixed-citation>
            </p>
         </fn>
         <fn id="d34598e2387a1310">
            <label>92</label>
            <p>
               <mixed-citation id="d34598e2394" publication-type="journal">
CRD Paper, Appendix B, 'Ulster and the Conservative Party', 1 April1974: CPA, BL,
CCO 500/55/4.<person-group>
                     <string-name>
                        <surname>CRD Paper</surname>
                     </string-name>
                  </person-group>
                  <issue>1 April</issue>
                  <source>Ulster and the Conservative Party</source>
                  <year>1974</year>
               </mixed-citation>
            </p>
         </fn>
         <fn id="d34598e2423a1310">
            <label>93</label>
            <p>
               <mixed-citation id="d34598e2430" publication-type="journal">
Miss Spencer to COO, memorandum, 'Ulster: Advice on Money Raising', 14 March1951<person-group>
                     <string-name>
                        <surname>Miss Spencer</surname>
                     </string-name>
                  </person-group>
                  <issue>14 March</issue>
                  <source>Ulster: Advice on Money Raising</source>
                  <year>1951</year>
               </mixed-citation>
            </p>
            <p>
               <mixed-citation id="d34598e2454" publication-type="other">
CPA, BL, CCO 2/2/21: also Pierssene to Douglas, 3 April 1951</mixed-citation>
            </p>
         </fn>
         <fn id="d34598e2461a1310">
            <label>94</label>
            <p>
               <mixed-citation id="d34598e2468" publication-type="other">
Miss Kingham to Miss Walker, 1 Jan. 1965: CPA, BL, CCO 2/7/14.</mixed-citation>
            </p>
         </fn>
         <fn id="d34598e2476a1310">
            <label>95</label>
            <p>
               <mixed-citation id="d34598e2483" publication-type="other">
Dougias to Simms (Conservative Publicity Officer), 6 and 7 April 1960: UUPA, PRONI,
D.1327/16/2/43.</mixed-citation>
            </p>
         </fn>
         <fn id="d34598e2493a1310">
            <label>96</label>
            <p>
               <mixed-citation id="d34598e2500" publication-type="other">
G. Currie to Central Office, 23 April 1956: CPA, BL, CCO 2/4/18.</mixed-citation>
            </p>
         </fn>
         <fn id="d34598e2507a1310">
            <label>97</label>
            <p>
               <mixed-citation id="d34598e2514" publication-type="other">
Horton to General Director, 24 April1956: ibid.</mixed-citation>
            </p>
         </fn>
         <fn id="d34598e2521a1310">
            <label>98</label>
            <p>
               <mixed-citation id="d34598e2528" publication-type="other">
Horton to Currie, 26 April1956: ibid.</mixed-citation>
            </p>
         </fn>
         <fn id="d34598e2535a1310">
            <label>99</label>
            <p>
               <mixed-citation id="d34598e2542" publication-type="other">
R. Chichester-Clarke to Kaberry, 17 July 1956: CPA, BL, CCO 2/4/18.</mixed-citation>
            </p>
         </fn>
         <fn id="d34598e2549a1310">
            <label>100</label>
            <p>
               <mixed-citation id="d34598e2556" publication-type="other">
Kaberry to Chichester-Clarke, 19 July1956: ibid.</mixed-citation>
            </p>
         </fn>
         <fn id="d34598e2564a1310">
            <label>101</label>
            <p>
               <mixed-citation id="d34598e2571" publication-type="other">
Poole to Pierssene, 18 Dec.1956: ibid.</mixed-citation>
            </p>
         </fn>
         <fn id="d34598e2578a1310">
            <label>102</label>
            <p>
               <mixed-citation id="d34598e2585" publication-type="other">
S.McMahon to Sir Toby Low, 11 Nov.1959: ibid.</mixed-citation>
            </p>
         </fn>
         <fn id="d34598e2592a1310">
            <label>103</label>
            <p>
               <mixed-citation id="d34598e2599" publication-type="other">
Sir C. Graham to J. P. L. Thomas, 14 April 1951: CPA, BL, CCO 2/2/21.</mixed-citation>
            </p>
         </fn>
         <fn id="d34598e2606a1310">
            <label>104</label>
            <p>
               <mixed-citation id="d34598e2613" publication-type="other">
Sir C. Graham to O. Poole, 20 Jan. 1958: CPA, BL, CCO 2/5/22.</mixed-citation>
            </p>
         </fn>
         <fn id="d34598e2620a1310">
            <label>105</label>
            <p>
               <mixed-citation id="d34598e2627" publication-type="journal">
Thomas to Woolton, 'Trip to Northern Ireland', 20 Feb.1951: CPA, BL, CCO 2/1/20<person-group>
                     <string-name>
                        <surname>Thomas</surname>
                     </string-name>
                  </person-group>
                  <issue>20 Feb.</issue>
                  <source>Trip to Northern Ireland</source>
                  <year>1951</year>
               </mixed-citation>
            </p>
         </fn>
         <fn id="d34598e2652a1310">
            <label>106</label>
            <p>
               <mixed-citation id="d34598e2659" publication-type="journal">
J. S. Doherty, 'The Partition of Ireland', in Free Enterprise, Morepath Young Conservative
Journal, Oct. 1949: CPA, BL, CCO 2/1/20.<person-group>
                     <string-name>
                        <surname>Doherty</surname>
                     </string-name>
                  </person-group>
                  <issue>Oct</issue>
                  <source>Free Enterprise</source>
                  <year>1949</year>
               </mixed-citation>
            </p>
         </fn>
         <fn id="d34598e2689a1310">
            <label>107</label>
            <p>
               <mixed-citation id="d34598e2696" publication-type="journal">
Douglas to Pierssene, 4 Nov. 1949: ibid.<person-group>
                     <string-name>
                        <surname>Doherty</surname>
                     </string-name>
                  </person-group>
                  <issue>4 Nov</issue>
                  <source>Free Enterprise</source>
                  <year>1949</year>
               </mixed-citation>
            </p>
         </fn>
         <fn id="d34598e2721a1310">
            <label>108</label>
            <p>
               <mixed-citation id="d34598e2728" publication-type="journal">
Pierssene to Dougias, 7 Nov. 1949: ibid.<person-group>
                     <string-name>
                        <surname>Doherty</surname>
                     </string-name>
                  </person-group>
                  <issue>7 Nov</issue>
                  <source>Free Enterprise</source>
                  <year>1949</year>
               </mixed-citation>
            </p>
         </fn>
         <fn id="d34598e2753a1310">
            <label>109</label>
            <p>
               <mixed-citation id="d34598e2760" publication-type="journal">
Douglas to Pierssene, 4 Nov. 1949: ibid.<person-group>
                     <string-name>
                        <surname>Doherty</surname>
                     </string-name>
                  </person-group>
                  <issue>4 Nov</issue>
                  <source>Free Enterprise</source>
                  <year>1949</year>
               </mixed-citation>
            </p>
         </fn>
         <fn id="d34598e2785a1310">
            <label>110</label>
            <p>
               <mixed-citation id="d34598e2792" publication-type="journal">
Reed to Pierssene, 8 Nov.1949: ibid.<person-group>
                     <string-name>
                        <surname>Doherty</surname>
                     </string-name>
                  </person-group>
                  <issue>8 Nov.</issue>
                  <source>Free Enterprise</source>
                  <year>1949</year>
               </mixed-citation>
            </p>
         </fn>
         <fn id="d34598e2817a1310">
            <label>112</label>
            <p>
               <mixed-citation id="d34598e2824" publication-type="journal">
I. Macleod to Brig. G. Clarke, 21 Nov.1949: ibid.<person-group>
                     <string-name>
                        <surname>Doherty</surname>
                     </string-name>
                  </person-group>
                  <issue>21 Nov.</issue>
                  <source>Free Enterprise</source>
                  <year>1949</year>
               </mixed-citation>
            </p>
         </fn>
         <fn id="d34598e2849a1310">
            <label>113</label>
            <p>
               <mixed-citation id="d34598e2856" publication-type="journal">
I. Macleod to Miss M. Maxse, 2 Dec.1949: ibid.<person-group>
                     <string-name>
                        <surname>Doherty</surname>
                     </string-name>
                  </person-group>
                  <issue>2 Dec.</issue>
                  <source>Free Enterprise</source>
                  <year>1949</year>
               </mixed-citation>
            </p>
         </fn>
         <fn id="d34598e2882a1310">
            <label>114</label>
            <p>
               <mixed-citation id="d34598e2889" publication-type="other">
Mrs T. Carter to Miss Maxse, 27 Nov. 1949: CPA, BL, CCO 2/1/20.</mixed-citation>
            </p>
         </fn>
         <fn id="d34598e2896a1310">
            <label>115</label>
            <p>
               <mixed-citation id="d34598e2903" publication-type="journal">
Chapman-Walker to Woolton, 'Report on visit to Northern Ireland', 21 Feb. 1951: CPA,
BL, CCO 2/2/21.<person-group>
                     <string-name>
                        <surname>Chapman-Walker</surname>
                     </string-name>
                  </person-group>
                  <issue>21 Feb</issue>
                  <source>Report on visit to Northern Ireland</source>
                  <year>1951</year>
               </mixed-citation>
            </p>
         </fn>
         <fn id="d34598e2932a1310">
            <label>116</label>
            <p>
               <mixed-citation id="d34598e2939" publication-type="journal">
Thomas to Woolton, 'Trip to Northern Ireland', 20 Feb. 1951: CPA, BL, CCO 2/1/20.<person-group>
                     <string-name>
                        <surname>Thomas</surname>
                     </string-name>
                  </person-group>
                  <issue>20 Feb</issue>
                  <source>Trip to Northern Ireland</source>
                  <year>1951</year>
               </mixed-citation>
            </p>
         </fn>
         <fn id="d34598e2964a1310">
            <label>117</label>
            <p>
               <mixed-citation id="d34598e2971" publication-type="other">
R. Chichester-Clarke to D. Kaberry, 17 July 1956: CPA, BL, CCO 2/4/18.</mixed-citation>
            </p>
         </fn>
         <fn id="d34598e2978a1310">
            <label>118</label>
            <p>
               <mixed-citation id="d34598e2985" publication-type="journal">
Chapman-Walker, 'Report on a visit to Northern Ireland', 19 Feb.1951: CPA, BL, CCO
2/2/21.<person-group>
                     <string-name>
                        <surname>Chapman-Walker</surname>
                     </string-name>
                  </person-group>
                  <issue>19 Feb.</issue>
                  <source>Report on a visit to Northern Ireland</source>
                  <year>1951</year>
               </mixed-citation>
            </p>
         </fn>
         <fn id="d34598e3014a1310">
            <label>119</label>
            <p>
               <mixed-citation id="d34598e3021" publication-type="other">
D. Kaberry to E. Heath, 21 Dec. 1956: CPA, BL, CCO 2/4/18.</mixed-citation>
            </p>
         </fn>
         <fn id="d34598e3029a1310">
            <label>120</label>
            <p>
               <mixed-citation id="d34598e3036" publication-type="other">
G. B. Currie to Horton, 25 April 1956: CPA, BL, CCO 2/4/18.</mixed-citation>
            </p>
         </fn>
         <fn id="d34598e3043a1310">
            <label>121</label>
            <p>
               <mixed-citation id="d34598e3050" publication-type="other">
R. J. Jackson, Rebels and Whips: An Analysis of Dissension, Discipline and Cohesion in British
Political Parties (1968), 275–8.</mixed-citation>
            </p>
         </fn>
         <fn id="d34598e3060a1310">
            <label>123</label>
            <p>
               <mixed-citation id="d34598e3067" publication-type="journal">
G.D. noted, 'I think the Chief Whip ought to see the
papers', Brooke to General Director, 29 Nov.1955: CPA, BL, CCO 2/4/18.<person-group>
                     <string-name>
                        <surname>G.D. noted</surname>
                     </string-name>
                  </person-group>
                  <issue>29 Nov.</issue>
                  <source>I think the Chief Whip ought to see the papers</source>
                  <year>1955</year>
               </mixed-citation>
            </p>
         </fn>
         <fn id="d34598e3096a1310">
            <label>124</label>
            <p>
               <mixed-citation id="d34598e3103" publication-type="journal">
CRD Paper, Appendix A, 'Ulster Unionists: Strictly confidential', 5 Dec.1956: CPA, BL,
CCO 2/7/14.<person-group>
                     <string-name>
                        <surname>CRD Paper</surname>
                     </string-name>
                  </person-group>
                  <issue>5 Dec.</issue>
                  <source>Ulster Unionists: Strictly confidential</source>
                  <year>1956</year>
               </mixed-citation>
            </p>
         </fn>
         <fn id="d34598e3132a1310">
            <label>125</label>
            <p>
               <mixed-citation id="d34598e3139" publication-type="other">
Poole to Douglas, 18 Dec. 1956: CPA, BL, CCO 2/4/18.</mixed-citation>
            </p>
         </fn>
         <fn id="d34598e3146a1310">
            <label>126</label>
            <p>
               <mixed-citation id="d34598e3153" publication-type="other">
Sir C. Graham to Kaberry, 22 March 1957: CPA, BL, CCO 2/4/18.</mixed-citation>
            </p>
         </fn>
         <fn id="d34598e3161a1310">
            <label>127</label>
            <p>
               <mixed-citation id="d34598e3168" publication-type="other">
Douglas to Mr Christ, n March 1957 and reply Christ to Douglas, 16 March 1957: CPA,
BL, CCO 2/5/22.</mixed-citation>
            </p>
         </fn>
         <fn id="d34598e3178a1310">
            <label>128</label>
            <p>
               <mixed-citation id="d34598e3185" publication-type="other">
Pierssene to Poole, 22 Jan. 1957: CPA, BL, CCO 2/4/18.</mixed-citation>
            </p>
         </fn>
         <fn id="d34598e3192a1310">
            <label>129</label>
            <p>
               <mixed-citation id="d34598e3199" publication-type="journal">
R. Dorman-Smith, 'Notes on Ireland', Jan.1957: CPA, BL, CCO 2/4/18.<person-group>
                     <string-name>
                        <surname>Dorman-Smith</surname>
                     </string-name>
                  </person-group>
                  <issue>Jan.</issue>
                  <source>Notes on Ireland</source>
                  <year>1957</year>
               </mixed-citation>
            </p>
         </fn>
         <fn id="d34598e3224a1310">
            <label>130</label>
            <p>
               <mixed-citation id="d34598e3231" publication-type="other">
Pierssene to Poole, 22 Jan. 1957: CPA, BL, CCO 2/4/18.</mixed-citation>
            </p>
         </fn>
         <fn id="d34598e3238a1310">
            <label>131</label>
            <p>
               <mixed-citation id="d34598e3245" publication-type="journal">
CRD Paper, Block to Pierssene, 'Northern Ireland', 3 Jan. 1957: CPA, BL, CCO 2/4/18.<person-group>
                     <string-name>
                        <surname>CRD Paper</surname>
                     </string-name>
                  </person-group>
                  <issue>3 Jan</issue>
                  <source>Northern Ireland</source>
                  <year>1957</year>
               </mixed-citation>
            </p>
         </fn>
         <fn id="d34598e3270a1310">
            <label>132</label>
            <p>
               <mixed-citation id="d34598e3277" publication-type="other">
Sir C. Graham to Poole, 9 March 1957: CPA, BL, CCO 2/4/18.</mixed-citation>
            </p>
         </fn>
         <fn id="d34598e3285a1310">
            <label>133</label>
            <p>
               <mixed-citation id="d34598e3292" publication-type="other">
C. Otto (Eden's secretary) to F. Younge, 5 Sept. 1956: CPA, BL, CCO 2/4/18.</mixed-citation>
            </p>
         </fn>
         <fn id="d34598e3299a1310">
            <label>135</label>
            <p>
               <mixed-citation id="d34598e3306" publication-type="other">
Poole to Lord Brookeborough, 25 Oct. 1956: UUPA, PRONI, D.1327/17/10.</mixed-citation>
            </p>
         </fn>
         <fn id="d34598e3313a1310">
            <label>136</label>
            <p>
               <mixed-citation id="d34598e3320" publication-type="other">
Streatfield to Douglas, 2 Dec. 1957: UUPA, PRONI, D.1327/17/10.</mixed-citation>
            </p>
         </fn>
         <fn id="d34598e3327a1310">
            <label>137</label>
            <p>
               <mixed-citation id="d34598e3334" publication-type="other">
Kaberry to E. Heath, 21 Dec. 1956: CPA, BL, CCO 2/4/18.</mixed-citation>
            </p>
         </fn>
         <fn id="d34598e3341a1310">
            <label>138</label>
            <p>
               <mixed-citation id="d34598e3348" publication-type="other">
Walker, Ulster Unionist Party, 139–41.</mixed-citation>
            </p>
         </fn>
         <fn id="d34598e3355a1310">
            <label>139</label>
            <p>
               <mixed-citation id="d34598e3362" publication-type="other">
P. Bew, H. Patterson and P. Gibbon, Northern Ireland, 1921–2001: Political Forces and
Social Classes (2002), 116–27.</mixed-citation>
            </p>
         </fn>
         <fn id="d34598e3373a1310">
            <label>140</label>
            <p>
               <mixed-citation id="d34598e3380" publication-type="book">
P. Bishop and E. Mallie, The Provisional IRA (Aylesbury 1987), 43-5.<person-group>
                     <string-name>
                        <surname>Bishop</surname>
                     </string-name>
                  </person-group>
                  <fpage>43</fpage>
                  <source>The Provisional IRA</source>
                  <year>1987</year>
               </mixed-citation>
            </p>
         </fn>
         <fn id="d34598e3405a1310">
            <label>141</label>
            <p>
               <mixed-citation id="d34598e3412" publication-type="journal">
Sir Austin Strutt, 'Report of Meeting S of S, Lord Howe and Sir A, Clutterbuck',
4 Sept.1959: H[ome] 0[ffice] 284/46, P[ublic] R[ecord] 0[ffice Kew].<person-group>
                     <string-name>
                        <surname>Strutt</surname>
                     </string-name>
                  </person-group>
                  <issue>4 Sept.</issue>
                  <source>Report of Meeting S of S, Lord Howe and Sir A, Clutterbuck</source>
                  <year>1959</year>
               </mixed-citation>
            </p>
         </fn>
         <fn id="d34598e3441a1310">
            <label>142</label>
            <p>
               <mixed-citation id="d34598e3448" publication-type="journal">
Lord Brookeborough to Butler, 16 Sept. 1959: ibid.<person-group>
                     <string-name>
                        <surname>Strutt</surname>
                     </string-name>
                  </person-group>
                  <issue>16 Sept</issue>
                  <source>Report of Meeting S of S, Lord Howe and Sir A, Clutterbuck</source>
                  <year>1959</year>
               </mixed-citation>
            </p>
         </fn>
         <fn id="d34598e3473a1310">
            <label>143</label>
            <p>
               <mixed-citation id="d34598e3480" publication-type="journal">
Butler to Lord Brookeborough, 10 Sept. 1959: ibid.<person-group>
                     <string-name>
                        <surname>Strutt</surname>
                     </string-name>
                  </person-group>
                  <issue>10 Sept</issue>
                  <source>Report of Meeting S of S, Lord Howe and Sir A, Clutterbuck</source>
                  <year>1959</year>
               </mixed-citation>
            </p>
         </fn>
         <fn id="d34598e3505a1310">
            <label>144</label>
            <p>
               <mixed-citation id="d34598e3512" publication-type="journal">
Butler to Sir A. Douglas-Hume, 18 Sept. 1959: ibid.<person-group>
                     <string-name>
                        <surname>Strutt</surname>
                     </string-name>
                  </person-group>
                  <issue>10 Sept</issue>
                  <source>Report of Meeting S of S, Lord Howe and Sir A, Clutterbuck</source>
                  <year>1959</year>
               </mixed-citation>
            </p>
         </fn>
         <fn id="d34598e3537a1310">
            <label>145</label>
            <p>
               <mixed-citation id="d34598e3544" publication-type="journal">
'Note of a Meeting between Alport, M of S at CRO and Sir David Campbell on Tuesday
17 Nov.1959': ibid.<person-group>
                     <string-name>
                        <surname>Strutt</surname>
                     </string-name>
                  </person-group>
                  <issue>17 Nov.</issue>
                  <source>Report of Meeting S of S, Lord Howe and Sir A, Clutterbuck</source>
                  <year>1959</year>
               </mixed-citation>
            </p>
         </fn>
         <fn id="d34598e3574a1310">
            <label>146</label>
            <p>
               <mixed-citation id="d34598e3581" publication-type="journal">
'Note of Meeting between S of St for HO and Sir David Campbell on 24 Nov.1959: ibid.<person-group>
                     <string-name>
                        <surname>Strutt</surname>
                     </string-name>
                  </person-group>
                  <issue>24 Nov.</issue>
                  <source>Report of Meeting S of S, Lord Howe and Sir A, Clutterbuck</source>
                  <year>1959</year>
               </mixed-citation>
            </p>
         </fn>
         <fn id="d34598e3606a1310">
            <label>148</label>
            <p>
               <mixed-citation id="d34598e3613" publication-type="journal">
Robin Chichester-Clarke to the Tory Chief Whip, CRO to Dublin Embassy, Telegram
no. 137, 8 Dec.1959: ibid.<person-group>
                     <string-name>
                        <surname>Strutt</surname>
                     </string-name>
                  </person-group>
                  <issue>8 Dec.</issue>
                  <source>Report of Meeting S of S, Lord Howe and Sir A, Clutterbuck</source>
                  <year>1959</year>
               </mixed-citation>
            </p>
         </fn>
         <fn id="d34598e3642a1310">
            <label>149</label>
            <p>
               <mixed-citation id="d34598e3649" publication-type="journal">
Report of follow-up telegram from Chief Whip, CRO to Dublin Embassy, Telegram
no. 137, 8 Dec.1959: ibid.<person-group>
                     <string-name>
                        <surname>Strutt</surname>
                     </string-name>
                  </person-group>
                  <issue>8 Dec.</issue>
                  <source>Report of Meeting S of S, Lord Howe and Sir A, Clutterbuck</source>
                  <year>1959</year>
               </mixed-citation>
            </p>
         </fn>
         <fn id="d34598e3678a1310">
            <label>150</label>
            <p>
               <mixed-citation id="d34598e3685" publication-type="other">
Mulholland, Ulster at the Crossroads, 45.</mixed-citation>
            </p>
         </fn>
         <fn id="d34598e3692a1310">
            <label>152</label>
            <p>
               <mixed-citation id="d34598e3699" publication-type="journal">
'Notes prepared by Ld Brookeborough and given to the PM for further consideration',
18 Nov. 1960: PREM (Prime Minister), 11/3897, PRO.<issue>18 Nov</issue>
                  <source>Notes prepared by Ld Brookeborough and given to the PM for further consideration</source>
                  <year>1960</year>
               </mixed-citation>
            </p>
         </fn>
         <fn id="d34598e3718a1310">
            <label>156</label>
            <p>
               <mixed-citation id="d34598e3725" publication-type="other">
Bew, Patterson and Gibbon, Northern Ireland, 121.</mixed-citation>
            </p>
         </fn>
         <fn id="d34598e3733a1310">
            <label>157</label>
            <p>
               <mixed-citation id="d34598e3740" publication-type="other">
J. Sayers to C. Gage, 12 July 1961: Connolly Gage Papers, PRONI D.3211/1/4/9.</mixed-citation>
            </p>
         </fn>
         <fn id="d34598e3747a1310">
            <label>158</label>
            <p>
               <mixed-citation id="d34598e3754" publication-type="other">
'Text of a Speech Delivered on Friday 29 April 1960 at a Dinner in the House of Commons
by Sir C. Graham': UUPA, PRONI, D.1327/17/14.</mixed-citation>
            </p>
         </fn>
         <fn id="d34598e3764a1310">
            <label>159</label>
            <p>
               <mixed-citation id="d34598e3771" publication-type="other">
Mulholland, Ulster at the Crossroads, 18</mixed-citation>
            </p>
            <p>
               <mixed-citation id="d34598e3777" publication-type="other">
Walker, Ulster Unionist Party, 143</mixed-citation>
            </p>
         </fn>
         <fn id="d34598e3784a1310">
            <label>160</label>
            <p>
               <mixed-citation id="d34598e3791" publication-type="other">
Sir D. Campbell to H. Macmillan, 16 July 1962: PREM 11/3896, PRO.</mixed-citation>
            </p>
         </fn>
         <fn id="d34598e3798a1310">
            <label>161</label>
            <p>
               <mixed-citation id="d34598e3805" publication-type="other">
P. Woodfield to Glanville (HO), 18 July1962: ibid.</mixed-citation>
            </p>
         </fn>
         <fn id="d34598e3812a1310">
            <label>162</label>
            <p>
               <mixed-citation id="d34598e3819" publication-type="other">
R. Chichester-Clarke to M. Redmayne, May 1963: PREM 11/4271, PRO.</mixed-citation>
            </p>
         </fn>
         <fn id="d34598e3827a1310">
            <label>163</label>
            <p>
               <mixed-citation id="d34598e3834" publication-type="other">
P. Woodfield to M. Redmayne, 10 July1963: Ibid.</mixed-citation>
            </p>
         </fn>
         <fn id="d34598e3841a1310">
            <label>164</label>
            <p>
               <mixed-citation id="d34598e3848" publication-type="other">
NILP, 'The 1964 General Election', Ulster's Future, 1964: UUPA, PRONI D.1327/16/2/55a.</mixed-citation>
            </p>
         </fn>
         <fn id="d34598e3855a1310">
            <label>165</label>
            <p>
               <mixed-citation id="d34598e3862" publication-type="other">
'Election Leaflets, 1964', Unionists at Westminster. UUPA, PRONI, D.1327/16/2/43.</mixed-citation>
            </p>
         </fn>
         <fn id="d34598e3869a1310">
            <label>166</label>
            <p>
               <mixed-citation id="d34598e3876" publication-type="journal">
'Northern Ireland under the Conservatives: Private and Confidential: For Candidates
Only', Oct.1965: UUPA, PRONI, D.1327/17/30.<issue>Oct.</issue>
                  <source>Northern Ireland under the Conservatives: Private and Confidential: For Candidates Only</source>
                  <year>1965</year>
               </mixed-citation>
            </p>
         </fn>
         <fn id="d34598e3895a1310">
            <label>167</label>
            <p>
               <mixed-citation id="d34598e3902" publication-type="other">
J. Bailie to W. Ridgwell, 4 Aug. 1964: UUPA,'General elections to the Imperial Parliament',
PRONI, D.1327/16/2/55a.</mixed-citation>
            </p>
         </fn>
         <fn id="d34598e3912a1310">
            <label>168</label>
            <p>
               <mixed-citation id="d34598e3919" publication-type="journal">
Sir A. Douglas-Hume, Letter to the Northern Irish People, 25 Sept.1964: UUPA, 'General
elections to the Imperial Parliament', PRONI, D.i327/i6/2/55a.<person-group>
                     <string-name>
                        <surname>Douglas-Hume</surname>
                     </string-name>
                  </person-group>
                  <issue>25 Sept.</issue>
                  <source>General elections to the Imperial Parliament</source>
                  <year>1964</year>
               </mixed-citation>
            </p>
         </fn>
         <fn id="d34598e3949a1310">
            <label>169</label>
            <p>
               <mixed-citation id="d34598e3956" publication-type="journal">
R. Grosvenor, 'Extracts for Publishing in the Monthly Newsletter, 9 Aug. 1964: UUPA,
PRONI, D.1327/17/42.<person-group>
                     <string-name>
                        <surname>Grosvenor</surname>
                     </string-name>
                  </person-group>
                  <issue>9 Aug</issue>
                  <source>Extracts for Publishing in the Monthly Newsletter</source>
                  <year>1964</year>
               </mixed-citation>
            </p>
         </fn>
         <fn id="d34598e3985a1310">
            <label>171</label>
            <p>
               <mixed-citation id="d34598e3992" publication-type="other">
J. Sayers to C. Gage, 10 April 1964: Connolly Gage Papers, PRONI, D.3211/1/4/14</mixed-citation>
            </p>
         </fn>
         <fn id="d34598e3999a1310">
            <label>172</label>
            <p>
               <mixed-citation id="d34598e4006" publication-type="other">
Dixon, 'A House Divided'.</mixed-citation>
            </p>
         </fn>
         <fn id="d34598e4013a1310">
            <label>173</label>
            <p>
               <mixed-citation id="d34598e4020" publication-type="other">
Hogg, Door Wherein I Went, 239–41.</mixed-citation>
            </p>
         </fn>
         <fn id="d34598e4027a1310">
            <label>174</label>
            <p>
               <mixed-citation id="d34598e4034" publication-type="other">
P. Rose, How the Troubles came to Northern Ireland (2000), 29.</mixed-citation>
            </p>
         </fn>
         <fn id="d34598e4041a1310">
            <label>177</label>
            <p>
               <mixed-citation id="d34598e4048" publication-type="other">
Dixon, 'The Usual English Doubletalk'</mixed-citation>
            </p>
         </fn>
      </fn-group>
   </back>
</article>
