<article dtd-version="1.0" article-type="research-article">
   <front>
      <journal-meta>
         <journal-id xmlns:xlink="http://www.w3.org/1999/xlink" journal-id-type="jstor">englhistrevi</journal-id>
         <journal-id xmlns:xlink="http://www.w3.org/1999/xlink" journal-id-type="jstor">j100150</journal-id>
         <journal-title-group xmlns:xlink="http://www.w3.org/1999/xlink">
            <journal-title>The English Historical Review</journal-title>
         </journal-title-group>
         <publisher>
            <publisher-name>Oxford University Press</publisher-name>
         </publisher>
         <issn xmlns:xlink="http://www.w3.org/1999/xlink" pub-type="ppub">00138266</issn>
         <issn xmlns:xlink="http://www.w3.org/1999/xlink" pub-type="epub">14774534</issn>
      </journal-meta>
      <article-meta>
         <article-id xmlns:xlink="http://www.w3.org/1999/xlink" pub-id-type="jstor">3806356</article-id>
         <title-group>
            <article-title>'Mynheer Benting Now Rules over Us': The 1st Earl of Portland and the Re-Emergence of the English Favourite, 1689-99</article-title>
         </title-group>
         <contrib-group>
            <contrib contrib-type="author">
               <string-name xmlns:xlink="http://www.w3.org/1999/xlink">
                  <given-names>David</given-names>
                  <surname>Onnekink</surname>
               </string-name>
            </contrib>
         </contrib-group>
         <pub-date xmlns:xlink="http://www.w3.org/1999/xlink">
            <day>1</day>
            <month>6</month>
            <year>2006</year>
         </pub-date>
         <volume>121</volume>
         <issue>492</issue>
         <issue-id xmlns:xlink="http://www.w3.org/1999/xlink">i371255</issue-id>
         <fpage>693</fpage>
         <lpage>713</lpage>
         <page-range>693-713</page-range>
         <permissions>
            <copyright-statement>Copyright 2006 Oxford University Press</copyright-statement>
         </permissions>
         <self-uri xmlns:xlink="http://www.w3.org/1999/xlink"
                   xlink:href="http://www.jstor.org/stable/3806356"/>
         <custom-meta-group xmlns:xlink="http://www.w3.org/1999/xlink">
            <custom-meta>
               <meta-name>lang</meta-name>
               <meta-value>eng</meta-value>
            </custom-meta>
         </custom-meta-group>
      </article-meta>
   </front>
   <back>
      <fn-group xmlns:xlink="http://www.w3.org/1999/xlink">
         <title>[Footnotes]</title>
         <fn id="d26138e116a1310">
            <label>1</label>
            <p>
               <mixed-citation id="d26138e123" publication-type="other">
M. E. Grew, William Bentinck and William III (Prince of Orange). The Life
of Bentinck, Earl of Portiand, from the Welbeck Correspondence (1924)</mixed-citation>
            </p>
            <p>
               <mixed-citation id="d26138e132" publication-type="other">
M. Kishlansky, A Monarchy Transformed: Britain 1605–1714 (1996), 291</mixed-citation>
            </p>
         </fn>
         <fn id="d26138e139a1310">
            <label>2</label>
            <p>
               <mixed-citation id="d26138e146" publication-type="book">
J. H. Elliott and L. W B. Brockliss (eds), The World of the Favourite (New Haven, 1999).<person-group>
                     <string-name>
                        <surname>Elliott</surname>
                     </string-name>
                  </person-group>
                  <source>The World of the Favourite</source>
                  <year>1999</year>
               </mixed-citation>
            </p>
         </fn>
         <fn id="d26138e168a1310">
            <label>3</label>
            <p>
               <mixed-citation id="d26138e175" publication-type="other">
The History of Prime Ministers and Favourites in England; from the Conquest down to the
Present Time: with Reflections on the fatal Consequences of their Misconduct; and Political Deductions
on the Perpetuity of Freedom in the English Constitution; ascertained and vindicated from the Despotism
affected by any of our Sovereigns (1763).</mixed-citation>
            </p>
         </fn>
         <fn id="d26138e191a1310">
            <label>4</label>
            <p>
               <mixed-citation id="d26138e198" publication-type="other">
J. R. Jones, The Revolution of 1688 in England (1984), 325.</mixed-citation>
            </p>
         </fn>
         <fn id="d26138e206a1310">
            <label>5</label>
            <p>
               <mixed-citation id="d26138e213" publication-type="book">
N. Japikse, Prins Willem III: De Stadhouder-Koning (2 vols, Amsterdam, 1933), ii, 320.<person-group>
                     <string-name>
                        <surname>Japikse</surname>
                     </string-name>
                  </person-group>
                  <fpage>320</fpage>
                  <volume>ii</volume>
                  <source>Prins Willem III: De Stadhouder-Koning</source>
                  <year>1933</year>
               </mixed-citation>
            </p>
         </fn>
         <fn id="d26138e242a1310">
            <label>6</label>
            <p>
               <mixed-citation id="d26138e249" publication-type="other">
S. B. Baxter, William III (1966), 275.</mixed-citation>
            </p>
         </fn>
         <fn id="d26138e256a1310">
            <label>7</label>
            <p>
               <mixed-citation id="d26138e263" publication-type="book">
K. H. D. Haley, 'William III', in A. G. H. Bachrach, J. P Sigmund and A. J. Veenendaal
(eds), Willem III, de Stadhouder-Koning en zijn Tijd (Amsterdam, 1988), 34.<person-group>
                     <string-name>
                        <surname>Haley</surname>
                     </string-name>
                  </person-group>
                  <comment content-type="section">William III</comment>
                  <fpage>34</fpage>
                  <source>Willem III, de Stadhouder-Koning en zijn Tijd</source>
                  <year>1988</year>
               </mixed-citation>
            </p>
         </fn>
         <fn id="d26138e295a1310">
            <label>8</label>
            <p>
               <mixed-citation id="d26138e302" publication-type="book">
P. W. J. Riley, King William and the Scottish Politicians (Edinburgh, 1979)<person-group>
                     <string-name>
                        <surname>Riley</surname>
                     </string-name>
                  </person-group>
                  <source>King William and the Scottish Politicians</source>
                  <year>1979</year>
               </mixed-citation>
            </p>
            <p>
               <mixed-citation id="d26138e323" publication-type="other">
J. G. Simms,
'Williamite Peace Tactics 1690–1691', in J. G. Simms, War and Politics in Ireland 1649–1730 (1986)</mixed-citation>
            </p>
            <p>
               <mixed-citation id="d26138e332" publication-type="book">
D. J. Roorda, 'Le Secret du Prince. Monarchale Tendenties in de Republiek 1672–1702', in D. J.
Roorda, Rond Prins en Patriciaat (Weesp, 1984)<person-group>
                     <string-name>
                        <surname>Roorda</surname>
                     </string-name>
                  </person-group>
                  <comment content-type="section">Le Secret du Prince. Monarchale Tendenties in de Republiek 1672–1702</comment>
                  <source>Rond Prins en Patriciaat</source>
                  <year>1984</year>
               </mixed-citation>
            </p>
            <p>
               <mixed-citation id="d26138e361" publication-type="other">
J. P. Kenyon, Robert Spencer, Earl of Sunderland
1621–1702 (1958)</mixed-citation>
            </p>
            <p>
               <mixed-citation id="d26138e370" publication-type="other">
J. Carswell, The Descent on England (1973)</mixed-citation>
            </p>
            <p>
               <mixed-citation id="d26138e376" publication-type="other">
J. I. Israel, 'Propaganda in the Making
of the Glorious Revolution', in S. Roach (ed.), Across the Narrow Seas (1991)</mixed-citation>
            </p>
         </fn>
         <fn id="d26138e386a1310">
            <label>9</label>
            <p>
               <mixed-citation id="d26138e393" publication-type="other">
my The Anglo-Dutch Favourite: The Career of Hans Willem Bentinck, ist Earl of
Portland (1649–1709) (forthcoming Aldershot, 2007), on which this article is based</mixed-citation>
            </p>
         </fn>
         <fn id="d26138e403a1310">
            <label>10</label>
            <p>
               <mixed-citation id="d26138e410" publication-type="other">
N[ottingham] U[niversity] L[ibrary], Pw A 2865–6.</mixed-citation>
            </p>
         </fn>
         <fn id="d26138e418a1310">
            <label>11</label>
            <p>
               <mixed-citation id="d26138e425" publication-type="other">
B[ritish] L[ibrary], E[gerton] M[anuscript] 1708, fos 100–3, Egerton Charter 103</mixed-citation>
            </p>
            <p>
               <mixed-citation id="d26138e431" publication-type="journal">
Japikse,
Willem III, I, 352<person-group>
                     <string-name>
                        <surname>Japikse</surname>
                     </string-name>
                  </person-group>
                  <fpage>352</fpage>
                  <volume>I</volume>
                  <source>Willem III</source>
               </mixed-citation>
            </p>
         </fn>
         <fn id="d26138e460a1310">
            <label>12</label>
            <p>
               <mixed-citation id="d26138e467" publication-type="journal">
Japikse, Willem III, i, 359<person-group>
                     <string-name>
                        <surname>Japikse</surname>
                     </string-name>
                  </person-group>
                  <fpage>359</fpage>
                  <volume>i</volume>
                  <source>Willem III</source>
               </mixed-citation>
            </p>
         </fn>
         <fn id="d26138e492a1310">
            <label>13</label>
            <p>
               <mixed-citation id="d26138e499" publication-type="book">
A. Borssele van der Hooghe, 'Gedenkschriften', K. Heeringa (ed.), Archief Vroegere en
Latere Mededeelingen voornamelijk in Betrekking tot Zeeland (Middelburg, 1916), 81.<person-group>
                     <string-name>
                        <surname>van der Hooghe</surname>
                     </string-name>
                  </person-group>
                  <comment content-type="section">Gedenkschriften</comment>
                  <fpage>81</fpage>
                  <source>Archief Vroegere en Latere Mededeelingen voornamelijk in Betrekking tot Zeeland</source>
                  <year>1916</year>
               </mixed-citation>
            </p>
         </fn>
         <fn id="d26138e531a1310">
            <label>14</label>
            <p>
               <mixed-citation id="d26138e538" publication-type="journal">
E. Edwards, 'An Unknown Statesman: Gaspar Fagel in the Service of William III and the
Dutch Republic', History, lxxxvii (2002), 353-71.<person-group>
                     <string-name>
                        <surname>Edwards</surname>
                     </string-name>
                  </person-group>
                  <fpage>353</fpage>
                  <volume>lxxxvii</volume>
                  <source>History</source>
                  <year>2002</year>
               </mixed-citation>
            </p>
         </fn>
         <fn id="d26138e570a1310">
            <label>15</label>
            <p>
               <mixed-citation id="d26138e577" publication-type="other">
N[ational] A[rchives], S[tate] P[apers], 84–198, fo. 289.</mixed-citation>
            </p>
         </fn>
         <fn id="d26138e584a1310">
            <label>16</label>
            <p>
               <mixed-citation id="d26138e591" publication-type="journal">
'Monsieur de B.', 'Memoires ... ou Anecdotes, tant de la Cour du Prince d'Orange
Guillaume III, que des principaux Seigneurs de la Republique de ce Temps', in F. J. L. Krämer
(ed.), Bijdragen en Mededelingen betreffende de Geschiedenis der Nederlanden, xix (1898), 91.<person-group>
                     <string-name>
                        <surname>Krämer</surname>
                     </string-name>
                  </person-group>
                  <fpage>91</fpage>
                  <volume>xix</volume>
                  <source>Bijdragen en Mededelingen betreffende de Geschiedenis der Nederlanden</source>
                  <year>1898</year>
               </mixed-citation>
            </p>
         </fn>
         <fn id="d26138e627a1310">
            <label>17</label>
            <p>
               <mixed-citation id="d26138e634" publication-type="book">
O. Mörke, Stadtholder oder Staetholder? Die Funktion des Hauses Oranien und seines Hofes
in der politischen Kultur der Republik der Vereinigten Niederlande im 17. Jahrhundert (Munster,
1997), III.<person-group>
                     <string-name>
                        <surname>Mörke</surname>
                     </string-name>
                  </person-group>
                  <comment content-type="section">Stadtholder oder Staetholder? Die Funktion des Hauses Oranien und seines Hofes in der politischen Kultur der Republik der Vereinigten Niederlande im 17</comment>
                  <volume>III</volume>
                  <source>Jahrhundert</source>
                  <year>1997</year>
               </mixed-citation>
            </p>
         </fn>
         <fn id="d26138e669a1310">
            <label>18</label>
            <p>
               <mixed-citation id="d26138e676" publication-type="book">
William to Bentinck, 19 Sept.
1687, in N. Japikse (ed.), Correspondentie van Willem III en van Hans Willem Bentinck, eersten
Graaf van PortlandRGP Kleine Reeks 23, 24, 26, 27, 28 (5 vols, The Hague, 1927-37), XXIII, 33<person-group>
                     <string-name>
                        <surname>Japikse</surname>
                     </string-name>
                  </person-group>
                  <fpage>33</fpage>
                  <volume>XXIII</volume>
                  <source>Correspondentie van Willem III en van Hans Willem Bentinck, eersten Graaf van Portland</source>
                  <year>1927</year>
               </mixed-citation>
            </p>
            <p>
               <mixed-citation id="d26138e710" publication-type="other">
Carswell, Descent on England, 132</mixed-citation>
            </p>
            <p>
               <mixed-citation id="d26138e716" publication-type="other">
D'Avaux to Louis XIV 5? Aug. 1688, A[rchives du] M[inistère
des] A[ffaires] E[trangères], C[ahiers] P[olitiques] H[ollande], 155, fo. 262</mixed-citation>
            </p>
         </fn>
         <fn id="d26138e726a1310">
            <label>19</label>
            <p>
               <mixed-citation id="d26138e733" publication-type="other">
NUL Pw A 2246–52, Pw A 2288</mixed-citation>
            </p>
            <p>
               <mixed-citation id="d26138e739" publication-type="other">
Albeville to Middleton 15 and 24 Oct. 1688, BL Add. ms
41816, fos 238v, 251r</mixed-citation>
            </p>
            <p>
               <mixed-citation id="d26138e748" publication-type="other">
Israel, 'Propaganda', 169</mixed-citation>
            </p>
         </fn>
         <fn id="d26138e755a1310">
            <label>20</label>
            <p>
               <mixed-citation id="d26138e762" publication-type="journal">
E.g. William to Bentinck 25 and 27 Aug. 1688, Japikse, Correspondentie, XXVIII, 44-5, 47<person-group>
                     <string-name>
                        <surname>Japikse</surname>
                     </string-name>
                  </person-group>
                  <fpage>44</fpage>
                  <volume>XXVIII</volume>
                  <source>Correspondentie</source>
               </mixed-citation>
            </p>
            <p>
               <mixed-citation id="d26138e786" publication-type="journal">
Japikse, Correspondentie, XXIV, 604<person-group>
                     <string-name>
                        <surname>Japikse</surname>
                     </string-name>
                  </person-group>
                  <fpage>604</fpage>
                  <volume>XXIV</volume>
                  <source>Correspondentie</source>
               </mixed-citation>
            </p>
            <p>
               <mixed-citation id="d26138e810" publication-type="book">
A. van der Kuijl, De Glorieuze Overtocht. De Expeditie van
Willem III naar Engekind in 1688 (Amsterdam, 1988), 31-3<person-group>
                     <string-name>
                        <surname>van der Kuijl</surname>
                     </string-name>
                  </person-group>
                  <comment content-type="section">De Glorieuze Overtocht</comment>
                  <fpage>31</fpage>
                  <source>De Expeditie van Willem III naar Engekind in 1688</source>
                  <year>1988</year>
               </mixed-citation>
            </p>
            <p>
               <mixed-citation id="d26138e842" publication-type="other">
Carswell, Descent on England, 168–9</mixed-citation>
            </p>
         </fn>
         <fn id="d26138e849a1310">
            <label>21</label>
            <p>
               <mixed-citation id="d26138e856" publication-type="book">
N. Witsen, 'Verbaal', in J. Scheltema (ed.), Geschied- en Letterkundig Mengelwerk (6 vols,
Utrecht, 1818-36), iii, 135,147,159-60.<person-group>
                     <string-name>
                        <surname>Witsen</surname>
                     </string-name>
                  </person-group>
                  <comment content-type="section">Verbaal</comment>
                  <fpage>135</fpage>
                  <volume>iii</volume>
                  <source>Geschied- en Letterkundig Mengelwerk</source>
                  <year>1818</year>
               </mixed-citation>
            </p>
         </fn>
         <fn id="d26138e891a1310">
            <label>22</label>
            <p>
               <mixed-citation id="d26138e898" publication-type="journal">
Japikse, Correspondentie, XXVIII, 47.<person-group>
                     <string-name>
                        <surname>Japikse</surname>
                     </string-name>
                  </person-group>
                  <fpage>47</fpage>
                  <volume>XXVIII</volume>
                  <source>Correspondentie</source>
               </mixed-citation>
            </p>
         </fn>
         <fn id="d26138e924a1310">
            <label>23</label>
            <p>
               <mixed-citation id="d26138e931" publication-type="other">
H[istorical] M[anuscripts] C[ommission], The Manuscripts of the House of Lords 1689–1690
(1889), 84</mixed-citation>
            </p>
            <p>
               <mixed-citation id="d26138e940" publication-type="journal">
House of Lords Journals, xiv, 175<fpage>175</fpage>
                  <volume>xiv</volume>
                  <source>House of Lords Journals</source>
               </mixed-citation>
            </p>
         </fn>
         <fn id="d26138e956a1310">
            <label>24</label>
            <p>
               <mixed-citation id="d26138e963" publication-type="journal">
C. Huygens, Journaal ... van 21 Oct. 1688 tot 2 Sept. 1696
(2 vols, Utrecht 1876), i, 70-1, 93<person-group>
                     <string-name>
                        <surname>Huygens</surname>
                     </string-name>
                  </person-group>
                  <fpage>70</fpage>
                  <volume>i</volume>
                  <source>Journaal ... van 21 Oct. 1688 tot 2 Sept. 1696</source>
                  <year>1876</year>
               </mixed-citation>
            </p>
            <p>
               <mixed-citation id="d26138e994" publication-type="other">
'Monsieur de B.', 'Mêmoires', 93</mixed-citation>
            </p>
         </fn>
         <fn id="d26138e1001a1310">
            <label>25</label>
            <p>
               <mixed-citation id="d26138e1008" publication-type="book">
'The King's chief personal favour, lay between Bentinck and Sidney', G. Burnet, History of
his own Time (6 vols, 1725), iv, 8.<person-group>
                     <string-name>
                        <surname>Burnet</surname>
                     </string-name>
                  </person-group>
                  <comment content-type="section">The King's chief personal favour, lay between Bentinck and Sidney</comment>
                  <fpage>8</fpage>
                  <volume>iv</volume>
                  <source>History of his own Time</source>
                  <year>1725</year>
               </mixed-citation>
            </p>
         </fn>
         <fn id="d26138e1043a1310">
            <label>26</label>
            <p>
               <mixed-citation id="d26138e1050" publication-type="book">
'The Dear Bargain; or, A true Representation of the State of the English Nation under the
Dutch', in J. Somers (ed.), A Third Collection of Scarce and Valuable Tracts etc. (4 vols, London,
1751), iii, 260.<person-group>
                     <string-name>
                        <surname>Somers</surname>
                     </string-name>
                  </person-group>
                  <comment content-type="section">The Dear Bargain; or, A true Representation of the State of the English Nation under the Dutch</comment>
                  <fpage>260</fpage>
                  <volume>iii</volume>
                  <source>A Third Collection of Scarce and Valuable Tracts etc.</source>
                  <year>1751</year>
               </mixed-citation>
            </p>
         </fn>
         <fn id="d26138e1088a1310">
            <label>27</label>
            <p>
               <mixed-citation id="d26138e1095" publication-type="other">
P. Croft, 'Can a Bureaucrat Be a Favourite? Robert Cecil and the Strategies of Power',
in Elliott and Brockliss, The World of the Favourite, 89</mixed-citation>
            </p>
         </fn>
         <fn id="d26138e1105a1310">
            <label>28</label>
            <p>
               <mixed-citation id="d26138e1112" publication-type="other">
Baxter, William III, 349–51</mixed-citation>
            </p>
            <p>
               <mixed-citation id="d26138e1118" publication-type="book">
H. Horwitz, Parliament, Policy and Politics in the Reign of William III (Manchester, 1977), 203-4<person-group>
                     <string-name>
                        <surname>Horwitz</surname>
                     </string-name>
                  </person-group>
                  <fpage>203</fpage>
                  <source>Parliament, Policy and Politics in the Reign of William III</source>
                  <year>1977</year>
               </mixed-citation>
            </p>
            <p>
               <mixed-citation id="d26138e1142" publication-type="book">
A. Claydon, William III and the Godly Revolution (Cambridge, 1996), 92<person-group>
                     <string-name>
                        <surname>Claydon</surname>
                     </string-name>
                  </person-group>
                  <fpage>92</fpage>
                  <source>William III and the Godly Revolution</source>
                  <year>1996</year>
               </mixed-citation>
            </p>
            <p>
               <mixed-citation id="d26138e1167" publication-type="other">
D. J. Roorda, 'Wiilem III,
de Koning-Stadhouder', in Roorda, Rond Prins en Patriciaat, 140</mixed-citation>
            </p>
            <p>
               <mixed-citation id="d26138e1176" publication-type="book">
D. J. Noordam, Riskante Relaties:
Vijf Eeuwen Homoseksualiteit in Nederland, 1233–1733 (Hilversum, 1995), 117-18<person-group>
                     <string-name>
                        <surname>Noordam</surname>
                     </string-name>
                  </person-group>
                  <fpage>117</fpage>
                  <source>Riskante Relaties: Vijf Eeuwen Homoseksualiteit in Nederland, 1233–1733</source>
                  <year>1995</year>
               </mixed-citation>
            </p>
            <p>
               <mixed-citation id="d26138e1204" publication-type="journal">
Portiand to
William, 30 May 1697, William to Portiand, 1 June 1697, Japikse, Correspondentie, XXIII, 198-200<person-group>
                     <string-name>
                        <surname>Japikse</surname>
                     </string-name>
                  </person-group>
                  <fpage>198</fpage>
                  <volume>XXIII</volume>
                  <source>Correspondentie</source>
               </mixed-citation>
            </p>
            <p>
               <mixed-citation id="d26138e1232" publication-type="other">
R. Lockyer, Buckingham: The Life and Political
Career of George Villiers, First Duke of Buckingham, 1592–1628(1981)</mixed-citation>
            </p>
         </fn>
         <fn id="d26138e1243a1310">
            <label>29</label>
            <p>
               <mixed-citation id="d26138e1250" publication-type="other">
'Monsieur de B.', 'Mêmoires', 113</mixed-citation>
            </p>
            <p>
               <mixed-citation id="d26138e1256" publication-type="other">
Horwitz, Parliament, 19–20</mixed-citation>
            </p>
         </fn>
         <fn id="d26138e1263a1310">
            <label>30</label>
            <p>
               <mixed-citation id="d26138e1270" publication-type="book">
R. O. Bucholz, The Augustan Court. Queen Anne and the Decline of Court Culture (Stanford,
1993), 27<person-group>
                     <string-name>
                        <surname>Bucholz</surname>
                     </string-name>
                  </person-group>
                  <comment content-type="section">The Augustan Court</comment>
                  <fpage>27</fpage>
                  <source>Queen Anne and the Decline of Court Culture</source>
                  <year>1993</year>
               </mixed-citation>
            </p>
         </fn>
         <fn id="d26138e1302a1310">
            <label>32</label>
            <p>
               <mixed-citation id="d26138e1309" publication-type="book">
N. Cuddy, 'The Revival of the Entourage: the Bedchamber of James I, 1603–1625', in
D. Starkey, The English Court from the Wars of the Roses to the Civil War (London and New York,
1987)<person-group>
                     <string-name>
                        <surname>Cuddy</surname>
                     </string-name>
                  </person-group>
                  <comment content-type="section">The Revival of the Entourage: the Bedchamber of James I, 1603–1625</comment>
                  <source>The English Court from the Wars of the Roses to the Civil War</source>
                  <year>1987</year>
               </mixed-citation>
            </p>
            <p>
               <mixed-citation id="d26138e1340" publication-type="other">
R. Hatton, George I: Elector and King (1978), 132 ff</mixed-citation>
            </p>
         </fn>
         <fn id="d26138e1347a1310">
            <label>33</label>
            <p>
               <mixed-citation id="d26138e1354" publication-type="other">
Witsen, 'Verbaal', 169.</mixed-citation>
            </p>
         </fn>
         <fn id="d26138e1361a1310">
            <label>34</label>
            <p>
               <mixed-citation id="d26138e1368" publication-type="journal">
Portland to William, 5/15 Jan. 1690, William to Portland, 16-17 Jan. 1690, Japikse,
Correspondentie, XXIII, 65-7.<person-group>
                     <string-name>
                        <surname>Japikse</surname>
                     </string-name>
                  </person-group>
                  <fpage>65</fpage>
                  <volume>XXIII</volume>
                  <source>Correspondentie</source>
               </mixed-citation>
            </p>
         </fn>
         <fn id="d26138e1397a1310">
            <label>35</label>
            <p>
               <mixed-citation id="d26138e1404" publication-type="book">
L. G. W. Legg, Matthew Prior: A Study of his Public Career and Correspondence (Cambridge,
1921), 114.<person-group>
                     <string-name>
                        <surname>Legg</surname>
                     </string-name>
                  </person-group>
                  <fpage>114</fpage>
                  <source>Matthew Prior: A Study of his Public Career and Correspondence</source>
                  <year>1921</year>
               </mixed-citation>
            </p>
         </fn>
         <fn id="d26138e1434a1310">
            <label>36</label>
            <p>
               <mixed-citation id="d26138e1441" publication-type="other">
Nassau-Ouwerkerk, who had also been stalmeester (Master of the Horse) at the Orange
court</mixed-citation>
            </p>
         </fn>
         <fn id="d26138e1451a1310">
            <label>37</label>
            <p>
               <mixed-citation id="d26138e1458" publication-type="other">
Bucholz, The Augustan Court, 66–7</mixed-citation>
            </p>
         </fn>
         <fn id="d26138e1465a1310">
            <label>38</label>
            <p>
               <mixed-citation id="d26138e1472" publication-type="other">
BL Add. ms 61419, fos 1, 4v</mixed-citation>
            </p>
            <p>
               <mixed-citation id="d26138e1478" publication-type="book">
A. Marshall, The Age of Faction: Court Politics, 1660–1702
(Manchester and New York, 1999), 26-7<person-group>
                     <string-name>
                        <surname>Marshall</surname>
                     </string-name>
                  </person-group>
                  <fpage>26</fpage>
                  <source>The Age of Faction: Court Politics, 1660–1702</source>
                  <year>1999</year>
               </mixed-citation>
            </p>
            <p>
               <mixed-citation id="d26138e1506" publication-type="other">
D. Starkey, 'Intimacy and Innovation: the Rise of
the Privy Chamber, 1485–1547', in Starkey, The English Court, 71–118</mixed-citation>
            </p>
         </fn>
         <fn id="d26138e1516a1310">
            <label>39</label>
            <p>
               <mixed-citation id="d26138e1523" publication-type="journal">
20 March 1689, 25 March 1689, 30 March 1689, Huygens, Journaal, i, 96, 99, 102 and
passim<person-group>
                     <string-name>
                        <surname>Huygens</surname>
                     </string-name>
                  </person-group>
                  <fpage>96</fpage>
                  <volume>i</volume>
                  <source>Journaal</source>
               </mixed-citation>
            </p>
            <p>
               <mixed-citation id="d26138e1551" publication-type="other">
Horwitz, Parliament, 204</mixed-citation>
            </p>
            <p>
               <mixed-citation id="d26138e1557" publication-type="book">
Dalrymple to Melville, 23 March 1689, in W. L. Melville
(ed.), Leven and Melville Papers: Letters and State Papers chiefly Addressed to George Earl of Melville,
Secretary of State for Scotland, 1689–1691 (Edinburgh, 1843), 3-4<person-group>
                     <string-name>
                        <surname>Melville</surname>
                     </string-name>
                  </person-group>
                  <fpage>3</fpage>
                  <source>Leven and Melville Papers: Letters and State Papers chiefly Addressed to George Earl of Melville, Secretary of State for Scotland, 1689–1691</source>
                  <year>1843</year>
               </mixed-citation>
            </p>
         </fn>
         <fn id="d26138e1589a1310">
            <label>40</label>
            <p>
               <mixed-citation id="d26138e1596" publication-type="other">
BL Add. ms 61419, fo. 9v</mixed-citation>
            </p>
            <p>
               <mixed-citation id="d26138e1602" publication-type="journal">
R.O. Bucholz, 'Going to Court in 1700: A Visitor's Guide',
Court Historian, v, 3 (2000), 208-9<person-group>
                     <string-name>
                        <surname>Bucholz</surname>
                     </string-name>
                  </person-group>
                  <issue>3</issue>
                  <fpage>208</fpage>
                  <volume>v</volume>
                  <source>Court Historian</source>
                  <year>2000</year>
               </mixed-citation>
            </p>
            <p>
               <mixed-citation id="d26138e1636" publication-type="other">
Shrewsbury to Nottingham, 3 Oct. 1689, HMC, Report
on the Manuscripts of the late Allan George Finch, Esq., Of Burley-on-the-Hill Rutland (4 vols, 1913-
65), ii, 252</mixed-citation>
            </p>
         </fn>
         <fn id="d26138e1649a1310">
            <label>41</label>
            <p>
               <mixed-citation id="d26138e1656" publication-type="book">
Ronquillo to Cogolludo, 18 March 1689, Duque de Maura (ed.), Correspondencia entre dos
Embajadores, Don Pedro Ronquillo y el Marques de Cogolludo 1689–1691 (2 vols, Madrid, 1951),
i, 113.<person-group>
                     <string-name>
                        <surname>de Maura</surname>
                     </string-name>
                  </person-group>
                  <fpage>113</fpage>
                  <volume>i</volume>
                  <source>Correspondencia entre dos Embajadores, Don Pedro Ronquillo y el Marques de Cogolludo 1689–1691</source>
                  <year>1951</year>
               </mixed-citation>
            </p>
         </fn>
         <fn id="d26138e1692a1310">
            <label>42</label>
            <p>
               <mixed-citation id="d26138e1699" publication-type="journal">
Portiand to Nottingham, 6/16 Sept. 1689, 24 Sept. 1689, HMC, Finch mss, ii, 248<person-group>
                     <string-name>
                        <surname>Hmc</surname>
                     </string-name>
                  </person-group>
                  <fpage>248</fpage>
                  <volume>ii</volume>
                  <source>Finch mss</source>
               </mixed-citation>
            </p>
            <p>
               <mixed-citation id="d26138e1723" publication-type="other">
Shrewsbury to Portiand, 22 Oct. 1689, W. J. Hardy and E. Bateson (eds), C[alendar] of S[tate]
P[apers], D[omestic series, in the Reign of William and Mary] 1689–1690 (1913–69), 298</mixed-citation>
            </p>
            <p>
               <mixed-citation id="d26138e1732" publication-type="other">
Horwitz,
Parliament, 89</mixed-citation>
            </p>
            <p>
               <mixed-citation id="d26138e1742" publication-type="other">
Riley, King William and the Scottish Politicians, 5</mixed-citation>
            </p>
         </fn>
         <fn id="d26138e1749a1310">
            <label>43</label>
            <p>
               <mixed-citation id="d26138e1756" publication-type="journal">
Heinsius to William, 14 Jan. 1695, Japikse, Correspondentie, XXIII, 436<person-group>
                     <string-name>
                        <surname>Japikse</surname>
                     </string-name>
                  </person-group>
                  <fpage>436</fpage>
                  <volume>XXIII</volume>
                  <source>Correspondentie</source>
               </mixed-citation>
            </p>
            <p>
               <mixed-citation id="d26138e1780" publication-type="other">
Baxter, William
III, 274–5</mixed-citation>
            </p>
         </fn>
         <fn id="d26138e1790a1310">
            <label>44</label>
            <p>
               <mixed-citation id="d26138e1797" publication-type="book">
Vernon to Shrewsbury, 24 Sept. 1696, in G. P. R. James (ed.), Letters Illustrative of the Reign
of William III etc. (3 vols, 1841), i, 1.<person-group>
                     <string-name>
                        <surname>James</surname>
                     </string-name>
                  </person-group>
                  <fpage>1</fpage>
                  <volume>i</volume>
                  <source>Letters Illustrative of the Reign of William III etc.</source>
                  <year>1841</year>
               </mixed-citation>
            </p>
         </fn>
         <fn id="d26138e1829a1310">
            <label>45</label>
            <p>
               <mixed-citation id="d26138e1836" publication-type="other">
Citters to States General, 18 Feb. 1695, BL Add. ms 17677 PP, fo. 14r</mixed-citation>
            </p>
            <p>
               <mixed-citation id="d26138e1842" publication-type="other">
NUL Pw A
1924–30</mixed-citation>
            </p>
         </fn>
         <fn id="d26138e1852a1310">
            <label>46</label>
            <p>
               <mixed-citation id="d26138e1859" publication-type="book">
T. C. Nicholson and A. S. Turberville, Charles Talbot, Duke of Shrewsbury (Cambridge,
1930), 40-1<person-group>
                     <string-name>
                        <surname>Nicholson</surname>
                     </string-name>
                  </person-group>
                  <fpage>40</fpage>
                  <source>Charles Talbot, Duke of Shrewsbury</source>
                  <year>1930</year>
               </mixed-citation>
            </p>
         </fn>
         <fn id="d26138e1888a1310">
            <label>47</label>
            <p>
               <mixed-citation id="d26138e1895" publication-type="book">
G. S. Halifax, First Marquis of, 'The Spencer House Journals', in H. C. Foxcroft (ed.), The
Life and Letters of Sir George Savile, First Marquis of Halifax (2 vols, London, 1898), ii.<person-group>
                     <string-name>
                        <surname>Halifax</surname>
                     </string-name>
                  </person-group>
                  <comment content-type="section">The Spencer House Journals</comment>
                  <volume>ii</volume>
                  <source>The Life and Letters of Sir George Savile, First Marquis of Halifax</source>
                  <year>1898</year>
               </mixed-citation>
            </p>
         </fn>
         <fn id="d26138e1928a1310">
            <label>48</label>
            <p>
               <mixed-citation id="d26138e1935" publication-type="other">
Despatch Parent, 12 Dec. 1689, AMAE, C[ahiers] P[olitiques] [d']A[ngleterre] 171, fo. 302r.</mixed-citation>
            </p>
         </fn>
         <fn id="d26138e1942a1310">
            <label>49</label>
            <p>
               <mixed-citation id="d26138e1949" publication-type="other">
Horwitz, Parliament, 77–8.</mixed-citation>
            </p>
         </fn>
         <fn id="d26138e1956a1310">
            <label>50</label>
            <p>
               <mixed-citation id="d26138e1963" publication-type="other">
Kenyon,
Sunderland</mixed-citation>
            </p>
         </fn>
         <fn id="d26138e1973a1310">
            <label>51</label>
            <p>
               <mixed-citation id="d26138e1980" publication-type="other">
Sunderland to Portland, 5 Aug. 1694, NUL Pw A 1240.</mixed-citation>
            </p>
         </fn>
         <fn id="d26138e1987a1310">
            <label>53</label>
            <p>
               <mixed-citation id="d26138e1994" publication-type="journal">
HMC, Finch mss, iv, passim<person-group>
                     <string-name>
                        <surname>Hmc</surname>
                     </string-name>
                  </person-group>
                  <volume>iv</volume>
                  <source>Finch mss</source>
               </mixed-citation>
            </p>
         </fn>
         <fn id="d26138e2016a1310">
            <label>54</label>
            <p>
               <mixed-citation id="d26138e2023" publication-type="journal">
24 Oct.1689, Huygens, Journaal, i, 194.<person-group>
                     <string-name>
                        <surname>Huygens</surname>
                     </string-name>
                  </person-group>
                  <issue>24 Oct.</issue>
                  <fpage>194</fpage>
                  <volume>i</volume>
                  <source>Journaal</source>
                  <year>1689</year>
               </mixed-citation>
            </p>
         </fn>
         <fn id="d26138e2056a1310">
            <label>55</label>
            <p>
               <mixed-citation id="d26138e2063" publication-type="other">
Coningsby and Sidney to Portland, 27 Sept. 1690, NUL Pw A 299.</mixed-citation>
            </p>
         </fn>
         <fn id="d26138e2070a1310">
            <label>56</label>
            <p>
               <mixed-citation id="d26138e2077" publication-type="journal">
Dijkveld to Portland, 26 Oct. 1692, Japikse, Correspondentie, XXVIII, 302<person-group>
                     <string-name>
                        <surname>Japikse</surname>
                     </string-name>
                  </person-group>
                  <fpage>302</fpage>
                  <volume>XXVIII</volume>
                  <source>Correspondentie</source>
               </mixed-citation>
            </p>
            <p>
               <mixed-citation id="d26138e2101" publication-type="other">
NUL Pw A
2385–90 and passim</mixed-citation>
            </p>
            <p>
               <mixed-citation id="d26138e2110" publication-type="other">
letter to Portland, 1 Nov. 1692, NUL Pw A 2792</mixed-citation>
            </p>
         </fn>
         <fn id="d26138e2117a1310">
            <label>57</label>
            <p>
               <mixed-citation id="d26138e2124" publication-type="other">
Sunderland, 25 April 1693, 3 May 1693, 30 June 1693, NUL Pw A 1211, 1212,
1216</mixed-citation>
            </p>
         </fn>
         <fn id="d26138e2134a1310">
            <label>58</label>
            <p>
               <mixed-citation id="d26138e2141" publication-type="other">
Horwitz, Parliament, 110, 127</mixed-citation>
            </p>
            <p>
               <mixed-citation id="d26138e2147" publication-type="journal">
HMC, 7th Report (1879), 209a, 212a<person-group>
                     <string-name>
                        <surname>Hmc</surname>
                     </string-name>
                  </person-group>
                  <fpage>209a</fpage>
                  <source>7th Report</source>
                  <year>1879</year>
               </mixed-citation>
            </p>
            <p>
               <mixed-citation id="d26138e2171" publication-type="book">
A. S. Turberville, The
House of Lords in the Reign of William III (Oxford, 1913), 182<person-group>
                     <string-name>
                        <surname>Turberville</surname>
                     </string-name>
                  </person-group>
                  <fpage>182</fpage>
                  <source>The House of Lords in the Reign of William III</source>
                  <year>1913</year>
               </mixed-citation>
            </p>
            <p>
               <mixed-citation id="d26138e2200" publication-type="book">
E. Cruickshanks, D. Hayton and
C. Jones, 'Divisions in the House of Lords on the Transfer of the Crown and other Issues, 1689-
1694, ten new Lists', in C. Jones and D. L. Jones (eds), Peers, Politics and Power: The House of
Lords, 1603–1911 (1986), 94, 108<person-group>
                     <string-name>
                        <surname>Cruickshanks</surname>
                     </string-name>
                  </person-group>
                  <comment content-type="section">Divisions in the House of Lords on the Transfer of the Crown and other Issues, 1689-1694, ten new Lists</comment>
                  <fpage>94</fpage>
                  <source>Peers, Politics and Power: The House of Lords, 1603–1911</source>
                  <year>1986</year>
               </mixed-citation>
            </p>
         </fn>
         <fn id="d26138e2238a1310">
            <label>59</label>
            <p>
               <mixed-citation id="d26138e2245" publication-type="journal">
Portiand to William, 3/13 March 1698, Japikse, Correspondentie, XXIII, 255.<person-group>
                     <string-name>
                        <surname>Japikse</surname>
                     </string-name>
                  </person-group>
                  <fpage>255</fpage>
                  <volume>XXIII</volume>
                  <source>Correspondentie</source>
               </mixed-citation>
            </p>
         </fn>
         <fn id="d26138e2270a1310">
            <label>60</label>
            <p>
               <mixed-citation id="d26138e2277" publication-type="book">
H. C. Foxcroft (ed.), A Supplement to Burnets History of my own Time etc. (Oxford, 1902),
415<person-group>
                     <string-name>
                        <surname>Foxcroft</surname>
                     </string-name>
                  </person-group>
                  <fpage>415</fpage>
                  <source>A Supplement to Burnets History of my own Time etc.</source>
                  <year>1902</year>
               </mixed-citation>
            </p>
            <p>
               <mixed-citation id="d26138e2305" publication-type="other">
Riley, King William and the Scottish Politicians, 5</mixed-citation>
            </p>
         </fn>
         <fn id="d26138e2313a1310">
            <label>61</label>
            <p>
               <mixed-citation id="d26138e2320" publication-type="other">
Riley, King William and the Scottish Politicians, 130.</mixed-citation>
            </p>
         </fn>
         <fn id="d26138e2327a1310">
            <label>63</label>
            <p>
               <mixed-citation id="d26138e2334" publication-type="book">
Ogilvy to Carstares, 17 Aug. 1699, Carmichael to Carstares, 8 Aug. 1700, in J. McCormick
(ed.), State Papers and Letters Addressed to William Carstares (Edinburgh, 1774), 492, 601<person-group>
                     <string-name>
                        <surname>McCormick</surname>
                     </string-name>
                  </person-group>
                  <fpage>492</fpage>
                  <source>State Papers and Letters Addressed to William Carstares</source>
                  <year>1774</year>
               </mixed-citation>
            </p>
         </fn>
         <fn id="d26138e2363a1310">
            <label>64</label>
            <p>
               <mixed-citation id="d26138e2370" publication-type="other">
Forbes to Hume, 22 Aug. 1689, HMC, Manuscripts of the Duke of Roxburghe etc.
(1894), 118.</mixed-citation>
            </p>
         </fn>
         <fn id="d26138e2380a1310">
            <label>65</label>
            <p>
               <mixed-citation id="d26138e2387" publication-type="journal">
C. I. McGrath, 'English Ministers, Irish Politicians and the Making of a Parliamentary
Settlement in Ireland, 1692-5', ante, cxix (2004), 594<person-group>
                     <string-name>
                        <surname>McGrath</surname>
                     </string-name>
                  </person-group>
                  <fpage>594</fpage>
                  <volume>cxix</volume>
                  <source>ante</source>
                  <year>2004</year>
               </mixed-citation>
            </p>
            <p>
               <mixed-citation id="d26138e2418" publication-type="other">
Coningsby to Portland, 21 Sept. 1690, Sidney
to Portland, 24 Sept. 1690, NUL Pw A 298, Pw A 1321</mixed-citation>
            </p>
         </fn>
         <fn id="d26138e2428a1310">
            <label>66</label>
            <p>
               <mixed-citation id="d26138e2435" publication-type="other">
Sidney to Portland, 24 Sept. 1690, 25 Sept. 1697,18 Oct. 1690, NUL Pw A 1320, 1321,
Pw A 1326</mixed-citation>
            </p>
            <p>
               <mixed-citation id="d26138e2444" publication-type="other">
HMC, Manuscripts of F. W. Leyborne-Popham Esq. (1899), 171, 175</mixed-citation>
            </p>
         </fn>
         <fn id="d26138e2451a1310">
            <label>67</label>
            <p>
               <mixed-citation id="d26138e2458" publication-type="other">
W. Troost, 'William III and the Treaty of Limerick 1691–1697' (Ph.D. thesis, Leiden,
1983), 156</mixed-citation>
            </p>
         </fn>
         <fn id="d26138e2469a1310">
            <label>68</label>
            <p>
               <mixed-citation id="d26138e2476" publication-type="other">
Sunderland to Portland, 3 June 1696, NUL Pw A 1252</mixed-citation>
            </p>
            <p>
               <mixed-citation id="d26138e2482" publication-type="journal">
William to Portland, 13 August 1696,
Japikse, Correspondentie, XXIII, 185<person-group>
                     <string-name>
                        <surname>Japikse</surname>
                     </string-name>
                  </person-group>
                  <fpage>185</fpage>
                  <volume>XXIII</volume>
                  <source>Correspondentie</source>
               </mixed-citation>
            </p>
            <p>
               <mixed-citation id="d26138e2510" publication-type="other">
Shrewsbury to Portland, 11 Jan. 1697, NUL Pw A 1386</mixed-citation>
            </p>
         </fn>
         <fn id="d26138e2517a1310">
            <label>69</label>
            <p>
               <mixed-citation id="d26138e2524" publication-type="other">
Mörke, Stadtholder oder Staetholder?, 112.</mixed-citation>
            </p>
         </fn>
         <fn id="d26138e2531a1310">
            <label>71</label>
            <p>
               <mixed-citation id="d26138e2538" publication-type="journal">
Portiand to Cuperus, 7/17 June 1689, Japikse, Correspondentie, XXVIII, 115-16<person-group>
                     <string-name>
                        <surname>Japikse</surname>
                     </string-name>
                  </person-group>
                  <fpage>115</fpage>
                  <volume>XXVIII</volume>
                  <source>Correspondentie</source>
               </mixed-citation>
            </p>
            <p>
               <mixed-citation id="d26138e2562" publication-type="journal">
Portiand to
William, 25 January 1690, Japikse, Correspondentie, XXIII, 77<person-group>
                     <string-name>
                        <surname>Japikse</surname>
                     </string-name>
                  </person-group>
                  <fpage>77</fpage>
                  <volume>XXIII</volume>
                  <source>Correspondentie</source>
               </mixed-citation>
            </p>
         </fn>
         <fn id="d26138e2591a1310">
            <label>72</label>
            <p>
               <mixed-citation id="d26138e2598" publication-type="other">
Mörke, Stadtholder oder Staetholder?, 170–1.</mixed-citation>
            </p>
         </fn>
         <fn id="d26138e2605a1310">
            <label>73</label>
            <p>
               <mixed-citation id="d26138e2612" publication-type="other">
Minutes of the proceedings of the Lords Justices, 27 May 1695, Hardy and Bateson,
CSPD 1695</mixed-citation>
            </p>
         </fn>
         <fn id="d26138e2622a1310">
            <label>74</label>
            <p>
               <mixed-citation id="d26138e2629" publication-type="book">
J. Childs, The British Army of William III 1689–1702 (Manchester, 1987), 25<person-group>
                     <string-name>
                        <surname>Childs</surname>
                     </string-name>
                  </person-group>
                  <fpage>25</fpage>
                  <source>The British Army of William III 1689–1702</source>
                  <year>1987</year>
               </mixed-citation>
            </p>
            <p>
               <mixed-citation id="d26138e2653" publication-type="journal">
Portiand to Nottingham, 6/16 June 1689, 26 July/5 Aug. 1689, HMC, Finch mss, ii, 212, 229<person-group>
                     <string-name>
                        <surname>Hmc</surname>
                     </string-name>
                  </person-group>
                  <fpage>212</fpage>
                  <volume>ii</volume>
                  <source>Finch mss</source>
               </mixed-citation>
            </p>
            <p>
               <mixed-citation id="d26138e2677" publication-type="other">
Buchan to Nairne, 5 Sept. 1689, Melville, Leven and Melville Papers, 271</mixed-citation>
            </p>
            <p>
               <mixed-citation id="d26138e2684" publication-type="journal">
Portland's memorial of
29 March 1690, Japikse, Correspondentie, XXVIII, 160-1<person-group>
                     <string-name>
                        <surname>Japikse</surname>
                     </string-name>
                  </person-group>
                  <fpage>160</fpage>
                  <volume>XXVIII</volume>
                  <source>Correspondentie</source>
               </mixed-citation>
            </p>
            <p>
               <mixed-citation id="d26138e2712" publication-type="other">
Hardy and Bateson, CSPD 1690–1691,
214</mixed-citation>
            </p>
            <p>
               <mixed-citation id="d26138e2721" publication-type="journal">
R. A. Preston, 'William Blathwayt and the Evolution ofa Royal Personal Secretariat', History
(February/June 1949), 32, 34<person-group>
                     <string-name>
                        <surname>Preston</surname>
                     </string-name>
                  </person-group>
                  <issue>February</issue>
                  <fpage>32</fpage>
                  <source>History</source>
                  <year>1949</year>
               </mixed-citation>
            </p>
         </fn>
         <fn id="d26138e2754a1310">
            <label>75</label>
            <p>
               <mixed-citation id="d26138e2761" publication-type="other">
NUL Pw A 1097–1118, Pw A 1129–35 passim.</mixed-citation>
            </p>
         </fn>
         <fn id="d26138e2768a1310">
            <label>76</label>
            <p>
               <mixed-citation id="d26138e2775" publication-type="other">
NUL Pw A 30–42, Pw A 43–49, Pw A 725–823</mixed-citation>
            </p>
            <p>
               <mixed-citation id="d26138e2781" publication-type="other">
NUL Pw A 131–147, Pw A 421–43 passim</mixed-citation>
            </p>
         </fn>
         <fn id="d26138e2788a1310">
            <label>77</label>
            <p>
               <mixed-citation id="d26138e2795" publication-type="other">
HMC, Leyborne Mss, 171, 175</mixed-citation>
            </p>
            <p>
               <mixed-citation id="d26138e2801" publication-type="journal">
Portiand to Ginckel 4/14 Oct. 1690, Japikse, Correspondentie,
XXVIII, 187<person-group>
                     <string-name>
                        <surname>Japikse</surname>
                     </string-name>
                  </person-group>
                  <fpage>187</fpage>
                  <volume>XXVIII</volume>
                  <source>Correspondentie</source>
               </mixed-citation>
            </p>
            <p>
               <mixed-citation id="d26138e2829" publication-type="book">
H. Horwitz, Revolution Politicks: The Career of Daniel Finch, Second Earl of
Nottingham 1647–1730 (Cambridge, 1968), 108<person-group>
                     <string-name>
                        <surname>Horwitz</surname>
                     </string-name>
                  </person-group>
                  <fpage>108</fpage>
                  <source>Revolution Politicks: The Career of Daniel Finch, Second Earl of Nottingham 1647–1730</source>
                  <year>1968</year>
               </mixed-citation>
            </p>
            <p>
               <mixed-citation id="d26138e2858" publication-type="other">
Hardy and Bateson, CSPD 1693, 255</mixed-citation>
            </p>
            <p>
               <mixed-citation id="d26138e2864" publication-type="other">
letters from
Russell to Portiand, NUL Pw A 1092–1095</mixed-citation>
            </p>
         </fn>
         <fn id="d26138e2874a1310">
            <label>78</label>
            <p>
               <mixed-citation id="d26138e2881" publication-type="other">
Stepney to Blathwayt 21 March 1693, NA SP 105–58, fos 85–86</mixed-citation>
            </p>
            <p>
               <mixed-citation id="d26138e2887" publication-type="other">
Stepney to Strafford
June 1694, Stepney to Portland 20/30 July 1694, NA SP 105–54, fos 32, 47r</mixed-citation>
            </p>
            <p>
               <mixed-citation id="d26138e2896" publication-type="other">
Kick to Trenchard 12
Nov. 1694, NA SP 84–223, fo. 51r</mixed-citation>
            </p>
            <p>
               <mixed-citation id="d26138e2906" publication-type="other">
Heinsius to Portland 30 Jan.1693</mixed-citation>
            </p>
            <p>
               <mixed-citation id="d26138e2912" publication-type="other">
Heemskerck to William 21
Nov. 1694</mixed-citation>
            </p>
            <p>
               <mixed-citation id="d26138e2921" publication-type="other">
Schonenberg to Portland 18 July 1696</mixed-citation>
            </p>
            <p>
               <mixed-citation id="d26138e2927" publication-type="other">
NUL Pw A 1915, Pw A551, Pw A 1137</mixed-citation>
            </p>
            <p>
               <mixed-citation id="d26138e2933" publication-type="other">
Schonenberg to Portland 26 May 1695</mixed-citation>
            </p>
            <p>
               <mixed-citation id="d26138e2939" publication-type="journal">
Amerongen to William 28 March 1690, Japikse, Correspondentie, XXVIII, 158<person-group>
                     <string-name>
                        <surname>Japikse</surname>
                     </string-name>
                  </person-group>
                  <fpage>158</fpage>
                  <volume>XXVIII</volume>
                  <source>Correspondentie</source>
               </mixed-citation>
            </p>
            <p>
               <mixed-citation id="d26138e2964" publication-type="other">
NUL Pw
A 1286–1319</mixed-citation>
            </p>
            <p>
               <mixed-citation id="d26138e2973" publication-type="other">
Roorda, 'Le Secret du Prince'</mixed-citation>
            </p>
         </fn>
         <fn id="d26138e2980a1310">
            <label>79</label>
            <p>
               <mixed-citation id="d26138e2987" publication-type="other">
NUL Pw A 2804–2860.</mixed-citation>
            </p>
         </fn>
         <fn id="d26138e2994a1310">
            <label>80</label>
            <p>
               <mixed-citation id="d26138e3001" publication-type="other">
Gortz to Heinsius 13 Jan. 1694 NS</mixed-citation>
            </p>
            <p>
               <mixed-citation id="d26138e3007" publication-type="other">
Heemskerck to Heinsius 12 March 1695, 6 April
1695</mixed-citation>
            </p>
            <p>
               <mixed-citation id="d26138e3016" publication-type="book">
G. von Antal and J.C.H. de Pater (eds), Weense Gezantschapsberichten van 1670–1720 (2 vols,
The Hague, 1929-34), I, 561, 590, 594<person-group>
                     <string-name>
                        <surname>von Antal</surname>
                     </string-name>
                  </person-group>
                  <fpage>561</fpage>
                  <volume>I</volume>
                  <source>Weense Gezantschapsberichten van 1670–1720</source>
                  <year>1929</year>
               </mixed-citation>
            </p>
         </fn>
         <fn id="d26138e3049a1310">
            <label>81</label>
            <p>
               <mixed-citation id="d26138e3056" publication-type="other">
Shrewsbury to Portland 22 June 1694, NUL Pw A 1374.</mixed-citation>
            </p>
         </fn>
         <fn id="d26138e3063a1310">
            <label>82</label>
            <p>
               <mixed-citation id="d26138e3070" publication-type="journal">
letter 11 Sept.1689, CSPD 1689–1690,1, 250<issue>11 Sept.</issue>
                  <fpage>250</fpage>
                  <volume>1</volume>
                  <source>CSPD 1689–1690</source>
                  <year>1689</year>
               </mixed-citation>
            </p>
            <p>
               <mixed-citation id="d26138e3092" publication-type="journal">
letter to Portland
13 May1690, HMC, Finch mss, ii, 280<person-group>
                     <string-name>
                        <surname>Hmc</surname>
                     </string-name>
                  </person-group>
                  <issue>13 May</issue>
                  <fpage>280</fpage>
                  <volume>ii</volume>
                  <source>Finch mss</source>
                  <year>1690</year>
               </mixed-citation>
            </p>
            <p>
               <mixed-citation id="d26138e3126" publication-type="other">
Somers to Portland, 28 May 1695, NUL Pw A 1177</mixed-citation>
            </p>
         </fn>
         <fn id="d26138e3133a1310">
            <label>83</label>
            <p>
               <mixed-citation id="d26138e3140" publication-type="other">
Saunière to States General, 6 March 1696, BL Add. ms 17677 QQ, fos 289v–290r</mixed-citation>
            </p>
            <p>
               <mixed-citation id="d26138e3146" publication-type="other">
NUL Pw
A 1912</mixed-citation>
            </p>
            <p>
               <mixed-citation id="d26138e3155" publication-type="other">
Roosenboom to Portland, 21 July 1696 NUL Pw A 1911</mixed-citation>
            </p>
            <p>
               <mixed-citation id="d26138e3162" publication-type="other">
Galway to Portland, 30 June
1696, NUL Pw A 1111, Pw A 1112</mixed-citation>
            </p>
         </fn>
         <fn id="d26138e3172a1310">
            <label>84</label>
            <p>
               <mixed-citation id="d26138e3179" publication-type="journal">
Portland to Haarsolte, 26 Feb. 1694, 26 March 1694, Japikse, Correspondentie, XXIII, 381-2,
385-6<person-group>
                     <string-name>
                        <surname>Japikse</surname>
                     </string-name>
                  </person-group>
                  <fpage>381</fpage>
                  <volume>XXIII</volume>
                  <source>Correspondentie</source>
               </mixed-citation>
            </p>
         </fn>
         <fn id="d26138e3208a1310">
            <label>85</label>
            <p>
               <mixed-citation id="d26138e3215" publication-type="other">
I. A. A. Thompson, 'The Institutional Background to the Rise of the Minister-Favourite',
in Elliott and Brockliss, The World of the Favourite, 23.</mixed-citation>
            </p>
         </fn>
         <fn id="d26138e3225a1310">
            <label>86</label>
            <p>
               <mixed-citation id="d26138e3232" publication-type="other">
Despatch Bonnet, 12/22 July 1698, BL Add. ms 30000 B.</mixed-citation>
            </p>
         </fn>
         <fn id="d26138e3240a1310">
            <label>87</label>
            <p>
               <mixed-citation id="d26138e3247" publication-type="other">
L. Levy Peck, 'Monopolizing Favour: Structures of Power in the Early Seventeenth-Century
English Court', in Elliott and Brockliss, The World of the Favourite, 66–7.</mixed-citation>
            </p>
         </fn>
         <fn id="d26138e3257a1310">
            <label>88</label>
            <p>
               <mixed-citation id="d26138e3264" publication-type="other">
Thompson, 'The Institutional Background', 14.</mixed-citation>
            </p>
         </fn>
         <fn id="d26138e3271a1310">
            <label>89</label>
            <p>
               <mixed-citation id="d26138e3278" publication-type="other">
L. W. B. Brockliss, 'Concluding Remarks: The Anatomy of the Minister Favourite', in
Elliott and Brockliss, The World of the Favourite, 280 ff.</mixed-citation>
            </p>
         </fn>
         <fn id="d26138e3288a1310">
            <label>90</label>
            <p>
               <mixed-citation id="d26138e3295" publication-type="journal">
Ronquillo to Cogolludo, 4 March 1689, Maura, Correspondencia, 1,100.<person-group>
                     <string-name>
                        <surname>Maura</surname>
                     </string-name>
                  </person-group>
                  <fpage>100</fpage>
                  <volume>1</volume>
                  <source>Correspondencia</source>
               </mixed-citation>
            </p>
         </fn>
         <fn id="d26138e3320a1310">
            <label>91</label>
            <p>
               <mixed-citation id="d26138e3327" publication-type="other">
Morke's observation, fn. 17</mixed-citation>
            </p>
         </fn>
         <fn id="d26138e3334a1310">
            <label>92</label>
            <p>
               <mixed-citation id="d26138e3341" publication-type="book">
J. Brewer, The Sinews of Power: War, Money and the English State 1688–1783 (Cambridge
Mass., 1990)<person-group>
                     <string-name>
                        <surname>Brewer</surname>
                     </string-name>
                  </person-group>
                  <source>The Sinews of Power: War, Money and the English State 1688–1783</source>
                  <year>1990</year>
               </mixed-citation>
            </p>
         </fn>
         <fn id="d26138e3367a1310">
            <label>94</label>
            <p>
               <mixed-citation id="d26138e3374" publication-type="other">
Carasa to Keppel, 2 Jan. 1692</mixed-citation>
            </p>
            <p>
               <mixed-citation id="d26138e3380" publication-type="other">
Stratmann to Keppel, 24 Feb. 1692</mixed-citation>
            </p>
            <p>
               <mixed-citation id="d26138e3386" publication-type="other">
Nassau-Saarbruck
to Keppel, 12 April 1696</mixed-citation>
            </p>
            <p>
               <mixed-citation id="d26138e3396" publication-type="other">
Keppel to Marlborough, 20 July 1696, BL Add. ms 63629, fos 17–21,
45–6, 51–2</mixed-citation>
            </p>
         </fn>
         <fn id="d26138e3406a1310">
            <label>95</label>
            <p>
               <mixed-citation id="d26138e3413" publication-type="journal">
28 April1694, Huygens, Journaal, i, 337.<person-group>
                     <string-name>
                        <surname>Huygens</surname>
                     </string-name>
                  </person-group>
                  <issue>28 April</issue>
                  <fpage>337</fpage>
                  <volume>i</volume>
                  <source>Journaal</source>
                  <year>1694</year>
               </mixed-citation>
            </p>
         </fn>
         <fn id="d26138e3445a1310">
            <label>96</label>
            <p>
               <mixed-citation id="d26138e3452" publication-type="other">
Vernon to Stepney, 26 Aug./5 Sept. 1694, NA SP 105–82, fos 235–6</mixed-citation>
            </p>
            <p>
               <mixed-citation id="d26138e3458" publication-type="journal">
Burnet, History, iv,
429<person-group>
                     <string-name>
                        <surname>Burnet</surname>
                     </string-name>
                  </person-group>
                  <fpage>429</fpage>
                  <volume>iv</volume>
                  <source>History</source>
               </mixed-citation>
            </p>
         </fn>
         <fn id="d26138e3487a1310">
            <label>97</label>
            <p>
               <mixed-citation id="d26138e3494" publication-type="book">
W. Troost, Stadhouder-Koning Willem III: Een Politieke Biografie (Hilversum, 2001),
230<person-group>
                     <string-name>
                        <surname>Troost</surname>
                     </string-name>
                  </person-group>
                  <fpage>230</fpage>
                  <source>Stadhouder-Koning Willem III: Een Politieke Biografie</source>
                  <year>2001</year>
               </mixed-citation>
            </p>
         </fn>
         <fn id="d26138e3523a1310">
            <label>98</label>
            <p>
               <mixed-citation id="d26138e3530" publication-type="other">
Despatch Saunière, 6 Dec. 1695, NAG 3.01.19/402.</mixed-citation>
            </p>
         </fn>
         <fn id="d26138e3537a1310">
            <label>99</label>
            <p>
               <mixed-citation id="d26138e3544" publication-type="book">
P. Grimblot (ed.), Letters of William III, and Louis XLV and of their Ministers etc.
1697–1700 (2 vols, 1848), i, 146n<person-group>
                     <string-name>
                        <surname>Grimblot</surname>
                     </string-name>
                  </person-group>
                  <fpage>146n</fpage>
                  <volume>i</volume>
                  <source>Letters of William III, and Louis XLV and of their Ministers etc. 1697–1700</source>
                  <year>1848</year>
               </mixed-citation>
            </p>
         </fn>
         <fn id="d26138e3577a1310">
            <label>100</label>
            <p>
               <mixed-citation id="d26138e3584" publication-type="journal">
Tallard to Louis, 3 Nov. 1698,17 Nov. 1698, Grimblot, Letters, ii, 182-4,188-9.<person-group>
                     <string-name>
                        <surname>Grimblot</surname>
                     </string-name>
                  </person-group>
                  <fpage>182</fpage>
                  <volume>ii</volume>
                  <source>Letters</source>
               </mixed-citation>
            </p>
         </fn>
         <fn id="d26138e3609a1310">
            <label>101</label>
            <p>
               <mixed-citation id="d26138e3616" publication-type="other">
Paul E. J. Hammer, '"Absolute and Sovereign Mistress of her Grace"? Queen Elizabeth
I and her Favourites, 1581–1592', in Elliott and Brockliss, The World of the Favourite</mixed-citation>
            </p>
         </fn>
         <fn id="d26138e3626a1310">
            <label>102</label>
            <p>
               <mixed-citation id="d26138e3633" publication-type="book">
L. G. Schwoerer, No standing Armies! The Antiarmy Ideology in Seventeenth Century England
(Baltimore and London, 1974), 155-87, passim.<person-group>
                     <string-name>
                        <surname>Schwoerer</surname>
                     </string-name>
                  </person-group>
                  <fpage>155</fpage>
                  <source>No standing Armies! The Antiarmy Ideology in Seventeenth Century England</source>
                  <year>1974</year>
               </mixed-citation>
            </p>
         </fn>
         <fn id="d26138e3662a1310">
            <label>103</label>
            <p>
               <mixed-citation id="d26138e3669" publication-type="book">
J. Childs, The British Army of William III 1689–1702 (Manchester, 1987), 200-1.<person-group>
                     <string-name>
                        <surname>Childs</surname>
                     </string-name>
                  </person-group>
                  <fpage>200</fpage>
                  <source>The British Army of William III 1689–1702</source>
                  <year>1987</year>
               </mixed-citation>
            </p>
         </fn>
         <fn id="d26138e3694a1310">
            <label>104</label>
            <p>
               <mixed-citation id="d26138e3701" publication-type="other">
D. Defoe, The True-born Englishman: A Satyr (1701).</mixed-citation>
            </p>
         </fn>
         <fn id="d26138e3708a1310">
            <label>105</label>
            <p>
               <mixed-citation id="d26138e3715" publication-type="other">
Childs, The British Army, 201</mixed-citation>
            </p>
         </fn>
         <fn id="d26138e3723a1310">
            <label>106</label>
            <p>
               <mixed-citation id="d26138e3730" publication-type="other">
Kenyon, Sunderland, 296</mixed-citation>
            </p>
            <p>
               <mixed-citation id="d26138e3736" publication-type="other">
Portiand to Shrewsbury, 4/14 Dec. 1697, HMC, Manuscripts of
the Duke of Buccleugh and Queensberry (2 vols, 1903), II (2), 586</mixed-citation>
            </p>
         </fn>
         <fn id="d26138e3746a1310">
            <label>107</label>
            <p>
               <mixed-citation id="d26138e3753" publication-type="other">
Montagu to Portland, 17 Sept. 1697, NUL Pw A 941</mixed-citation>
            </p>
            <p>
               <mixed-citation id="d26138e3759" publication-type="other">
Somers to Shrewsbury, 15/25 June
1697, in W. Coxe (ed.), Private and Original Correspondence of Charles Talbot, Duke of Shrewsbury
etc. (1821), 483–6</mixed-citation>
            </p>
            <p>
               <mixed-citation id="d26138e3771" publication-type="other">
Somers to Portland, 21 May 1697, NUL Pw A 1182</mixed-citation>
            </p>
            <p>
               <mixed-citation id="d26138e3778" publication-type="other">
Portland to Somers, 14/24
May 1697, Woking, Surrey History Centre, Somers mss, 371/14/K/8</mixed-citation>
            </p>
         </fn>
         <fn id="d26138e3788a1310">
            <label>108</label>
            <p>
               <mixed-citation id="d26138e3795" publication-type="journal">
Portland to William, 13 March 1698, Japikse, Correspondentie, XXIII, 255<person-group>
                     <string-name>
                        <surname>Japikse</surname>
                     </string-name>
                  </person-group>
                  <fpage>255</fpage>
                  <volume>XXIII</volume>
                  <source>Correspondentie</source>
               </mixed-citation>
            </p>
            <p>
               <mixed-citation id="d26138e3819" publication-type="other">
Montagu to
Shrewsbury, 11 Feb. 1698, Coxe, Private Correspondence, 533</mixed-citation>
            </p>
            <p>
               <mixed-citation id="d26138e3828" publication-type="other">
Kenyon, Sunderland, 304</mixed-citation>
            </p>
         </fn>
         <fn id="d26138e3835a1310">
            <label>109</label>
            <p>
               <mixed-citation id="d26138e3842" publication-type="other">
Despatches Bonnet, 21 April/1 May 1699, 12/22 May 1699, 16/26 May 1699, BL Add. ms
30000 C, fos 87,104–7.</mixed-citation>
            </p>
         </fn>
         <fn id="d26138e3852a1310">
            <label>110</label>
            <p>
               <mixed-citation id="d26138e3859" publication-type="other">
Tallard to Louis, 3 May 1699, AMAE CPA 181, fo. 19V.</mixed-citation>
            </p>
         </fn>
         <fn id="d26138e3866a1310">
            <label>111</label>
            <p>
               <mixed-citation id="d26138e3873" publication-type="other">
J. Tutchin, The Foreigners (1700)</mixed-citation>
            </p>
         </fn>
         <fn id="d26138e3881a1310">
            <label>112</label>
            <p>
               <mixed-citation id="d26138e3888" publication-type="book">
English Historical Documents 1660–1714, ed. A. Browning (London and New York, 1966),
viii, 134.<person-group>
                     <string-name>
                        <surname>Browning</surname>
                     </string-name>
                  </person-group>
                  <fpage>134</fpage>
                  <volume>viii</volume>
                  <source>English Historical Documents 1660–1714</source>
                  <year>1966</year>
               </mixed-citation>
            </p>
         </fn>
         <fn id="d26138e3920a1310">
            <label>113</label>
            <p>
               <mixed-citation id="d26138e3927" publication-type="other">
Sunderland to Portland, 20 March 1699, NUL Pw A 1279.</mixed-citation>
            </p>
         </fn>
         <fn id="d26138e3934a1310">
            <label>114</label>
            <p>
               <mixed-citation id="d26138e3941" publication-type="journal">
C. Kirby, 'The Four Lords and the Partition Treaty', American Historical Review, 52
(1946/47), 477-90.<object-id pub-id-type="doi">10.2307/1845076</object-id>
                  <fpage>477</fpage>
               </mixed-citation>
            </p>
         </fn>
         <fn id="d26138e3957a1310">
            <label>115</label>
            <p>
               <mixed-citation id="d26138e3964" publication-type="other">
Bonnet to King, 1/12 April 1701, fo. 121.</mixed-citation>
            </p>
         </fn>
      </fn-group>
   </back>
</article>
