<article dtd-version="1.0" article-type="research-article">
   <front>
      <journal-meta>
         <journal-id xmlns:xlink="http://www.w3.org/1999/xlink" journal-id-type="jstor">englhistrevi</journal-id>
         <journal-id xmlns:xlink="http://www.w3.org/1999/xlink" journal-id-type="jstor">j100150</journal-id>
         <journal-title-group xmlns:xlink="http://www.w3.org/1999/xlink">
            <journal-title>The English Historical Review</journal-title>
         </journal-title-group>
         <publisher>
            <publisher-name>Oxford University Press</publisher-name>
         </publisher>
         <issn xmlns:xlink="http://www.w3.org/1999/xlink" pub-type="ppub">00138266</issn>
         <issn xmlns:xlink="http://www.w3.org/1999/xlink" pub-type="epub">14774534</issn>
      </journal-meta>
      <article-meta>
         <article-id xmlns:xlink="http://www.w3.org/1999/xlink" pub-id-type="jstor">40270380</article-id>
         <article-id pub-id-type="pub-doi">10.1093/ehr/cep144</article-id>
         <title-group>
            <article-title>The German Community in Manchester, Middle-Class Culture and the Development of Mountaineering in Britain, c. 1850-1914</article-title>
         </title-group>
         <contrib-group>
            <contrib>
               <string-name xmlns:xlink="http://www.w3.org/1999/xlink">
                  <given-names>Jonathan</given-names>
                  <surname>Westaway</surname>
               </string-name>
            </contrib>
         </contrib-group>
         <pub-date xmlns:xlink="http://www.w3.org/1999/xlink">
            <day>1</day>
            <month>6</month>
            <year>2009</year>
         </pub-date>
         <volume>124</volume>
         <issue>508</issue>
         <issue-id xmlns:xlink="http://www.w3.org/1999/xlink">i40010614</issue-id>
         <fpage>571</fpage>
         <lpage>604</lpage>
         <permissions>
            <copyright-statement>Copyright 2009 Oxford University Press</copyright-statement>
         </permissions>
         <self-uri xmlns:xlink="http://www.w3.org/1999/xlink"
                   xlink:href="http://www.jstor.org/stable/40270380"/>
         <custom-meta-group xmlns:xlink="http://www.w3.org/1999/xlink">
            <custom-meta>
               <meta-name>lang</meta-name>
               <meta-value>eng</meta-value>
            </custom-meta>
         </custom-meta-group>
      </article-meta>
   </front>
   <back>
      <fn-group xmlns:xlink="http://www.w3.org/1999/xlink">
         <title>[Footnotes]</title>
         <fn id="d4653e113a1310">
            <label>1</label>
            <p>
               <mixed-citation id="d4653e120" publication-type="other">
A.J. Kidd, 'Introduction: The Middle Class in Nineteenth-Century Manchester', in AJ.
Kidd and K.W. Roberts, eds., City, Class and Culture: Studies of Social Policy and Cultural Production
in Victorian Manchester (Manchester, 1985), 1-25 at 5.</mixed-citation>
            </p>
         </fn>
         <fn id="d4653e133a1310">
            <label>2</label>
            <p>
               <mixed-citation id="d4653e140" publication-type="other">
S. Gunn, The Public Culture of the Victorian Middle Class: Ritual and Authority in the English
Industrial City 1840-1914 (Manchester, 2000), 27.</mixed-citation>
            </p>
         </fn>
         <fn id="d4653e150a1310">
            <label>3</label>
            <p>
               <mixed-citation id="d4653e157" publication-type="other">
Ibid., 107.</mixed-citation>
            </p>
         </fn>
         <fn id="d4653e164a1310">
            <label>4</label>
            <p>
               <mixed-citation id="d4653e171" publication-type="other">
H.M. Wach, 'A "Still, Small Voice" from the Pulpit: Religion and the Creation of Social
Morality in Manchester, 1820-1850', Journal of Modern History, lxiii (1991), 425-56, at 426;</mixed-citation>
            </p>
            <p>
               <mixed-citation id="d4653e180" publication-type="other">
J. Seed,
'Unitarianism, Political Economy and the Antinomies of Liberal Culture in Manchester, 1830-50',
Social History, vii (1982), 1-25, at 5.</mixed-citation>
            </p>
         </fn>
         <fn id="d4653e194a1310">
            <label>5</label>
            <p>
               <mixed-citation id="d4653e201" publication-type="other">
Kidd, 'Introduction: The Middle Class in Nineteenth-Century Manchester', 10.</mixed-citation>
            </p>
         </fn>
         <fn id="d4653e208a1310">
            <label>6</label>
            <p>
               <mixed-citation id="d4653e215" publication-type="other">
J.K. Walton, Lancashire: A Social History 1558-1939 (Manchester, 1987), 129-30, 137;</mixed-citation>
            </p>
            <p>
               <mixed-citation id="d4653e221" publication-type="other">
M. Tylecote, 'The Manchester Mechanics' Institution, 1824-50', in D.S.L. Cardwell, ed., Artisan
to Graduate: Essays to Commemorate the Foundation in 1824 of the Manchester Mechanics' Institution,
Now in 1974 the University of Manchester Institute of Science and Technology (Manchester, 1974),
55-86, 58;</mixed-citation>
            </p>
            <p>
               <mixed-citation id="d4653e236" publication-type="other">
M.E. Rose, 'Culture, Philanthropy and the Manchester Middle Classes', in A.J. Kidd
and K.W. Roberts, eds., City, Class and Culture: Studies of Social Policy and Cultural Production in
Victorian Manchester (Manchester, 1985), 103-17;</mixed-citation>
            </p>
            <p>
               <mixed-citation id="d4653e249" publication-type="other">
R.F. Bud, 'The Royal Manchester Institution', in
D.S.L. Cardwell, ed., Artisan to Graduate: Essays to Commemorate the Foundation in 1824 of the
Manchester Mechanics' Institution, Now in 1974 the University of Manchester Institute of Science and
Technology (Manchester, 1974), 119-33, 123.</mixed-citation>
            </p>
         </fn>
         <fn id="d4653e265a1310">
            <label>7</label>
            <p>
               <mixed-citation id="d4653e272" publication-type="other">
Kidd, 'Introduction: The Middle Class in Nineteenth-Century Manchester', 11.</mixed-citation>
            </p>
         </fn>
         <fn id="d4653e279a1310">
            <label>8</label>
            <p>
               <mixed-citation id="d4653e286" publication-type="other">
Ibid., 10.</mixed-citation>
            </p>
         </fn>
         <fn id="d4653e293a1310">
            <label>9</label>
            <p>
               <mixed-citation id="d4653e300" publication-type="other">
Seed, 'Unitarianism, Political Economy and the Antinomies of Liberal Culture in Manchester', 3.</mixed-citation>
            </p>
         </fn>
         <fn id="d4653e307a1310">
            <label>10</label>
            <p>
               <mixed-citation id="d4653e314" publication-type="other">
Ibid., 3.</mixed-citation>
            </p>
         </fn>
         <fn id="d4653e322a1310">
            <label>11</label>
            <p>
               <mixed-citation id="d4653e329" publication-type="other">
P. Panayi, Immigration, Ethnicity and Racism in Britain 1815-1945 (Manchester 1994),
91,92.</mixed-citation>
            </p>
         </fn>
         <fn id="d4653e339a1310">
            <label>12</label>
            <p>
               <mixed-citation id="d4653e346" publication-type="other">
Ibid., 51.</mixed-citation>
            </p>
         </fn>
         <fn id="d4653e353a1310">
            <label>13</label>
            <p>
               <mixed-citation id="d4653e360" publication-type="other">
Ibid., 97-</mixed-citation>
            </p>
         </fn>
         <fn id="d4653e367a1310">
            <label>14</label>
            <p>
               <mixed-citation id="d4653e374" publication-type="other">
Ibid., 92.</mixed-citation>
            </p>
         </fn>
         <fn id="d4653e381a1310">
            <label>15</label>
            <p>
               <mixed-citation id="d4653e388" publication-type="other">
B. Williams, The Making of Manchester Jewry, 1740-1875 (Manchester, 1985), 169;</mixed-citation>
            </p>
            <p>
               <mixed-citation id="d4653e394" publication-type="other">
P. Panayi, German Immigrants in Britain during the Nineteenth Century 1815-1914 (Oxford,
1995), 102.</mixed-citation>
            </p>
         </fn>
         <fn id="d4653e404a1310">
            <label>16</label>
            <p>
               <mixed-citation id="d4653e411" publication-type="other">
Williams, Making of Manchester Jewry, 11-18.</mixed-citation>
            </p>
         </fn>
         <fn id="d4653e419a1310">
            <label>17</label>
            <p>
               <mixed-citation id="d4653e426" publication-type="other">
Panayi, German Immigrants, 18.</mixed-citation>
            </p>
         </fn>
         <fn id="d4653e433a1310">
            <label>18</label>
            <p>
               <mixed-citation id="d4653e440" publication-type="other">
Williams, Makingof Manchester Jewry, 34, 43.</mixed-citation>
            </p>
         </fn>
         <fn id="d4653e447a1310">
            <label>19</label>
            <p>
               <mixed-citation id="d4653e454" publication-type="other">
Ibid., 102.</mixed-citation>
            </p>
         </fn>
         <fn id="d4653e461a1310">
            <label>20</label>
            <p>
               <mixed-citation id="d4653e468" publication-type="other">
Ibid., 169.</mixed-citation>
            </p>
         </fn>
         <fn id="d4653e475a1310">
            <label>21</label>
            <p>
               <mixed-citation id="d4653e482" publication-type="other">
Panayi, German Immigrants, 102-3.</mixed-citation>
            </p>
         </fn>
         <fn id="d4653e489a1310">
            <label>22</label>
            <p>
               <mixed-citation id="d4653e496" publication-type="other">
Kidd, 'Introduction: The Middle Class in Nineteenth-Century Manchester', 6.</mixed-citation>
            </p>
         </fn>
         <fn id="d4653e504a1310">
            <label>23</label>
            <p>
               <mixed-citation id="d4653e511" publication-type="other">
Gunn, Public Culture, 19.</mixed-citation>
            </p>
         </fn>
         <fn id="d4653e518a1310">
            <label>24</label>
            <p>
               <mixed-citation id="d4653e525" publication-type="other">
Kidd, 'Introduction: The Middle Class in Nineteenth-Century Manchester', 8.</mixed-citation>
            </p>
         </fn>
         <fn id="d4653e532a1310">
            <label>25</label>
            <p>
               <mixed-citation id="d4653e539" publication-type="other">
Williams, Making of Manchester Jewry, 92.</mixed-citation>
            </p>
         </fn>
         <fn id="d4653e546a1310">
            <label>26</label>
            <p>
               <mixed-citation id="d4653e553" publication-type="other">
B. Williams, The Anti-Semitism of Tolerance: Middle-Class Manchester and the Jews
1870-1900', in A.J. Kidd and K.W Roberts, eds., City, Class and Culture: Studies of Social Policy
and Cultural Production in Victorian Manchester (Manchester, 1985), 75-102;</mixed-citation>
            </p>
            <p>
               <mixed-citation id="d4653e565" publication-type="other">
K. Chorley,
Manchester Made Them (London, 1950), 135.</mixed-citation>
            </p>
         </fn>
         <fn id="d4653e575a1310">
            <label>27</label>
            <p>
               <mixed-citation id="d4653e582" publication-type="other">
Williams, Making of Manchester Jewry, 260.</mixed-citation>
            </p>
         </fn>
         <fn id="d4653e589a1310">
            <label>28</label>
            <p>
               <mixed-citation id="d4653e596" publication-type="other">
Ibid., 156.</mixed-citation>
            </p>
         </fn>
         <fn id="d4653e604a1310">
            <label>29</label>
            <p>
               <mixed-citation id="d4653e611" publication-type="other">
Ibid., 168.</mixed-citation>
            </p>
         </fn>
         <fn id="d4653e618a1310">
            <label>30</label>
            <p>
               <mixed-citation id="d4653e625" publication-type="other">
Ibid., 86.</mixed-citation>
            </p>
         </fn>
         <fn id="d4653e632a1310">
            <label>31</label>
            <p>
               <mixed-citation id="d4653e639" publication-type="other">
C. Clark, Iron Kingdom: The Rise and Downfall of Prussia, 1600- 1947 (London, 2006), 56.</mixed-citation>
            </p>
         </fn>
         <fn id="d4653e646a1310">
            <label>32</label>
            <p>
               <mixed-citation id="d4653e653" publication-type="other">
N. Annan, Leslie Stephen: The Godless Victorian (New York, 1984), 205-6.</mixed-citation>
            </p>
         </fn>
         <fn id="d4653e660a1310">
            <label>33</label>
            <p>
               <mixed-citation id="d4653e667" publication-type="other">
J. Brewer, 'City Lights', New York Review of Books, 11 May 2006, 18-21 at 20.</mixed-citation>
            </p>
         </fn>
         <fn id="d4653e674a1310">
            <label>34</label>
            <p>
               <mixed-citation id="d4653e681" publication-type="other">
Williams, Making of Manchester Jewry, 44.</mixed-citation>
            </p>
         </fn>
         <fn id="d4653e689a1310">
            <label>35</label>
            <p>
               <mixed-citation id="d4653e696" publication-type="other">
Clark, Iron Kingdom, 431.</mixed-citation>
            </p>
         </fn>
         <fn id="d4653e703a1310">
            <label>36</label>
            <p>
               <mixed-citation id="d4653e710" publication-type="other">
A. Hopkinson, Penultima (London, 1930), 23.</mixed-citation>
            </p>
         </fn>
         <fn id="d4653e717a1310">
            <label>37</label>
            <p>
               <mixed-citation id="d4653e724" publication-type="other">
N. Cardus, 'Music in Manchester', in W.H. Brindley, éd., The Soul of 'Manchester (Wakefield,
1974), 176-83 at 177.</mixed-citation>
            </p>
         </fn>
         <fn id="d4653e734a1310">
            <label>38</label>
            <p>
               <mixed-citation id="d4653e741" publication-type="other">
Panayi, German Immigrants, 180.</mixed-citation>
            </p>
         </fn>
         <fn id="d4653e748a1310">
            <label>39</label>
            <p>
               <mixed-citation id="d4653e755" publication-type="other">
Gunn, Public Culture, 28-9.</mixed-citation>
            </p>
         </fn>
         <fn id="d4653e762a1310">
            <label>40</label>
            <p>
               <mixed-citation id="d4653e769" publication-type="other">
Panayi, German Immigrants, 102-3.</mixed-citation>
            </p>
         </fn>
         <fn id="d4653e777a1310">
            <label>41</label>
            <p>
               <mixed-citation id="d4653e784" publication-type="other">
Williams, Making of Manchester Jewry, 41.</mixed-citation>
            </p>
         </fn>
         <fn id="d4653e791a1310">
            <label>42</label>
            <p>
               <mixed-citation id="d4653e798" publication-type="other">
Rose, 'Culture, Philanthropy and the Manchester Middle Classes', 103-17 at 112.</mixed-citation>
            </p>
         </fn>
         <fn id="d4653e805a1310">
            <label>43</label>
            <p>
               <mixed-citation id="d4653e812" publication-type="other">
Williams, Making of Manchester Jewry, 77, 93.</mixed-citation>
            </p>
         </fn>
         <fn id="d4653e819a1310">
            <label>44</label>
            <p>
               <mixed-citation id="d4653e826" publication-type="other">
Ibid., 169.</mixed-citation>
            </p>
         </fn>
         <fn id="d4653e833a1310">
            <label>45</label>
            <p>
               <mixed-citation id="d4653e840" publication-type="other">
W.O. Henderson, The Life of Friedrich Engels: Volume One (London, 1976), 229.</mixed-citation>
            </p>
         </fn>
         <fn id="d4653e847a1310">
            <label>46</label>
            <p>
               <mixed-citation id="d4653e854" publication-type="other">
Ibid., 229.</mixed-citation>
            </p>
         </fn>
         <fn id="d4653e862a1310">
            <label>47</label>
            <p>
               <mixed-citation id="d4653e869" publication-type="other">
Ibid., 226-7;</mixed-citation>
            </p>
            <p>
               <mixed-citation id="d4653e875" publication-type="other">
Panayi, German Immigrants, 188.</mixed-citation>
            </p>
         </fn>
         <fn id="d4653e882a1310">
            <label>48</label>
            <p>
               <mixed-citation id="d4653e889" publication-type="other">
Ibid., 188.</mixed-citation>
            </p>
         </fn>
         <fn id="d4653e896a1310">
            <label>49</label>
            <p>
               <mixed-citation id="d4653e903" publication-type="other">
Williams, Making of Manchester Jewry, 169.</mixed-citation>
            </p>
         </fn>
         <fn id="d4653e910a1310">
            <label>50</label>
            <p>
               <mixed-citation id="d4653e917" publication-type="other">
D. Ayerst, Guardian: Biography of a Newspaper (London, 1971), 190.</mixed-citation>
            </p>
         </fn>
         <fn id="d4653e924a1310">
            <label>51</label>
            <p>
               <mixed-citation id="d4653e931" publication-type="other">
O. Elton, C. E. Montague: A Memoir (London, 1929), 27.</mixed-citation>
            </p>
         </fn>
         <fn id="d4653e938a1310">
            <label>52</label>
            <p>
               <mixed-citation id="d4653e945" publication-type="other">
N. Cardus, Second Innings: More Autobiography (London, 1950), 7.</mixed-citation>
            </p>
         </fn>
         <fn id="d4653e953a1310">
            <label>53</label>
            <p>
               <mixed-citation id="d4653e960" publication-type="other">
Gunn, Public Culture, 26.</mixed-citation>
            </p>
         </fn>
         <fn id="d4653e967a1310">
            <label>54</label>
            <p>
               <mixed-citation id="d4653e974" publication-type="other">
Panayi, German Immigrants, 129.</mixed-citation>
            </p>
         </fn>
         <fn id="d4653e981a1310">
            <label>55</label>
            <p>
               <mixed-citation id="d4653e988" publication-type="other">
Neville Cardus, Autobiography (London, 1947), 48-</mixed-citation>
            </p>
         </fn>
         <fn id="d4653e995a1310">
            <label>56</label>
            <p>
               <mixed-citation id="d4653e1002" publication-type="other">
Ayerst, Guardian, 339.</mixed-citation>
            </p>
         </fn>
         <fn id="d4653e1009a1310">
            <label>57</label>
            <p>
               <mixed-citation id="d4653e1016" publication-type="other">
A.N. Wilson, The Victorians (London, 2002), 348-52.</mixed-citation>
            </p>
         </fn>
         <fn id="d4653e1023a1310">
            <label>58</label>
            <p>
               <mixed-citation id="d4653e1030" publication-type="other">
Chorley, Manchester Made Them, 117-18.</mixed-citation>
            </p>
         </fn>
         <fn id="d4653e1038a1310">
            <label>59</label>
            <p>
               <mixed-citation id="d4653e1045" publication-type="other">
Hopkinson, Penultima, 18-27.</mixed-citation>
            </p>
         </fn>
         <fn id="d4653e1052a1310">
            <label>60</label>
            <p>
               <mixed-citation id="d4653e1059" publication-type="other">
Chorley, Manchester Made Them, 231-2.</mixed-citation>
            </p>
         </fn>
         <fn id="d4653e1066a1310">
            <label>61</label>
            <p>
               <mixed-citation id="d4653e1073" publication-type="other">
Panayi, German Immigrants, 135.</mixed-citation>
            </p>
         </fn>
         <fn id="d4653e1080a1310">
            <label>62</label>
            <p>
               <mixed-citation id="d4653e1087" publication-type="other">
H.B. Charlton, Portrait of a University 1851-1951: To Commemorate the Centenary of
Manchester University (Manchester, 1951), 4.</mixed-citation>
            </p>
         </fn>
         <fn id="d4653e1097a1310">
            <label>63</label>
            <p>
               <mixed-citation id="d4653e1104" publication-type="other">
R.J. Howarth, 'Schuster, Sir Arthur [Formerly Franz Arthur Friedrich] (1851-1934)',
O[xford] Dictionary of] N[ational] B[iography], (Oxford, 2004);</mixed-citation>
            </p>
            <p>
               <mixed-citation id="d4653e1113" publication-type="other">
R. Davenport-Hines, 'Schuster,
Sir Felix Otto, First Baronet (1854-1936)', ODNB;</mixed-citation>
            </p>
            <p>
               <mixed-citation id="d4653e1122" publication-type="other">
Albert Napier, revised by M. Pottle, 'Schuster,
Claud, Baron Schuster (1868-1956)', ODNB.</mixed-citation>
            </p>
         </fn>
         <fn id="d4653e1132a1310">
            <label>64</label>
            <p>
               <mixed-citation id="d4653e1139" publication-type="other">
Gunn, Public Culture, 19.</mixed-citation>
            </p>
         </fn>
         <fn id="d4653e1147a1310">
            <label>65</label>
            <p>
               <mixed-citation id="d4653e1154" publication-type="other">
W.H. Brock, 'Tyndall, John (1820-1893)', ODNB (Oxford, 2004).</mixed-citation>
            </p>
         </fn>
         <fn id="d4653e1161a1310">
            <label>66</label>
            <p>
               <mixed-citation id="d4653e1168" publication-type="other">
R.H. Kargon, 'Roscoe, Sir Henry Enfield (1833-1915), ODNB (Oxford, 2004).</mixed-citation>
            </p>
         </fn>
         <fn id="d4653e1175a1310">
            <label>67</label>
            <p>
               <mixed-citation id="d4653e1182" publication-type="other">
D.M. Farrar and A.J. Pacey, 'Aspects of the German Tradition in Technical Education', in
D.S.L. Cardwell, ed., Artisan to Graduate: Essays to Commemorate the Foundation in 1824 of the
Manchester Mechanics' Institution, Now in 1974 the University of Manchester Institute of Science and
Technology (Manchester, 1974), 11-22, at 11.</mixed-citation>
            </p>
            <p>
               <mixed-citation id="d4653e1197" publication-type="other">
M.J. Cruickshank, 'From Mechanics' Institution to Technical School, 1850-92', in D.S.L.
Cardwell, ed., Artisan to Graduate: Essays to Commemorate the Foundation in 1824 of the Manchester
Mechanics Institution, Now in 1974 the University of Manchester Institute of Science and Technology
(Manchester, 1974), 134-56, at 146.</mixed-citation>
            </p>
         </fn>
         <fn id="d4653e1213a1310">
            <label>68</label>
            <p>
               <mixed-citation id="d4653e1220" publication-type="other">
Charlton, Portrait of a University, 67.</mixed-citation>
            </p>
         </fn>
         <fn id="d4653e1227a1310">
            <label>69</label>
            <p>
               <mixed-citation id="d4653e1234" publication-type="other">
Ibid., 67.</mixed-citation>
            </p>
         </fn>
         <fn id="d4653e1241a1310">
            <label>70</label>
            <p>
               <mixed-citation id="d4653e1248" publication-type="other">
W.R. Ward, Victorian Oxford (London, 1965), 126.</mixed-citation>
            </p>
         </fn>
         <fn id="d4653e1256a1310">
            <label>71</label>
            <p>
               <mixed-citation id="d4653e1263" publication-type="other">
Hopkinson, Penultima, 243, 244.</mixed-citation>
            </p>
         </fn>
         <fn id="d4653e1270a1310">
            <label>72</label>
            <p>
               <mixed-citation id="d4653e1277" publication-type="other">
Tylecote, 'The Manchester Mechanics' Institution, 1824-50', 58.</mixed-citation>
            </p>
         </fn>
         <fn id="d4653e1284a1310">
            <label>73</label>
            <p>
               <mixed-citation id="d4653e1291" publication-type="other">
M. Tylecote, The Mechanics' Institutes of Lancashire and Yorkshire before i8$i (Manchester,
1957), 160.</mixed-citation>
            </p>
         </fn>
         <fn id="d4653e1301a1310">
            <label>74</label>
            <p>
               <mixed-citation id="d4653e1308" publication-type="other">
Tylecote, The Manchester Mechanics' Institution, 1824-50', 70.</mixed-citation>
            </p>
         </fn>
         <fn id="d4653e1315a1310">
            <label>75</label>
            <p>
               <mixed-citation id="d4653e1322" publication-type="other">
J.A. Mangan, Athleticism in the Victorian and Edwardian Public School (London, 2000),
54-65.</mixed-citation>
            </p>
         </fn>
         <fn id="d4653e1332a1310">
            <label>76</label>
            <p>
               <mixed-citation id="d4653e1339" publication-type="other">
Tylecote, Mechanics' Institutes of Lancashire and Yorkshire, 28.</mixed-citation>
            </p>
         </fn>
         <fn id="d4653e1347a1310">
            <label>77</label>
            <p>
               <mixed-citation id="d4653e1354" publication-type="other">
Cruickshank, 'From Mechanics' Institution to Technical School', 137-8.</mixed-citation>
            </p>
         </fn>
         <fn id="d4653e1361a1310">
            <label>78</label>
            <p>
               <mixed-citation id="d4653e1368" publication-type="other">
Ibid., 139.</mixed-citation>
            </p>
         </fn>
         <fn id="d4653e1375a1310">
            <label>79</label>
            <p>
               <mixed-citation id="d4653e1382" publication-type="other">
Ibid., 139.</mixed-citation>
            </p>
         </fn>
         <fn id="d4653e1389a1310">
            <label>80</label>
            <p>
               <mixed-citation id="d4653e1396" publication-type="other">
Ibid., 140-1.</mixed-citation>
            </p>
         </fn>
         <fn id="d4653e1403a1310">
            <label>81</label>
            <p>
               <mixed-citation id="d4653e1410" publication-type="other">
Henderson, Life of Friedrich Engels, 227.</mixed-citation>
            </p>
         </fn>
         <fn id="d4653e1417a1310">
            <label>82</label>
            <p>
               <mixed-citation id="d4653e1424" publication-type="other">
Panayi, German Immigrants, 189.</mixed-citation>
            </p>
         </fn>
         <fn id="d4653e1432a1310">
            <label>83</label>
            <p>
               <mixed-citation id="d4653e1439" publication-type="other">
Leopold Katscher, 'German Life in London', The Nineteenth Century, May 1887, 726-41, at
729;</mixed-citation>
            </p>
            <p>
               <mixed-citation id="d4653e1448" publication-type="other">
Panayi, German Immigrants, 186-7.</mixed-citation>
            </p>
         </fn>
         <fn id="d4653e1455a1310">
            <label>84</label>
            <p>
               <mixed-citation id="d4653e1462" publication-type="other">
E. Baigent, 'Ravenstein, Ernst Georg (1834-1913)', ODNB (Oxford, 2004).</mixed-citation>
            </p>
         </fn>
         <fn id="d4653e1469a1310">
            <label>85</label>
            <p>
               <mixed-citation id="d4653e1476" publication-type="other">
D.C. Young, 'Mens Sana in Corpore Sano? Body and Mind in Ancient Greece', The
International Journal of the History of Sport, xx (2005), 22-41, at 33.</mixed-citation>
            </p>
         </fn>
         <fn id="d4653e1486a1310">
            <label>86</label>
            <p>
               <mixed-citation id="d4653e1493" publication-type="other">
I. Weiler, 'The Living Legacy: Classical Sport and Nineteenth-Century Middle-Class
Commentators of the German-Speaking Nations', in J.A. Mangan, ed., The European Sports
History Review, iv: Reformers, Sport, Modernizers: Middle-Class Revolutionaries (London,
2002), 9-34, at 10;</mixed-citation>
            </p>
            <p>
               <mixed-citation id="d4653e1508" publication-type="other">
C. Eisenberg, 'Charismatic National Leader: Turnvater Jahn', in R. Holt,
J.A. Mangan and P. Lanfranchi, eds., European Heroes: Myth, Identity, Sport (London, 1996),
24.</mixed-citation>
            </p>
         </fn>
         <fn id="d4653e1521a1310">
            <label>87</label>
            <p>
               <mixed-citation id="d4653e1528" publication-type="other">
J. Lowerson, Sport and the English Middle Classes 1870-1914 (Manchester, 1995), 97.</mixed-citation>
            </p>
         </fn>
         <fn id="d4653e1535a1310">
            <label>88</label>
            <p>
               <mixed-citation id="d4653e1542" publication-type="other">
Weiler, The Living Legacy , 11.</mixed-citation>
            </p>
         </fn>
         <fn id="d4653e1550a1310">
            <label>89</label>
            <p>
               <mixed-citation id="d4653e1557" publication-type="other">
Ibid., 16.</mixed-citation>
            </p>
         </fn>
         <fn id="d4653e1564a1310">
            <label>90</label>
            <p>
               <mixed-citation id="d4653e1571" publication-type="other">
Young, 'Mens Sana in Corpore SanoV, 33.</mixed-citation>
            </p>
         </fn>
         <fn id="d4653e1578a1310">
            <label>91</label>
            <p>
               <mixed-citation id="d4653e1585" publication-type="other">
Eisenberg, Charismatic National Leader , 14-27.</mixed-citation>
            </p>
         </fn>
         <fn id="d4653e1592a1310">
            <label>92</label>
            <p>
               <mixed-citation id="d4653e1599" publication-type="other">
C. Lees, Mind, Body, Spirit: A History of the Manchester YMCA (London, 1996), 45.</mixed-citation>
            </p>
         </fn>
         <fn id="d4653e1606a1310">
            <label>93</label>
            <p>
               <mixed-citation id="d4653e1613" publication-type="other">
Ibid., 46.</mixed-citation>
            </p>
         </fn>
         <fn id="d4653e1620a1310">
            <label>94</label>
            <p>
               <mixed-citation id="d4653e1627" publication-type="other">
R. Snape, 'The Co-operative Holidays Association and the Cultural Formation of
Countryside Leisure Practice', Leisure Studies, xxiii (2004), 143-58;</mixed-citation>
            </p>
            <p>
               <mixed-citation id="d4653e1636" publication-type="other">
Alexander Gordon, revised by
R. Tudur Jones, 'Paton, John Brown (1830-1911)', ODNB (Oxford, 2004);</mixed-citation>
            </p>
            <p>
               <mixed-citation id="d4653e1645" publication-type="other">
J.L. Paton, John Brown
Paton: A Biography (London, 1914), 212-34.</mixed-citation>
            </p>
         </fn>
         <fn id="d4653e1656a1310">
            <label>95</label>
            <p>
               <mixed-citation id="d4653e1663" publication-type="other">
J. Coatman, revised by M.C. Curthoys, 'Paton, John Lewis Alexander (1863-1946)', ODNB
(Oxford, 2004).</mixed-citation>
            </p>
         </fn>
         <fn id="d4653e1673a1310">
            <label>96</label>
            <p>
               <mixed-citation id="d4653e1680" publication-type="other">
'Manchester Athletes', The Penny Illustrated, 6 Aug. 1870, 14.</mixed-citation>
            </p>
         </fn>
         <fn id="d4653e1687a1310">
            <label>97</label>
            <p>
               <mixed-citation id="d4653e1694" publication-type="other">
A. Hankinson, A Century on the Crags: The Story of Rock Climbing in the Lake District
(London, 1988), 47.</mixed-citation>
            </p>
         </fn>
         <fn id="d4653e1704a1310">
            <label>98</label>
            <p>
               <mixed-citation id="d4653e1711" publication-type="other">
J. Gill, The Origins of Bouldering', www.johngill.net; http://www128.pair.com/r3d4k7/
Oscar%2oEckenstein.html.</mixed-citation>
            </p>
         </fn>
         <fn id="d4653e1721a1310">
            <label>99</label>
            <p>
               <mixed-citation id="d4653e1728" publication-type="other">
T.S. Blakeney and D.EO. Dangar, 'Oscar Eckenstein, 1859-1921', The Alpine Journal, lxv
(1960), 62-79.</mixed-citation>
            </p>
         </fn>
         <fn id="d4653e1738a1310">
            <label>100</label>
            <p>
               <mixed-citation id="d4653e1745" publication-type="other">
'The German Gymnasium', The Times, 30 Jan. 1865, 5.</mixed-citation>
            </p>
         </fn>
         <fn id="d4653e1753a1310">
            <label>101</label>
            <p>
               <mixed-citation id="d4653e1760" publication-type="other">
M. Booth, A Magick Life: A Biography of Aleister Crowley (London, 2000), 70-1.</mixed-citation>
            </p>
         </fn>
         <fn id="d4653e1767a1310">
            <label>102</label>
            <p>
               <mixed-citation id="d4653e1774" publication-type="other">
M. Pottle, 'Sandow, Eugen (1867-1925)', ODNB (Oxford, 2004).</mixed-citation>
            </p>
         </fn>
         <fn id="d4653e1781a1310">
            <label>103</label>
            <p>
               <mixed-citation id="d4653e1788" publication-type="other">
Lowerson, Sport and the English Middle Classes, 90.</mixed-citation>
            </p>
         </fn>
         <fn id="d4653e1795a1310">
            <label>104</label>
            <p>
               <mixed-citation id="d4653e1802" publication-type="other">
Hankinson, Century on the Crags, 35.</mixed-citation>
            </p>
         </fn>
         <fn id="d4653e1809a1310">
            <label>105</label>
            <p>
               <mixed-citation id="d4653e1816" publication-type="other">
Ibid., 56.</mixed-citation>
            </p>
         </fn>
         <fn id="d4653e1823a1310">
            <label>106</label>
            <p>
               <mixed-citation id="d4653e1830" publication-type="other">
R. Ashton, Little Germany: Exile at Asylum in Victorian Britain (Oxford, 1986), 180.</mixed-citation>
            </p>
         </fn>
         <fn id="d4653e1838a1310">
            <label>107</label>
            <p>
               <mixed-citation id="d4653e1845" publication-type="other">
R. Ashton, 'Meysenbug, Baroness Malwida Rivalier von (1816-1903)', ODNB (Oxford,
2004).</mixed-citation>
            </p>
         </fn>
         <fn id="d4653e1855a1310">
            <label>108</label>
            <p>
               <mixed-citation id="d4653e1862" publication-type="other">
J. Uglow, Elizabeth Gaskell (London, 1993), 161.</mixed-citation>
            </p>
         </fn>
         <fn id="d4653e1869a1310">
            <label>109</label>
            <p>
               <mixed-citation id="d4653e1876" publication-type="other">
P. Waddington, 'Schwabe [Married Name Salis-Schwabe] Julia [Julie; Ricke Rosetta]
(1818-1896)', ODNB (Oxford, 2004);</mixed-citation>
            </p>
            <p>
               <mixed-citation id="d4653e1885" publication-type="other">
B. Williams, 'Schwabe, Salis (1800-1853), ODNB (Oxford,
2004).</mixed-citation>
            </p>
         </fn>
         <fn id="d4653e1895a1310">
            <label>110</label>
            <p>
               <mixed-citation id="d4653e1902" publication-type="other">
Waddington, 'Schwabe [married name Salis-Schwabe] Julia [Julie; Ricke Rosetta] (1818-1896)'.</mixed-citation>
            </p>
         </fn>
         <fn id="d4653e1909a1310">
            <label>111</label>
            <p>
               <mixed-citation id="d4653e1916" publication-type="other">
A.B. Robertson, 'Manchester, Owens College and the Higher Education of Women: "A
Large Hole for the Cat and a Small One for the Kitten"', Bulletin of the John Rylands University
Library of Manchester, lxxvii (1995), 201-20 at 203.</mixed-citation>
            </p>
            <p>
               <mixed-citation id="d4653e1928" publication-type="other">
Williams, Making of Manchester Jewry, 197.</mixed-citation>
            </p>
         </fn>
         <fn id="d4653e1935a1310">
            <label>112</label>
            <p>
               <mixed-citation id="d4653e1942" publication-type="other">
Hopkinson, Penultima, 233.</mixed-citation>
            </p>
         </fn>
         <fn id="d4653e1950a1310">
            <label>113</label>
            <p>
               <mixed-citation id="d4653e1957" publication-type="other">
M.E. Sadler, revised by M.C. Curthoys, 'Herford, William Henry (1820-1908)', ODNB
(Oxford, 2004).</mixed-citation>
            </p>
         </fn>
         <fn id="d4653e1967a1310">
            <label>114</label>
            <p>
               <mixed-citation id="d4653e1974" publication-type="other">
Anonymous, The Castle Howell School Record, Comprising a List of pupils from we Beginning,
Papers on the Origin, Name, and Changes, by Principals, and Miscellaneous Articles Contributed by
Old Boys (Lancaster, 1888), xxix, lxvii.</mixed-citation>
            </p>
         </fn>
         <fn id="d4653e1987a1310">
            <label>115</label>
            <p>
               <mixed-citation id="d4653e1994" publication-type="other">
Ibid., lvii, lix.</mixed-citation>
            </p>
         </fn>
         <fn id="d4653e2001a1310">
            <label>116</label>
            <p>
               <mixed-citation id="d4653e2008" publication-type="other">
Anon., The Castle Howell School Record, xx.</mixed-citation>
            </p>
            <p>
               <mixed-citation id="d4653e2014" publication-type="other">
Castle Howell
School in his ODNB entry. S. Buder, 'Marshall, Arthur Milnes (1852-1893)', ODNB (Oxford, 2004).</mixed-citation>
            </p>
         </fn>
         <fn id="d4653e2024a1310">
            <label>117</label>
            <p>
               <mixed-citation id="d4653e2031" publication-type="other">
Sadler 'Herford, William Henry (1820-1908)'.</mixed-citation>
            </p>
         </fn>
         <fn id="d4653e2038a1310">
            <label>118</label>
            <p>
               <mixed-citation id="d4653e2045" publication-type="other">
K. Treacher, Siegfried Herford: An Edwardian Rock Climber (Ty Croes, 2000), 25.</mixed-citation>
            </p>
         </fn>
         <fn id="d4653e2053a1310">
            <label>119</label>
            <p>
               <mixed-citation id="d4653e2060" publication-type="other">
Ibid., p.24.</mixed-citation>
            </p>
         </fn>
         <fn id="d4653e2067a1310">
            <label>120</label>
            <p>
               <mixed-citation id="d4653e2074" publication-type="other">
C. Yeldham, 'Herford Anne Laura (1831-1870)', ODNB (Oxford, 2004).</mixed-citation>
            </p>
         </fn>
         <fn id="d4653e2081a1310">
            <label>121</label>
            <p>
               <mixed-citation id="d4653e2088" publication-type="other">
The Castle Howell School Record, xxvii.</mixed-citation>
            </p>
         </fn>
         <fn id="d4653e2095a1310">
            <label>122</label>
            <p>
               <mixed-citation id="d4653e2102" publication-type="other">
Hankinson, Century on the Crags, 87.</mixed-citation>
            </p>
         </fn>
         <fn id="d4653e2109a1310">
            <label>123</label>
            <p>
               <mixed-citation id="d4653e2116" publication-type="other">
Treacher, Siegfried Herford, 15.</mixed-citation>
            </p>
         </fn>
         <fn id="d4653e2123a1310">
            <label>124</label>
            <p>
               <mixed-citation id="d4653e2130" publication-type="other">
Uglow, Elizabeth Gaskell, 274.</mixed-citation>
            </p>
         </fn>
         <fn id="d4653e2138a1310">
            <label>125</label>
            <p>
               <mixed-citation id="d4653e2145" publication-type="other">
Treacher, Siegfried Herford, 33;</mixed-citation>
            </p>
            <p>
               <mixed-citation id="d4653e2151" publication-type="other">
Coatman, Paton, John Lewis Alexander (1863-1946)'.</mixed-citation>
            </p>
         </fn>
         <fn id="d4653e2158a1310">
            <label>126</label>
            <p>
               <mixed-citation id="d4653e2165" publication-type="other">
Treacher, Siegfried Herford, 35-44.</mixed-citation>
            </p>
         </fn>
         <fn id="d4653e2172a1310">
            <label>127</label>
            <p>
               <mixed-citation id="d4653e2179" publication-type="other">
H.L Brereton, Gordonstoun: Ancient Estate and Modern School (Edinburgh, 1968), 134-5,
143-6.</mixed-citation>
            </p>
         </fn>
         <fn id="d4653e2189a1310">
            <label>128</label>
            <p>
               <mixed-citation id="d4653e2196" publication-type="other">
Cardus, Second Innings, 124.</mixed-citation>
            </p>
         </fn>
         <fn id="d4653e2203a1310">
            <label>129</label>
            <p>
               <mixed-citation id="d4653e2210" publication-type="other">
Richard Wagner, Letter to August Roeckel, 1854, http://www.music-with-ease.com/
siegfried-waener.html.</mixed-citation>
            </p>
         </fn>
         <fn id="d4653e2220a1310">
            <label>130</label>
            <p>
               <mixed-citation id="d4653e2227" publication-type="other">
Elton, C. E. Montague, 127.</mixed-citation>
            </p>
         </fn>
         <fn id="d4653e2235a1310">
            <label>131</label>
            <p>
               <mixed-citation id="d4653e2242" publication-type="other">
Treacher, Siegfried Herford, 58.</mixed-citation>
            </p>
         </fn>
         <fn id="d4653e2249a1310">
            <label>132</label>
            <p>
               <mixed-citation id="d4653e2256" publication-type="other">
Gunn, Public Culture, 27.</mixed-citation>
            </p>
         </fn>
         <fn id="d4653e2263a1310">
            <label>133</label>
            <p>
               <mixed-citation id="d4653e2270" publication-type="other">
N. Boyle, 'Introduction, to/ W. von Goethe: Selected Works (1999), xxxi.</mixed-citation>
            </p>
         </fn>
         <fn id="d4653e2277a1310">
            <label>134</label>
            <p>
               <mixed-citation id="d4653e2284" publication-type="other">
J.H. Westaway, 'Mountaineering and the Re-enchantment of Modernity: C.L Montague
and the Promotion of the Outdoor Movement in the Manchester Guardian 1890-1925' Historical
Journal (forthcoming).</mixed-citation>
            </p>
         </fn>
         <fn id="d4653e2297a1310">
            <label>135</label>
            <p>
               <mixed-citation id="d4653e2304" publication-type="other">
P.H. Hansen, 'Albert Smith, the Alpine Club, and the Invention of Mountaineering in
Mid- Victorian Britain' ', Journal of British Studies, xxxiv (1995), 300-24, at 301.</mixed-citation>
            </p>
         </fn>
         <fn id="d4653e2314a1310">
            <label>136</label>
            <p>
               <mixed-citation id="d4653e2321" publication-type="other">
Ibid., 302.</mixed-citation>
            </p>
         </fn>
         <fn id="d4653e2329a1310">
            <label>137</label>
            <p>
               <mixed-citation id="d4653e2336" publication-type="other">
P.H. Hansen, 'Modern Mountains: The Performative Consciousness of Modernity in
Britain 1870-1940', in MJ. Daunton and B. Rieger, eds., Meaning and Modernity: Britain in the
Age of Imperialism and World Wars (Oxford, 2001), 185-202, at 187.</mixed-citation>
            </p>
         </fn>
         <fn id="d4653e2349a1310">
            <label>138</label>
            <p>
               <mixed-citation id="d4653e2356" publication-type="other">
Ibid., 186.</mixed-citation>
            </p>
         </fn>
         <fn id="d4653e2363a1310">
            <label>139</label>
            <p>
               <mixed-citation id="d4653e2370" publication-type="other">
Annan, Leslie Stephen, 165-6.</mixed-citation>
            </p>
         </fn>
         <fn id="d4653e2377a1310">
            <label>140</label>
            <p>
               <mixed-citation id="d4653e2384" publication-type="other">
P. Joyce, Visions of the People: Industrial England and the Question of Class, 1848-1914
(Cambridge, 1991), 315.</mixed-citation>
            </p>
         </fn>
         <fn id="d4653e2394a1310">
            <label>141</label>
            <p>
               <mixed-citation id="d4653e2401" publication-type="other">
P. Readman, The Place of the Past in English Culture c.1890-1914 , lJast and Present, clxxxvi
(2005), 147-99' at 149-50.</mixed-citation>
            </p>
         </fn>
      </fn-group>
   </back>
</article>
