<article dtd-version="1.0" article-type="research-article">
   <front>
      <journal-meta>
         <journal-id xmlns:xlink="http://www.w3.org/1999/xlink" journal-id-type="jstor">englhistrevi</journal-id>
         <journal-id xmlns:xlink="http://www.w3.org/1999/xlink" journal-id-type="jstor">j100150</journal-id>
         <journal-title-group xmlns:xlink="http://www.w3.org/1999/xlink">
            <journal-title>The English Historical Review</journal-title>
         </journal-title-group>
         <publisher>
            <publisher-name>Oxford University Press</publisher-name>
         </publisher>
         <issn xmlns:xlink="http://www.w3.org/1999/xlink" pub-type="ppub">00138266</issn>
         <issn xmlns:xlink="http://www.w3.org/1999/xlink" pub-type="epub">14774534</issn>
      </journal-meta>
      <article-meta>
         <article-id xmlns:xlink="http://www.w3.org/1999/xlink" pub-id-type="jstor">40270378</article-id>
         <article-id pub-id-type="pub-doi">10.1093/ehr/cep145</article-id>
         <title-group>
            <article-title>History and Hagiography in the Late Eleventh Century: The Life and Work of Herman the Archdeacon, Monk of Bury St Edmunds</article-title>
         </title-group>
         <contrib-group>
            <contrib>
               <string-name xmlns:xlink="http://www.w3.org/1999/xlink">
                  <given-names>Tom</given-names>
                  <surname>Licence</surname>
               </string-name>
            </contrib>
         </contrib-group>
         <pub-date xmlns:xlink="http://www.w3.org/1999/xlink">
            <day>1</day>
            <month>6</month>
            <year>2009</year>
         </pub-date>
         <volume>124</volume>
         <issue>508</issue>
         <issue-id xmlns:xlink="http://www.w3.org/1999/xlink">i40010614</issue-id>
         <fpage>516</fpage>
         <lpage>544</lpage>
         <permissions>
            <copyright-statement>Copyright 2009 Oxford University Press</copyright-statement>
         </permissions>
         <self-uri xmlns:xlink="http://www.w3.org/1999/xlink"
                   xlink:href="http://www.jstor.org/stable/40270378"/>
         <custom-meta-group xmlns:xlink="http://www.w3.org/1999/xlink">
            <custom-meta>
               <meta-name>lang</meta-name>
               <meta-value>eng</meta-value>
            </custom-meta>
         </custom-meta-group>
      </article-meta>
   </front>
   <back>
      <fn-group xmlns:xlink="http://www.w3.org/1999/xlink">
         <title>[Footnotes]</title>
         <fn id="d4959e113a1310">
            <label>1</label>
            <p>
               <mixed-citation id="d4959e120" publication-type="other">
R.J. Rushforth, 'The Eleventh- and Early Twelfth-Century Manuscripts of
Bury St Edmunds Abbey' (Univ. of Cambridge Ph.D. thesis, 2002).</mixed-citation>
            </p>
         </fn>
         <fn id="d4959e130a1310">
            <label>2</label>
            <p>
               <mixed-citation id="d4959e137" publication-type="other">
R.M. Thomson, 'The Library of
Bury St Edmunds Abbey in the Eleventh and Twelfth Centuries', Speculum, xlvii (1972), 617-45.</mixed-citation>
            </p>
         </fn>
         <fn id="d4959e147a1310">
            <label>3</label>
            <p>
               <mixed-citation id="d4959e154" publication-type="other">
R. Sharpe, 'The Use of Writs in the Eleventh Century', Anglo Saxon England, xxxii (2003),
247-91.</mixed-citation>
            </p>
         </fn>
         <fn id="d4959e164a1310">
            <label>4</label>
            <p>
               <mixed-citation id="d4959e171" publication-type="other">
A. Gransden, ed., Bury St Edmunds: Medieval Art, Architecture and Economy,
British Archaeological Association conference transactions, xx (Leeds, 1998);</mixed-citation>
            </p>
            <p>
               <mixed-citation id="d4959e180" publication-type="other">
T. Licence, 'The
Origins of the Monastic Communities of St Benedict at Holme and Bury St Edmunds', Revue
Bénédictine, cxvi (2006), 42-61.</mixed-citation>
            </p>
         </fn>
         <fn id="d4959e194a1310">
            <label>5</label>
            <p>
               <mixed-citation id="d4959e201" publication-type="other">
R.M. Thomson, 'Two Versions of a Saint's Life from St. Edmunds Abbey',
Revue Bénédictine, lxxxv (1974), 383-408;</mixed-citation>
            </p>
            <p>
               <mixed-citation id="d4959e210" publication-type="other">
A. Gransden, 'The Composition and Authorship of the
De miraculis sancti Edmundi Attributed to "Hermann the Archdeacon"', Journal of Medieval Latin,
v (1995)&gt; 1-52;</mixed-citation>
            </p>
            <p>
               <mixed-citation id="d4959e222" publication-type="other">
S. Yarrow, Saints and Their Communities: Miracle Stories in Twelfth-Century England
(Oxford, 2006).</mixed-citation>
            </p>
         </fn>
         <fn id="d4959e232a1310">
            <label>6</label>
            <p>
               <mixed-citation id="d4959e239" publication-type="other">
F. Liebermann, ed., Ungedruckte Anglo-Normannische Geschichtsquellen
(Strassburg, 1879), 231-81;</mixed-citation>
            </p>
            <p>
               <mixed-citation id="d4959e248" publication-type="other">
T. Arnold, ed., Memorials of St Edmunds
Abbey, Rolls Series, xcvi (3 vols., London, 1890-96), i. 26-92.</mixed-citation>
            </p>
         </fn>
         <fn id="d4959e258a1310">
            <label>7</label>
            <p>
               <mixed-citation id="d4959e265" publication-type="other">
Gransden, 'Composition and Authorship', 29.</mixed-citation>
            </p>
         </fn>
         <fn id="d4959e272a1310">
            <label>8</label>
            <p>
               <mixed-citation id="d4959e279" publication-type="other">
Ibid., 34;</mixed-citation>
            </p>
            <p>
               <mixed-citation id="d4959e285" publication-type="other">
Arnold, Memorials of St Edmunds Abbey, i. 8I,</mixed-citation>
            </p>
         </fn>
         <fn id="d4959e292a1310">
            <label>9</label>
            <p>
               <mixed-citation id="d4959e299" publication-type="other">
Arnold, Memorials of St Edmunds
Abbey, i. 78.</mixed-citation>
            </p>
         </fn>
         <fn id="d4959e309a1310">
            <label>10</label>
            <p>
               <mixed-citation id="d4959e316" publication-type="other">
Liebermann, ed., Ungedruckte, 267, n.68; 227.</mixed-citation>
            </p>
         </fn>
         <fn id="d4959e324a1310">
            <label>11</label>
            <p>
               <mixed-citation id="d4959e331" publication-type="other">
Arnold, Memorials of St Edmunds
Abbey, i. 30.</mixed-citation>
            </p>
         </fn>
         <fn id="d4959e341a1310">
            <label>12</label>
            <p>
               <mixed-citation id="d4959e348" publication-type="other">
ibid., i. 62.</mixed-citation>
            </p>
            <p>
               <mixed-citation id="d4959e354" publication-type="other">
Normandy in the 1070s.</mixed-citation>
            </p>
         </fn>
         <fn id="d4959e361a1310">
            <label>13</label>
            <p>
               <mixed-citation id="d4959e368" publication-type="other">
Arnold, Memorials of St Edmunds
Abbey, i. 63.</mixed-citation>
            </p>
         </fn>
         <fn id="d4959e378a1310">
            <label>14</label>
            <p>
               <mixed-citation id="d4959e385" publication-type="other">
ibid., i. 64;</mixed-citation>
            </p>
            <p>
               <mixed-citation id="d4959e391" publication-type="other">
Herman's advice and embassy, ibid.,
i. 62-3.</mixed-citation>
            </p>
         </fn>
         <fn id="d4959e401a1310">
            <label>15</label>
            <p>
               <mixed-citation id="d4959e408" publication-type="other">
C. Horstmann, ed., Nova legenda
Anglie (2 vols., Oxford, 1901), ii, 592;</mixed-citation>
            </p>
         </fn>
         <fn id="d4959e418a1310">
            <label>16</label>
            <p>
               <mixed-citation id="d4959e425" publication-type="other">
M. Chibnall, ed., The Ecclesiastical History
of Orderic Vitalis (6 vols., Oxford, 1969-80), iv, 170/1;</mixed-citation>
            </p>
            <p>
               <mixed-citation id="d4959e434" publication-type="other">
A. Le Prévost,
Historiae ecclesiasticae (5 vols., Paris, 1835-55), iii,310'</mixed-citation>
            </p>
            <p>
               <mixed-citation id="d4959e443" publication-type="other">
Liebermann, ed., Ungedruckte, 227.</mixed-citation>
            </p>
         </fn>
         <fn id="d4959e451a1310">
            <label>17</label>
            <p>
               <mixed-citation id="d4959e458" publication-type="other">
D. Knowles, The Monastic Order in England (2nd. edn., Cambridge, 1966), 446.</mixed-citation>
            </p>
         </fn>
         <fn id="d4959e465a1310">
            <label>18</label>
            <p>
               <mixed-citation id="d4959e472" publication-type="other">
C. Harper-Bill, ed., English Episcopal Acta 6: Norwich, 1070-1214 (Oxford, 1990), xxxix.</mixed-citation>
            </p>
         </fn>
         <fn id="d4959e479a1310">
            <label>19</label>
            <p>
               <mixed-citation id="d4959e486" publication-type="other">
H. Clover and M. Gibson, eds., The Letters of Lanfranc, Archbishop of Canterbury (Oxford,
1979), no. 47.</mixed-citation>
            </p>
         </fn>
         <fn id="d4959e496a1310">
            <label>20</label>
            <p>
               <mixed-citation id="d4959e503" publication-type="other">
J. McN. Dodgson and J.J.N. Palmer, eds., Domesday Book
37: Index of Persons (Chichester, 1992), III;</mixed-citation>
            </p>
            <p>
               <mixed-citation id="d4959e512" publication-type="other">
K.S.B. Keats-Rohan and D.E. Thornton, eds., Domesday
Names: An Index of Latin Personal Names and Place Names in Domesday Book (Woodbridge, 1997),</mixed-citation>
            </p>
         </fn>
         <fn id="d4959e522a1310">
            <label>21</label>
            <p>
               <mixed-citation id="d4959e529" publication-type="other">
R. Bartlett, England under the Norman and Angevin Kings 1075-1225 (Oxford, 2000), 389,
389n.</mixed-citation>
            </p>
         </fn>
         <fn id="d4959e539a1310">
            <label>22</label>
            <p>
               <mixed-citation id="d4959e546" publication-type="other">
Arnold, Memorials of St Edmunds Abbey, i. 54</mixed-citation>
            </p>
            <p>
               <mixed-citation id="d4959e552" publication-type="other">
Abbot Leofstan (1044-65),</mixed-citation>
            </p>
            <p>
               <mixed-citation id="d4959e558" publication-type="other">
Osgod Clapa (exiled in 1046).</mixed-citation>
            </p>
         </fn>
         <fn id="d4959e566a1310">
            <label>23</label>
            <p>
               <mixed-citation id="d4959e573" publication-type="other">
C. Clark, Words, Names and History, ed. P. Jackson, 138, 254;</mixed-citation>
            </p>
            <p>
               <mixed-citation id="d4959e579" publication-type="other">
C.R Lewis, 'The French in
England before the Norman Conquest', Anglo-Norman Studies, xvii (1994), 123-44.</mixed-citation>
            </p>
         </fn>
         <fn id="d4959e589a1310">
            <label>24</label>
            <p>
               <mixed-citation id="d4959e596" publication-type="other">
Gransden, 'Composition and Authorship', 41;</mixed-citation>
            </p>
            <p>
               <mixed-citation id="d4959e602" publication-type="other">
Liebermann, ed., Ungedruckte, 225-6.</mixed-citation>
            </p>
         </fn>
         <fn id="d4959e609a1310">
            <label>25</label>
            <p>
               <mixed-citation id="d4959e616" publication-type="other">
(Arnold,
Memorials of St Edmunds Abbey, i. 23, 32, 44, 54-6, 58).</mixed-citation>
            </p>
         </fn>
         <fn id="d4959e626a1310">
            <label>26</label>
            <p>
               <mixed-citation id="d4959e633" publication-type="other">
Ibid., i. 57.</mixed-citation>
            </p>
         </fn>
         <fn id="d4959e640a1310">
            <label>27</label>
            <p>
               <mixed-citation id="d4959e647" publication-type="other">
Liebermann, ed., Ungedruckte, 226;</mixed-citation>
            </p>
            <p>
               <mixed-citation id="d4959e653" publication-type="other">
'Nee prœtereundum . . . sicubi monasteria uel castella
nominata petiit, clericali et monastico ordini ... pueros ... tradidit': Arnold, Memorials of
St Edmunds Abbey, i. 46-7.</mixed-citation>
            </p>
         </fn>
         <fn id="d4959e666a1310">
            <label>28</label>
            <p>
               <mixed-citation id="d4959e673" publication-type="other">
C.H. Talbot, ed., 'The Liber confortatorius of Goscelin of Saint-Bertin', Analecta monastica,
troisième série: Studia Anselmiana, xxxvii (Rome, 1955), 1-117 at 67-8.</mixed-citation>
            </p>
         </fn>
         <fn id="d4959e684a1310">
            <label>29</label>
            <p>
               <mixed-citation id="d4959e691" publication-type="other">
Arnold, Memorials of St Edmund's Abbey, i. 48.</mixed-citation>
            </p>
         </fn>
         <fn id="d4959e698a1310">
            <label>30</label>
            <p>
               <mixed-citation id="d4959e705" publication-type="other">
ibid., i. 57.</mixed-citation>
            </p>
         </fn>
         <fn id="d4959e712a1310">
            <label>31</label>
            <p>
               <mixed-citation id="d4959e719" publication-type="other">
S. Keynes, 'Bishop Giso of Wells (1061-88)' , Anglo-Norman Studies, xix (1997), 203-68 at 219.</mixed-citation>
            </p>
         </fn>
         <fn id="d4959e726a1310">
            <label>32</label>
            <p>
               <mixed-citation id="d4959e733" publication-type="other">
Arnold,
Memorials of St Edmund's Abbey, i. 57-8.</mixed-citation>
            </p>
         </fn>
         <fn id="d4959e743a1310">
            <label>33</label>
            <p>
               <mixed-citation id="d4959e750" publication-type="other">
ibid., i. 58.</mixed-citation>
            </p>
         </fn>
         <fn id="d4959e757a1310">
            <label>34</label>
            <p>
               <mixed-citation id="d4959e764" publication-type="other">
Ibid., i. 74, 78, 83, 83-4, 92.</mixed-citation>
            </p>
         </fn>
         <fn id="d4959e772a1310">
            <label>35</label>
            <p>
               <mixed-citation id="d4959e779" publication-type="other">
Ibid., i. 70.</mixed-citation>
            </p>
         </fn>
         <fn id="d4959e786a1310">
            <label>36</label>
            <p>
               <mixed-citation id="d4959e793" publication-type="other">
D. Knowles and C.N.L. Brooke, eds., The Monastic Constitutions of Lanfranc (Oxford, 2002),
83-5.</mixed-citation>
            </p>
            <p>
               <mixed-citation id="d4959e802" publication-type="other">
English Benedictine Libraries, the Shorter Catalogues, eds. R. Sharpe et al., Corpus of British
Medieval Library Catalogues, iv (London, 1996), B13, no. 246.</mixed-citation>
            </p>
            <p>
               <mixed-citation id="d4959e811" publication-type="other">
D.C. Douglas, ed., Feudal Documents
from the Abbey of Bury St Edmunds (London, 1932), no. 172.</mixed-citation>
            </p>
            <p>
               <mixed-citation id="d4959e821" publication-type="other">
Knowles,
Monastic Order, 432n, 435.</mixed-citation>
            </p>
         </fn>
         <fn id="d4959e831a1310">
            <label>37</label>
            <p>
               <mixed-citation id="d4959e838" publication-type="other">
New York, Pierpont Morgan Library, MS M. 736, fo. 67r.</mixed-citation>
            </p>
            <p>
               <mixed-citation id="d4959e844" publication-type="other">
Arnold, Memorials ofSt Edmund's
Abbey, 165.</mixed-citation>
            </p>
         </fn>
         <fn id="d4959e854a1310">
            <label>38</label>
            <p>
               <mixed-citation id="d4959e861" publication-type="other">
F.S. Schmitt, ed., S. Anselmi Cantuariensis archiepiscopi opera omnia (6 vols., Edinburgh,
1946-61), iv, no. 267.</mixed-citation>
            </p>
            <p>
               <mixed-citation id="d4959e870" publication-type="other">
R.M. Thomson, 'Obedientiaries of St Edmund's Abbey', in Proceedings of
the Suffolk Institute of Archaeology and History, xxxv (1982), 91-103,</mixed-citation>
            </p>
         </fn>
         <fn id="d4959e880a1310">
            <label>39</label>
            <p>
               <mixed-citation id="d4959e887" publication-type="other">
Arnold, Memorials of St tdmunds Abbey, 1. 46, 6I (St Benedict, Régula: La règle de Saint
Benoît, ed. J. Neufville and A. de Vogué, Sources chrétiennes clxxxi-clxxxvi [6 vols., Paris, 1971-2],
vii, 61), 62</mixed-citation>
            </p>
            <p>
               <mixed-citation id="d4959e899" publication-type="other">
(Sallust, Bellum Iugurthinum, in Sallust Catilina, Iugurtha, historiarum fragmenta selecta;
appendix Sallustiana, ed. L.D. Reynolds (Oxford, 1991), xx. 1.23).</mixed-citation>
            </p>
         </fn>
         <fn id="d4959e909a1310">
            <label>40</label>
            <p>
               <mixed-citation id="d4959e916" publication-type="other">
Arnold, Memorials of St Edmund's Abbey, 1. 50;</mixed-citation>
            </p>
            <p>
               <mixed-citation id="d4959e922" publication-type="other">
Abbo of Fleury, Passio sancti Eadmundi,
in M. Winterbottom, ed., Three Lives of English Saints (Toronto, 1972), xv. 26,</mixed-citation>
            </p>
         </fn>
         <fn id="d4959e933a1310">
            <label>41</label>
            <p>
               <mixed-citation id="d4959e940" publication-type="other">
Arnold, Memorials of St Edmund's Abbey, i. 27, 34, 35, 36, 37, 38, 46, 48, 54, etc;
and see 46-7.</mixed-citation>
            </p>
         </fn>
         <fn id="d4959e950a1310">
            <label>42</label>
            <p>
               <mixed-citation id="d4959e957" publication-type="other">
ibid., i. 61.</mixed-citation>
            </p>
         </fn>
         <fn id="d4959e964a1310">
            <label>43</label>
            <p>
               <mixed-citation id="d4959e971" publication-type="other">
ibid., i. 62.</mixed-citation>
            </p>
         </fn>
         <fn id="d4959e978a1310">
            <label>44</label>
            <p>
               <mixed-citation id="d4959e985" publication-type="other">
ibid., i. 62.</mixed-citation>
            </p>
         </fn>
         <fn id="d4959e992a1310">
            <label>45</label>
            <p>
               <mixed-citation id="d4959e999" publication-type="other">
(Arnobius of Sicca,
Aduersus nationes: H. Le Bonniec, ed., Contre les gentils [Paris, 1982], ii. 42. I).</mixed-citation>
            </p>
         </fn>
         <fn id="d4959e1009a1310">
            <label>46</label>
            <p>
               <mixed-citation id="d4959e1016" publication-type="other">
Arnold, Memorials of St Edmund's Abbey, i. 59.</mixed-citation>
            </p>
         </fn>
         <fn id="d4959e1024a1310">
            <label>47</label>
            <p>
               <mixed-citation id="d4959e1031" publication-type="other">
ibid., i. 59.</mixed-citation>
            </p>
         </fn>
         <fn id="d4959e1038a1310">
            <label>48</label>
            <p>
               <mixed-citation id="d4959e1045" publication-type="other">
Isidore of Seville, Etymologiarum sive originum libri xx, ed. W.M. Lindsay (2 vols., Oxford,
1911), i. 24. 2,</mixed-citation>
            </p>
            <p>
               <mixed-citation id="d4959e1054" publication-type="other">
ibid., xi. I. 24:</mixed-citation>
            </p>
         </fn>
         <fn id="d4959e1061a1310">
            <label>49</label>
            <p>
               <mixed-citation id="d4959e1068" publication-type="other">
ibid., i. 62.</mixed-citation>
            </p>
         </fn>
         <fn id="d4959e1075a1310">
            <label>50</label>
            <p>
               <mixed-citation id="d4959e1082" publication-type="other">
Thomson, 'Two Versions' (for the terminus ad quem, see 386, n.3).</mixed-citation>
            </p>
            <p>
               <mixed-citation id="d4959e1088" publication-type="other">
Abbot Baldwin (d. 1097/8),</mixed-citation>
            </p>
         </fn>
         <fn id="d4959e1095a1310">
            <label>52</label>
            <p>
               <mixed-citation id="d4959e1102" publication-type="other">
Arnold, Memorials of St Edmund's Abbey, i. 32 to Pierpont Morgan, M. 736, fo. 27V</mixed-citation>
            </p>
            <p>
               <mixed-citation id="d4959e1108" publication-type="other">
ibid., fo. 47V.</mixed-citation>
            </p>
         </fn>
         <fn id="d4959e1115a1310">
            <label>53</label>
            <p>
               <mixed-citation id="d4959e1122" publication-type="other">
Pierpont Morgan, M. 736, fos. 66v-67r</mixed-citation>
            </p>
            <p>
               <mixed-citation id="d4959e1128" publication-type="other">
Arnold, Memorials of St Edmunds
Abbey, i. 9I.</mixed-citation>
            </p>
         </fn>
         <fn id="d4959e1139a1310">
            <label>54</label>
            <p>
               <mixed-citation id="d4959e1146" publication-type="other">
Yarrow, Saints, 49.</mixed-citation>
            </p>
            <p>
               <mixed-citation id="d4959e1152" publication-type="other">
Thomson,
'Two Versions', 386.</mixed-citation>
            </p>
         </fn>
         <fn id="d4959e1162a1310">
            <label>55</label>
            <p>
               <mixed-citation id="d4959e1169" publication-type="other">
Pierpont Morgan, M. 736, fo. 68v.</mixed-citation>
            </p>
            <p>
               <mixed-citation id="d4959e1175" publication-type="other">
(Saints, 49).</mixed-citation>
            </p>
            <p>
               <mixed-citation id="d4959e1181" publication-type="other">
Pierpont Morgan,
M. 736, fo. 68v</mixed-citation>
            </p>
            <p>
               <mixed-citation id="d4959e1191" publication-type="other">
Arnold, Memorials of St Edmunds Abbey, i. 168.</mixed-citation>
            </p>
         </fn>
         <fn id="d4959e1198a1310">
            <label>56</label>
            <p>
               <mixed-citation id="d4959e1205" publication-type="other">
Horstmann, ed., Nova legenda, ii, 627-32.</mixed-citation>
            </p>
         </fn>
         <fn id="d4959e1212a1310">
            <label>57</label>
            <p>
               <mixed-citation id="d4959e1219" publication-type="other">
Gransden, 'Composition and Authorship', 40-I.</mixed-citation>
            </p>
         </fn>
         <fn id="d4959e1226a1310">
            <label>58</label>
            <p>
               <mixed-citation id="d4959e1233" publication-type="other">
Pierpont Morgan, M. 736, fo. 71r.</mixed-citation>
            </p>
         </fn>
         <fn id="d4959e1240a1310">
            <label>59</label>
            <p>
               <mixed-citation id="d4959e1247" publication-type="other">
Arnold,
Memorials of St Edmund's Abbey, i. 53.</mixed-citation>
            </p>
         </fn>
         <fn id="d4959e1258a1310">
            <label>60</label>
            <p>
               <mixed-citation id="d4959e1265" publication-type="other">
ibid., i. 54.</mixed-citation>
            </p>
         </fn>
         <fn id="d4959e1272a1310">
            <label>61</label>
            <p>
               <mixed-citation id="d4959e1279" publication-type="other">
Pierpont Morgan, M. 736, fo. 68v;</mixed-citation>
            </p>
            <p>
               <mixed-citation id="d4959e1285" publication-type="other">
Arnold, Memorials
of St Edmund's Abbey, i. 83.</mixed-citation>
            </p>
         </fn>
         <fn id="d4959e1295a1310">
            <label>62</label>
            <p>
               <mixed-citation id="d4959e1302" publication-type="other">
Pierpont Morgan, M. 736, fos. 69V-71r.</mixed-citation>
            </p>
         </fn>
         <fn id="d4959e1309a1310">
            <label>63</label>
            <p>
               <mixed-citation id="d4959e1316" publication-type="other">
ibid., fos. 71r-72v.</mixed-citation>
            </p>
         </fn>
         <fn id="d4959e1323a1310">
            <label>64</label>
            <p>
               <mixed-citation id="d4959e1330" publication-type="other">
Arnold, Memorials of St Edmund's Abbey, i. 40</mixed-citation>
            </p>
         </fn>
         <fn id="d4959e1337a1310">
            <label>65</label>
            <p>
               <mixed-citation id="d4959e1344" publication-type="other">
Arnold, Memorials of St Edmund's Abbey, i. 27:</mixed-citation>
            </p>
         </fn>
         <fn id="d4959e1352a1310">
            <label>66</label>
            <p>
               <mixed-citation id="d4959e1359" publication-type="other">
E. Fernie, 'The Romanesque Church of Bury St Edmunds Abbey', in Gransden, ed., Bury
S\t Edmunds, 1- 15 at 1, 5.</mixed-citation>
            </p>
         </fn>
         <fn id="d4959e1369a1310">
            <label>67</label>
            <p>
               <mixed-citation id="d4959e1376" publication-type="other">
Arnold, Memorials of St Edmund's Abbey, i. 85-6.</mixed-citation>
            </p>
         </fn>
         <fn id="d4959e1383a1310">
            <label>68</label>
            <p>
               <mixed-citation id="d4959e1390" publication-type="other">
R. Sharpe, 'The Setting of St Augustine's Translation, 1091' , in R. Eales and R. Sharpe, eds.,
Canterbury and the Norman Conquest: Churches, Saints and Scholars 1066-1199 (London, 1995),
1-13.</mixed-citation>
            </p>
         </fn>
         <fn id="d4959e1403a1310">
            <label>69</label>
            <p>
               <mixed-citation id="d4959e1410" publication-type="other">
Arnold, Memorials of St Edmund's Abbey, i. 58.</mixed-citation>
            </p>
         </fn>
         <fn id="d4959e1417a1310">
            <label>70</label>
            <p>
               <mixed-citation id="d4959e1424" publication-type="other">
Arnold, Memorials of St Edmund's Abbey, i. 78;</mixed-citation>
            </p>
            <p>
               <mixed-citation id="d4959e1430" publication-type="other">
F. Barlow, William Rufus (2000 edn., New
Haven and London), 292.</mixed-citation>
            </p>
         </fn>
         <fn id="d4959e1440a1310">
            <label>71</label>
            <p>
               <mixed-citation id="d4959e1447" publication-type="other">
Arnold, Memorials of St Edmund's Abbey, i. 92</mixed-citation>
            </p>
            <p>
               <mixed-citation id="d4959e1453" publication-type="other">
ibid., i. 92n.</mixed-citation>
            </p>
         </fn>
         <fn id="d4959e1461a1310">
            <label>72</label>
            <p>
               <mixed-citation id="d4959e1468" publication-type="other">
Arnold, Memorials of St Edmund's Abbey, i. 27, 84.</mixed-citation>
            </p>
         </fn>
         <fn id="d4959e1475a1310">
            <label>73</label>
            <p>
               <mixed-citation id="d4959e1482" publication-type="other">
Arnold, Memorials of St Edmund's Abbey, i. 27:</mixed-citation>
            </p>
         </fn>
         <fn id="d4959e1489a1310">
            <label>74</label>
            <p>
               <mixed-citation id="d4959e1496" publication-type="other">
Arnold, Memorials of St Edmund's Abbey, i. 57, 72, 84; cf. 27.</mixed-citation>
            </p>
         </fn>
         <fn id="d4959e1503a1310">
            <label>75</label>
            <p>
               <mixed-citation id="d4959e1510" publication-type="other">
R.H.C. Davis, 'The Monks of St Edmund 1021-1148', History, n. s. xl (1955), 227-39 at
235-6.</mixed-citation>
            </p>
         </fn>
         <fn id="d4959e1520a1310">
            <label>76</label>
            <p>
               <mixed-citation id="d4959e1527" publication-type="other">
Rushforth, 'The ... Manuscripts', 22-4.</mixed-citation>
            </p>
         </fn>
         <fn id="d4959e1534a1310">
            <label>77</label>
            <p>
               <mixed-citation id="d4959e1541" publication-type="other">
Horstmann, ed., Nova legenda, ii, 623.</mixed-citation>
            </p>
            <p>
               <mixed-citation id="d4959e1547" publication-type="other">
Cotton Tiberius B. ii, fo. 69r-v.</mixed-citation>
            </p>
            <p>
               <mixed-citation id="d4959e1553" publication-type="other">
Herman at 627.</mixed-citation>
            </p>
            <p>
               <mixed-citation id="d4959e1560" publication-type="other">
Herman, at 634-6</mixed-citation>
            </p>
            <p>
               <mixed-citation id="d4959e1566" publication-type="other">
Thomson, 'Two
Versions', 389.</mixed-citation>
            </p>
         </fn>
         <fn id="d4959e1577a1310">
            <label>78</label>
            <p>
               <mixed-citation id="d4959e1584" publication-type="other">
E. Martène and U. Durand, eds., Veterum scriptorum et
monumentorum historicorum, dogmaticorum, moralium, amplissima collectio (9 vols., Paris 1724-33),
vi. cols. 821-34.</mixed-citation>
            </p>
         </fn>
         <fn id="d4959e1597a1310">
            <label>79</label>
            <p>
               <mixed-citation id="d4959e1604" publication-type="other">
Gransden, 'Composition and Authorship', 6;</mixed-citation>
            </p>
            <p>
               <mixed-citation id="d4959e1610" publication-type="other">
Rushforth, 'The ... Manuscripts', 75-7.</mixed-citation>
            </p>
         </fn>
         <fn id="d4959e1617a1310">
            <label>80</label>
            <p>
               <mixed-citation id="d4959e1624" publication-type="other">
Gransden, 'Composition and Authorship', 27, 28.</mixed-citation>
            </p>
            <p>
               <mixed-citation id="d4959e1630" publication-type="other">
Licence, 'The Origins', 59.</mixed-citation>
            </p>
         </fn>
         <fn id="d4959e1637a1310">
            <label>81</label>
            <p>
               <mixed-citation id="d4959e1644" publication-type="other">
Arnold, Memorials of St Edmund's Abbey, i. 34, 58, 60, 77 (and 78) and 29, 42, 46 (and 67),
47, 48, 58, 81</mixed-citation>
            </p>
         </fn>
         <fn id="d4959e1654a1310">
            <label>82</label>
            <p>
               <mixed-citation id="d4959e1661" publication-type="other">
Ibid., i. 38, 49, 69, 75 and 41, 69, 71, 81.</mixed-citation>
            </p>
            <p>
               <mixed-citation id="d4959e1667" publication-type="other">
Isidore of Seville, Etymologiae, xv. 5. 1.</mixed-citation>
            </p>
         </fn>
         <fn id="d4959e1674a1310">
            <label>83</label>
            <p>
               <mixed-citation id="d4959e1681" publication-type="other">
Arnold, Memorials of St Edmund's Abbey, i. 37, 70,</mixed-citation>
            </p>
            <p>
               <mixed-citation id="d4959e1687" publication-type="other">
Bede, In Euangelium Lucae, in C.W.
Jones, ed., Bedae uenerabilis opera exegetica, Corpus Christianorum Series Latina cxviii-cxxi, (6
vols., Turnhout, 1960-83), i. 3. 2256, 2261.</mixed-citation>
            </p>
            <p>
               <mixed-citation id="d4959e1699" publication-type="other">
Herman might have borrowed aula caeli (Arnold,
Memorials of St Edmunds Abbey, i. 46),</mixed-citation>
            </p>
            <p>
               <mixed-citation id="d4959e1709" publication-type="other">
Bede, In
Euangelium Lucae, i. 3. 2551.</mixed-citation>
            </p>
            <p>
               <mixed-citation id="d4959e1718" publication-type="other">
(Arnold, Memorials of St
Edmund's Abbey, i. 43),</mixed-citation>
            </p>
            <p>
               <mixed-citation id="d4959e1727" publication-type="other">
Bede, In Euangelium Lucae, iv. 12.</mixed-citation>
            </p>
            <p>
               <mixed-citation id="d4959e1733" publication-type="other">
H. Gneuss, Handlist of Anglo-Saxon Manuscripts: A List of Manuscripts and Manuscript
Fragments Written or Owned in England up to 1100 (Tempe, Arizona, 2001), no. 134.</mixed-citation>
            </p>
         </fn>
         <fn id="d4959e1744a1310">
            <label>84</label>
            <p>
               <mixed-citation id="d4959e1751" publication-type="other">
Arnold, Memorials of St Edmund's Abbey, i. 46</mixed-citation>
            </p>
         </fn>
         <fn id="d4959e1758a1310">
            <label>85</label>
            <p>
               <mixed-citation id="d4959e1765" publication-type="other">
Arnold, Memorials of St Edmund's Abbey, i. 3I, 59, 62, 79; 32, 76 and 35, 70.</mixed-citation>
            </p>
         </fn>
         <fn id="d4959e1772a1310">
            <label>86</label>
            <p>
               <mixed-citation id="d4959e1779" publication-type="other">
'Qui perosus cœlo ac terrae...', ibid., i. 32,</mixed-citation>
            </p>
            <p>
               <mixed-citation id="d4959e1785" publication-type="other">
Arator, De actibus apostolorum, ed. A.P.
McKinlay, Corpus Scriptorum Ecdesiasticorum Latinorum, lxxii (Vienna, 1951), i. 90.</mixed-citation>
            </p>
         </fn>
         <fn id="d4959e1795a1310">
            <label>87</label>
            <p>
               <mixed-citation id="d4959e1802" publication-type="other">
Arnold, Memorials of St Edmund's Abbey, i. 35:</mixed-citation>
            </p>
            <p>
               <mixed-citation id="d4959e1808" publication-type="other">
'Quid furis, Herodes!' (Caelius Sedulius, Carmen paschale, in Opera omnia, ed. J. Huemer, Corpus
Scriptorum Ecdesiasticorum Latinorum, x (Vienna, 1951), ii. 83),</mixed-citation>
            </p>
            <p>
               <mixed-citation id="d4959e1817" publication-type="other">
(ibid., ii. 110),</mixed-citation>
            </p>
            <p>
               <mixed-citation id="d4959e1824" publication-type="other">
Herod (ibid., ii. 117).</mixed-citation>
            </p>
            <p>
               <mixed-citation id="d4959e1830" publication-type="other">
(ibid., iii. 225),</mixed-citation>
            </p>
            <p>
               <mixed-citation id="d4959e1836" publication-type="other">
(Arnold, Memorials of St
Edmund's Abbey, i. 37)</mixed-citation>
            </p>
            <p>
               <mixed-citation id="d4959e1845" publication-type="other">
(Sedulius, Carmen paschale, v. 287).</mixed-citation>
            </p>
         </fn>
         <fn id="d4959e1852a1310">
            <label>88</label>
            <p>
               <mixed-citation id="d4959e1859" publication-type="other">
paupertinus, ostentamen and habitus uenerabilis (Arnold, Memorials of
St Edmunds Abbey, i. 47, 45 and 49)</mixed-citation>
            </p>
            <p>
               <mixed-citation id="d4959e1868" publication-type="other">
Prudentius, Psychomachia, in Oeuvres, ed.
M. Lavarenne (3 vols., Paris, 1943-51), v. 194; v. 203 and v. 222</mixed-citation>
            </p>
            <p>
               <mixed-citation id="d4959e1877" publication-type="other">
(Arnold, Memorials of St Edmund's
Abbey, i. 33)</mixed-citation>
            </p>
            <p>
               <mixed-citation id="d4959e1887" publication-type="other">
(Cato, Disticha, in Disticha Catonis, ed.
M. Boas (Amsterdam, 1952), iv. 39).</mixed-citation>
            </p>
            <p>
               <mixed-citation id="d4959e1896" publication-type="other">
(Arnold, Memorials of St Edmund's Abbey, i. 59)</mixed-citation>
            </p>
            <p>
               <mixed-citation id="d4959e1902" publication-type="other">
Aldhelm's prose De uirginitate:
Aldhelm of Malmesbury, De uirginitate (prose), in R. Ehwald, ed., Aldhelmi opera, in Monumenta
Germaniae Historica Auct. Antiq., xv (Berlin, 1919), xviii. 13:</mixed-citation>
            </p>
         </fn>
         <fn id="d4959e1915a1310">
            <label>89</label>
            <p>
               <mixed-citation id="d4959e1922" publication-type="other">
Horace, Sermonum libri ii, in Opera, ed. Wickham (Oxford, 1901), 10.
72).</mixed-citation>
            </p>
            <p>
               <mixed-citation id="d4959e1931" publication-type="other">
(Arnold, Memorials of St Edmunds Abbey, i. 47,</mixed-citation>
            </p>
            <p>
               <mixed-citation id="d4959e1937" publication-type="other">
Horace,
Carminum libri iv, in Opera, ed. Wickham, ii. 19. 29-30),</mixed-citation>
            </p>
            <p>
               <mixed-citation id="d4959e1947" publication-type="other">
(Arnold, Memorials of St Edmund s Abbey, i. 61,</mixed-citation>
            </p>
            <p>
               <mixed-citation id="d4959e1953" publication-type="other">
Horace, Carmina, iii. 19. 1-2), etc.</mixed-citation>
            </p>
         </fn>
         <fn id="d4959e1961a1310">
            <label>90</label>
            <p>
               <mixed-citation id="d4959e1968" publication-type="other">
(Arnold, Memorials of St Edmund's Abbey, i. 59,</mixed-citation>
            </p>
            <p>
               <mixed-citation id="d4959e1974" publication-type="other">
Terence, Andria, in R. Kauer and W.M. Lindsay, eds., P. Terenti Afri Comoediae [Oxford, 1926],
163),</mixed-citation>
            </p>
            <p>
               <mixed-citation id="d4959e1983" publication-type="other">
(Arnold, Memorials of St Edmund's Abbey, i. 62,</mixed-citation>
            </p>
            <p>
               <mixed-citation id="d4959e1990" publication-type="other">
Sallust, Bellum
Iugurthinum, xx. i. 23).</mixed-citation>
            </p>
            <p>
               <mixed-citation id="d4959e1999" publication-type="other">
Arnold, Memorials of St Edmund's Abbey, i. 82,</mixed-citation>
            </p>
            <p>
               <mixed-citation id="d4959e2005" publication-type="other">
St
Benedict, Regula, vi. 8.</mixed-citation>
            </p>
         </fn>
         <fn id="d4959e2015a1310">
            <label>91</label>
            <p>
               <mixed-citation id="d4959e2022" publication-type="other">
(Arnold, Memorials of St Edmund's Abbey, i. 68)</mixed-citation>
            </p>
            <p>
               <mixed-citation id="d4959e2028" publication-type="other">
(Plautus, Bacchides, in T. Macci Plauti Comoediae, ed. W.M. Lindsay [2 vols.,
Oxford, 1965-6], 408).</mixed-citation>
            </p>
         </fn>
         <fn id="d4959e2038a1310">
            <label>92</label>
            <p>
               <mixed-citation id="d4959e2045" publication-type="other">
(Arnold, Memorials of st Edmund's Abbey, 1. 66)</mixed-citation>
            </p>
            <p>
               <mixed-citation id="d4959e2051" publication-type="other">
(Cicero, De inuentione, in M. Tulli Ciceronis scripta quae manserunt
omnia. Ease. 2, Rhetorici libri duo qui vocantur De inventione [Leipzig, 1915], i. 101).</mixed-citation>
            </p>
            <p>
               <mixed-citation id="d4959e2060" publication-type="other">
(Arnold, Memorials ofSt Edmund's Abbey, i. 60)</mixed-citation>
            </p>
            <p>
               <mixed-citation id="d4959e2067" publication-type="other">
(Boethius, In Categorias Aristotelis commentarium, in A. Busse, ed., Isagoge et in Aristotelis
Categorias commentarium, Commentaria in Aristotelem Graeca, iv. 1 [Berlin, 1887], ii. 211. 37).</mixed-citation>
            </p>
         </fn>
         <fn id="d4959e2077a1310">
            <label>93</label>
            <p>
               <mixed-citation id="d4959e2084" publication-type="other">
(Arnold, Memorials of St Edmunds Abbey, i. 40-1;</mixed-citation>
            </p>
            <p>
               <mixed-citation id="d4959e2090" publication-type="other">
Isidore of Seville,
Etymologiae, v. 31. 4-14).</mixed-citation>
            </p>
            <p>
               <mixed-citation id="d4959e2099" publication-type="other">
(Arnold, Memorials of St Edmunds Abbey,
i. 44),</mixed-citation>
            </p>
            <p>
               <mixed-citation id="d4959e2109" publication-type="other">
Isidore of Seville, Etymologiae, vi. 17. 16;</mixed-citation>
            </p>
            <p>
               <mixed-citation id="d4959e2115" publication-type="other">
(Arnold,
Memorials of St Edmunds Abbey, i. 56),</mixed-citation>
            </p>
            <p>
               <mixed-citation id="d4959e2124" publication-type="other">
Isidore, Etymologiae, xi. 1. 18.</mixed-citation>
            </p>
         </fn>
         <fn id="d4959e2131a1310">
            <label>94</label>
            <p>
               <mixed-citation id="d4959e2138" publication-type="other">
Swein: Arnold, Memorials ofSt Edmund,s Abbey, i. 32</mixed-citation>
            </p>
            <p>
               <mixed-citation id="d4959e2144" publication-type="other">
(Ninus: Orosius, Pauli Orosii historiarum aduersum paganos
libri vii, ed. K.F.W. Zangmeister, Corpus Scriptorum Ecclesiasticorum Latinorum, v [Vienna, 1882],
i. 4. 1),</mixed-citation>
            </p>
            <p>
               <mixed-citation id="d4959e2156" publication-type="other">
(Arnold, Memorials of St Edmund's Abbey, i. 39)</mixed-citation>
            </p>
            <p>
               <mixed-citation id="d4959e2163" publication-type="other">
(Orosius, Aduersum paganos, ii. 4. 9).</mixed-citation>
            </p>
            <p>
               <mixed-citation id="d4959e2169" publication-type="other">
(Arnold, Memorials of St
Edmund's Abbey, i. 51)</mixed-citation>
            </p>
            <p>
               <mixed-citation id="d4959e2178" publication-type="other">
(Cassiodorus, Expositio Psalmorum, in Magni Aurelii Cassiodori expositio, Psalmorum,
Corpus Christianorum Series Latina, xcvii-xcviii [2 vols., Turnhout, 1958], 37. 280).</mixed-citation>
            </p>
         </fn>
         <fn id="d4959e2188a1310">
            <label>95</label>
            <p>
               <mixed-citation id="d4959e2195" publication-type="other">
Arnold, Memorials of St Edmund's Abbey, 1. 58-9;</mixed-citation>
            </p>
            <p>
               <mixed-citation id="d4959e2201" publication-type="other">
Augustine or Hippo, Enarrationes in
Psalmos, ed. E. Dekkers and I. Fraipont, Corpus Christianorum Series Latina, xxxviii-xl [3 vols.,
Turnhout, 1956], cii. 16. 23.</mixed-citation>
            </p>
         </fn>
         <fn id="d4959e2215a1310">
            <label>96</label>
            <p>
               <mixed-citation id="d4959e2222" publication-type="other">
M. Lapidge, The Anglo-Saxon Library (Oxford, 2006), 242-7, 122-5, 139-42.</mixed-citation>
            </p>
         </fn>
         <fn id="d4959e2229a1310">
            <label>97</label>
            <p>
               <mixed-citation id="d4959e2236" publication-type="other">
Sharpe et al., eds., Shorter Catalogues, B13, nos. 79, 173, 94, 160, 8, 23, 30, 55, 33, 59, 150, 204,
etc.</mixed-citation>
            </p>
         </fn>
         <fn id="d4959e2246a1310">
            <label>98</label>
            <p>
               <mixed-citation id="d4959e2253" publication-type="other">
Arnold, Memorials ofSt Edmunds Abbey, i. 28:</mixed-citation>
            </p>
            <p>
               <mixed-citation id="d4959e2259" publication-type="other">
Licence,
'Origins', 53;</mixed-citation>
            </p>
            <p>
               <mixed-citation id="d4959e2268" publication-type="other">
Gransden, 'Composition and Authorship', 37-8.</mixed-citation>
            </p>
         </fn>
         <fn id="d4959e2275a1310">
            <label>100</label>
            <p>
               <mixed-citation id="d4959e2282" publication-type="other">
Arnold, Memorials of St Edmund's Abbey,
i. 40.</mixed-citation>
            </p>
         </fn>
         <fn id="d4959e2292a1310">
            <label>101</label>
            <p>
               <mixed-citation id="d4959e2299" publication-type="other">
ibid., i. 58.</mixed-citation>
            </p>
         </fn>
         <fn id="d4959e2306a1310">
            <label>102</label>
            <p>
               <mixed-citation id="d4959e2313" publication-type="other">
The Anglo-Saxon Chronicle: A Collaborative Edition, vol. 17, The Annals of St Neots, with
Vita prima sancti Neoti, ed. D. Dumville and M. Lapidge (Cambridge, 1985), at xxxi-xxxix.</mixed-citation>
            </p>
         </fn>
         <fn id="d4959e2324a1310">
            <label>103</label>
            <p>
               <mixed-citation id="d4959e2331" publication-type="other">
Arnold, Memorials of St Edmund's Abbey, i. 37.</mixed-citation>
            </p>
         </fn>
         <fn id="d4959e2338a1310">
            <label>104</label>
            <p>
               <mixed-citation id="d4959e2345" publication-type="other">
ibid., 36.</mixed-citation>
            </p>
         </fn>
         <fn id="d4959e2352a1310">
            <label>105</label>
            <p>
               <mixed-citation id="d4959e2359" publication-type="other">
W.W. Skeat, ed., Æilfric s Lives of Saints, (2 vols., reprinted, Oxford, 1966), i, 3. 238-49.</mixed-citation>
            </p>
            <p>
               <mixed-citation id="d4959e2365" publication-type="other">
L.H.
Loomis, 'The Saint Mercurius Legend in Medieval England and in Norse Saga , in T.A. Kirby and
H.B. Woolf, eds., Phibbgica: The Mabne Anniversary Studies (Baltimore, 1949), 132-43 at 137.</mixed-citation>
            </p>
         </fn>
         <fn id="d4959e2378a1310">
            <label>106</label>
            <p>
               <mixed-citation id="d4959e2385" publication-type="other">
Rushforth, 'The ... Manuscripts', 159-65.</mixed-citation>
            </p>
         </fn>
         <fn id="d4959e2392a1310">
            <label>107</label>
            <p>
               <mixed-citation id="d4959e2399" publication-type="other">
Skeat, ed., Lives, i, 3. 249, 273, 276;</mixed-citation>
            </p>
            <p>
               <mixed-citation id="d4959e2405" publication-type="other">
Arnold, Memorials of St Edmunds Abbey, i. 36-7</mixed-citation>
            </p>
            <p>
               <mixed-citation id="d4959e2411" publication-type="other">
Sedulius, Carmen, v. 287</mixed-citation>
            </p>
         </fn>
         <fn id="d4959e2418a1310">
            <label>108</label>
            <p>
               <mixed-citation id="d4959e2425" publication-type="other">
Arnold, Memorials of St Edmund's
Abbey, i. 26.</mixed-citation>
            </p>
         </fn>
         <fn id="d4959e2436a1310">
            <label>109</label>
            <p>
               <mixed-citation id="d4959e2443" publication-type="other">
Ibid., i. 27;</mixed-citation>
            </p>
            <p>
               <mixed-citation id="d4959e2449" publication-type="other">
Isidore of Seville, Etymologiae, i. 44. 3.</mixed-citation>
            </p>
         </fn>
         <fn id="d4959e2456a1310">
            <label>110</label>
            <p>
               <mixed-citation id="d4959e2463" publication-type="other">
Arnold, Memorials of St Edmund's Abbey, i. 28</mixed-citation>
            </p>
         </fn>
         <fn id="d4959e2470a1310">
            <label>111</label>
            <p>
               <mixed-citation id="d4959e2477" publication-type="other">
ibid.,
29.</mixed-citation>
            </p>
         </fn>
         <fn id="d4959e2487a1310">
            <label>112</label>
            <p>
               <mixed-citation id="d4959e2494" publication-type="other">
ibid., 30</mixed-citation>
            </p>
         </fn>
         <fn id="d4959e2501a1310">
            <label>113</label>
            <p>
               <mixed-citation id="d4959e2508" publication-type="other">
(Pierpont Morgan, M. 736, fo. 5ir)</mixed-citation>
            </p>
            <p>
               <mixed-citation id="d4959e2514" publication-type="other">
Cotton Tiberius B ii, fo. 23r.</mixed-citation>
            </p>
         </fn>
         <fn id="d4959e2521a1310">
            <label>114</label>
            <p>
               <mixed-citation id="d4959e2528" publication-type="other">
Arnold, Memorials of St Edmund's
Abbey, i. 32, 46, 57, 36, 47, 57.</mixed-citation>
            </p>
         </fn>
         <fn id="d4959e2539a1310">
            <label>115</label>
            <p>
               <mixed-citation id="d4959e2546" publication-type="other">
ibid., i. 32;</mixed-citation>
            </p>
         </fn>
         <fn id="d4959e2553a1310">
            <label>116</label>
            <p>
               <mixed-citation id="d4959e2560" publication-type="other">
ibid., i. 48.</mixed-citation>
            </p>
         </fn>
         <fn id="d4959e2567a1310">
            <label>117</label>
            <p>
               <mixed-citation id="d4959e2574" publication-type="other">
ibid., i. 28.</mixed-citation>
            </p>
         </fn>
         <fn id="d4959e2581a1310">
            <label>118</label>
            <p>
               <mixed-citation id="d4959e2588" publication-type="other">
ibid., i. 47, 49;</mixed-citation>
            </p>
         </fn>
         <fn id="d4959e2595a1310">
            <label>119</label>
            <p>
               <mixed-citation id="d4959e2602" publication-type="other">
The Annals ofSt Neots, ed. Dumville and Lapidge, at cv-cviii.</mixed-citation>
            </p>
         </fn>
         <fn id="d4959e2609a1310">
            <label>120</label>
            <p>
               <mixed-citation id="d4959e2616" publication-type="other">
M. Lapidge, 'Byrhtferth of Ramsey and the Early
Sections of the Historia Regum Attributed to Symeon of Durham', Anglo-Saxon England, x (1982),
97-122.</mixed-citation>
            </p>
         </fn>
         <fn id="d4959e2630a1310">
            <label>121</label>
            <p>
               <mixed-citation id="d4959e2637" publication-type="other">
Arnold, Memorials of St Edmund's Abbey, i. 33.</mixed-citation>
            </p>
            <p>
               <mixed-citation id="d4959e2643" publication-type="other">
ibid., 28.</mixed-citation>
            </p>
         </fn>
         <fn id="d4959e2650a1310">
            <label>122</label>
            <p>
               <mixed-citation id="d4959e2657" publication-type="other">
ibid.,
i. 54.</mixed-citation>
            </p>
         </fn>
         <fn id="d4959e2667a1310">
            <label>123</label>
            <p>
               <mixed-citation id="d4959e2674" publication-type="other">
John or Worcester, Chronicon, s. a. 1040, ed. R.R. Darlington and P.McGurK, trans. J. Dray
and P. McGurk as The Chronicle of John ofWorcester (Oxford, 1995), ii, 530-31</mixed-citation>
            </p>
            <p>
               <mixed-citation id="d4959e2683" publication-type="other">
J. Graham-Campbell, Viking Artefacts: A Select
Catalogue (London, 1980), nos. 220-3, 225-6, 229, 231;</mixed-citation>
            </p>
         </fn>
      </fn-group>
   </back>
</article>
