<article dtd-version="1.0" article-type="research-article">
   <front>
      <journal-meta>
         <journal-id xmlns:xlink="http://www.w3.org/1999/xlink" journal-id-type="jstor">englhistrevi</journal-id>
         <journal-id xmlns:xlink="http://www.w3.org/1999/xlink" journal-id-type="jstor">j100150</journal-id>
         <journal-title-group xmlns:xlink="http://www.w3.org/1999/xlink">
            <journal-title>The English Historical Review</journal-title>
         </journal-title-group>
         <publisher>
            <publisher-name>Oxford University Press</publisher-name>
         </publisher>
         <issn xmlns:xlink="http://www.w3.org/1999/xlink" pub-type="ppub">00138266</issn>
         <issn xmlns:xlink="http://www.w3.org/1999/xlink" pub-type="epub">14774534</issn>
      </journal-meta>
      <article-meta>
         <article-id xmlns:xlink="http://www.w3.org/1999/xlink" pub-id-type="jstor">40784190</article-id>
         <title-group>
            <article-title>&lt;italic&gt;King John's Testament and the Last Days of his Reign&lt;/italic&gt;</article-title>
         </title-group>
         <contrib-group>
            <contrib>
               <string-name xmlns:xlink="http://www.w3.org/1999/xlink">
                  <given-names>S.D.</given-names>
                  <surname>CHURCH</surname>
               </string-name>
            </contrib>
         </contrib-group>
         <pub-date xmlns:xlink="http://www.w3.org/1999/xlink">
            <day>1</day>
            <month>6</month>
            <year>2010</year>
         </pub-date>
         <volume>125</volume>
         <issue>514</issue>
         <issue-id xmlns:xlink="http://www.w3.org/1999/xlink">i40035387</issue-id>
         <fpage>505</fpage>
         <lpage>528</lpage>
         <permissions>
            <copyright-statement>© 2010 Oxford University Press</copyright-statement>
         </permissions>
         <self-uri xmlns:xlink="http://www.w3.org/1999/xlink"
                   xlink:href="http://www.jstor.org/stable/40784190"/>
         <custom-meta-group xmlns:xlink="http://www.w3.org/1999/xlink">
            <custom-meta>
               <meta-name>lang</meta-name>
               <meta-value>eng</meta-value>
            </custom-meta>
         </custom-meta-group>
      </article-meta>
   </front>
   <back>
      <fn-group xmlns:xlink="http://www.w3.org/1999/xlink">
         <title>[Footnotes]</title>
         <fn id="d5008e119a1310">
            <label>1</label>
            <p>
               <mixed-citation id="d5008e126" publication-type="other">
Calendar of Fine Rolls of the Reign of
Henry HI Preserved in The National Archives, ed. P. Dryburgh and B. Hartland (Woodbridge,
2007), xl,</mixed-citation>
            </p>
            <p>
               <mixed-citation id="d5008e138" publication-type="other">
The Register of Henry
Chichele, Archbishop of Canterbury 1414-1443, vol 2: Wills Proved Before the Archbishop or His
Commissaries, ed. E.F. Jacob and H.C. Johnson, Canterbury and York Society, xlii (1937), xix.</mixed-citation>
            </p>
         </fn>
         <fn id="d5008e151a1310">
            <label>2</label>
            <p>
               <mixed-citation id="d5008e158" publication-type="other">
Worcester Cathedral Muniments, B1693.</mixed-citation>
            </p>
         </fn>
         <fn id="d5008e165a1310">
            <label>3</label>
            <p>
               <mixed-citation id="d5008e172" publication-type="other">
(M.M. Sheehan, The Will in Medieval
England (Toronto, 1963), 19-21),</mixed-citation>
            </p>
            <p>
               <mixed-citation id="d5008e181" publication-type="other">
Whitelock, ed., Anglo-Saxon Wills (Cambridge, 1930), vii, xvi,
xxi, xxiii, xxxv).</mixed-citation>
            </p>
         </fn>
         <fn id="d5008e191a1310">
            <label>4</label>
            <p>
               <mixed-citation id="d5008e198" publication-type="other">
P.H. Sawyer, ed., Anglo-Saxon Charters: An Annotated List and Bibliography (London, 1968)</mixed-citation>
            </p>
            <p>
               <mixed-citation id="d5008e204" publication-type="other">
S. Miller at http://www.trin.cam.ac.uk/sdk13/chartwww/NewRegReg.html, no.
1507 [henceforth S]).</mixed-citation>
            </p>
            <p>
               <mixed-citation id="d5008e213" publication-type="other">
The earliest copy comes from the Liber Vitaeofthe New Minster, Winchester,
and dates from 1031 (S. Miller, ed., Charters of the New Minster, Winchester, Anglo-Saxon Charters
IX (2001), no. 1).</mixed-citation>
            </p>
         </fn>
         <fn id="d5008e227a1310">
            <label>5</label>
            <p>
               <mixed-citation id="d5008e234" publication-type="other">
Hyde Abbey (the new name of the New Minster after its change of location under Abbot Geoffrey,
1106-25), Miller, ed., Charters of New Minster, no. 17 and xxxvi, xl.</mixed-citation>
            </p>
         </fn>
         <fn id="d5008e244a1310">
            <label>6</label>
            <p>
               <mixed-citation id="d5008e251" publication-type="other">
N. Vincent et al., eds. The Acta of Henry II (Oxford, forthcoming), no. 1260.</mixed-citation>
            </p>
         </fn>
         <fn id="d5008e258a1310">
            <label>7</label>
            <p>
               <mixed-citation id="d5008e265" publication-type="other">
W. Stubbs, ed., Chronica Magistri Rogeri de Hovedene (Rolls Series, 4 vols., London,
1868-71), iv, 83.</mixed-citation>
            </p>
         </fn>
         <fn id="d5008e275a1310">
            <label>8</label>
            <p>
               <mixed-citation id="d5008e282" publication-type="other">
T.D. Hardy, ed. Rot[uli] LittferarumJ Patfentium in Turri Londinensi Asservati] (London,
1835), 140-15.</mixed-citation>
            </p>
         </fn>
         <fn id="d5008e292a1310">
            <label>11</label>
            <p>
               <mixed-citation id="d5008e299" publication-type="other">
N. Vincent, 'Why 1199? Bureaucracy and Enrolment under John and his Contemporaries',
in A. Jobson, ed., English Government in the Thirteenth Century (Woodbridge, 2004), 17-48.</mixed-citation>
            </p>
         </fn>
         <fn id="d5008e309a1310">
            <label>12</label>
            <p>
               <mixed-citation id="d5008e316" publication-type="other">
W. Stubbs, ed. The Historical Works of Gervase of Canterbury (Rolls Series, 2 vols., London,
1879-80), i, 298-300.</mixed-citation>
            </p>
         </fn>
         <fn id="d5008e327a1310">
            <label>13</label>
            <p>
               <mixed-citation id="d5008e334" publication-type="other">
College of Arms, MS Arundel 48, fo. 139; [W.H. Black, ed.] Catalogue of the Arundel
Manuscripts in the Library of the College of Arms (printed for private circulation, 1829), 79</mixed-citation>
            </p>
         </fn>
         <fn id="d5008e344a1310">
            <label>14</label>
            <p>
               <mixed-citation id="d5008e351" publication-type="other">
T. Rymer et al., eds., Foedera, Conventiones,
Litterae et cuiuscunque Generis Acta Publica inter Reges Angliae et alios quosquis Imperatores, Reges,
Pontífices, Principes, vel Communitates Habita aut Tracta (22 vols., London, 1816), I i. 496.</mixed-citation>
            </p>
            <p>
               <mixed-citation id="d5008e363" publication-type="other">
(H.R. Luard, ed. Matthaei Parisiensis Monachi
Sancii Albani Chronica Majora (Rolls Series, 6 vols., London, 1866-80), v, 383)</mixed-citation>
            </p>
         </fn>
         <fn id="d5008e373a1310">
            <label>15</label>
            <p>
               <mixed-citation id="d5008e380" publication-type="other">
Westminster Abbey Muniments, 6318a.</mixed-citation>
            </p>
            <p>
               <mixed-citation id="d5008e386" publication-type="other">
A copy was also placed on the charter rolls {Calendar
of the Charter Rolls Preserved in the Public Record Office, 1226-1257 (London, 1903), 306).</mixed-citation>
            </p>
         </fn>
         <fn id="d5008e396a1310">
            <label>16</label>
            <p>
               <mixed-citation id="d5008e403" publication-type="other">
M.M. Condon and E.M. Hallam, 'Government Printing of the Public Records in the
Eighteenth Century', Journal of the Society of Archivists, vii (1982-5), 348-88.</mixed-citation>
            </p>
         </fn>
         <fn id="d5008e413a1310">
            <label>17</label>
            <p>
               <mixed-citation id="d5008e420" publication-type="other">
A. Sherbo, 'Rymer, Thomas (1642/3-1713)', Oxford Dictionary of National Biography (Oxford,
2004); B[ritish] L[ibrary] Additional MS 4573, fo. 238r</mixed-citation>
            </p>
         </fn>
         <fn id="d5008e430a1310">
            <label>18</label>
            <p>
               <mixed-citation id="d5008e437" publication-type="other">
W. Thomas, A Survey of the Cathedral-Church of Worcester with an Account of the Bishops
thereof from the Foundation of the See to the Year 1600 (London, 1738, first published 1736), Appendix
19&gt; no. 33.</mixed-citation>
            </p>
         </fn>
         <fn id="d5008e451a1310">
            <label>19</label>
            <p>
               <mixed-citation id="d5008e458" publication-type="other">
J.M. Horn, ca., John le Neve, Fasti Ecclesiae Annicanae, 1S41-1857 (London, 1992), 112.</mixed-citation>
            </p>
         </fn>
         <fn id="d5008e465a1310">
            <label>20</label>
            <p>
               <mixed-citation id="d5008e472" publication-type="other">
J.H. Hooper, 'On Some of the Documents Lately Restored to the Dean and Chapter of
Worcester ', Journal oj the British Archaeological Association, xxxii (1876), 210-14.</mixed-citation>
            </p>
         </fn>
         <fn id="d5008e482a1310">
            <label>21</label>
            <p>
               <mixed-citation id="d5008e489" publication-type="other">
Rymer et al., eds., Foedera, I i. 140.</mixed-citation>
            </p>
         </fn>
         <fn id="d5008e496a1310">
            <label>22</label>
            <p>
               <mixed-citation id="d5008e503" publication-type="other">
Ibid.,</mixed-citation>
            </p>
            <p>
               <mixed-citation id="d5008e509" publication-type="other">
S. Ayscough, A Catalogue
of the Manuscripts Preserved in the British Museum hitherto Undescribed (2 vols., London, 1782), i,
235;</mixed-citation>
            </p>
            <p>
               <mixed-citation id="d5008e521" publication-type="other">
Catalogue of Additions to the Manuscripts 1756-1782 (London, 1977), 183.</mixed-citation>
            </p>
         </fn>
         <fn id="d5008e528a1310">
            <label>23</label>
            <p>
               <mixed-citation id="d5008e535" publication-type="other">
J. Nichols, A Collection of all the Wills now Known to Be Extant of the Kings and Queens of
England, Princes and Princesses of Wales, and Every Branch of the Blood Royal, from the Reign of
William the Conqueror to That of Henry the Seventh Exclusive (London, 1780), 13-14.</mixed-citation>
            </p>
         </fn>
         <fn id="d5008e548a1310">
            <label>24</label>
            <p>
               <mixed-citation id="d5008e555" publication-type="other">
W. de Gray Birch, 'Notes on the Will of King John, Journal of the British Archaeological
Association, xliii (1887), 335-9.</mixed-citation>
            </p>
         </fn>
         <fn id="d5008e566a1310">
            <label>25</label>
            <p>
               <mixed-citation id="d5008e573" publication-type="other">
H.J. Chaytor, Savaric de Mauléon: Baron and Troubador (Cambridge, 1939), 86-7.</mixed-citation>
            </p>
         </fn>
         <fn id="d5008e580a1310">
            <label>16</label>
            <p>
               <mixed-citation id="d5008e587" publication-type="other">
J. Gillingham, 'At the Deathbeds of the Kings of England, 1066-1216 , in
B. Kasten, ed., Herrscher-und Fürstentestamente im westeuropäischen Mittelalter (Vienna, 2008),
509-30,</mixed-citation>
            </p>
            <p>
               <mixed-citation id="d5008e599" publication-type="other">
K. Norgzte, John Lackland (London, 1902), 284-5</mixed-citation>
            </p>
            <p>
               <mixed-citation id="d5008e605" publication-type="other">
W.L. Warren, King John (London, 1961), 255</mixed-citation>
            </p>
         </fn>
         <fn id="d5008e612a1310">
            <label>27</label>
            <p>
               <mixed-citation id="d5008e619" publication-type="other">
T[he] National] Archives], P[ublic] R[ecord] O[ffice], C 53/16; C 54/14; C 66/15.</mixed-citation>
            </p>
         </fn>
         <fn id="d5008e626a1310">
            <label>28</label>
            <p>
               <mixed-citation id="d5008e633" publication-type="other">
WJ. Millor, H.E. Butler and C.N.L. Brooke, eds., The Letters of John of Salisbury (2 vols.,
Oxford, 1986), i, no. 134</mixed-citation>
            </p>
            <p>
               <mixed-citation id="d5008e642" publication-type="other">
(D.L. Douie and D.H. Farmer, eds., Magna Vita Sancii Hugonis
(2 vols., Oxford, 1985), ii, 186-7).</mixed-citation>
            </p>
         </fn>
         <fn id="d5008e652a1310">
            <label>29</label>
            <p>
               <mixed-citation id="d5008e659" publication-type="other">
M.M. Sheehan, 'A List of Thirteenth-Century English Wills', Genealogist Magazine,
xii (1961), 259-65 reprinted in his Marriage, Family, and Law in Medieval Europe: Collected Studies,
ed. J.J. Farge and J.T. Rosenthal (Toronto, 1997), 8-15</mixed-citation>
            </p>
         </fn>
         <fn id="d5008e672a1310">
            <label>30</label>
            <p>
               <mixed-citation id="d5008e679" publication-type="other">
Gilbert Foliot s letter to Robert de Béthune, bishop of Hereford, dated
between 1139 and 1148 (A. Morey and C.N.L. Brooke, eds., The Letters and Charters of Gilbert Foliot
(Cambridge, 1967), no. 13).</mixed-citation>
            </p>
            <p>
               <mixed-citation id="d5008e691" publication-type="other">
(W.H. Hart, ed., Historia et Cartularium Monasterii Sancii Pétri Gloucestriae
(Rolls Series, 3 vols., London, 1863), no. 74, which is a post-mortem gift (Sheehan's date c. 1179).</mixed-citation>
            </p>
         </fn>
         <fn id="d5008e702a1310">
            <label>31</label>
            <p>
               <mixed-citation id="d5008e709" publication-type="other">
Letters of John of Salisbury, I no. 134;</mixed-citation>
            </p>
         </fn>
         <fn id="d5008e716a1310">
            <label>32</label>
            <p>
               <mixed-citation id="d5008e723" publication-type="other">
'unde faciant divisam defuncti' (W Stubbs, Select Charters and Other Illustrations of English
Constitutional History (9th edn., Oxford, 1913), 181).</mixed-citation>
            </p>
            <p>
               <mixed-citation id="d5008e732" publication-type="other">
J.C. Holt, "The Assizes of Henry II: The Texts', in D.A. Bullough
and R.L. Storey, eds., The Study of Medieval Records: Essays in Honour of Kathleen Major (Oxford,
1971), 85-106 at 90, 94-5.</mixed-citation>
            </p>
         </fn>
         <fn id="d5008e745a1310">
            <label>33</label>
            <p>
               <mixed-citation id="d5008e752" publication-type="other">
Vincent et al., eds., Acta of Henry II, no. 1260;</mixed-citation>
            </p>
            <p>
               <mixed-citation id="d5008e758" publication-type="other">
Stubbs, ed., Historical Works ofGervase of
Canterbury, i, 298;</mixed-citation>
            </p>
            <p>
               <mixed-citation id="d5008e767" publication-type="other">
M. Leopold Delisle, ed., Recueil des actes de Henri II roi d'Angleterre et duc de
Normandie (2 vols., Paris, 1920), no. 612;</mixed-citation>
            </p>
            <p>
               <mixed-citation id="d5008e777" publication-type="other">
Rymer et al., eds., Foedera, I i. 47.</mixed-citation>
            </p>
         </fn>
         <fn id="d5008e784a1310">
            <label>34</label>
            <p>
               <mixed-citation id="d5008e791" publication-type="other">
N. Vincent, 'Regional Variations in the Charters of King Henry II', in M.T. Flanagan and
J.A. Green, eds., Charters and Charter Scholarship in Britain and Ireland (Basingstoke, 2005), 70-
106.</mixed-citation>
            </p>
         </fn>
         <fn id="d5008e804a1310">
            <label>36</label>
            <p>
               <mixed-citation id="d5008e811" publication-type="other">
(Vincent et al.,
eds., Acta of Henry II, no. 1260).</mixed-citation>
            </p>
         </fn>
         <fn id="d5008e821a1310">
            <label>38</label>
            <p>
               <mixed-citation id="d5008e828" publication-type="other">
H.E. Mayer, 'Henry II of England and the Holy Land', ante, lxcvi (1982), 721-39.</mixed-citation>
            </p>
         </fn>
         <fn id="d5008e836a1310">
            <label>39</label>
            <p>
               <mixed-citation id="d5008e843" publication-type="other">
Bodleian Library, Oxford, MS. Norfolk Charter 614.</mixed-citation>
            </p>
         </fn>
         <fn id="d5008e850a1310">
            <label>41</label>
            <p>
               <mixed-citation id="d5008e857" publication-type="other">
Wells Cathedral Library, DC/CF2/3(a).</mixed-citation>
            </p>
         </fn>
         <fn id="d5008e864a1310">
            <label>42</label>
            <p>
               <mixed-citation id="d5008e871" publication-type="other">
D.M. Smith, ed., The Acta of Hugh of Wells, Bishop of Lincoln, 1209-1235, Lincoln Record
Society, lxxxviii (2000), no. 2.</mixed-citation>
            </p>
         </fn>
         <fn id="d5008e881a1310">
            <label>45</label>
            <p>
               <mixed-citation id="d5008e888" publication-type="other">
Sheehan, 'List', 11, dates it to c. 121 5.</mixed-citation>
            </p>
         </fn>
         <fn id="d5008e895a1310">
            <label>46</label>
            <p>
               <mixed-citation id="d5008e902" publication-type="other">
TNA, PRO, E 40/11559.</mixed-citation>
            </p>
         </fn>
         <fn id="d5008e909a1310">
            <label>47</label>
            <p>
               <mixed-citation id="d5008e916" publication-type="other">
T. Madox, Formulare Anglicanum (London, 1702), 423-4 (no. 768, cf. TNA, PRO, 315/42
(246)).</mixed-citation>
            </p>
         </fn>
         <fn id="d5008e927a1310">
            <label>48</label>
            <p>
               <mixed-citation id="d5008e934" publication-type="other">
Madox, Formulare, 424 (no. 769, original lost), 424-5 (770, cf E 327/770), 425 (771, cf E
327/771).</mixed-citation>
            </p>
         </fn>
         <fn id="d5008e944a1310">
            <label>49</label>
            <p>
               <mixed-citation id="d5008e951" publication-type="other">
H.E. Salter, ed., Cartulary of Osney Abbey, Oxford Historical Society, 2 vols, lxxix (1929), i,
no. 142.</mixed-citation>
            </p>
         </fn>
         <fn id="d5008e961a1310">
            <label>50</label>
            <p>
               <mixed-citation id="d5008e968" publication-type="other">
Cambridge University Library, MS Additional 3020 (Red Book of Thorney part 1) fos.
183V-184X.</mixed-citation>
            </p>
         </fn>
         <fn id="d5008e978a1310">
            <label>51</label>
            <p>
               <mixed-citation id="d5008e985" publication-type="other">
N. Vincent, 'The Will of Richard of Elmham (d. 1228)', Historical Research, lxx (1997), 110-
20; (T.D. Hardy, ed., Rotfuli] Litt[erarum] Clausfarum in Turri Londinensi Assentati] (2 vols.,
London, 1833-4), "&gt; 71-</mixed-citation>
            </p>
         </fn>
         <fn id="d5008e998a1310">
            <label>52</label>
            <p>
               <mixed-citation id="d5008e1005" publication-type="other">
Rymer et al., eds., Foedera, I i. 496.</mixed-citation>
            </p>
         </fn>
         <fn id="d5008e1012a1310">
            <label>53</label>
            <p>
               <mixed-citation id="d5008e1019" publication-type="other">
T.D. Hardy, ed., Rotuli de Oblatis et Finibus in Turri Londinensi Asservati (London, 1835),
184-5;</mixed-citation>
            </p>
            <p>
               <mixed-citation id="d5008e1028" publication-type="other">
Pip* Roll 4 John, 256.</mixed-citation>
            </p>
         </fn>
         <fn id="d5008e1036a1310">
            <label>54</label>
            <p>
               <mixed-citation id="d5008e1043" publication-type="other">
Stubbs, ed., Historical Works ofGervase of Canterbury, i, 298-300</mixed-citation>
            </p>
         </fn>
         <fn id="d5008e1050a1310">
            <label>55</label>
            <p>
               <mixed-citation id="d5008e1057" publication-type="other">
Smith, ed., Acta of Hugh ofWells, no. 2</mixed-citation>
            </p>
         </fn>
         <fn id="d5008e1064a1310">
            <label>59</label>
            <p>
               <mixed-citation id="d5008e1071" publication-type="other">
Both Norgate, John
Lackland, 284, and Warren, King John, 255</mixed-citation>
            </p>
         </fn>
         <fn id="d5008e1081a1310">
            <label>60</label>
            <p>
               <mixed-citation id="d5008e1088" publication-type="other">
Birch, 'Notes on the Will', 336-7;</mixed-citation>
            </p>
            <p>
               <mixed-citation id="d5008e1094" publication-type="other">
Norgate, John Lackland, 284-5</mixed-citation>
            </p>
            <p>
               <mixed-citation id="d5008e1100" publication-type="other">
Warren, King John, 255.</mixed-citation>
            </p>
         </fn>
         <fn id="d5008e1107a1310">
            <label>61</label>
            <p>
               <mixed-citation id="d5008e1114" publication-type="other">
Stubbs, ed., Historical Works of Gervase of Canterbury, i, 298-300;</mixed-citation>
            </p>
            <p>
               <mixed-citation id="d5008e1120" publication-type="other">
Luard, ed., Matthaei
Parisiensis . . . Chronica Majora, v, 383.</mixed-citation>
            </p>
         </fn>
         <fn id="d5008e1130a1310">
            <label>62</label>
            <p>
               <mixed-citation id="d5008e1137" publication-type="other">
W. Stubbs, ed., Memoriale Fratris Walteri de Coventria (Rolls Series, 2 vols., London, 1873),
ii, 231.</mixed-citation>
            </p>
         </fn>
         <fn id="d5008e1148a1310">
            <label>63</label>
            <p>
               <mixed-citation id="d5008e1155" publication-type="other">
J. Stevenson, ed., Radulphi de Coggeshall Chronicon Anglicanum (Rolls Series, London,
1875), 183.</mixed-citation>
            </p>
         </fn>
         <fn id="d5008e1165a1310">
            <label>64</label>
            <p>
               <mixed-citation id="d5008e1172" publication-type="other">
N. Vincent, ed., The Letters and Charters of Cardinal Guala Bicchieri, Papal Legate in
England, 1216-1218, Canterbury and York Society, lxxxiii (1996), no. 140b</mixed-citation>
            </p>
         </fn>
         <fn id="d5008e1182a1310">
            <label>67</label>
            <p>
               <mixed-citation id="d5008e1189" publication-type="other">
A.B. Wyon, The Great Seals of England from the Earliest Period to the Present Time Arranged
and Illustrated with Historical and Descriptive Notes (London, 1887), 20-1</mixed-citation>
            </p>
            <p>
               <mixed-citation id="d5008e1198" publication-type="other">
H. Jenkinson, "The Great Seal of England: Some Notes and Suggestions', Antiquaries Journal, xvi
(1936), 8-28</mixed-citation>
            </p>
         </fn>
         <fn id="d5008e1208a1310">
            <label>68</label>
            <p>
               <mixed-citation id="d5008e1215" publication-type="other">
T.F. Tout, Chapters in the Administrative History of Mediaeval England: The Wardrobe, The
Chamber and the Small Seals (6 vols., Manchester, 1920-33), 123.</mixed-citation>
            </p>
            <p>
               <mixed-citation id="d5008e1224" publication-type="other">
Richard at Lincoln (T.D. Hardy, ed., RotfuliJ
Chart [arum in Turri Londinensi Asservati] (London, 1837), 224) and he was mentioned in a letter
patent on 7 Oct {Rot. Litt. Pat., 198b).</mixed-citation>
            </p>
         </fn>
         <fn id="d5008e1237a1310">
            <label>69</label>
            <p>
               <mixed-citation id="d5008e1244" publication-type="other">
A.J. Holden, S. Gregory, and D. Crouch, eds., The History of William Marshal, Anglo-
Norman Text Society, Occasional Publications Series, iv-vi (2002-6), lines 18327-43.</mixed-citation>
            </p>
         </fn>
         <fn id="d5008e1254a1310">
            <label>70</label>
            <p>
               <mixed-citation id="d5008e1261" publication-type="other">
Ibid., lines 15210; 17968.</mixed-citation>
            </p>
         </fn>
         <fn id="d5008e1269a1310">
            <label>71</label>
            <p>
               <mixed-citation id="d5008e1276" publication-type="other">
Ibid., lines 15287-304.</mixed-citation>
            </p>
         </fn>
         <fn id="d5008e1283a1310">
            <label>72</label>
            <p>
               <mixed-citation id="d5008e1290" publication-type="other">
Ibid., lines 15154-62.</mixed-citation>
            </p>
         </fn>
         <fn id="d5008e1297a1310">
            <label>73</label>
            <p>
               <mixed-citation id="d5008e1304" publication-type="other">
John Marshal the land of Alan son
of Roland (Rot. Litt. Claus, i, 290 b).</mixed-citation>
            </p>
         </fn>
         <fn id="d5008e1314a1310">
            <label>74</label>
            <p>
               <mixed-citation id="d5008e1321" publication-type="other">
D. Crouch, 'Historical Introduction', in Holden et al., eds., History of William Marshal, iii,
30-1.</mixed-citation>
            </p>
         </fn>
         <fn id="d5008e1331a1310">
            <label>75</label>
            <p>
               <mixed-citation id="d5008e1338" publication-type="other">
H.O. Cox, ed., Rogeri de Wendover, Chronica sive Flores Historiarum (5 vols., London,
1841-4), iii, 385.</mixed-citation>
            </p>
         </fn>
         <fn id="d5008e1348a1310">
            <label>76</label>
            <p>
               <mixed-citation id="d5008e1355" publication-type="other">
TNA, PRO, C 66/15, 'Patent Roll 18</mixed-citation>
            </p>
         </fn>
         <fn id="d5008e1363a1310">
            <label>77</label>
            <p>
               <mixed-citation id="d5008e1370" publication-type="other">
Rot. Litt. Pat., 199b.</mixed-citation>
            </p>
         </fn>
         <fn id="d5008e1377a1310">
            <label>78</label>
            <p>
               <mixed-citation id="d5008e1384" publication-type="other">
Luard, ed., Matthaei Parisiensis . . . Chronica Majora, iii, 28.</mixed-citation>
            </p>
         </fn>
         <fn id="d5008e1391a1310">
            <label>79</label>
            <p>
               <mixed-citation id="d5008e1398" publication-type="other">
Rot. Litt. Pat., 199b; LJ. Wilkinson, Women in Ihtrteenth-Lentury Lincolnshire (London,
2007), 19-20.</mixed-citation>
            </p>
         </fn>
         <fn id="d5008e1408a1310">
            <label>80</label>
            <p>
               <mixed-citation id="d5008e1415" publication-type="other">
Rot. Liu. Pat., 199b; B. English, The Lords ofHolderness (Oxford, 1979), 32-40.</mixed-citation>
            </p>
         </fn>
         <fn id="d5008e1422a1310">
            <label>81</label>
            <p>
               <mixed-citation id="d5008e1429" publication-type="other">
Rot. Litt. Pat., 199b.</mixed-citation>
            </p>
         </fn>
         <fn id="d5008e1436a1310">
            <label>82</label>
            <p>
               <mixed-citation id="d5008e1443" publication-type="other">
Ibid.</mixed-citation>
            </p>
         </fn>
         <fn id="d5008e1451a1310">
            <label>83</label>
            <p>
               <mixed-citation id="d5008e1458" publication-type="other">
Rot. Litt. Claus., i, 291b.</mixed-citation>
            </p>
         </fn>
         <fn id="d5008e1465a1310">
            <label>84</label>
            <p>
               <mixed-citation id="d5008e1472" publication-type="other">
Rot. Litt. Pat., 199b.</mixed-citation>
            </p>
         </fn>
         <fn id="d5008e1479a1310">
            <label>85</label>
            <p>
               <mixed-citation id="d5008e1486" publication-type="other">
Rot. Litt. Claus, i, 282b, 293.</mixed-citation>
            </p>
         </fn>
         <fn id="d5008e1493a1310">
            <label>86</label>
            <p>
               <mixed-citation id="d5008e1500" publication-type="other">
Rot. Chart., 223b;</mixed-citation>
            </p>
            <p>
               <mixed-citation id="d5008e1506" publication-type="other">
Rot. Litt. Claus., i, 291.</mixed-citation>
            </p>
         </fn>
         <fn id="d5008e1513a1310">
            <label>87</label>
            <p>
               <mixed-citation id="d5008e1520" publication-type="other">
Rot. Litt. Pat., 199b;</mixed-citation>
            </p>
            <p>
               <mixed-citation id="d5008e1526" publication-type="other">
S. Thompson, Women Religious: The Founding of Nunneries after the
Norman Conquest (Oxford, 1991), 50-2.</mixed-citation>
            </p>
         </fn>
         <fn id="d5008e1536a1310">
            <label>88</label>
            <p>
               <mixed-citation id="d5008e1543" publication-type="other">
(TNA, PRO, C 66/15, m. 1).</mixed-citation>
            </p>
            <p>
               <mixed-citation id="d5008e1549" publication-type="other">
(TNA,
PRO, C 66/16)</mixed-citation>
            </p>
         </fn>
         <fn id="d5008e1560a1310">
            <label>89</label>
            <p>
               <mixed-citation id="d5008e1567" publication-type="other">
W. Dugdale, Monasticon Anglicanum (6 vols, in 8, London, 1817-30), vi, part 1, 89-90;</mixed-citation>
            </p>
            <p>
               <mixed-citation id="d5008e1573" publication-type="other">
TNA, PRO, E315/55.</mixed-citation>
            </p>
         </fn>
         <fn id="d5008e1580a1310">
            <label>90</label>
            <p>
               <mixed-citation id="d5008e1587" publication-type="other">
Rot. Chart., 223b, 224.</mixed-citation>
            </p>
         </fn>
         <fn id="d5008e1594a1310">
            <label>91</label>
            <p>
               <mixed-citation id="d5008e1601" publication-type="other">
Rot. Litt. Claus., i, 291.</mixed-citation>
            </p>
         </fn>
         <fn id="d5008e1608a1310">
            <label>92</label>
            <p>
               <mixed-citation id="d5008e1615" publication-type="other">
Rot. Litt. Pat., 198b.</mixed-citation>
            </p>
         </fn>
         <fn id="d5008e1622a1310">
            <label>93</label>
            <p>
               <mixed-citation id="d5008e1629" publication-type="other">
Ibid., 195b.</mixed-citation>
            </p>
         </fn>
         <fn id="d5008e1636a1310">
            <label>94</label>
            <p>
               <mixed-citation id="d5008e1643" publication-type="other">
P. Chaplais, ed., Diplomatic Documents Preserved in the Public Record Office, 1101-1272
(London, 1964), no. 440.</mixed-citation>
            </p>
         </fn>
         <fn id="d5008e1654a1310">
            <label>95</label>
            <p>
               <mixed-citation id="d5008e1661" publication-type="other">
(E.M. Hallam,
'Henry (1155-1183)', ODNB).</mixed-citation>
            </p>
         </fn>
         <fn id="d5008e1671a1310">
            <label>96</label>
            <p>
               <mixed-citation id="d5008e1678" publication-type="other">
H.R. Luard, ed., Annales Monastici (Rolls Series, 5 vols., London, 1864-9), «&gt; 286.</mixed-citation>
            </p>
         </fn>
         <fn id="d5008e1685a1310">
            <label>97</label>
            <p>
               <mixed-citation id="d5008e1692" publication-type="other">
B.M. Kemp, ed., English Episcopal Acta, xviii, Salisbury 1078-1217 (Oxford, 1999), Ivi;</mixed-citation>
            </p>
            <p>
               <mixed-citation id="d5008e1698" publication-type="other">
id.,</mixed-citation>
            </p>
            <p>
               <mixed-citation id="d5008e1704" publication-type="other">
'God's and the King's Good Servant: Richard Poore, Bishop of Salisbury', Peritia, xii (1998), 359-78.</mixed-citation>
            </p>
         </fn>
         <fn id="d5008e1711a1310">
            <label>98</label>
            <p>
               <mixed-citation id="d5008e1718" publication-type="other">
P.M. Hoskin, ed., English Episcopal Acta, xxii, Chichester I2i$-i2&lt;tf (Oxford, 2001),
xxvii-ix.</mixed-citation>
            </p>
         </fn>
         <fn id="d5008e1728a1310">
            <label>99</label>
            <p>
               <mixed-citation id="d5008e1735" publication-type="other">
Rot. Chart., 214, 217b, 218.</mixed-citation>
            </p>
         </fn>
         <fn id="d5008e1742a1310">
            <label>100</label>
            <p>
               <mixed-citation id="d5008e1749" publication-type="other">
Ibid., 221.</mixed-citation>
            </p>
         </fn>
         <fn id="d5008e1757a1310">
            <label>102</label>
            <p>
               <mixed-citation id="d5008e1764" publication-type="other">
D.A. Carpenter, The Minority of Henry HI (London, 1990), 14, note 6.</mixed-citation>
            </p>
         </fn>
         <fn id="d5008e1771a1310">
            <label>103</label>
            <p>
               <mixed-citation id="d5008e1778" publication-type="other">
N. Vincent, Peter des Roches: An Alien in English Politics (Cambridge, 1994), 134-41.</mixed-citation>
            </p>
         </fn>
         <fn id="d5008e1785a1310">
            <label>104</label>
            <p>
               <mixed-citation id="d5008e1792" publication-type="other">
Holden et al., eds., History of William Marshal, lines 15189-90.</mixed-citation>
            </p>
         </fn>
         <fn id="d5008e1799a1310">
            <label>105</label>
            <p>
               <mixed-citation id="d5008e1806" publication-type="other">
Carpenter, Minority of Henry III, 14-17.</mixed-citation>
            </p>
         </fn>
         <fn id="d5008e1813a1310">
            <label>106</label>
            <p>
               <mixed-citation id="d5008e1820" publication-type="other">
F. Michel, ed., Histoire des Ducs de Normadie et des Rois de Angleterre (Paris, 1840), 181.</mixed-citation>
            </p>
         </fn>
         <fn id="d5008e1827a1310">
            <label>107</label>
            <p>
               <mixed-citation id="d5008e1834" publication-type="other">
Stubbs, Select Charters, 336-9.</mixed-citation>
            </p>
            <p>
               <mixed-citation id="d5008e1840" publication-type="other">
(J.C. Holt, Magna Carta (2nd edn., Cambridge, 1992),
449)?</mixed-citation>
            </p>
         </fn>
         <fn id="d5008e1851a1310">
            <label>108</label>
            <p>
               <mixed-citation id="d5008e1858" publication-type="other">
Carpenter, Minority of Henry III, 65.</mixed-citation>
            </p>
         </fn>
         <fn id="d5008e1865a1310">
            <label>109</label>
            <p>
               <mixed-citation id="d5008e1872" publication-type="other">
Ibid., 35-41.</mixed-citation>
            </p>
         </fn>
         <fn id="d5008e1879a1310">
            <label>110</label>
            <p>
               <mixed-citation id="d5008e1886" publication-type="other">
R.V. Turner, Men Raised from the Dust: Administrative Service and Upward Mobility in
Angevin England (Philadelphia, 1988), 79.</mixed-citation>
            </p>
         </fn>
         <fn id="d5008e1896a1310">
            <label>111</label>
            <p>
               <mixed-citation id="d5008e1903" publication-type="other">
M.T. Flanagan, 'Walter de Lacy (d. 1241)', ODNB.</mixed-citation>
            </p>
         </fn>
         <fn id="d5008e1910a1310">
            <label>112</label>
            <p>
               <mixed-citation id="d5008e1917" publication-type="other">
A.F. Pollard rev. R.R. Davies, 'Jonn or Monmouth (d. 1248)' , ODNB.</mixed-citation>
            </p>
         </fn>
         <fn id="d5008e1924a1310">
            <label>113</label>
            <p>
               <mixed-citation id="d5008e1931" publication-type="other">
Kemp, ed., English Episcopal Acta, xviii, Salisbury 10/8-121/, lvii.</mixed-citation>
            </p>
         </fn>
         <fn id="d5008e1939a1310">
            <label>114</label>
            <p>
               <mixed-citation id="d5008e1946" publication-type="other">
Holden et al., eds., History of William Marshal, lines 15713-16.</mixed-citation>
            </p>
         </fn>
         <fn id="d5008e1953a1310">
            <label>115</label>
            <p>
               <mixed-citation id="d5008e1960" publication-type="other">
Rot. Litt. Claus., i, 294.</mixed-citation>
            </p>
         </fn>
         <fn id="d5008e1967a1310">
            <label>116</label>
            <p>
               <mixed-citation id="d5008e1974" publication-type="other">
Molden et al., eds., History of William Marshal, lines 18318-19, 18356-8.</mixed-citation>
            </p>
         </fn>
         <fn id="d5008e1981a1310">
            <label>117</label>
            <p>
               <mixed-citation id="d5008e1988" publication-type="other">
(M. Weiss, 'The Castellan: The Early Career of Hubert
de Burgh', Viator, v (1974), 235-52</mixed-citation>
            </p>
            <p>
               <mixed-citation id="d5008e1997" publication-type="other">
F. Cazel, 'Intertwined Careers: Hubert de Burgh and Peter des
Roches', Haskins Society Journal, i (1989), 173-81</mixed-citation>
            </p>
            <p>
               <mixed-citation id="d5008e2006" publication-type="other">
Vincent, Peter des Roches, 171</mixed-citation>
            </p>
            <p>
               <mixed-citation id="d5008e2013" publication-type="other">
(Carpenter, Minority of Henry III, 21-2)</mixed-citation>
            </p>
            <p>
               <mixed-citation id="d5008e2019" publication-type="other">
Richard Marsh, John's chancellor from Oct 1214 (note 70)</mixed-citation>
            </p>
         </fn>
         <fn id="d5008e2026a1310">
            <label>118</label>
            <p>
               <mixed-citation id="d5008e2033" publication-type="other">
Letters of Guala, no. 140b.</mixed-citation>
            </p>
         </fn>
         <fn id="d5008e2040a1310">
            <label>119</label>
            <p>
               <mixed-citation id="d5008e2047" publication-type="other">
N. Vincent, 'Who's Who in Magna Carta Clause 50?', in M. Aureli, ed., Le médiéviste et la
monographie familiale: sources, méthodes et problématiques (Turnhout, 2004), 235-64.</mixed-citation>
            </p>
         </fn>
         <fn id="d5008e2058a1310">
            <label>120</label>
            <p>
               <mixed-citation id="d5008e2065" publication-type="other">
Carpenter, Minority of Henry III, 20-1, 25.</mixed-citation>
            </p>
         </fn>
      </fn-group>
   </back>
</article>
