<article dtd-version="1.0" article-type="research-article">
   <front>
      <journal-meta>
         <journal-id xmlns:xlink="http://www.w3.org/1999/xlink" journal-id-type="jstor">englhistrevi</journal-id>
         <journal-id xmlns:xlink="http://www.w3.org/1999/xlink" journal-id-type="jstor">j100150</journal-id>
         <journal-title-group xmlns:xlink="http://www.w3.org/1999/xlink">
            <journal-title>The English Historical Review</journal-title>
         </journal-title-group>
         <publisher>
            <publisher-name>Oxford University Press</publisher-name>
         </publisher>
         <issn xmlns:xlink="http://www.w3.org/1999/xlink" pub-type="ppub">00138266</issn>
         <issn xmlns:xlink="http://www.w3.org/1999/xlink" pub-type="epub">14774534</issn>
      </journal-meta>
      <article-meta>
         <article-id xmlns:xlink="http://www.w3.org/1999/xlink" pub-id-type="jstor">40784192</article-id>
         <title-group>
            <article-title>&lt;italic&gt;Presbyterians and Episcopalians: the Formation of Confessional Cultures in Scotland, 1660-1715&lt;/italic&gt;</article-title>
         </title-group>
         <contrib-group>
            <contrib>
               <string-name xmlns:xlink="http://www.w3.org/1999/xlink">
                  <given-names>ALASDAIR</given-names>
                  <surname>RAFFE</surname>
               </string-name>
            </contrib>
         </contrib-group>
         <pub-date xmlns:xlink="http://www.w3.org/1999/xlink">
            <day>1</day>
            <month>6</month>
            <year>2010</year>
         </pub-date>
         <volume>125</volume>
         <issue>514</issue>
         <issue-id xmlns:xlink="http://www.w3.org/1999/xlink">i40035387</issue-id>
         <fpage>570</fpage>
         <lpage>598</lpage>
         <permissions>
            <copyright-statement>© 2010 Oxford University Press</copyright-statement>
         </permissions>
         <self-uri xmlns:xlink="http://www.w3.org/1999/xlink"
                   xlink:href="http://www.jstor.org/stable/40784192"/>
         <custom-meta-group xmlns:xlink="http://www.w3.org/1999/xlink">
            <custom-meta>
               <meta-name>lang</meta-name>
               <meta-value>eng</meta-value>
            </custom-meta>
         </custom-meta-group>
      </article-meta>
   </front>
   <back>
      <fn-group xmlns:xlink="http://www.w3.org/1999/xlink">
         <title>[Footnotes]</title>
         <fn id="d4740e110a1310">
            <label>1</label>
            <p>
               <mixed-citation id="d4740e117" publication-type="other">
R.S. Spurlock, Cromwell and Scotland: Conquest and Religion, 1650-1660 (Edinburgh, 2007);</mixed-citation>
            </p>
            <p>
               <mixed-citation id="d4740e123" publication-type="other">
G. DesBrisay, 'Catholics, Quakers and Religious Persecution in Restoration Aberdeen, Innes
Review, xlvii (1996), 136-68;</mixed-citation>
            </p>
            <p>
               <mixed-citation id="d4740e132" publication-type="other">
M.A. Mullett, Catholics in Britain and Ireland, 1558-1829 (Basingstoke,
1998), 102-19.</mixed-citation>
            </p>
         </fn>
         <fn id="d4740e142a1310">
            <label>2</label>
            <p>
               <mixed-citation id="d4740e149" publication-type="other">
C. Gribben, 'Robert Leighton
Edinburgh Theology and the Collapse of the Prebyterian Consensus', in E. Boran and C. Gribben,
eds., Enforcing Reformation in Ireland and Scotland, 1550-1700 (Aldershot, 2006), 159-83.</mixed-citation>
            </p>
         </fn>
         <fn id="d4740e162a1310">
            <label>3</label>
            <p>
               <mixed-citation id="d4740e169" publication-type="other">
G. Donaldson, 'The Emergence of Schism in Seventeenth-Century Scotland', Studies in
Church History, ix (1972), 287-93.</mixed-citation>
            </p>
         </fn>
         <fn id="d4740e179a1310">
            <label>4</label>
            <p>
               <mixed-citation id="d4740e186" publication-type="other">
T. Thomson and C. Innes, eds., [The] Afcts of the] Parliaments of] S[cotland] (12 vols.,
Edinburgh, 1814-75), vii, 372-4;</mixed-citation>
            </p>
            <p>
               <mixed-citation id="d4740e195" publication-type="other">
P. Brown, H. Paton and E. Balfour-Melville, eds., [The] Register
ofthe]P[rivy] C[ouncil of Scotland] (3rd series, 16 vols., Edinburgh, 1908-70), i, 28-32;</mixed-citation>
            </p>
            <p>
               <mixed-citation id="d4740e204" publication-type="other">
J. Buckroyd,
'Anti-clericalism in Scotland during the Restoration', in N. Macdougall, ed., Church, Politics and
Society: Scotland, 1408-1929 (Edinburgh, 1983);</mixed-citation>
            </p>
            <p>
               <mixed-citation id="d4740e217" publication-type="other">
G. Davies and P.H. Hardacre, 'The Restoration of
the Scottish Episcopacy, 1660-1661', Journal of British Studies, i (1962), 32-51;</mixed-citation>
            </p>
            <p>
               <mixed-citation id="d4740e226" publication-type="other">
I.B. Cowan, The
Scottish Covenanters, 1660-1688 (London, 1976), 35-58;</mixed-citation>
            </p>
            <p>
               <mixed-citation id="d4740e235" publication-type="other">
E.H. Hyman, 'A Church Militant: Scotland,
1661-1690', Sixteenth Century Journal, xxvi (1995), 49-74, at 49-56.</mixed-citation>
            </p>
         </fn>
         <fn id="d4740e246a1310">
            <label>5</label>
            <p>
               <mixed-citation id="d4740e253" publication-type="other">
Cowan, Scottish Covenanters, 76-80;</mixed-citation>
            </p>
            <p>
               <mixed-citation id="d4740e259" publication-type="other">
Robert Wodrow, The History of the Sufferings of the
Church of Scotland from the Restoration to the Revolution, ed. R. Burns (4 vols., Glasgow, 1828-30),
iv, 432-3.</mixed-citation>
            </p>
         </fn>
         <fn id="d4740e272a1310">
            <label>6</label>
            <p>
               <mixed-citation id="d4740e279" publication-type="other">
APS, ix, 133-4;</mixed-citation>
            </p>
            <p>
               <mixed-citation id="d4740e285" publication-type="other">
T. Maxwell, "The Church Union Attempt at the General Assembly of 1692',
in D. Shaw, ed., Reformation and Revolution: Essays Presented to the Very Reverend Principal Emeritus
Hugh Watt (Edinburgh, 1967).</mixed-citation>
            </p>
         </fn>
         <fn id="d4740e298a1310">
            <label>7</label>
            <p>
               <mixed-citation id="d4740e305" publication-type="other">
C. Kidd, 'Religious Realignment between the Restoration and
the Union, in J. Robertson, ed., A Union for Empire: Political Thought and the British Union ofijoj
(Cambridge, 1995).</mixed-citation>
            </p>
         </fn>
         <fn id="d4740e318a1310">
            <label>8</label>
            <p>
               <mixed-citation id="d4740e325" publication-type="other">
G.D. Henderson, Religious Life in Seventeenth-Century Scotland (Cambridge, 1937), 144,
152-4;</mixed-citation>
            </p>
            <p>
               <mixed-citation id="d4740e334" publication-type="other">
T. Maxwell, 'The Presbyterian-Episcopalian Controversy in Scotland from the Revolution
Till the Accession of George I' (Univ. of Edinburgh Ph.D. thesis, 1954), 32-3;</mixed-citation>
            </p>
            <p>
               <mixed-citation id="d4740e343" publication-type="other">
W.R. Foster, Bishop
and Presbytery: The Church of Scotland, 1661-1688 (London, 1958), 125-7;</mixed-citation>
            </p>
            <p>
               <mixed-citation id="d4740e353" publication-type="other">
A.C. Cheyne, Studies in
Scottish Church History (Edinburgh, 1999), 55-78.</mixed-citation>
            </p>
         </fn>
         <fn id="d4740e363a1310">
            <label>9</label>
            <p>
               <mixed-citation id="d4740e370" publication-type="other">
T.N. Clarke, "The Scottish Episcopalians, 1688-1720</mixed-citation>
            </p>
            <p>
               <mixed-citation id="d4740e376" publication-type="other">
Univ. of Edinburgh Ph.D. thesis, 1987)</mixed-citation>
            </p>
         </fn>
         <fn id="d4740e383a1310">
            <label>10</label>
            <p>
               <mixed-citation id="d4740e390" publication-type="other">
W. Ferguson, Scotland's Relations with England: A Survey to iyoj (Edinburgh, 1977);</mixed-citation>
            </p>
            <p>
               <mixed-citation id="d4740e396" publication-type="other">
P.W.J.
Riley, The Union of England and Scotland: A Study in Anglo-Scottish Politics of the Eighteenth Century
(Manchester, 1978);</mixed-citation>
            </p>
            <p>
               <mixed-citation id="d4740e408" publication-type="other">
P.W.J. Riley, King William and the Scottish Politicians (Edinburgh, 1979).</mixed-citation>
            </p>
         </fn>
         <fn id="d4740e416a1310">
            <label>11</label>
            <p>
               <mixed-citation id="d4740e423" publication-type="other">
B. Lenman, The Scottish Episcopalian Clergy and the Ideology of Jacobitism, in
E. Cruickshanks, ed., Ideology and Conspiracy: Aspects of Jacobitism, i68p-i/S9 (Edinburgh, 1982);</mixed-citation>
            </p>
            <p>
               <mixed-citation id="d4740e432" publication-type="other">
M.G.H. Pittock, The Myth of the Jacobite Clans (Edinburgh, 1995), 46-8, 84;</mixed-citation>
            </p>
            <p>
               <mixed-citation id="d4740e438" publication-type="other">
D. Szechi, George
Lockhart of Carnwath, 1681-1731: A Study in Jacobitism (East Linton, 2002), 173, 199-200</mixed-citation>
            </p>
            <p>
               <mixed-citation id="d4740e448" publication-type="other">
T. Clarke, "The Williamite Episcopalians and the Glorious Revolution in Scotland',
Records of the Scottish Church History Society, xxiv (1990), 33-51</mixed-citation>
            </p>
         </fn>
         <fn id="d4740e458a1310">
            <label>12</label>
            <p>
               <mixed-citation id="d4740e465" publication-type="other">
C.A. Whatley with DJ. Patrick, The Scots and the Union (Edinburgh, 2006);</mixed-citation>
            </p>
            <p>
               <mixed-citation id="d4740e471" publication-type="other">
A. Murdoch,
"The Legacy of the Revolution in Scotland', in id., ed., The Scottish Nation: Identity and History
(Edinburgh, 2007).</mixed-citation>
            </p>
         </fn>
         <fn id="d4740e484a1310">
            <label>13</label>
            <p>
               <mixed-citation id="d4740e491" publication-type="other">
R.K. Frace, 'Religious Toleration in the Wake of Revolution: Scotland on the Eve of
Enlightenment (1688-1710S)', History, xciii (2008), 355-75, quotation at 359;</mixed-citation>
            </p>
            <p>
               <mixed-citation id="d4740e500" publication-type="other">
A Collection of Papers
against the Scots Toleration and Patronages, That Have Been Printed or Presented to Her Majesty, and
the Two Houses of Parliament (London, 1712).</mixed-citation>
            </p>
         </fn>
         <fn id="d4740e513a1310">
            <label>14</label>
            <p>
               <mixed-citation id="d4740e520" publication-type="other">
P. Benedict, 'Confessionalization in France? Critical Reflections and New Evidence', in
R.A. Mentzer and A. Spicer, eds., Society and Culture in the Huguenot World, itfp-1685 (Cambridge,
2002), 48.</mixed-citation>
            </p>
         </fn>
         <fn id="d4740e533a1310">
            <label>15</label>
            <p>
               <mixed-citation id="d4740e540" publication-type="other">
J.M. Headley,
HJ. Hillerbrand and AJ. Papalas, eds., Confessionalization in Europe, 1555-1700</mixed-citation>
            </p>
            <p>
               <mixed-citation id="d4740e549" publication-type="other">
Essays in Honor
and Memory of Bodo Nischan (Aldershot, 2004)</mixed-citation>
            </p>
            <p>
               <mixed-citation id="d4740e558" publication-type="other">
J.F. Harrington and H.W. Smith,
'Confessionalization, Community, and State Building in Germany, 1555-1870</mixed-citation>
            </p>
            <p>
               <mixed-citation id="d4740e568" publication-type="other">
ournal of Modern
History, lxix (1997), 77-101.</mixed-citation>
            </p>
            <p>
               <mixed-citation id="d4740e577" publication-type="other">
J. Goodare, State and Society in Early Modern Scotland (Oxford, 1999), 172-
92</mixed-citation>
            </p>
            <p>
               <mixed-citation id="d4740e586" publication-type="other">
J.R. Young, 'The Covenanters and the Scottish Parliament, 1639-51</mixed-citation>
            </p>
            <p>
               <mixed-citation id="d4740e592" publication-type="other">
E. Boran and C. Gribben, eds., Enforcing Reformation in
Ireland and Scotland</mixed-citation>
            </p>
         </fn>
         <fn id="d4740e602a1310">
            <label>16</label>
            <p>
               <mixed-citation id="d4740e609" publication-type="other">
J. Spurr, 'From Puritanism to Dissent, 1660-1700', in C. Durston and J. Eales, eds., The
Culture of English Puritanism, 1560-1700 (Basingstoke, 1996);</mixed-citation>
            </p>
            <p>
               <mixed-citation id="d4740e618" publication-type="other">
M. Sutherland, Peace, Toleration and
Decay: The Ecclesiology of Later Stuart Dissent (Carlisle, 2003);</mixed-citation>
            </p>
            <p>
               <mixed-citation id="d4740e627" publication-type="other">
M. Goldie et al, eds., The Entring
Book of Roger Motrice, 16JJ-1691 (6 vols., Woodbridge, 2006) i, 227-49</mixed-citation>
            </p>
            <p>
               <mixed-citation id="d4740e637" publication-type="other">
The continuing dominance
of the establishment is stressed by J.C.D. Clark, English Society 1660-1832:</mixed-citation>
            </p>
            <p>
               <mixed-citation id="d4740e646" publication-type="other">
Religion, Ideology and
Politics during the Ancien Régime (2nd edn., Cambridge, 2000).</mixed-citation>
            </p>
         </fn>
         <fn id="d4740e657a1310">
            <label>17</label>
            <p>
               <mixed-citation id="d4740e664" publication-type="other">
M. Mullen, 'From Sect to Denomination? Social Developments in Eighteenth-Century
English Quakerism', Journal of Religious History, xiii (1984), 168-91</mixed-citation>
            </p>
            <p>
               <mixed-citation id="d4740e673" publication-type="other">
R.L. Greaves, Gods
Other Children: Protestant Nonconformists and the Emergence of Denominational Churches in Ireland,
1660-1700 (Stanford, 1997)</mixed-citation>
            </p>
         </fn>
         <fn id="d4740e686a1310">
            <label>18</label>
            <p>
               <mixed-citation id="d4740e693" publication-type="other">
I. Furseth and P. Repstad, An Introduction to the Sociology of Religion: Classical and
Contemporary Perspectives (Aldershot, 2006), 133-7.</mixed-citation>
            </p>
         </fn>
         <fn id="d4740e703a1310">
            <label>19</label>
            <p>
               <mixed-citation id="d4740e710" publication-type="other">
M. Ingram, From Reformation to Toleration: Popular Religious
Cultures in England, 1540-1690</mixed-citation>
            </p>
            <p>
               <mixed-citation id="d4740e719" publication-type="other">
T. Harris, ed., Popular Culture in England, c.1500-1850
(Basingstoke, 1995).</mixed-citation>
            </p>
         </fn>
         <fn id="d4740e729a1310">
            <label>20</label>
            <p>
               <mixed-citation id="d4740e736" publication-type="other">
G.D. White, 'The Nine Lives of the Episcopal Cat: Changing Self-images of the Scottish
Episcopal Church', Records of the Scottish Church History Society, xxviii (1998), 78-92,</mixed-citation>
            </p>
         </fn>
         <fn id="d4740e746a1310">
            <label>21</label>
            <p>
               <mixed-citation id="d4740e753" publication-type="other">
APS, vii, 372.</mixed-citation>
            </p>
         </fn>
         <fn id="d4740e760a1310">
            <label>22</label>
            <p>
               <mixed-citation id="d4740e767" publication-type="other">
J. Buckroyd, "The Dismissal of Archbishop Alexander Burnet, 1669', Records of the Scottish
Church History Society, xviii, ii. (1973), 149-55;</mixed-citation>
            </p>
            <p>
               <mixed-citation id="d4740e776" publication-type="other">
APS, vii, 554-</mixed-citation>
            </p>
         </fn>
         <fn id="d4740e784a1310">
            <label>23</label>
            <p>
               <mixed-citation id="d4740e791" publication-type="other">
J. Buckroyd, Church and State in Scotland, 1660-1681 (Edinburgh, 1980), 82.</mixed-citation>
            </p>
         </fn>
         <fn id="d4740e798a1310">
            <label>24</label>
            <p>
               <mixed-citation id="d4740e805" publication-type="other">
C. Jackson, Restoration Scotland, 1660-1690: Royalist Politics, Religion and Ideas (Woodbridge,
2003), 110-20.</mixed-citation>
            </p>
         </fn>
         <fn id="d4740e815a1310">
            <label>25</label>
            <p>
               <mixed-citation id="d4740e822" publication-type="other">
Gilbert Burnet, A Vindication of the Authority, Constitution, and Laws of the Church and State
of Scotland (Glasgow, 1673), ^8.</mixed-citation>
            </p>
         </fn>
         <fn id="d4740e832a1310">
            <label>26</label>
            <p>
               <mixed-citation id="d4740e839" publication-type="other">
John Cockburn, A Specimen of Some Free and Impartial Remarks on Publick Affairs and
Particular Persons (London, [1724?]), 44-5;</mixed-citation>
            </p>
            <p>
               <mixed-citation id="d4740e848" publication-type="other">
Wodrow, History of the Sufferings of the Church of
Scotland, iii, 307.</mixed-citation>
            </p>
         </fn>
         <fn id="d4740e858a1310">
            <label>27</label>
            <p>
               <mixed-citation id="d4740e865" publication-type="other">
N[ational] L[ibrary of] S[cotland], Wod. Fol. XL, David Williamson, Account of the
Sufferings from 1660 to 1688', fo. 3v.</mixed-citation>
            </p>
         </fn>
         <fn id="d4740e875a1310">
            <label>28</label>
            <p>
               <mixed-citation id="d4740e882" publication-type="other">
[John Brown] , An Apologeticall Relation, of the Particular Sufferings of the Faithfull Ministers
&amp; Professours of the Church of Scotland Since August 1660 (n.p., 1665),</mixed-citation>
            </p>
            <p>
               <mixed-citation id="d4740e891" publication-type="other">
[Robert
Me Ward], The True Non-conformist in Answere to the Modest and Free Conference ([Amsterdam?],
1671), 181-7.</mixed-citation>
            </p>
         </fn>
         <fn id="d4740e905a1310">
            <label>29</label>
            <p>
               <mixed-citation id="d4740e912" publication-type="other">
[Gilbert Rule], A Modest Answer to Dr Stillingfleets Irenicum (London, 1680), 2.</mixed-citation>
            </p>
         </fn>
         <fn id="d4740e919a1310">
            <label>30</label>
            <p>
               <mixed-citation id="d4740e926" publication-type="other">
[Hugh Smith and Alexander Jameson], An Apology for, or Vindication of the Oppressed
Persecuted Ministers &amp; Professors of the Presbyterian Reformed Religion, in the Church of Scotland
([Edinburgh?], 1677), 16-17.</mixed-citation>
            </p>
         </fn>
         <fn id="d4740e939a1310">
            <label>31</label>
            <p>
               <mixed-citation id="d4740e946" publication-type="other">
Ibid., sigs. *4v.-[*5]r.;</mixed-citation>
            </p>
            <p>
               <mixed-citation id="d4740e952" publication-type="other">
AJ.N. Raffe, 'Religious Controversy and Scottish Society, r.1679-
1714' (Univ. of Edinburgh Ph.D. thesis, 2008), 139-40, 146, 148-50.</mixed-citation>
            </p>
         </fn>
         <fn id="d4740e962a1310">
            <label>32</label>
            <p>
               <mixed-citation id="d4740e969" publication-type="other">
Burnet, Vindication of the Authority ' 259-62;</mixed-citation>
            </p>
            <p>
               <mixed-citation id="d4740e975" publication-type="other">
John Cockburn, Jacobs Vow, or, Mans Felicity
and Duty (Edinburgh, 1686), 20.</mixed-citation>
            </p>
         </fn>
         <fn id="d4740e985a1310">
            <label>33</label>
            <p>
               <mixed-citation id="d4740e992" publication-type="other">
Clarke, 'Williamite Episcopalians', 47-9;</mixed-citation>
            </p>
            <p>
               <mixed-citation id="d4740e998" publication-type="other">
APS, ix, 303.</mixed-citation>
            </p>
         </fn>
         <fn id="d4740e1005a1310">
            <label>34</label>
            <p>
               <mixed-citation id="d4740e1012" publication-type="other">
John MAckenzie of Delvine . . . From the Revd. Alexander Monro', ed. W.K.
Dickson, in Miscellany of the Scottish History Society, V, Scottish History Society, 3rd series, xxi
(1933), 266.</mixed-citation>
            </p>
         </fn>
         <fn id="d4740e1026a1310">
            <label>35</label>
            <p>
               <mixed-citation id="d4740e1033" publication-type="other">
[John Sage] , The Principles of the Cyprianic Age, with Regard to Episcopal Power and Jurisdiction
(London, 1695).</mixed-citation>
            </p>
         </fn>
         <fn id="d4740e1043a1310">
            <label>36</label>
            <p>
               <mixed-citation id="d4740e1050" publication-type="other">
Ibid., 9;</mixed-citation>
            </p>
            <p>
               <mixed-citation id="d4740e1056" publication-type="other">
[George Garden], The Case of the Episcopal Clergy, and of Those of the Episcopal
Perswasion, Considered {[Edinburgh], 1703), 7.</mixed-citation>
            </p>
         </fn>
         <fn id="d4740e1066a1310">
            <label>37</label>
            <p>
               <mixed-citation id="d4740e1073" publication-type="other">
[Sage], Principles of the Cyprianic Age, 94.</mixed-citation>
            </p>
         </fn>
         <fn id="d4740e1080a1310">
            <label>38</label>
            <p>
               <mixed-citation id="d4740e1087" publication-type="other">
Alexander Monro, bermons Preached on several Occasions (London, 1693),</mixed-citation>
            </p>
            <p>
               <mixed-citation id="d4740e1093" publication-type="other">
(APS, ix, 40)</mixed-citation>
            </p>
            <p>
               <mixed-citation id="d4740e1099" publication-type="other">
[John Sage], The Fundamental Charter
of Presbytery, as It Hath Been Lately Established in the Kingdom of Scotland, Examind and Disprovd
(London, 1695).</mixed-citation>
            </p>
         </fn>
         <fn id="d4740e1112a1310">
            <label>39</label>
            <p>
               <mixed-citation id="d4740e1119" publication-type="other">
[John Sage], A Vindication of a Discourse Entitled lhe Principles of the Cyprianic age, with
Regard to Episcopal Power and Jurisdiction (London, 1701), 535.</mixed-citation>
            </p>
         </fn>
         <fn id="d4740e1129a1310">
            <label>40</label>
            <p>
               <mixed-citation id="d4740e1136" publication-type="other">
[Alexander Cunningham], An Essay Concerning Church Government, Out of the Excellent
Writings of Calvin and Beza ([Edinburgh?], 1689)</mixed-citation>
            </p>
            <p>
               <mixed-citation id="d4740e1145" publication-type="other">
The
Divine Right of Episcopacy Demonstrated from Calvin and Beza (London, 1690).</mixed-citation>
            </p>
         </fn>
         <fn id="d4740e1156a1310">
            <label>41</label>
            <p>
               <mixed-citation id="d4740e1163" publication-type="other">
[Robert Calder], Reasons for a Toleration to the Episcopalian Clergie (Edinburgh, 1703), 5-6.</mixed-citation>
            </p>
         </fn>
         <fn id="d4740e1170a1310">
            <label>42</label>
            <p>
               <mixed-citation id="d4740e1177" publication-type="other">
[Garden], Case of the Episcopal Clergy, 6-7.</mixed-citation>
            </p>
         </fn>
         <fn id="d4740e1184a1310">
            <label>43</label>
            <p>
               <mixed-citation id="d4740e1191" publication-type="other">
[Archibald Campbell] , A Query Turnd into an Argument in Favours of Episcopacy ([London?] ,
1703)» 16.</mixed-citation>
            </p>
         </fn>
         <fn id="d4740e1201a1310">
            <label>44</label>
            <p>
               <mixed-citation id="d4740e1208" publication-type="other">
[Robert Calder], The Divine Right of Episcopacy ([Edinburgh?], 1705), 54.</mixed-citation>
            </p>
         </fn>
         <fn id="d4740e1215a1310">
            <label>45</label>
            <p>
               <mixed-citation id="d4740e1222" publication-type="other">
Bod[leian Library], MS Bailara 36, Copy of a letter to James Greenshields, c. Nov. 1711, fo.
120V.</mixed-citation>
            </p>
         </fn>
         <fn id="d4740e1232a1310">
            <label>46</label>
            <p>
               <mixed-citation id="d4740e1239" publication-type="other">
James Kirkton, A History of the Church of Scotland, 1660-1679, ed. R. Stewart (Lewiston, NY,
1992), 77.</mixed-citation>
            </p>
         </fn>
         <fn id="d4740e1250a1310">
            <label>47</label>
            <p>
               <mixed-citation id="d4740e1257" publication-type="other">
Burnet, Vindication of the Authority, 320, 337.</mixed-citation>
            </p>
         </fn>
         <fn id="d4740e1264a1310">
            <label>48</label>
            <p>
               <mixed-citation id="d4740e1271" publication-type="other">
John Lauder of Fountainhall, Historical Notices of Scotish Affairs, ed. D. Laing, Bannatyne
Club (2 vols., 1848), ii, 580-1</mixed-citation>
            </p>
            <p>
               <mixed-citation id="d4740e1280" publication-type="other">
RPC, x, 56.</mixed-citation>
            </p>
         </fn>
         <fn id="d4740e1287a1310">
            <label>49</label>
            <p>
               <mixed-citation id="d4740e1294" publication-type="other">
[George Brown], Toleration Defended: or, the Letter from a Gentleman to a Member of
Parliament Concerning Toleration Considered ([Edinburgh?], 1703), 2.</mixed-citation>
            </p>
         </fn>
         <fn id="d4740e1304a1310">
            <label>51</label>
            <p>
               <mixed-citation id="d4740e1311" publication-type="other">
The Correspondence of the Rev. Robert Wodrow, ed T. M'Crie, Wodrow Society (3 vols.,
1842-3), i, 405</mixed-citation>
            </p>
            <p>
               <mixed-citation id="d4740e1320" publication-type="other">
William Cockburn, A Sermon Upon thexxxth of January, iji$
(Edinburgh, 1713).</mixed-citation>
            </p>
         </fn>
         <fn id="d4740e1330a1310">
            <label>52</label>
            <p>
               <mixed-citation id="d4740e1337" publication-type="other">
T. Harmsen, 'Dodwell, Henry (1641-1711)</mixed-citation>
            </p>
            <p>
               <mixed-citation id="d4740e1343" publication-type="other">
Oxford Dictionary of National Biography (2004)</mixed-citation>
            </p>
            <p>
               <mixed-citation id="d4740e1349" publication-type="other">
Lauder of Fountainhall, Historical Notices, ii, 580;</mixed-citation>
            </p>
            <p>
               <mixed-citation id="d4740e1356" publication-type="other">
[Sage], Vindication of a Discourse, 38, 173-6, 467,
471;</mixed-citation>
            </p>
            <p>
               <mixed-citation id="d4740e1365" publication-type="other">
[John Sage], The Reasonableness of a Toleration to Those of the Episcopal Perswasion, Enquir'd
into, purely on Church Principles (Edinburgh, 1704), 94;</mixed-citation>
            </p>
            <p>
               <mixed-citation id="d4740e1374" publication-type="other">
Thomas Rhind, An Apology for Mr Thomas
Rhind. Or an Account of the Manner How, and the Reasons for which He Separated from the
Presbyterian Party, and Embraced the Communion of the Church (Edinburgh, 1712), 24-5.</mixed-citation>
            </p>
         </fn>
         <fn id="d4740e1387a1310">
            <label>53</label>
            <p>
               <mixed-citation id="d4740e1394" publication-type="other">
A Letter to a Gentleman at London, Concerning Mr Adam Glass, Late Minister of the Establish a
Church in Scotland (London, 1712), 5.</mixed-citation>
            </p>
         </fn>
         <fn id="d4740e1405a1310">
            <label>54</label>
            <p>
               <mixed-citation id="d4740e1412" publication-type="other">
John Anderson, A Defence of the Church-Government, Faith, Worship &amp; Spirit of the
Presbyterians (Glasgow, 1714), I.</mixed-citation>
            </p>
         </fn>
         <fn id="d4740e1422a1310">
            <label>55</label>
            <p>
               <mixed-citation id="d4740e1429" publication-type="other">
Bod., MS Ballard 36, James Greenshields to Arthur Charlett, 13 Nov. 1714, fo. i64r.;</mixed-citation>
            </p>
            <p>
               <mixed-citation id="d4740e1435" publication-type="other">
William
Duguid, Plain Dealing with Presbyterians ([Edinburgh], 1719), 7.</mixed-citation>
            </p>
         </fn>
         <fn id="d4740e1445a1310">
            <label>57</label>
            <p>
               <mixed-citation id="d4740e1452" publication-type="other">
[Archibald Campbell], Queries to the Presbyterians of Scotland, Whereunto a Satisfactory
Answer Is Humbly Desired (Edinburgh, 1702), 45.</mixed-citation>
            </p>
         </fn>
         <fn id="d4740e1462a1310">
            <label>58</label>
            <p>
               <mixed-citation id="d4740e1469" publication-type="other">
[Gilbert Rule], A True Representation of Presbyterian Government (2nd edn., Edinburgh,
1690), 2.</mixed-citation>
            </p>
         </fn>
         <fn id="d4740e1479a1310">
            <label>59</label>
            <p>
               <mixed-citation id="d4740e1486" publication-type="other">
[Sage], Vindication of a Discourse, 442-3.</mixed-citation>
            </p>
         </fn>
         <fn id="d4740e1493a1310">
            <label>60</label>
            <p>
               <mixed-citation id="d4740e1500" publication-type="other">
William Jameson, Cyprianus Isotimus. Or, J.S. s Vindication of His Principles of the Cyprianic
Age Confuted (Edinburgh, 1705), 540-1;</mixed-citation>
            </p>
            <p>
               <mixed-citation id="d4740e1509" publication-type="other">
E[dinburgh] U[niversity] L[ibrary], MS La.II. 407, William
lameson to William Carstares, 29 Mar. 1706, fo. 4.</mixed-citation>
            </p>
         </fn>
         <fn id="d4740e1520a1310">
            <label>61</label>
            <p>
               <mixed-citation id="d4740e1527" publication-type="other">
Clarke, 'Scottish Episcopalians', 140-6, 353.</mixed-citation>
            </p>
         </fn>
         <fn id="d4740e1534a1310">
            <label>62</label>
            <p>
               <mixed-citation id="d4740e1541" publication-type="other">
Edmund Calamy, An Historical Account of My Own Life, ed. J.T. Rutt (2nd edn., 2 vols.,
London, 1830), ii, 152-3.</mixed-citation>
            </p>
         </fn>
         <fn id="d4740e1551a1310">
            <label>63</label>
            <p>
               <mixed-citation id="d4740e1558" publication-type="other">
Anderson, Defence of the Church-Government, 37</mixed-citation>
            </p>
            <p>
               <mixed-citation id="d4740e1564" publication-type="other">
A.
Raffe, 'Presbyterianism, Secularization, and Scottish Politics after the Revolution of 1688-90</mixed-citation>
            </p>
            <p>
               <mixed-citation id="d4740e1573" publication-type="other">
Historical Journal, liii (forthcoming 2010)</mixed-citation>
            </p>
            <p>
               <mixed-citation id="d4740e1580" publication-type="other">
Frace, 'Religious Toleration', 363-4,</mixed-citation>
            </p>
         </fn>
         <fn id="d4740e1587a1310">
            <label>64</label>
            <p>
               <mixed-citation id="d4740e1594" publication-type="other">
C. Kidd, 'Constructing a Civil Religion: Scots Presbyterians and the Eighteenth-Century
British State, in J. Kirk, ed., The Scottish Churches and the Union Parliament, 1707-1999</mixed-citation>
            </p>
            <p>
               <mixed-citation id="d4740e1603" publication-type="other">
(Edinburgh,
2001).</mixed-citation>
            </p>
         </fn>
         <fn id="d4740e1613a1310">
            <label>65</label>
            <p>
               <mixed-citation id="d4740e1620" publication-type="other">
C. Kidd, Subverting Scotland's Past: Scottish Whig Historians and the Creation of an Anglo-
British Identity, 1689-C.1830 (Cambridge, 1993), 63-9;</mixed-citation>
            </p>
            <p>
               <mixed-citation id="d4740e1629" publication-type="other">
D. Allan, 'Protestantism, Presbyterianism and
National Identity in Eighteenth-Century Scottish History', in T. Claydon and I. McBride, eds.,
Protestantism and National Identity: Britain and Ireland, c. 1650-c. 1850 (Cambridge, 1998), 187.</mixed-citation>
            </p>
         </fn>
         <fn id="d4740e1642a1310">
            <label>66</label>
            <p>
               <mixed-citation id="d4740e1649" publication-type="other">
[Alexander Monro], An Apology for the Clergy of Scotland (London, 1693), 52-5;</mixed-citation>
            </p>
            <p>
               <mixed-citation id="d4740e1655" publication-type="other">
[Calder],
Divine Right of Episcopacy, 54-5.</mixed-citation>
            </p>
         </fn>
         <fn id="d4740e1666a1310">
            <label>67</label>
            <p>
               <mixed-citation id="d4740e1673" publication-type="other">
APS, VI ii. 61, vii, 86-7.</mixed-citation>
            </p>
         </fn>
         <fn id="d4740e1680a1310">
            <label>68</label>
            <p>
               <mixed-citation id="d4740e1687" publication-type="other">
Gilbert Burnet, Burnet's History of My Own Time, ed. O. Airy (2 vols., Oxford, 1897-1900),
i&gt; 3H-I5-</mixed-citation>
            </p>
         </fn>
         <fn id="d4740e1697a1310">
            <label>69</label>
            <p>
               <mixed-citation id="d4740e1704" publication-type="other">
G. Donaldson, 'Scottish Ordinations in the Restoration Period', Scottish Historical Review,
xxxiii (1954), 169-75, at I7I-</mixed-citation>
            </p>
         </fn>
         <fn id="d4740e1714a1310">
            <label>70</label>
            <p>
               <mixed-citation id="d4740e1721" publication-type="other">
[John Sage], The Case of the Present Afflicted Clergy Truly Represented (London, 1690), sigs.
Aiv.-[A3]r.</mixed-citation>
            </p>
         </fn>
         <fn id="d4740e1731a1310">
            <label>71</label>
            <p>
               <mixed-citation id="d4740e1738" publication-type="other">
B. Lenman, The Jacobite Risings in Britain, 1689-1746 (2nd edn., London, 1984), 56.</mixed-citation>
            </p>
         </fn>
         <fn id="d4740e1745a1310">
            <label>72</label>
            <p>
               <mixed-citation id="d4740e1752" publication-type="other">
Foster, Bishop and Presbytery, 155-6;</mixed-citation>
            </p>
            <p>
               <mixed-citation id="d4740e1758" publication-type="other">
Henderson Religious Life 144</mixed-citation>
            </p>
         </fn>
         <fn id="d4740e1766a1310">
            <label>73</label>
            <p>
               <mixed-citation id="d4740e1773" publication-type="other">
[Gilbert Burnet], A Modest and Free Conference betwixt a Conformist and a Non-conformist,
about the Present Distempers of Scotland (2nd edn., [Edinburgh?], 1669), pt. 1, 19-20, 3
(quotation).</mixed-citation>
            </p>
         </fn>
         <fn id="d4740e1786a1310">
            <label>74</label>
            <p>
               <mixed-citation id="d4740e1793" publication-type="other">
The Scotch Presbyterian Eloquence; or, the Foolishness of Their Teaching Discovered from Their
Books, Sermons and Prayers (London, 1692), 2-3.</mixed-citation>
            </p>
         </fn>
         <fn id="d4740e1803a1310">
            <label>75</label>
            <p>
               <mixed-citation id="d4740e1810" publication-type="other">
Register of the Diocesan Synod of Dunblane, 1662-1688 ed. J. Wilson (Edinburgh, 1877), 3.</mixed-citation>
            </p>
         </fn>
         <fn id="d4740e1817a1310">
            <label>76</label>
            <p>
               <mixed-citation id="d4740e1824" publication-type="other">
Foster, Bishop and Presbytery, 105.</mixed-citation>
            </p>
         </fn>
         <fn id="d4740e1831a1310">
            <label>77</label>
            <p>
               <mixed-citation id="d4740e1838" publication-type="other">
Laurence Charteris, Four Sermons (Edinburgh, 171 6);</mixed-citation>
            </p>
            <p>
               <mixed-citation id="d4740e1844" publication-type="other">
John Cockburn, Eight Sermons
Preached on Several Occasions (Edinburgh, 1691);</mixed-citation>
            </p>
         </fn>
         <fn id="d4740e1854a1310">
            <label>78</label>
            <p>
               <mixed-citation id="d4740e1861" publication-type="other">
Cockburn, Eight Sermons, [xii].</mixed-citation>
            </p>
         </fn>
         <fn id="d4740e1869a1310">
            <label>79</label>
            <p>
               <mixed-citation id="d4740e1876" publication-type="other">
I. Rivers, Reason, Grace, and Sentiment: A Study of the Language of Religion and Ethics in
England, 1660-1/80: Volume IWhichcote to Wesley (Cambridge, 1991), 19-20;</mixed-citation>
            </p>
            <p>
               <mixed-citation id="d4740e1885" publication-type="other">
J. Spurr, The Restoration
Church of England, 1646-1689 (New Haven and London, 1991), 299.</mixed-citation>
            </p>
         </fn>
         <fn id="d4740e1895a1310">
            <label>80</label>
            <p>
               <mixed-citation id="d4740e1902" publication-type="other">
Robert McWard, 'To the Christian Reader', in John Brown, Christ, the Way, and the Truth
and the Life (2nd edn., Glasgow, 1678), sigs. B4V., [B6]v., [B9]r.;</mixed-citation>
            </p>
            <p>
               <mixed-citation id="d4740e1911" publication-type="other">
Robert Fleming, The Fulfilling of
the Scripture, or an Essay Showing the Exact Accomplishment of the Word of God in His Works of
Providence (2nd edn., Amsterdam, 1671), sig. *3.</mixed-citation>
            </p>
         </fn>
         <fn id="d4740e1924a1310">
            <label>81</label>
            <p>
               <mixed-citation id="d4740e1931" publication-type="other">
NLS, MS 16449, Sermons of John Gray, fo. 2i6v.;</mixed-citation>
            </p>
            <p>
               <mixed-citation id="d4740e1937" publication-type="other">
Cockburn, Jacobs Vow, 17.</mixed-citation>
            </p>
         </fn>
         <fn id="d4740e1944a1310">
            <label>82</label>
            <p>
               <mixed-citation id="d4740e1951" publication-type="other">
C. Innes, ed., Fasti Aberdonenses: Selections from the Records of the University and Kings
College of Aberdeen, 1494-1854, Spalding Club (1854), 347, 367;</mixed-citation>
            </p>
            <p>
               <mixed-citation id="d4740e1960" publication-type="other">
National] Archives of] S[cotland],
PA10/3, Parliamentary visitation of the universities, Aberdeen, 1690s, 17 Oct. 1690 [unfoliated] .</mixed-citation>
            </p>
         </fn>
         <fn id="d4740e1970a1310">
            <label>83</label>
            <p>
               <mixed-citation id="d4740e1977" publication-type="other">
[James Gordon], The Reformed Bishop: or, XIX Articles ([London], 1679), 260.</mixed-citation>
            </p>
         </fn>
         <fn id="d4740e1984a1310">
            <label>84</label>
            <p>
               <mixed-citation id="d4740e1991" publication-type="other">
Foster, Bishop and Presbytery, 157-8;</mixed-citation>
            </p>
            <p>
               <mixed-citation id="d4740e1997" publication-type="other">
[Henry Scougal], The Life of God in the Soul of Man. Or,
the Nature and Excellency of the Christian Religion (London, 1677);</mixed-citation>
            </p>
            <p>
               <mixed-citation id="d4740e2006" publication-type="other">
[James Garden], Comparative
Theology (London, 1700). See also G.D. Henderson, 'Introduction', in idem., ed., Mystics of the
North-East, Third Spalding Club (1934).</mixed-citation>
            </p>
         </fn>
         <fn id="d4740e2020a1310">
            <label>85</label>
            <p>
               <mixed-citation id="d4740e2027" publication-type="other">
An Account of the Beginnings and Advances of a Spiritual Life, in [Scougal], Life of God in the
Soul of Man, 4.</mixed-citation>
            </p>
         </fn>
         <fn id="d4740e2037a1310">
            <label>86</label>
            <p>
               <mixed-citation id="d4740e2044" publication-type="other">
William Forbes, Considerationes Modestae et Pacificae, éd. G. H. Forbes (2 vols., Oxford,
1850-6);</mixed-citation>
            </p>
            <p>
               <mixed-citation id="d4740e2053" publication-type="other">
J. Cooper, 'Forbes, William (1585-1634)',</mixed-citation>
            </p>
         </fn>
         <fn id="d4740e2060a1310">
            <label>87</label>
            <p>
               <mixed-citation id="d4740e2067" publication-type="other">
Alexander Monro, A Letter to the Honourable Sir Robert Howard, Occasioned by a Late Book
(London, 1696), 13.</mixed-citation>
            </p>
         </fn>
         <fn id="d4740e2077a1310">
            <label>88</label>
            <p>
               <mixed-citation id="d4740e2084" publication-type="other">
NAS, PA10/4, Parliamentary visitation of universities, Edinburgh, 1690s, 28 Aug. 1690
[unfoliated] ;</mixed-citation>
            </p>
            <p>
               <mixed-citation id="d4740e2093" publication-type="other">
H. Scott, Fasti Ecclesiae Scoticanae: the Succession of Ministers in the Church of Scotland
from the Reformation (revised edn., 8 vols., Edinburgh, 1915-50), i, 135, 139.</mixed-citation>
            </p>
         </fn>
         <fn id="d4740e2103a1310">
            <label>89</label>
            <p>
               <mixed-citation id="d4740e2110" publication-type="other">
NLS, Wod. Fol. XXXIV, Exceptions of Glasgow students against the regents, Oct. 1689, fos.
i6r., iir.</mixed-citation>
            </p>
         </fn>
         <fn id="d4740e2120a1310">
            <label>90</label>
            <p>
               <mixed-citation id="d4740e2127" publication-type="other">
NLS, Wod. Qu. LXXIII, Account of the 'carriage of the people of Glasgow to the curats
anno 1689', fos. 9V., ior.</mixed-citation>
            </p>
         </fn>
         <fn id="d4740e2138a1310">
            <label>91</label>
            <p>
               <mixed-citation id="d4740e2145" publication-type="other">
NLS, Wod. Fol. XXXIV, Exceptions of Glasgow students, fo. i6r.;</mixed-citation>
            </p>
            <p>
               <mixed-citation id="d4740e2151" publication-type="other">
NAS, PA10/4,
Parliamentary visitation, Edinburgh, 28 Aug. 1690.</mixed-citation>
            </p>
         </fn>
         <fn id="d4740e2161a1310">
            <label>92</label>
            <p>
               <mixed-citation id="d4740e2168" publication-type="other">
NLS, Wod. Qu. LXXIII, Account of the 'carriage of the people of Glasgow', fo. 9V.</mixed-citation>
            </p>
         </fn>
         <fn id="d4740e2175a1310">
            <label>93</label>
            <p>
               <mixed-citation id="d4740e2182" publication-type="other">
[Alexander Monro] , Presbyterian Inquisition; as It Was Lately Practised against the Professors of
the College of Edinburgh (London, 1691), 59-62.</mixed-citation>
            </p>
         </fn>
         <fn id="d4740e2192a1310">
            <label>94</label>
            <p>
               <mixed-citation id="d4740e2199" publication-type="other">
[Burnet], Modest and Free Conference, pt. 2, 15;</mixed-citation>
            </p>
            <p>
               <mixed-citation id="d4740e2205" publication-type="other">
NAS, PA10/4, Parliamentary visitation,
Edinburgh, 28 Aug. 1690.</mixed-citation>
            </p>
         </fn>
         <fn id="d4740e2215a1310">
            <label>95</label>
            <p>
               <mixed-citation id="d4740e2222" publication-type="other">
NAS, CH12/12/210, 'Mr Graham of Dunfermline His Account of Presbyterian Principles &amp;
Doctrine', 1692, 1-2.</mixed-citation>
            </p>
         </fn>
         <fn id="d4740e2232a1310">
            <label>96</label>
            <p>
               <mixed-citation id="d4740e2239" publication-type="other">
NAS, CH1/2/3/2, Account of James Graemes principles, fo. I22r.</mixed-citation>
            </p>
         </fn>
         <fn id="d4740e2247a1310">
            <label>97</label>
            <p>
               <mixed-citation id="d4740e2254" publication-type="other">
NLS, Wod. Foi. LI, Synod of Fife's complaint to the 1703 general assembly concerning
James Graeme, fo. 50V.;</mixed-citation>
            </p>
            <p>
               <mixed-citation id="d4740e2263" publication-type="other">
NAS, CH1/2/3/2, Synod of Fife's answers to James Graeme, 1701, fo.
i6or.</mixed-citation>
            </p>
         </fn>
         <fn id="d4740e2273a1310">
            <label>98</label>
            <p>
               <mixed-citation id="d4740e2280" publication-type="other">
NAS, CH1/2/3/2, Account of James Graeme's principles, fo. 122.</mixed-citation>
            </p>
         </fn>
         <fn id="d4740e2287a1310">
            <label>99</label>
            <p>
               <mixed-citation id="d4740e2294" publication-type="other">
NLS, Wod. Fol. LI, Synod of Fife's complaint, fo. 50V.</mixed-citation>
            </p>
         </fn>
         <fn id="d4740e2301a1310">
            <label>100</label>
            <p>
               <mixed-citation id="d4740e2308" publication-type="other">
LJames GraemeJ, we tamous lryal of the Late Reverend and Learned Mr James urame,
Episcopal Minister of Dunfermline (London, 1719), 26.</mixed-citation>
            </p>
         </fn>
         <fn id="d4740e2318a1310">
            <label>101</label>
            <p>
               <mixed-citation id="d4740e2325" publication-type="other">
A. RafFe, 'Episcopalian Polemic, the London Printing Press and Anglo-Scottish Divergence
in the 1690s' , Journal of Scottish Historical Studies, xxvi (2006), 23-41, esp. 29-32.</mixed-citation>
            </p>
         </fn>
         <fn id="d4740e2335a1310">
            <label>102</label>
            <p>
               <mixed-citation id="d4740e2342" publication-type="other">
Scotch Presbyterian Eloquence, 19.</mixed-citation>
            </p>
         </fn>
         <fn id="d4740e2350a1310">
            <label>103</label>
            <p>
               <mixed-citation id="d4740e2357" publication-type="other">
[Thomas Morer, John Sage, Alexander Monro] , An Account of the Present Persecution of the
Church of Scotland in Several Letters (London, 1690), 48-9.</mixed-citation>
            </p>
         </fn>
         <fn id="d4740e2367a1310">
            <label>104</label>
            <p>
               <mixed-citation id="d4740e2374" publication-type="other">
Monro, Letter to the Honourable Sir Robert Howard, 13-14.</mixed-citation>
            </p>
         </fn>
         <fn id="d4740e2381a1310">
            <label>105</label>
            <p>
               <mixed-citation id="d4740e2388" publication-type="other">
[Monro], Presbyterian Inquisition, 48-50.</mixed-citation>
            </p>
         </fn>
         <fn id="d4740e2395a1310">
            <label>106</label>
            <p>
               <mixed-citation id="d4740e2402" publication-type="other">
[Garden], Comparative Theology, 88-9.</mixed-citation>
            </p>
         </fn>
         <fn id="d4740e2409a1310">
            <label>107</label>
            <p>
               <mixed-citation id="d4740e2416" publication-type="other">
[Monro], Presbyterian Inquisition, 49-50.</mixed-citation>
            </p>
         </fn>
         <fn id="d4740e2423a1310">
            <label>108</label>
            <p>
               <mixed-citation id="d4740e2430" publication-type="other">
APS, ix, 163-4.</mixed-citation>
            </p>
         </fn>
         <fn id="d4740e2438a1310">
            <label>109</label>
            <p>
               <mixed-citation id="d4740e2445" publication-type="other">
Acts of the General Assembly of the Church of Scotland, MDCXXXVIII-MDCCCXLII
(Edinburgh, 1843), 225, 239, 294, see also 327, 390, 453-6;</mixed-citation>
            </p>
            <p>
               <mixed-citation id="d4740e2454" publication-type="other">
C. Kidd, 'Subscription, the Scottish
Enlightenment and the Moderate Interpretation of History', Journal of Ecclesiastical History,
lv (2004), 502-19, at 503.</mixed-citation>
            </p>
         </fn>
         <fn id="d4740e2467a1310">
            <label>110</label>
            <p>
               <mixed-citation id="d4740e2474" publication-type="other">
Cheyne, Studies in Scottish Church History, 72;</mixed-citation>
            </p>
            <p>
               <mixed-citation id="d4740e2480" publication-type="other">
A. Skoczylas, Mr Simsons Knotty Case: Divinity,
Politics, and Due Process in Early Eighteenth-Century Scotland (Montreal, 2001);</mixed-citation>
            </p>
            <p>
               <mixed-citation id="d4740e2489" publication-type="other">
D.C. Lachman, The
Marrow Controversy, 1/18-1/23: An Historiealand Theological Analysis (Edinburgh, 1988).</mixed-citation>
            </p>
         </fn>
         <fn id="d4740e2499a1310">
            <label>111</label>
            <p>
               <mixed-citation id="d4740e2506" publication-type="other">
A Cloud of Witnesses, for the Royal Prerogatives of Jesus Christ ([Edinburgh?], 1714);</mixed-citation>
            </p>
            <p>
               <mixed-citation id="d4740e2512" publication-type="other">
Katte,
'Religious Controversy', 143.</mixed-citation>
            </p>
         </fn>
         <fn id="d4740e2522a1310">
            <label>112</label>
            <p>
               <mixed-citation id="d4740e2529" publication-type="other">
Acts of the General Assembly, 224-5.</mixed-citation>
            </p>
         </fn>
         <fn id="d4740e2536a1310">
            <label>113</label>
            <p>
               <mixed-citation id="d4740e2543" publication-type="other">
Narrative of Mr James Nimmo, ed. W.G. Scott-Moncrieft, Scottish History Society, ist
series, vi (1889), 22.</mixed-citation>
            </p>
         </fn>
         <fn id="d4740e2553a1310">
            <label>114</label>
            <p>
               <mixed-citation id="d4740e2560" publication-type="other">
Alexander Shields, March 11 1688. Some Notes or Heads of a Preface, Lecture and Sermon,
Preached at the ¿others in CrafoordMoor ([Edinburgh?], [1688?]), 19-31, quotation at 24.</mixed-citation>
            </p>
         </fn>
         <fn id="d4740e2571a1310">
            <label>115</label>
            <p>
               <mixed-citation id="d4740e2578" publication-type="other">
EUL, MS Dc.7.100, Sermons of James Hart, 1695-1697, [35].</mixed-citation>
            </p>
         </fn>
         <fn id="d4740e2585a1310">
            <label>116</label>
            <p>
               <mixed-citation id="d4740e2592" publication-type="other">
NLS, Sermon notebook, 1688, MS 5770, 11.</mixed-citation>
            </p>
         </fn>
         <fn id="d4740e2599a1310">
            <label>117</label>
            <p>
               <mixed-citation id="d4740e2606" publication-type="other">
New College Library, Edinburgh, Sermons of James Kirkton and James Webster,
1697-1705, MS KIRK 2, 65.</mixed-citation>
            </p>
         </fn>
         <fn id="d4740e2616a1310">
            <label>118</label>
            <p>
               <mixed-citation id="d4740e2623" publication-type="other">
[John Sage], A Brief Examination of Some Things in Mr Meldrums Sermon Preach'd May 16
([Edinburgh?], 1703), 4.</mixed-citation>
            </p>
         </fn>
         <fn id="d4740e2633a1310">
            <label>119</label>
            <p>
               <mixed-citation id="d4740e2640" publication-type="other">
[Gardenl , Case of the Episcopal Clergy, 16.</mixed-citation>
            </p>
         </fn>
         <fn id="d4740e2647a1310">
            <label>120</label>
            <p>
               <mixed-citation id="d4740e2654" publication-type="other">
[Campbell], Query Turn'dinto an Argument, 6-8.</mixed-citation>
            </p>
         </fn>
         <fn id="d4740e2662a1310">
            <label>121</label>
            <p>
               <mixed-citation id="d4740e2669" publication-type="other">
L.E. Schmidt, Holy Fairs: Scotland and the Making of American Revivalism (2nd edn., Grand
Rapids, 2001), 21-50;</mixed-citation>
            </p>
            <p>
               <mixed-citation id="d4740e2678" publication-type="other">
M.J. Westerkamp, The Triumph of the Laity: Scots-Irish Piety and the Great
Awakening, 1652-1760 (New York, 1988), 44.</mixed-citation>
            </p>
         </fn>
         <fn id="d4740e2688a1310">
            <label>122</label>
            <p>
               <mixed-citation id="d4740e2695" publication-type="other">
L.A. Yeoman, 'Heart-work: Emotion, Empowerment and Authority in Covenanting
Times' (Univ. of St Andrews Ph.D. thesis, 1991), esp. 1-40.</mixed-citation>
            </p>
         </fn>
         <fn id="d4740e2705a1310">
            <label>123</label>
            <p>
               <mixed-citation id="d4740e2712" publication-type="other">
The Confession of Faith of the Assembly of Divines at Westminster, ed. S.W. Carruthers
(Glasgow, 1978), 11-12 (chs. 10, 11, 13).</mixed-citation>
            </p>
         </fn>
         <fn id="d4740e2722a1310">
            <label>124</label>
            <p>
               <mixed-citation id="d4740e2729" publication-type="other">
Quintin Dick, A Brief Account', in D.G. Mullan, ed., Protestant Piety in Early-Modern
Scotland: Letters, Lives and Covenants, 1650-1/12, Scottish History Society, 5th series, xv (2008),
168.</mixed-citation>
            </p>
         </fn>
         <fn id="d4740e2742a1310">
            <label>125</label>
            <p>
               <mixed-citation id="d4740e2749" publication-type="other">
K. Collace, 'Memoirs or Spiritual Exercises', in D.G. Mullan, ed., Women's Life Writing in
Early Modern Scotland: Writing the Evangelical Self, c. 1670-c. 1730 (Aldershot, 2003), 48.</mixed-citation>
            </p>
         </fn>
         <fn id="d4740e2759a1310">
            <label>126</label>
            <p>
               <mixed-citation id="d4740e2766" publication-type="other">
EUL, MS La. II. 263,</mixed-citation>
            </p>
         </fn>
         <fn id="d4740e2774a1310">
            <label>127</label>
            <p>
               <mixed-citation id="d4740e2781" publication-type="other">
Elizabeth West, Memoirs, or, Spiritual Exercises of Elisabeth wast (Edinburgh, 1724), 5;</mixed-citation>
            </p>
            <p>
               <mixed-citation id="d4740e2787" publication-type="other">
O.G.
Mullan, 'Introduction', in idem., ed., Women's Life Writing in Early Modern Scotland, 13-14.</mixed-citation>
            </p>
            <p>
               <mixed-citation id="d4740e2796" publication-type="other">
D.B. Hindmarsh, The Evangelical Conversion Narrative: Spiritual Autobiography in Early
Modern England (Oxford, 2005).</mixed-citation>
            </p>
         </fn>
         <fn id="d4740e2806a1310">
            <label>128</label>
            <p>
               <mixed-citation id="d4740e2813" publication-type="other">
Yeoman, 'Heart-work', 53-68.</mixed-citation>
            </p>
         </fn>
         <fn id="d4740e2820a1310">
            <label>129</label>
            <p>
               <mixed-citation id="d4740e2827" publication-type="other">
[Scougal] , Life of God in the Soul of Man, 3-4.</mixed-citation>
            </p>
         </fn>
         <fn id="d4740e2834a1310">
            <label>130</label>
            <p>
               <mixed-citation id="d4740e2841" publication-type="other">
NAS, CH12/12/210, 'Mr Graham His Account of Presbyterian Principles', 2-3.</mixed-citation>
            </p>
         </fn>
         <fn id="d4740e2848a1310">
            <label>131</label>
            <p>
               <mixed-citation id="d4740e2855" publication-type="other">
[Garden], Comparative Theology, 76-7.</mixed-citation>
            </p>
         </fn>
         <fn id="d4740e2862a1310">
            <label>132</label>
            <p>
               <mixed-citation id="d4740e2869" publication-type="other">
Laurence Charteris, The Corruptions of This Age, and the Remedy Thereof (Edinburgh, 1704),
20-2.</mixed-citation>
            </p>
         </fn>
         <fn id="d4740e2880a1310">
            <label>133</label>
            <p>
               <mixed-citation id="d4740e2887" publication-type="other">
Ibid., 22, 33.</mixed-citation>
            </p>
         </fn>
         <fn id="d4740e2894a1310">
            <label>134</label>
            <p>
               <mixed-citation id="d4740e2901" publication-type="other">
[Scougal] , Life of God in the Soul of Man, 19-22.</mixed-citation>
            </p>
         </fn>
         <fn id="d4740e2908a1310">
            <label>135</label>
            <p>
               <mixed-citation id="d4740e2915" publication-type="other">
Ibid., 24;</mixed-citation>
            </p>
            <p>
               <mixed-citation id="d4740e2921" publication-type="other">
Charteris, Corruptions of This Age, 25, 32.</mixed-citation>
            </p>
         </fn>
         <fn id="d4740e2928a1310">
            <label>136</label>
            <p>
               <mixed-citation id="d4740e2935" publication-type="other">
Laurence Charteris, Spiritual Discourses, on Twelve Several Passages of Scripture (Edinburgh,
1704), 14-19.</mixed-citation>
            </p>
         </fn>
         <fn id="d4740e2945a1310">
            <label>137</label>
            <p>
               <mixed-citation id="d4740e2952" publication-type="other">
Charteris, Four Sermons, 45-7.</mixed-citation>
            </p>
         </fn>
         <fn id="d4740e2959a1310">
            <label>138</label>
            <p>
               <mixed-citation id="d4740e2966" publication-type="other">
D. Allan, Philosophy and Politics in Later Stuart Scotland: Neo-Stoicism, Culture and Ideology
in an Age of Crisis, 1540-1690 (East Linton, 2000), esp. 176-213;</mixed-citation>
            </p>
            <p>
               <mixed-citation id="d4740e2975" publication-type="other">
Jackson, Restoration Scotland,
181-4.</mixed-citation>
            </p>
         </fn>
         <fn id="d4740e2986a1310">
            <label>139</label>
            <p>
               <mixed-citation id="d4740e2993" publication-type="other">
Charteris, Spiritual Discourses, 99.</mixed-citation>
            </p>
         </fn>
         <fn id="d4740e3000a1310">
            <label>140</label>
            <p>
               <mixed-citation id="d4740e3007" publication-type="other">
'Letters to John Mackenzie of Delvine', 265.</mixed-citation>
            </p>
         </fn>
         <fn id="d4740e3014a1310">
            <label>141</label>
            <p>
               <mixed-citation id="d4740e3021" publication-type="other">
Ratte, Religious Controversy , 51-75.</mixed-citation>
            </p>
         </fn>
         <fn id="d4740e3028a1310">
            <label>142</label>
            <p>
               <mixed-citation id="d4740e3035" publication-type="other">
Scotch Presbyterian Eloquence, 19.</mixed-citation>
            </p>
         </fn>
         <fn id="d4740e3042a1310">
            <label>143</label>
            <p>
               <mixed-citation id="d4740e3049" publication-type="other">
[Monro], Apology for the Clergy, 87.</mixed-citation>
            </p>
         </fn>
         <fn id="d4740e3056a1310">
            <label>144</label>
            <p>
               <mixed-citation id="d4740e3063" publication-type="other">
NAS, CHi/2/2/2, Witness depositions against John Murray, 1 Aug. 1694, ro. 13ir;</mixed-citation>
            </p>
            <p>
               <mixed-citation id="d4740e3069" publication-type="other">
Scott,
Fasti Ecclesiae Scoticanae, vi, 456-7.</mixed-citation>
            </p>
         </fn>
         <fn id="d4740e3080a1310">
            <label>145</label>
            <p>
               <mixed-citation id="d4740e3087" publication-type="other">
West, Memoirs, 87.</mixed-citation>
            </p>
         </fn>
         <fn id="d4740e3094a1310">
            <label>146</label>
            <p>
               <mixed-citation id="d4740e3101" publication-type="other">
Jeremy Taylor, Theologia Eklektike. A Discourse of
the Liberty of Prophesying (London, 1647), 262.</mixed-citation>
            </p>
         </fn>
         <fn id="d4740e3111a1310">
            <label>147</label>
            <p>
               <mixed-citation id="d4740e3118" publication-type="other">
NLS, Wod. Fol. XXXIV, Exceptions of Glasgow students, fo. 9r.</mixed-citation>
            </p>
         </fn>
         <fn id="d4740e3125a1310">
            <label>148</label>
            <p>
               <mixed-citation id="d4740e3132" publication-type="other">
NAS, CH1/2/2/3, Witness depositions against Andrew Abercrombie, 17 Aug. 1694, fo. 33Ir</mixed-citation>
            </p>
         </fn>
         <fn id="d4740e3139a1310">
            <label>149</label>
            <p>
               <mixed-citation id="d4740e3146" publication-type="other">
Raffe, 'Religious Controversy', 76-100.</mixed-citation>
            </p>
         </fn>
         <fn id="d4740e3153a1310">
            <label>150</label>
            <p>
               <mixed-citation id="d4740e3160" publication-type="other">
West, Memoirs, 265-6.</mixed-citation>
            </p>
         </fn>
         <fn id="d4740e3168a1310">
            <label>151</label>
            <p>
               <mixed-citation id="d4740e3175" publication-type="other">
Foster, Bishop and Presbytery, 125-6;</mixed-citation>
            </p>
            <p>
               <mixed-citation id="d4740e3181" publication-type="other">
Henderson, Religious Life, 152-4;</mixed-citation>
            </p>
            <p>
               <mixed-citation id="d4740e3187" publication-type="other">
Cheyne, Studies in
Scottish Church History, 68-9;</mixed-citation>
            </p>
            <p>
               <mixed-citation id="d4740e3197" publication-type="other">
Maxwell, 'Presbyterian-Episcopalian Controversy, 32-3.</mixed-citation>
            </p>
            <p>
               <mixed-citation id="d4740e3203" publication-type="other">
[Thomas Morer], A Short Account of Scotland (London, 1702), 60-2.</mixed-citation>
            </p>
            <p>
               <mixed-citation id="d4740e3209" publication-type="other">
D.B. Forrester and D.M.
Murray, eds., Studies in the History of Worship in Scotland (2nd edn., Edinburgh, 1996), 68-70</mixed-citation>
            </p>
         </fn>
         <fn id="d4740e3219a1310">
            <label>152</label>
            <p>
               <mixed-citation id="d4740e3226" publication-type="other">
George Mackenzie, A Vindication of the Government in Ocotlana during the Reign of Charles
II (London, 1691), 9.</mixed-citation>
            </p>
         </fn>
         <fn id="d4740e3236a1310">
            <label>154</label>
            <p>
               <mixed-citation id="d4740e3243" publication-type="other">
[Gordon] , Reformed Bishop, 1 68 .</mixed-citation>
            </p>
         </fn>
         <fn id="d4740e3250a1310">
            <label>155</label>
            <p>
               <mixed-citation id="d4740e3257" publication-type="other">
Gilbert Burnet, 'A Memorial of Diverse Grievances and Abuses in This Church ed
H.C. Foxcroft, in Miscellany of the Scottish History Society, II, Scottish History Society, ist series,
xliv (1904), 354-5.</mixed-citation>
            </p>
         </fn>
         <fn id="d4740e3270a1310">
            <label>156</label>
            <p>
               <mixed-citation id="d4740e3277" publication-type="other">
Cockburn, Jacobs Vow, 389-90.</mixed-citation>
            </p>
         </fn>
         <fn id="d4740e3284a1310">
            <label>157</label>
            <p>
               <mixed-citation id="d4740e3291" publication-type="other">
O. Airy, ed., The Lauderdale Papers, Camden Society, 2nd series, xxxiv, xxxvi, xxxviii (3
vols., 1884-5), n&gt; appendix A, xxx, xxxiii, xxxviii-xxxix;</mixed-citation>
            </p>
            <p>
               <mixed-citation id="d4740e3300" publication-type="other">
Burnet, History, i, 374;</mixed-citation>
            </p>
            <p>
               <mixed-citation id="d4740e3306" publication-type="other">
Cockburn, Specimen
of Some Free and Impartial Remarks, 37-8;</mixed-citation>
            </p>
            <p>
               <mixed-citation id="d4740e3316" publication-type="other">
B.D. Spinks, Liturgy in the Age of Reason: Worship and
Sacraments in England and Scotland, 1662-c.iSoo (Farnham, 2008), 22.</mixed-citation>
            </p>
         </fn>
         <fn id="d4740e3327a1310">
            <label>158</label>
            <p>
               <mixed-citation id="d4740e3334" publication-type="other">
Donaldson, 'Scottish Ordinations', 169-75.</mixed-citation>
            </p>
         </fn>
         <fn id="d4740e3341a1310">
            <label>159</label>
            <p>
               <mixed-citation id="d4740e3348" publication-type="other">
T. Clarke, 'Politics and Prayer Books: the Book of Common Prayer in Scotland e. 1705-1714',
Edinburgh Bibliographical Society Transactions, vi, ii. (1993), 57-70, at 58.</mixed-citation>
            </p>
         </fn>
         <fn id="d4740e3358a1310">
            <label>160</label>
            <p>
               <mixed-citation id="d4740e3365" publication-type="other">
RPC, vi, 388.</mixed-citation>
            </p>
         </fn>
         <fn id="d4740e3372a1310">
            <label>161</label>
            <p>
               <mixed-citation id="d4740e3379" publication-type="other">
W.N. Clarke, ed., A Collection of Letters Addressed by Prelates and Individuals of High Rank
in Scotland and by Two Bishops of Sodor and Man to Sancrofi Archbishop of Canterbury (Edinburgh,
1848), 29.</mixed-citation>
            </p>
         </fn>
         <fn id="d4740e3392a1310">
            <label>162</label>
            <p>
               <mixed-citation id="d4740e3399" publication-type="other">
Ibid., 69, 72.</mixed-citation>
            </p>
         </fn>
         <fn id="d4740e3406a1310">
            <label>163</label>
            <p>
               <mixed-citation id="d4740e3413" publication-type="other">
Ibid., 67, 69, 72, 86.</mixed-citation>
            </p>
         </fn>
         <fn id="d4740e3421a1310">
            <label>164</label>
            <p>
               <mixed-citation id="d4740e3428" publication-type="other">
Charteris, Spiritual Discourses, 31.</mixed-citation>
            </p>
         </fn>
         <fn id="d4740e3435a1310">
            <label>165</label>
            <p>
               <mixed-citation id="d4740e3442" publication-type="other">
Raffe, 'Religious Controversy', 127.</mixed-citation>
            </p>
         </fn>
         <fn id="d4740e3449a1310">
            <label>166</label>
            <p>
               <mixed-citation id="d4740e3456" publication-type="other">
NLb, Mb 7011, countess or Koxburghe to earl or Iweeddale, 28 Dec. 1689, to. 265V.;</mixed-citation>
            </p>
            <p>
               <mixed-citation id="d4740e3462" publication-type="other">
uoldie
et ai, Entring Book of Roger Motrice, v, 367.</mixed-citation>
            </p>
         </fn>
         <fn id="d4740e3472a1310">
            <label>167</label>
            <p>
               <mixed-citation id="d4740e3479" publication-type="other">
[Monro], Presbyterian Inquisition, 32-3, 95-6.</mixed-citation>
            </p>
         </fn>
         <fn id="d4740e3486a1310">
            <label>168</label>
            <p>
               <mixed-citation id="d4740e3493" publication-type="other">
Anthony à Wood, Athenae Oxonienses (2 vols., London, 1691-2), ii, cols. 632-3;</mixed-citation>
            </p>
            <p>
               <mixed-citation id="d4740e3499" publication-type="other">
William
Annand, Panem Quotidianum (London, 1661).</mixed-citation>
            </p>
         </fn>
         <fn id="d4740e3509a1310">
            <label>170</label>
            <p>
               <mixed-citation id="d4740e3516" publication-type="other">
[Monro], Presbyterian Inquisition, 18-19.</mixed-citation>
            </p>
         </fn>
         <fn id="d4740e3524a1310">
            <label>171</label>
            <p>
               <mixed-citation id="d4740e3531" publication-type="other">
Scotch Presbyterian Eloquence, 2.</mixed-citation>
            </p>
         </fn>
         <fn id="d4740e3538a1310">
            <label>172</label>
            <p>
               <mixed-citation id="d4740e3545" publication-type="other">
Bod., MS Ballarci 35, PRobert Blair to Arthur Charlett, 15 Feb. 1712, fo. 151V.</mixed-citation>
            </p>
         </fn>
         <fn id="d4740e3552a1310">
            <label>173</label>
            <p>
               <mixed-citation id="d4740e3559" publication-type="other">
[Alexander MonroJ, An tnquiry into the New Opinions (LhieflyJ Propagated by the
Presbyterians of Scotland (London, 1696), 291-2.</mixed-citation>
            </p>
         </fn>
         <fn id="d4740e3569a1310">
            <label>174</label>
            <p>
               <mixed-citation id="d4740e3576" publication-type="other">
[Gilbert Rule], A Just and Modest Reproof of a Pamphlet, Called, the Scotch Presbyterian
Eloquence (Edinburgh, 1693), 36-7.</mixed-citation>
            </p>
         </fn>
         <fn id="d4740e3586a1310">
            <label>175</label>
            <p>
               <mixed-citation id="d4740e3593" publication-type="other">
West, Memoirs, 258-9.</mixed-citation>
            </p>
         </fn>
         <fn id="d4740e3600a1310">
            <label>176</label>
            <p>
               <mixed-citation id="d4740e3607" publication-type="other">
[John Anderson] , A Dialogue between a Curat and a Countrey-Man. Concerning the English-
Service or, Common-Prayer-Boo k of England ([Edinburgh?], 1711);</mixed-citation>
            </p>
            <p>
               <mixed-citation id="d4740e3616" publication-type="other">
[John Anderson], The Second
Dialogue between a Curat and a Countrey-man, Concerning the English Service ([Edinburgh], 1711).</mixed-citation>
            </p>
            <p>
               <mixed-citation id="d4740e3625" publication-type="other">
[John Willison?], Queries to the Scots Innovators in Divine Service ([Edinburgh?], 1712).</mixed-citation>
            </p>
         </fn>
         <fn id="d4740e3633a1310">
            <label>177</label>
            <p>
               <mixed-citation id="d4740e3640" publication-type="other">
Hugh Campbell, An Essay on the Lords Prayer (Edinburgh, 1704);</mixed-citation>
            </p>
            <p>
               <mixed-citation id="d4740e3646" publication-type="other">
Hugh Campbell, A
Collection of Letters, Relative to an Essay upon the Lord's Prayer (Edinburgh, 1709);</mixed-citation>
            </p>
            <p>
               <mixed-citation id="d4740e3655" publication-type="other">
Acts of the General
Assembly, 387.</mixed-citation>
            </p>
         </fn>
         <fn id="d4740e3665a1310">
            <label>178</label>
            <p>
               <mixed-citation id="d4740e3672" publication-type="other">
H. Serton, Revolution to Disruption in rorrester and Murray, eds., Studies in the History
of Worship, 82.</mixed-citation>
            </p>
         </fn>
         <fn id="d4740e3682a1310">
            <label>179</label>
            <p>
               <mixed-citation id="d4740e3689" publication-type="other">
The National Archives, Public Record Office, SP54/3/49, John Currie letter, 5 Aug. 1709.</mixed-citation>
            </p>
         </fn>
         <fn id="d4740e3696a1310">
            <label>180</label>
            <p>
               <mixed-citation id="d4740e3703" publication-type="other">
Act of the Commission of the General Assembly, against Innovations in the Worship of GOD
([Edinburgh], 1709).</mixed-citation>
            </p>
         </fn>
         <fn id="d4740e3713a1310">
            <label>181</label>
            <p>
               <mixed-citation id="d4740e3720" publication-type="other">
A Reappraisal', in W.M.
Gordon and T.D. Fergus, eds., Legal History in the Making: Proceedings of the Ninth British Legal
History Conference (London, 1991);</mixed-citation>
            </p>
            <p>
               <mixed-citation id="d4740e3732" publication-type="other">
Clarke, 'Scottish Episcopalians', 199-253;</mixed-citation>
            </p>
            <p>
               <mixed-citation id="d4740e3738" publication-type="other">
Clarke, 'Politics and
Prayer Books'.</mixed-citation>
            </p>
         </fn>
         <fn id="d4740e3748a1310">
            <label>183</label>
            <p>
               <mixed-citation id="d4740e3755" publication-type="other">
Bod., MS Ballard 36, James Greenshields to Arthur Charlett, 2 June 1711, fo. 118;</mixed-citation>
            </p>
            <p>
               <mixed-citation id="d4740e3761" publication-type="other">
[Robert
Calder], An Answer to a Pamphlet Called, a Dialogue Betwixt a Curat and a Country-Man
([Edinburgh?], 1711), 4.</mixed-citation>
            </p>
         </fn>
         <fn id="d4740e3775a1310">
            <label>184</label>
            <p>
               <mixed-citation id="d4740e3782" publication-type="other">
Collection of Papers against the Scots Toleration and Patronages, pt. 2, 9, 11;</mixed-citation>
            </p>
            <p>
               <mixed-citation id="d4740e3788" publication-type="other">
Act of the Provincial
Synod of Glasgow and Air, for Keeping a Solemn Fast and Humiliation, on the 24th April, IJ12
([Glasgow], 1712).</mixed-citation>
            </p>
         </fn>
         <fn id="d4740e3801a1310">
            <label>185</label>
            <p>
               <mixed-citation id="d4740e3808" publication-type="other">
G. White, The Scottish Episcopal Church: A New History (Edinburgh, 1998), 25-6.</mixed-citation>
            </p>
         </fn>
         <fn id="d4740e3815a1310">
            <label>186</label>
            <p>
               <mixed-citation id="d4740e3822" publication-type="other">
C. Hening, 'Scotland: Episcopalians and Non-jurors , in C. Hening and C. Shattuck, eds.,
The Oxford Guide to the Book of Common Prayer: A Worldwide Survey (Oxford, 2006), 166-8.</mixed-citation>
            </p>
         </fn>
         <fn id="d4740e3832a1310">
            <label>187</label>
            <p>
               <mixed-citation id="d4740e3839" publication-type="other">
R. Strong, Episcopalianism in Nineteenth-Century Scotland: Religious Responses to a
Modernizing Society (Oxford, 2002), 14-16.</mixed-citation>
            </p>
         </fn>
         <fn id="d4740e3849a1310">
            <label>188</label>
            <p>
               <mixed-citation id="d4740e3856" publication-type="other">
Cowan, Scottish Covenanters, 167-71.</mixed-citation>
            </p>
         </fn>
         <fn id="d4740e3863a1310">
            <label>189</label>
            <p>
               <mixed-citation id="d4740e3870" publication-type="other">
T. Maxwell, 'Presbyterian and Episcopalian in 1688', Records of the Scottish Church History
Society, xiii, i. (1957), 25-37.</mixed-citation>
            </p>
         </fn>
         <fn id="d4740e3881a1310">
            <label>190</label>
            <p>
               <mixed-citation id="d4740e3888" publication-type="other">
H.H.
Campbell, Bart.; the Earl of Strathmore; and the Countess Dowager ofSeafield (London, 1894), 118;</mixed-citation>
            </p>
            <p>
               <mixed-citation id="d4740e3897" publication-type="other">
[Gilbert Rule], A Vindication of the Church of Scotland (London, 1691), 35.</mixed-citation>
            </p>
         </fn>
         <fn id="d4740e3904a1310">
            <label>191</label>
            <p>
               <mixed-citation id="d4740e3911" publication-type="other">
Cowan, Scottish Covenanters, 76-7, 86-7, 97-8.</mixed-citation>
            </p>
         </fn>
         <fn id="d4740e3918a1310">
            <label>192</label>
            <p>
               <mixed-citation id="d4740e3925" publication-type="other">
K. Bowie, Scottish Public Opinion and the Anglo-Scottish Union, 1699-1707 (Woodbridge,
2007), 18-19, 31;</mixed-citation>
            </p>
            <p>
               <mixed-citation id="d4740e3934" publication-type="other">
J. Stephen, Scottish Presbyterians and the Act of Union 170J (Edinburgh, 2007);</mixed-citation>
            </p>
            <p>
               <mixed-citation id="d4740e3940" publication-type="other">
Frace, 'Religious Toleration', 370-4.</mixed-citation>
            </p>
         </fn>
         <fn id="d4740e3947a1310">
            <label>193</label>
            <p>
               <mixed-citation id="d4740e3954" publication-type="other">
Bod., MS Ballard 36, James Greenshields to Arthur Charlett, 23 May 1715, fo. lj^x.</mixed-citation>
            </p>
         </fn>
         <fn id="d4740e3961a1310">
            <label>194</label>
            <p>
               <mixed-citation id="d4740e3968" publication-type="other">
G. Grub, An Ecclesiastical History of Scotland (4 vols., Edinburgh, 1861), iv, 33-48</mixed-citation>
            </p>
            <p>
               <mixed-citation id="d4740e3974" publication-type="other">
P. Jones, 'The qualified Episcopal Chapels of the North-east of Scotland,
1689-1898</mixed-citation>
            </p>
            <p>
               <mixed-citation id="d4740e3983" publication-type="other">
Northern Scotland, xx (2000), 47-69.</mixed-citation>
            </p>
         </fn>
         <fn id="d4740e3990a1310">
            <label>195</label>
            <p>
               <mixed-citation id="d4740e3997" publication-type="other">
Murdoch, 'Legacy of the Revolution , 45.</mixed-citation>
            </p>
         </fn>
      </fn-group>
   </back>
</article>
