<article dtd-version="1.0" article-type="research-article">
   <front>
      <journal-meta>
         <journal-id xmlns:xlink="http://www.w3.org/1999/xlink" journal-id-type="jstor">englhistrevi</journal-id>
         <journal-id xmlns:xlink="http://www.w3.org/1999/xlink" journal-id-type="jstor">j100150</journal-id>
         <journal-title-group xmlns:xlink="http://www.w3.org/1999/xlink">
            <journal-title>The English Historical Review</journal-title>
         </journal-title-group>
         <publisher>
            <publisher-name>Oxford University Press</publisher-name>
         </publisher>
         <issn xmlns:xlink="http://www.w3.org/1999/xlink" pub-type="ppub">00138266</issn>
         <issn xmlns:xlink="http://www.w3.org/1999/xlink" pub-type="epub">14774534</issn>
      </journal-meta>
      <article-meta>
         <article-id xmlns:xlink="http://www.w3.org/1999/xlink" pub-id-type="jstor">40963191</article-id>
         <title-group>
            <article-title>New Regime, New Army? Henry IV's Scottish Expedition of 1400</article-title>
         </title-group>
         <contrib-group>
            <contrib>
               <string-name xmlns:xlink="http://www.w3.org/1999/xlink">
                  <given-names>ANNE</given-names>
                  <surname>CURRY</surname>
               </string-name>
            </contrib>
            <contrib>
               <string-name xmlns:xlink="http://www.w3.org/1999/xlink">
                  <given-names>ADRIAN R.</given-names>
                  <surname>BELL</surname>
               </string-name>
            </contrib>
            <contrib>
               <string-name xmlns:xlink="http://www.w3.org/1999/xlink">
                  <given-names>ANDY</given-names>
                  <surname>KING</surname>
               </string-name>
            </contrib>
            <contrib>
               <string-name xmlns:xlink="http://www.w3.org/1999/xlink">
                  <given-names>DAVID</given-names>
                  <surname>SIMPKIN</surname>
               </string-name>
            </contrib>
         </contrib-group>
         <pub-date xmlns:xlink="http://www.w3.org/1999/xlink">
            <day>1</day>
            <month>12</month>
            <year>2010</year>
         </pub-date>
         <volume>125</volume>
         <issue>517</issue>
         <issue-id xmlns:xlink="http://www.w3.org/1999/xlink">i40043144</issue-id>
         <fpage>1382</fpage>
         <lpage>1413</lpage>
         <permissions>
            <copyright-statement>© Oxford University Press 2010</copyright-statement>
         </permissions>
         <self-uri xmlns:xlink="http://www.w3.org/1999/xlink"
                   xlink:href="http://www.jstor.org/stable/40963191"/>
         <custom-meta-group xmlns:xlink="http://www.w3.org/1999/xlink">
            <custom-meta>
               <meta-name>lang</meta-name>
               <meta-value>eng</meta-value>
            </custom-meta>
         </custom-meta-group>
      </article-meta>
   </front>
   <back>
      <fn-group xmlns:xlink="http://www.w3.org/1999/xlink">
         <title>[Footnotes]</title>
         <fn id="d3882e146a1310">
            <label>1</label>
            <p>
               <mixed-citation id="d3882e153" publication-type="other">
A. Curry, Agincourt: A New History (Stroud, 2005), p. 16.</mixed-citation>
            </p>
         </fn>
         <fn id="d3882e160a1310">
            <label>2</label>
            <p>
               <mixed-citation id="d3882e167" publication-type="other">
J.H. Wylie, History of England under Henry the Fourth (4 vols., 1884-98), i. pp. 131-40;</mixed-citation>
            </p>
            <p>
               <mixed-citation id="d3882e173" publication-type="other">
A.J.
Macdonald, Border Bloodshed: Scotland, England and France at War, 1569-1403 (East Linton, 2000),
pp. 133-41;</mixed-citation>
            </p>
            <p>
               <mixed-citation id="d3882e185" publication-type="other">
S. Boardman, The Early Stewart Kings. Robert II and Robert III, 1371-1406 (Edinburgh,
1996), pp. 226-32;</mixed-citation>
            </p>
            <p>
               <mixed-citation id="d3882e195" publication-type="other">
C. Neville, Violence, Custom and Law. The Anglo-Scottish Border Lands in the
Later Middle Ages (Edinburgh, 1998), pp. 99-100.</mixed-citation>
            </p>
         </fn>
         <fn id="d3882e205a1310">
            <label>4</label>
            <p>
               <mixed-citation id="d3882e212" publication-type="other">
A.R. Bell, War and the Soldier in the Fourteenth Century (Woodbridge, 2004), p. 10;</mixed-citation>
            </p>
            <p>
               <mixed-citation id="d3882e218" publication-type="other">
A. Curry,
'English Armies in the Fifteenth Century', in Arms, Armies and Fortifications in the Hundred Years
War, ed. A. Curry and M. Hughes (Woodbridge, 1994), pp. 39-68, 45;</mixed-citation>
            </p>
            <p>
               <mixed-citation id="d3882e230" publication-type="other">
A. Ayton, "The English
Army at Crécy', in The Battle of Crécy, 1346, ed. A. Ayton and P. Preston (Woodbridge, 2005),
p. 189;</mixed-citation>
            </p>
            <p>
               <mixed-citation id="d3882e243" publication-type="other">
Curry, Agincourt, p. 187.</mixed-citation>
            </p>
         </fn>
         <fn id="d3882e250a1310">
            <label>5</label>
            <p>
               <mixed-citation id="d3882e257" publication-type="other">
TNA, PRO, Eioi/43/3.</mixed-citation>
            </p>
         </fn>
         <fn id="d3882e265a1310">
            <label>6</label>
            <p>
               <mixed-citation id="d3882e272" publication-type="other">
TNA, PRO, Eioi/42/29,</mixed-citation>
            </p>
            <p>
               <mixed-citation id="d3882e278" publication-type="other">
P. Morgan, War and Society in Medieval Cheshire, 1277-
1403 (Manchester, 1987), pp. 209-10.</mixed-citation>
            </p>
         </fn>
         <fn id="d3882e288a1310">
            <label>7</label>
            <p>
               <mixed-citation id="d3882e295" publication-type="other">
TNA, PRO, E364/34</mixed-citation>
            </p>
            <p>
               <mixed-citation id="d3882e301" publication-type="other">
TNA,
PRO, E101/42/35</mixed-citation>
            </p>
            <p>
               <mixed-citation id="d3882e310" publication-type="other">
TNA, PRO, E101/42/32</mixed-citation>
            </p>
         </fn>
         <fn id="d3882e317a1310">
            <label>8</label>
            <p>
               <mixed-citation id="d3882e324" publication-type="other">
A.L. Brown, 'The English Campaign in Scotland', in H. Hearder and H.R. Loyn, eds.,
British Government and Administration: studies presented to S.R. Chrimes (Cardiff, 1974), p. 44.</mixed-citation>
            </p>
         </fn>
         <fn id="d3882e334a1310">
            <label>9</label>
            <p>
               <mixed-citation id="d3882e341" publication-type="other">
Ibid., p. 48.</mixed-citation>
            </p>
         </fn>
         <fn id="d3882e348a1310">
            <label>10</label>
            <p>
               <mixed-citation id="d3882e355" publication-type="other">
Ibid., p. 46.</mixed-citation>
            </p>
         </fn>
         <fn id="d3882e362a1310">
            <label>11</label>
            <p>
               <mixed-citation id="d3882e369" publication-type="other">
G. Dodd and D. Biggs, eds., Henry IV: The Establishment of the Regime,
1399-1406 (York, 2003);</mixed-citation>
            </p>
            <p>
               <mixed-citation id="d3882e378" publication-type="other">
A. Dunn, The Politics of Magnate Power. England and Wales 1589-1413
(Oxford, 2003).</mixed-citation>
            </p>
         </fn>
         <fn id="d3882e389a1310">
            <label>12</label>
            <p>
               <mixed-citation id="d3882e396" publication-type="other">
Public Record Office Lists and Indexes xxxv (1912), pp. 45, 47.</mixed-citation>
            </p>
         </fn>
         <fn id="d3882e403a1310">
            <label>13</label>
            <p>
               <mixed-citation id="d3882e410" publication-type="other">
TNA, PRO, E101/41/1 andTNA, PRO, E101/42/16.</mixed-citation>
            </p>
            <p>
               <mixed-citation id="d3882e416" publication-type="other">
Henry IV' s Army in Scotland, August 1400', Archives, xxxv (2010),</mixed-citation>
            </p>
         </fn>
         <fn id="d3882e423a1310">
            <label>14</label>
            <p>
               <mixed-citation id="d3882e430" publication-type="other">
Brown, 'English Campaign in Scotland', p. 45.</mixed-citation>
            </p>
         </fn>
         <fn id="d3882e437a1310">
            <label>15</label>
            <p>
               <mixed-citation id="d3882e444" publication-type="other">
TNA, PRO, Eioi/42/16, m. 18.</mixed-citation>
            </p>
         </fn>
         <fn id="d3882e451a1310">
            <label>16</label>
            <p>
               <mixed-citation id="d3882e458" publication-type="other">
The Scrope and Grosvenor Controversy, ed. N.H. Nicolas (2 vols., 1832), ii, p. 166.</mixed-citation>
            </p>
         </fn>
         <fn id="d3882e465a1310">
            <label>17</label>
            <p>
               <mixed-citation id="d3882e472" publication-type="other">
Chronicles of the Revolution, 1397-1400, ed. C. Given-
Wilson (Manchester, 1993),</mixed-citation>
            </p>
            <p>
               <mixed-citation id="d3882e481" publication-type="other">
Appendix A and B, and D. Biggs, Three Armies in Britain: The Irish
Campaign of Richard II and the Usurpation of Henry IV, 1399 (Leiden and Boston, 2006).</mixed-citation>
            </p>
         </fn>
         <fn id="d3882e492a1310">
            <label>18</label>
            <p>
               <mixed-citation id="d3882e499" publication-type="other">
AHRC project database of soldiers 1369-1453, www.medievalsoldier.org.</mixed-citation>
            </p>
         </fn>
         <fn id="d3882e506a1310">
            <label>19</label>
            <p>
               <mixed-citation id="d3882e513" publication-type="other">
TNA, PRO, C81/601 (1853);</mixed-citation>
            </p>
            <p>
               <mixed-citation id="d3882e519" publication-type="other">
Annales Ricardi Secundi et Henrici Quarti, Regnum Anglie',
Johannis de Trockelowe et Henrici de Blaneforde Chronica et Annales, ed. H.T. Riley, Rolls Series,
xxviii (1866), pp. 320-1;</mixed-citation>
            </p>
            <p>
               <mixed-citation id="d3882e531" publication-type="other">
The Chronica Maiora of Thomas Walsingham 1376-1422, trans. D. Preest,
with intro. and notes by J.G. Clark (Woodbridge, 2005), p. 314;</mixed-citation>
            </p>
            <p>
               <mixed-citation id="d3882e541" publication-type="other">
CPR 1399-1401, p. 287.</mixed-citation>
            </p>
         </fn>
         <fn id="d3882e548a1310">
            <label>20</label>
            <p>
               <mixed-citation id="d3882e555" publication-type="other">
[The] Parliament] Rfolljs off] Medieval] E[ngland 1275-1504], VIII. Henry IV1399-1413, ed.
C. Given-Wilson (Woodbridge, 2005), pp. 36-7.</mixed-citation>
            </p>
            <p>
               <mixed-citation id="d3882e564" publication-type="other">
C.J. Neville, 'Scotland, the Perdes and the Law',
Henry IV. The Establishment of the Regime, pp. 73-93,</mixed-citation>
            </p>
         </fn>
         <fn id="d3882e574a1310">
            <label>21</label>
            <p>
               <mixed-citation id="d3882e581" publication-type="other">
Complete Peerage, IX, p. 711.</mixed-citation>
            </p>
         </fn>
         <fn id="d3882e588a1310">
            <label>22</label>
            <p>
               <mixed-citation id="d3882e595" publication-type="other">
Neville, 'Scotland, the Perdes', p. 86,</mixed-citation>
            </p>
         </fn>
         <fn id="d3882e602a1310">
            <label>23</label>
            <p>
               <mixed-citation id="d3882e609" publication-type="other">
Rfoyal and] H [istorial] L [etters during the Reign of Henry the Fourth], ed. F.C. Hingeston
(2 vols., 1860), i, pp. 8-10.</mixed-citation>
            </p>
         </fn>
         <fn id="d3882e620a1310">
            <label>24</label>
            <p>
               <mixed-citation id="d3882e627" publication-type="other">
(Curry, Agincourt, pp. 54, 56).</mixed-citation>
            </p>
         </fn>
         <fn id="d3882e634a1310">
            <label>25</label>
            <p>
               <mixed-citation id="d3882e641" publication-type="other">
TNA, PRO, Eioi/69/2/306.</mixed-citation>
            </p>
         </fn>
         <fn id="d3882e648a1310">
            <label>26</label>
            <p>
               <mixed-citation id="d3882e655" publication-type="other">
B[ritish] L[ibrary] Cotton MS Vespasian F. VII, fo. 76.</mixed-citation>
            </p>
         </fn>
         <fn id="d3882e662a1310">
            <label>27</label>
            <p>
               <mixed-citation id="d3882e669" publication-type="other">
TNA, PRO, E101/43/3, m. 4.</mixed-citation>
            </p>
         </fn>
         <fn id="d3882e676a1310">
            <label>28</label>
            <p>
               <mixed-citation id="d3882e683" publication-type="other">
PROME, VIII. HENRY IV 1399-1413, pp. 80-1.</mixed-citation>
            </p>
         </fn>
         <fn id="d3882e690a1310">
            <label>29</label>
            <p>
               <mixed-citation id="d3882e697" publication-type="other">
On 11 Dec. 1399, however, he was paid arrears of £116 13s. 4a. for this post (TNA, PRO,
E403/564 m. 7).</mixed-citation>
            </p>
         </fn>
         <fn id="d3882e708a1310">
            <label>30</label>
            <p>
               <mixed-citation id="d3882e715" publication-type="other">
CPR 1399-1401, p. 66</mixed-citation>
            </p>
            <p>
               <mixed-citation id="d3882e721" publication-type="other">
Proceedings and Ordinances ofthe]P[rivy] Cfouncil of England],
ed. H. Nicolas (1834), i. 100.</mixed-citation>
            </p>
         </fn>
         <fn id="d3882e731a1310">
            <label>31</label>
            <p>
               <mixed-citation id="d3882e738" publication-type="other">
Et ou serra il a Nouuel? Par ma foy je ne sçay, mais l'en dit q'il serra en Escoce' . Manières de
langage (1396, 1399, 1415), ed. A. Kristol (Anglo-Norman Text Society, 1995), p. 66.</mixed-citation>
            </p>
         </fn>
         <fn id="d3882e748a1310">
            <label>32</label>
            <p>
               <mixed-citation id="d3882e755" publication-type="other">
PROME, VIII. HENRY IV 1399-1413, pp. 8, 30.</mixed-citation>
            </p>
         </fn>
         <fn id="d3882e762a1310">
            <label>33</label>
            <p>
               <mixed-citation id="d3882e769" publication-type="other">
PROME, VIII. HENRY IV 1399-1413, p. 51.</mixed-citation>
            </p>
         </fn>
         <fn id="d3882e776a1310">
            <label>34</label>
            <p>
               <mixed-citation id="d3882e783" publication-type="other">
(PROME, VIII. HENRY IV 1399-1413, p. 51).</mixed-citation>
            </p>
         </fn>
         <fn id="d3882e790a1310">
            <label>35</label>
            <p>
               <mixed-citation id="d3882e797" publication-type="other">
TNA, PRO, E101/73/3/43</mixed-citation>
            </p>
            <p>
               <mixed-citation id="d3882e803" publication-type="other">
TNA, PRO, E101/68/7/157</mixed-citation>
            </p>
         </fn>
         <fn id="d3882e811a1310">
            <label>36</label>
            <p>
               <mixed-citation id="d3882e818" publication-type="other">
State Papers Miscellaneous 9/10, fo. 37r, printed in 'Morley v. Montagu (1399): a case in the
Court of Chivalry', ed. M.H. Keen and M. Warner, Camden Miscellany, xxiv, Camden Society, 5th
series, x (1997), p. 192.</mixed-citation>
            </p>
         </fn>
         <fn id="d3882e831a1310">
            <label>37</label>
            <p>
               <mixed-citation id="d3882e838" publication-type="other">
RHL, i, pp. 11-14.</mixed-citation>
            </p>
         </fn>
         <fn id="d3882e845a1310">
            <label>38</label>
            <p>
               <mixed-citation id="d3882e852" publication-type="other">
PPC i, pp. 102-6.</mixed-citation>
            </p>
         </fn>
         <fn id="d3882e859a1310">
            <label>40</label>
            <p>
               <mixed-citation id="d3882e866" publication-type="other">
Pans, Archives Nationales J649, art. 12, cited in Wylie, England under Henry the Fourth, i.
130, n.3.</mixed-citation>
            </p>
         </fn>
         <fn id="d3882e876a1310">
            <label>41</label>
            <p>
               <mixed-citation id="d3882e883" publication-type="other">
Wylie, England under Henry the Fourth, i. 127-31;</mixed-citation>
            </p>
            <p>
               <mixed-citation id="d3882e889" publication-type="other">
Boardman, Early Stewart Kings, pp. 226-8.</mixed-citation>
            </p>
         </fn>
         <fn id="d3882e896a1310">
            <label>42</label>
            <p>
               <mixed-citation id="d3882e903" publication-type="other">
RHL, i, pp. 23-5.</mixed-citation>
            </p>
         </fn>
         <fn id="d3882e911a1310">
            <label>43</label>
            <p>
               <mixed-citation id="d3882e918" publication-type="other">
PPC, i, p. 119, from BL, Cotton MS, Cleopatra F III, fo. iia.</mixed-citation>
            </p>
         </fn>
         <fn id="d3882e925a1310">
            <label>44</label>
            <p>
               <mixed-citation id="d3882e932" publication-type="other">
CCR 1399-1402, p. 18,</mixed-citation>
            </p>
            <p>
               <mixed-citation id="d3882e938" publication-type="other">
T. Rymer, Fœdera, conventiones, litterae et cuiuscunque
generis acta publica (ist edn., 1709), viii, p. 146.</mixed-citation>
            </p>
         </fn>
         <fn id="d3882e948a1310">
            <label>45</label>
            <p>
               <mixed-citation id="d3882e955" publication-type="other">
(TNA, PRO, E403/567, under 4
June). Brown, 'English Campaign in Scotland', p. 46,</mixed-citation>
            </p>
         </fn>
         <fn id="d3882e965a1310">
            <label>46</label>
            <p>
               <mixed-citation id="d3882e972" publication-type="other">
PPC, i, pp. 120-1;</mixed-citation>
            </p>
            <p>
               <mixed-citation id="d3882e978" publication-type="other">
CPR 1199-1401, p. 360.</mixed-citation>
            </p>
         </fn>
         <fn id="d3882e985a1310">
            <label>47</label>
            <p>
               <mixed-citation id="d3882e992" publication-type="other">
(Brown, 'English Campaign in Scotland', p. 42).</mixed-citation>
            </p>
         </fn>
         <fn id="d3882e999a1310">
            <label>48</label>
            <p>
               <mixed-citation id="d3882e1006" publication-type="other">
TNA, PRO, E403/567, under 26 June. On 4 July, Henry ordered that as much money as
could be raised on the security of royal jewels be brought to him (PPC, i, pp. 122-3).</mixed-citation>
            </p>
         </fn>
         <fn id="d3882e1017a1310">
            <label>49</label>
            <p>
               <mixed-citation id="d3882e1024" publication-type="other">
William, Lord Willoughby was with the king for a longer period. He
received payment from Curson at the muster in August yet subsequently accounted in person in
the Exchequer for wages for himself and his men for 25 days service (TNA, PRO, E364/34, m.
5d; E 403/567, m. 20 (26 Feb. 1401);</mixed-citation>
            </p>
            <p>
               <mixed-citation id="d3882e1039" publication-type="other">
Brown, 'English Campaign in Scotland', p. 45).</mixed-citation>
            </p>
         </fn>
         <fn id="d3882e1046a1310">
            <label>50</label>
            <p>
               <mixed-citation id="d3882e1053" publication-type="other">
TNA, PRO, CHES 2/74, rot. 9, calendared in Calendar of Signet Letters of Henry IV and
Henry V (1399-1422), ed. J.L. Kirby, no. 9.</mixed-citation>
            </p>
            <p>
               <mixed-citation id="d3882e1062" publication-type="other">
(TNA, PRO, E101/49/29).</mixed-citation>
            </p>
         </fn>
         <fn id="d3882e1069a1310">
            <label>51</label>
            <p>
               <mixed-citation id="d3882e1076" publication-type="other">
(TNA, PRO, E403/567, under 13 July).</mixed-citation>
            </p>
         </fn>
         <fn id="d3882e1083a1310">
            <label>52</label>
            <p>
               <mixed-citation id="d3882e1090" publication-type="other">
TNA, PRO, SC1/43/103;</mixed-citation>
            </p>
            <p>
               <mixed-citation id="d3882e1096" publication-type="other">
Calendar of Signet Letters, no. 15;</mixed-citation>
            </p>
            <p>
               <mixed-citation id="d3882e1102" publication-type="other">
C [alendar of] D[ocuments Relating
to] Scotland], v. (Supplementary), ed. G.G. Simpson and J.B. Galbraith (Edinburgh, 1988),
no. 885.</mixed-citation>
            </p>
         </fn>
         <fn id="d3882e1115a1310">
            <label>53</label>
            <p>
               <mixed-citation id="d3882e1122" publication-type="other">
Wylie, England under Henry the Fourth, i. 128;</mixed-citation>
            </p>
            <p>
               <mixed-citation id="d3882e1128" publication-type="other">
(CDS, iv, nos.
549, 550, cited in Boardman, Early Stewart Kings, p. 230,</mixed-citation>
            </p>
         </fn>
         <fn id="d3882e1138a1310">
            <label>54</label>
            <p>
               <mixed-citation id="d3882e1145" publication-type="other">
CPR 1300-1401, p. 351;</mixed-citation>
            </p>
            <p>
               <mixed-citation id="d3882e1151" publication-type="other">
Foedera, viii, pp. 155-6.</mixed-citation>
            </p>
         </fn>
         <fn id="d3882e1159a1310">
            <label>55</label>
            <p>
               <mixed-citation id="d3882e1166" publication-type="other">
TNA, PRO, E364/34, m. 4d.</mixed-citation>
            </p>
            <p>
               <mixed-citation id="d3882e1172" publication-type="other">
(TNA, PRO, E101/41/28).</mixed-citation>
            </p>
            <p>
               <mixed-citation id="d3882e1178" publication-type="other">
Curson of £6,582 15s. Sd.</mixed-citation>
            </p>
            <p>
               <mixed-citation id="d3882e1185" publication-type="other">
John Kighley esquire
against Sir Stephen Scrope (BL, Add. MS 9021 fos. 240-5, cited in Dunn, Politics of Magnate Power, p. 86).</mixed-citation>
            </p>
         </fn>
         <fn id="d3882e1195a1310">
            <label>56</label>
            <p>
               <mixed-citation id="d3882e1202" publication-type="other">
TNA, PRO, E101/43/4, m. 24.</mixed-citation>
            </p>
         </fn>
         <fn id="d3882e1209a1310">
            <label>57</label>
            <p>
               <mixed-citation id="d3882e1216" publication-type="other">
Sir John Fenwick. He
had served as sheriff in 1398-9 and had been a Lancastrian retainer since at least 1381 when he was
constable of Gaunt s castle of Dunstanburgh (Yorkshire Archaeological Society, MS Grantley DD
53/III/501).</mixed-citation>
            </p>
         </fn>
         <fn id="d3882e1232a1310">
            <label>58</label>
            <p>
               <mixed-citation id="d3882e1239" publication-type="other">
CPR 1399-1401, p. 355.</mixed-citation>
            </p>
            <p>
               <mixed-citation id="d3882e1245" publication-type="other">
TNA, PRO, E304/34
rot.</mixed-citation>
            </p>
         </fn>
         <fn id="d3882e1255a1310">
            <label>59</label>
            <p>
               <mixed-citation id="d3882e1262" publication-type="other">
Scotichronicon by Walter Bower, ed. D.E.R. Watt (9 vols., Aberdeen, 1987), ix. p. 35.</mixed-citation>
            </p>
         </fn>
         <fn id="d3882e1269a1310">
            <label>60</label>
            <p>
               <mixed-citation id="d3882e1276" publication-type="other">
(CPR 1401-5, p. 428).</mixed-citation>
            </p>
            <p>
               <mixed-citation id="d3882e1282" publication-type="other">
(CPR 1399-1401, p. 353).</mixed-citation>
            </p>
         </fn>
         <fn id="d3882e1290a1310">
            <label>61</label>
            <p>
               <mixed-citation id="d3882e1297" publication-type="other">
Foedera, viii. 157. Negotiations were held 'a la croys parentre Edyngburgh et Leeth' (PPC, i,
p. 169).</mixed-citation>
            </p>
         </fn>
         <fn id="d3882e1307a1310">
            <label>62</label>
            <p>
               <mixed-citation id="d3882e1314" publication-type="other">
St
John the Baptist (29 Aug.): The Chronicle of Adam Usk 1377-1421, ed. C. Given-Wilson (Oxford,
1997), p. 101.</mixed-citation>
            </p>
         </fn>
         <fn id="d3882e1327a1310">
            <label>63</label>
            <p>
               <mixed-citation id="d3882e1334" publication-type="other">
BL Cotton Vespasian F vii fo. 64 (printed in PPC, i, pp. 124-6)</mixed-citation>
            </p>
         </fn>
         <fn id="d3882e1341a1310">
            <label>64</label>
            <p>
               <mixed-citation id="d3882e1348" publication-type="other">
CDS, iv, no. 557, printed in Foedera, viii, p. 157.</mixed-citation>
            </p>
         </fn>
         <fn id="d3882e1355a1310">
            <label>65</label>
            <p>
               <mixed-citation id="d3882e1362" publication-type="other">
(Scotichronicon, viii, pp. 34-5).</mixed-citation>
            </p>
            <p>
               <mixed-citation id="d3882e1368" publication-type="other">
(The Original Chronicle of
Andrew ofWyntoun, ed. F.J. Amours, (6 vols., Edinburgh, 1908), vi, p. 392).</mixed-citation>
            </p>
            <p>
               <mixed-citation id="d3882e1377" publication-type="other">
(Chronicle of Adam Usk, pp. 98-101).</mixed-citation>
            </p>
            <p>
               <mixed-citation id="d3882e1384" publication-type="other">
(Chronica Maiora, p. 318).</mixed-citation>
            </p>
         </fn>
         <fn id="d3882e1391a1310">
            <label>66</label>
            <p>
               <mixed-citation id="d3882e1398" publication-type="other">
RHL, i, pp. 39-40.</mixed-citation>
            </p>
            <p>
               <mixed-citation id="d3882e1404" publication-type="other">
(TNA, PRO, E101/43/4, m. 17; TNA, PRO,
E101/42/35).</mixed-citation>
            </p>
         </fn>
         <fn id="d3882e1415a1310">
            <label>67</label>
            <p>
               <mixed-citation id="d3882e1422" publication-type="other">
Henry was still raising loans from northern towns whilst at York and Newcastle (CPR
1399-1401, pp. 353-4).</mixed-citation>
            </p>
         </fn>
         <fn id="d3882e1432a1310">
            <label>68</label>
            <p>
               <mixed-citation id="d3882e1439" publication-type="other">
PROME, VIII. HENRY IV 1399-1413,
P. 99.</mixed-citation>
            </p>
         </fn>
         <fn id="d3882e1449a1310">
            <label>69</label>
            <p>
               <mixed-citation id="d3882e1456" publication-type="other">
PROME, VIII. HENRY IV 1399-1413, pp. 98-9.</mixed-citation>
            </p>
         </fn>
         <fn id="d3882e1463a1310">
            <label>70</label>
            <p>
               <mixed-citation id="d3882e1470" publication-type="other">
Foedera, vii. p. 473 (4 June, to ecclesiastical lords), pp. 474-5 (13 June, to lay lords).</mixed-citation>
            </p>
         </fn>
         <fn id="d3882e1477a1310">
            <label>71</label>
            <p>
               <mixed-citation id="d3882e1484" publication-type="other">
Foedera, viii. p. 146</mixed-citation>
            </p>
         </fn>
         <fn id="d3882e1491a1310">
            <label>72</label>
            <p>
               <mixed-citation id="d3882e1498" publication-type="other">
J.J.N. Palmer, 'The Last Summons of the Feudal Army in England (1385)', ante, lxxxiii
(1968), pp. 771-5, with reply by Lewis, ante, c (1985), pp. 729-46.</mixed-citation>
            </p>
            <p>
               <mixed-citation id="d3882e1507" publication-type="other">
N.B. Lewis, 'The Last
Medieval Summons of the English Feudal Levy, 13 June 1385' ante, lxxiii (1958), pp. 1-26.</mixed-citation>
            </p>
         </fn>
         <fn id="d3882e1518a1310">
            <label>73</label>
            <p>
               <mixed-citation id="d3882e1525" publication-type="other">
(BL, Stowe MS 440,
fos. 22-3).</mixed-citation>
            </p>
         </fn>
         <fn id="d3882e1535a1310">
            <label>74</label>
            <p>
               <mixed-citation id="d3882e1542" publication-type="other">
(TNA, PRO, E101/42/35).</mixed-citation>
            </p>
         </fn>
         <fn id="d3882e1549a1310">
            <label>75</label>
            <p>
               <mixed-citation id="d3882e1556" publication-type="other">
S. Walker, The Lancastrian Affinity 1361-1399 (Oxford, 1990), pp. 14, 293,</mixed-citation>
            </p>
         </fn>
         <fn id="d3882e1563a1310">
            <label>76</label>
            <p>
               <mixed-citation id="d3882e1570" publication-type="other">
C. Given-Wilson, The Royal Household and the King's Affinity. Service, Politics and Finance in
England, 1360-1413 (1986), appendix III.</mixed-citation>
            </p>
         </fn>
         <fn id="d3882e1580a1310">
            <label>77</label>
            <p>
               <mixed-citation id="d3882e1587" publication-type="other">
D. Green, Edward the Black Prince. Power in Medieval Europe (Basingstoke, 2007),
pp. 231-2.</mixed-citation>
            </p>
         </fn>
         <fn id="d3882e1597a1310">
            <label>78</label>
            <p>
               <mixed-citation id="d3882e1604" publication-type="other">
Given-Wilson, Royal Household, pp. 212-17.</mixed-citation>
            </p>
         </fn>
         <fn id="d3882e1612a1310">
            <label>79</label>
            <p>
               <mixed-citation id="d3882e1619" publication-type="other">
Ibid., p. 231.</mixed-citation>
            </p>
         </fn>
         <fn id="d3882e1626a1310">
            <label>80</label>
            <p>
               <mixed-citation id="d3882e1633" publication-type="other">
(CCR, 1399-1402, p. 106).</mixed-citation>
            </p>
         </fn>
         <fn id="d3882e1640a1310">
            <label>81</label>
            <p>
               <mixed-citation id="d3882e1647" publication-type="other">
PPC, i, p. 109.</mixed-citation>
            </p>
         </fn>
         <fn id="d3882e1654a1310">
            <label>82</label>
            <p>
               <mixed-citation id="d3882e1661" publication-type="other">
Historia Vitae et Regni Ricardi Secundi, ed. G.B. Stow (Pennsylvania, 1977), pp. 167-8;</mixed-citation>
            </p>
            <p>
               <mixed-citation id="d3882e1667" publication-type="other">
R.R. Davies, The Revolt of Owain Glyn Dwr (Oxford, 1995), p. 153.</mixed-citation>
            </p>
         </fn>
         <fn id="d3882e1674a1310">
            <label>83</label>
            <p>
               <mixed-citation id="d3882e1681" publication-type="other">
Historia Vitae, p. 168.</mixed-citation>
            </p>
            <p>
               <mixed-citation id="d3882e1687" publication-type="other">
A. Goodman, 'Owain Glyndwr
Before 1400', Welsh History Review, v (1970-1);</mixed-citation>
            </p>
            <p>
               <mixed-citation id="d3882e1696" publication-type="other">
A.R. Bell, A. Chapman and D. Simpkin, 'Owain
Glyn Dwr', Soldier Profiles (http://www.medievals0ldier.org/December2007.php).</mixed-citation>
            </p>
         </fn>
         <fn id="d3882e1706a1310">
            <label>84</label>
            <p>
               <mixed-citation id="d3882e1713" publication-type="other">
CDS, v, no. 885.</mixed-citation>
            </p>
            <p>
               <mixed-citation id="d3882e1719" publication-type="other">
(PPC, ii, p. 109).</mixed-citation>
            </p>
            <p>
               <mixed-citation id="d3882e1725" publication-type="other">
Henry in November 1399 (CPR 1399-1401, p. 126).</mixed-citation>
            </p>
         </fn>
         <fn id="d3882e1733a1310">
            <label>85</label>
            <p>
               <mixed-citation id="d3882e1740" publication-type="other">
TNA, PRO, SC1/43/113 (CDS, v, no. 887).</mixed-citation>
            </p>
            <p>
               <mixed-citation id="d3882e1746" publication-type="other">
Walshale's £10 Crown annuity, and his office of
constable of Dinefwr Castle, were both confirmed in November 1399 (CPR 1399-1401, pp. 120, 122).</mixed-citation>
            </p>
         </fn>
         <fn id="d3882e1756a1310">
            <label>86</label>
            <p>
               <mixed-citation id="d3882e1763" publication-type="other">
TNA, PRO, SC1/43/99 (Calendar of Signet Letters, no. 13).</mixed-citation>
            </p>
            <p>
               <mixed-citation id="d3882e1769" publication-type="other">
Winchester castle and a tun of wine every year had been confirmed in
November 1399 (CPR 1399-1401, p. 52).</mixed-citation>
            </p>
         </fn>
         <fn id="d3882e1779a1310">
            <label>87</label>
            <p>
               <mixed-citation id="d3882e1786" publication-type="other">
TNA, PRO, SC1/43/100 (CDS, v, no. 888).</mixed-citation>
            </p>
         </fn>
         <fn id="d3882e1793a1310">
            <label>88</label>
            <p>
               <mixed-citation id="d3882e1800" publication-type="other">
TNA, PRO, SC1/43/104, no (CDS, v, no. 886).</mixed-citation>
            </p>
         </fn>
         <fn id="d3882e1807a1310">
            <label>89</label>
            <p>
               <mixed-citation id="d3882e1814" publication-type="other">
PPC, i, pp. 121-2</mixed-citation>
            </p>
            <p>
               <mixed-citation id="d3882e1820" publication-type="other">
BL, Cotton MS. Vespasian F vii fo. 73;</mixed-citation>
            </p>
            <p>
               <mixed-citation id="d3882e1826" publication-type="other">
CPR
1399-1401, p. 323.</mixed-citation>
            </p>
         </fn>
         <fn id="d3882e1836a1310">
            <label>90</label>
            <p>
               <mixed-citation id="d3882e1843" publication-type="other">
Arundel and Suffolk, Lords Zouche and
Lovel and their retinues appear in the provisioners' accounts only (TNA, PRO, E101/42/35).</mixed-citation>
            </p>
         </fn>
         <fn id="d3882e1854a1310">
            <label>91</label>
            <p>
               <mixed-citation id="d3882e1861" publication-type="other">
TNA, PRO, E101/402/20, fos. 31-39&lt;sup&gt;V&lt;/sup&gt; (Wardrobe book, 1394-5).</mixed-citation>
            </p>
         </fn>
         <fn id="d3882e1868a1310">
            <label>92</label>
            <p>
               <mixed-citation id="d3882e1875" publication-type="other">
Curry, Agincourt, p. 58.</mixed-citation>
            </p>
         </fn>
         <fn id="d3882e1882a1310">
            <label>94</label>
            <p>
               <mixed-citation id="d3882e1889" publication-type="other">
Bell, War and the Soldier, p. 10. The figures for 1394 have been deduced from the wages
section in the wardrobe book for the campaign (TNA, PRO, E101/402/20, fos. 31-39&lt;sup&gt;v&lt;/sup&gt;).</mixed-citation>
            </p>
         </fn>
         <fn id="d3882e1899a1310">
            <label>95</label>
            <p>
               <mixed-citation id="d3882e1906" publication-type="other">
TNA, PRO, E101/43/3, m. 6. For a complete listing of the retinues for this campaign, see
the special section of the website: www.medievalsoldier.org.</mixed-citation>
            </p>
         </fn>
         <fn id="d3882e1916a1310">
            <label>96</label>
            <p>
               <mixed-citation id="d3882e1923" publication-type="other">
TNA, PRO, E101/43/3, m. 7.</mixed-citation>
            </p>
         </fn>
         <fn id="d3882e1930a1310">
            <label>97</label>
            <p>
               <mixed-citation id="d3882e1937" publication-type="other">
TNA, PRO, E101/43/4, m. 9.</mixed-citation>
            </p>
         </fn>
         <fn id="d3882e1945a1310">
            <label>98</label>
            <p>
               <mixed-citation id="d3882e1952" publication-type="other">
Edmund Houking with a contingent or twenty-two archers (TNA, PRO,
E101/42/16, mm. 13).</mixed-citation>
            </p>
         </fn>
         <fn id="d3882e1962a1310">
            <label>99</label>
            <p>
               <mixed-citation id="d3882e1969" publication-type="other">
TNA, PRO, E101/42/35;</mixed-citation>
            </p>
            <p>
               <mixed-citation id="d3882e1975" publication-type="other">
TNA, PRO, E101/43/3, m. 7.</mixed-citation>
            </p>
         </fn>
         <fn id="d3882e1982a1310">
            <label>100</label>
            <p>
               <mixed-citation id="d3882e1989" publication-type="other">
TNA, PRO, E101/42/29.</mixed-citation>
            </p>
         </fn>
         <fn id="d3882e1996a1310">
            <label>101</label>
            <p>
               <mixed-citation id="d3882e2003" publication-type="other">
TNA, PRO, E403/562, m. 16.</mixed-citation>
            </p>
         </fn>
         <fn id="d3882e2010a1310">
            <label>102</label>
            <p>
               <mixed-citation id="d3882e2017" publication-type="other">
TNA, PRO, E101/43/3, m. 2.</mixed-citation>
            </p>
         </fn>
         <fn id="d3882e2024a1310">
            <label>103</label>
            <p>
               <mixed-citation id="d3882e2031" publication-type="other">
Brown, 'English Campaign in Scotland', p. 48.</mixed-citation>
            </p>
         </fn>
         <fn id="d3882e2039a1310">
            <label>104</label>
            <p>
               <mixed-citation id="d3882e2046" publication-type="other">
Expeditions to Prussia and the Holy Land made by Henry, Earl of Derby, in the years 1390-1
and 1392-3, ed. L.T. Smith, Camden Society, new series, lii (1894), p. xxx.</mixed-citation>
            </p>
         </fn>
         <fn id="d3882e2056a1310">
            <label>105</label>
            <p>
               <mixed-citation id="d3882e2063" publication-type="other">
Curry, Açincourt, pp. 60-1.</mixed-citation>
            </p>
         </fn>
         <fn id="d3882e2070a1310">
            <label>106</label>
            <p>
               <mixed-citation id="d3882e2077" publication-type="other">
Brown, 'English Campaign in Scotland', p. 46.</mixed-citation>
            </p>
         </fn>
         <fn id="d3882e2084a1310">
            <label>107</label>
            <p>
               <mixed-citation id="d3882e2091" publication-type="other">
(TNA, PRO, E101/43/3, m. 8, TNA, PRO, E101/43/4).</mixed-citation>
            </p>
            <p>
               <mixed-citation id="d3882e2097" publication-type="other">
M.L. Dessalles, Périgueux et les deux derniers comtes de
Périgord, ou Histoire des querelles de cette ville avec Archambaud V et Archambaud VI (Paris, 1847),
p. 306.</mixed-citation>
            </p>
         </fn>
         <fn id="d3882e2110a1310">
            <label>108</label>
            <p>
               <mixed-citation id="d3882e2117" publication-type="other">
(TNA, PRO,
E101/42/35).</mixed-citation>
            </p>
            <p>
               <mixed-citation id="d3882e2126" publication-type="other">
Sir
Henry le Scrope (TNA, PRO, E101/42/35).</mixed-citation>
            </p>
            <p>
               <mixed-citation id="d3882e2135" publication-type="other">
(TNA, PRO, E101/41/1, m. 11).</mixed-citation>
            </p>
         </fn>
         <fn id="d3882e2142a1310">
            <label>109</label>
            <p>
               <mixed-citation id="d3882e2149" publication-type="other">
TNA, PRO, E101/43/3, m. 7.</mixed-citation>
            </p>
         </fn>
         <fn id="d3882e2157a1310">
            <label>110</label>
            <p>
               <mixed-citation id="d3882e2164" publication-type="other">
TNA, PRO, E101/43/3, m. 8.</mixed-citation>
            </p>
         </fn>
         <fn id="d3882e2171a1310">
            <label>111</label>
            <p>
               <mixed-citation id="d3882e2178" publication-type="other">
TNA, PRO, E101/42/16, m. 18;</mixed-citation>
            </p>
            <p>
               <mixed-citation id="d3882e2184" publication-type="other">
TNA, PRO, E101/42/35; Brown, 'English Campaign in
Scotland', p. 45.</mixed-citation>
            </p>
         </fn>
         <fn id="d3882e2194a1310">
            <label>113</label>
            <p>
               <mixed-citation id="d3882e2201" publication-type="other">
BL, Cotton MS, Nero D VI, fos. 9iv-92r.</mixed-citation>
            </p>
         </fn>
         <fn id="d3882e2208a1310">
            <label>114</label>
            <p>
               <mixed-citation id="d3882e2215" publication-type="other">
TNA, PRO, E403/508, mm. 12-15, 19-22.</mixed-citation>
            </p>
            <p>
               <mixed-citation id="d3882e2221" publication-type="other">
Oxford, Lord Neville and Lord Roos of Helmsley. BL, Cotton MS Nero D VI fo. 92r</mixed-citation>
            </p>
         </fn>
         <fn id="d3882e2228a1310">
            <label>116</label>
            <p>
               <mixed-citation id="d3882e2235" publication-type="other">
The Roll of Arms of the Princes, Barons, and Knights who attended King Edward I to the Siege
of Caerlaverock, in 1300, ed. T. Wright (1864), pp. 19-20.</mixed-citation>
            </p>
         </fn>
         <fn id="d3882e2245a1310">
            <label>118</label>
            <p>
               <mixed-citation id="d3882e2252" publication-type="other">
(TNA,
PRO, E403/562, m. 10).</mixed-citation>
            </p>
         </fn>
         <fn id="d3882e2263a1310">
            <label>119</label>
            <p>
               <mixed-citation id="d3882e2270" publication-type="other">
INA, PRO, 11403/562, m. 14.</mixed-citation>
            </p>
         </fn>
         <fn id="d3882e2277a1310">
            <label>120</label>
            <p>
               <mixed-citation id="d3882e2284" publication-type="other">
A.L. Brown, 'English Campaign in
Scotland', 'The Reign of Henry IV: The Establishment of the Lancastrian Regime', in Fifteenth
Century England 1399-1509:</mixed-citation>
            </p>
            <p>
               <mixed-citation id="d3882e2296" publication-type="other">
Studies in Politics and Society, ed. S.B. Chrimes, CD. Ross and R.A.
Griffiths (Stroud, 1995), p. 7.</mixed-citation>
            </p>
         </fn>
         <fn id="d3882e2306a1310">
            <label>121</label>
            <p>
               <mixed-citation id="d3882e2313" publication-type="other">
Brown, 'Englisn Campaign in Scotlanad' , pp. 45, 47,</mixed-citation>
            </p>
         </fn>
         <fn id="d3882e2320a1310">
            <label>122</label>
            <p>
               <mixed-citation id="d3882e2327" publication-type="other">
TNA, PRO, E101/41/1, m. 5;</mixed-citation>
            </p>
            <p>
               <mixed-citation id="d3882e2333" publication-type="other">
TNA, PRO, E101/42/35.</mixed-citation>
            </p>
         </fn>
         <fn id="d3882e2340a1310">
            <label>123</label>
            <p>
               <mixed-citation id="d3882e2347" publication-type="other">
TNA, PRO, E101/42/16, m. 4;</mixed-citation>
            </p>
            <p>
               <mixed-citation id="d3882e2353" publication-type="other">
TNA, PRO, E101/42/35.</mixed-citation>
            </p>
         </fn>
         <fn id="d3882e2360a1310">
            <label>124</label>
            <p>
               <mixed-citation id="d3882e2367" publication-type="other">
TNA, PRO, E101/402/20, fos. 33&lt;sup&gt;V&lt;/sup&gt;-36.</mixed-citation>
            </p>
         </fn>
         <fn id="d3882e2375a1310">
            <label>125</label>
            <p>
               <mixed-citation id="d3882e2382" publication-type="other">
Lewis, 'Last Medieval Summons' , appendix II.</mixed-citation>
            </p>
         </fn>
         <fn id="d3882e2389a1310">
            <label>126</label>
            <p>
               <mixed-citation id="d3882e2396" publication-type="other">
CPR 1396-1399, pp. 525.</mixed-citation>
            </p>
            <p>
               <mixed-citation id="d3882e2402" publication-type="other">
TNA, PRO, E101/420/20, fo. 34&lt;sup&gt;v&lt;/sup&gt;.</mixed-citation>
            </p>
         </fn>
         <fn id="d3882e2409a1310">
            <label>127</label>
            <p>
               <mixed-citation id="d3882e2416" publication-type="other">
A Sir William Hoghton is named in five different musters for service under Sir John
Stanley in Ireland between 1389 and 1392;</mixed-citation>
            </p>
            <p>
               <mixed-citation id="d3882e2425" publication-type="other">
TNA, PRO, E101/41/18, mm. 1, 4, 10, 18, 21.</mixed-citation>
            </p>
         </fn>
         <fn id="d3882e2432a1310">
            <label>128</label>
            <p>
               <mixed-citation id="d3882e2439" publication-type="other">
(TNA, PRO, C76/70,</mixed-citation>
            </p>
         </fn>
         <fn id="d3882e2446a1310">
            <label>129</label>
            <p>
               <mixed-citation id="d3882e2453" publication-type="other">
Sir John Annesley (1372: TNA,
PRO, C76/55, m. 22;</mixed-citation>
            </p>
            <p>
               <mixed-citation id="d3882e2462" publication-type="other">
1373: TNA, PRO, C76/56, m. 26);</mixed-citation>
            </p>
            <p>
               <mixed-citation id="d3882e2468" publication-type="other">
Sir John de Assheton (1378: TNA, PRO,
C76/62, m. 18);</mixed-citation>
            </p>
            <p>
               <mixed-citation id="d3882e2478" publication-type="other">
Sir Ralph Eure (1369: TNA, PRO, C76/52, m. 15);</mixed-citation>
            </p>
            <p>
               <mixed-citation id="d3882e2484" publication-type="other">
Sir Robert Franceys (1378: TNA,
PRO, C76/62, m. 18);</mixed-citation>
            </p>
            <p>
               <mixed-citation id="d3882e2493" publication-type="other">
Sir Thomas Gray of Heaton (1372: TNA, PRO, C76/55, m. 21);</mixed-citation>
            </p>
            <p>
               <mixed-citation id="d3882e2499" publication-type="other">
Sir Thomas
Pomeray (1369: TNA, PRO, C76/52, m. 19);</mixed-citation>
            </p>
            <p>
               <mixed-citation id="d3882e2508" publication-type="other">
Sir John Rocheford (1373: C 76/56, m. 26);</mixed-citation>
            </p>
            <p>
               <mixed-citation id="d3882e2514" publication-type="other">
Sir Robert
Rokley (1373: TNA, PRO, C76/56, m. 20);</mixed-citation>
            </p>
            <p>
               <mixed-citation id="d3882e2524" publication-type="other">
Sir John Sayvill (1369: TNA, PRO, C76/52, m. 15;</mixed-citation>
            </p>
            <p>
               <mixed-citation id="d3882e2530" publication-type="other">
TNA, PRO, C76/56, m. 20);</mixed-citation>
            </p>
            <p>
               <mixed-citation id="d3882e2536" publication-type="other">
Sir Edmund Thorpe (1369: TNA, PRO, C76/52, m. 4);</mixed-citation>
            </p>
            <p>
               <mixed-citation id="d3882e2542" publication-type="other">
Sir Payn
Tiptoft (1373: TNA, PRO, C76/56, m. 20);</mixed-citation>
            </p>
            <p>
               <mixed-citation id="d3882e2551" publication-type="other">
Sir Gerard Usflete (1372: TNA, PRO, C76/55,
m. 29).</mixed-citation>
            </p>
         </fn>
         <fn id="d3882e2561a1310">
            <label>130</label>
            <p>
               <mixed-citation id="d3882e2568" publication-type="other">
Curry, Agincourt,</mixed-citation>
            </p>
         </fn>
         <fn id="d3882e2576a1310">
            <label>131</label>
            <p>
               <mixed-citation id="d3882e2583" publication-type="other">
Brown, 'English Campaign in Scotland', p. 47.</mixed-citation>
            </p>
            <p>
               <mixed-citation id="d3882e2589" publication-type="other">
A. Rogers, 'The Royal Household
of Henry IV, Univ. of Nottingham Ph. D. thesis, 1966,</mixed-citation>
            </p>
         </fn>
         <fn id="d3882e2599a1310">
            <label>132</label>
            <p>
               <mixed-citation id="d3882e2606" publication-type="other">
TNA, PRO, C71/76, m. 10.;</mixed-citation>
            </p>
            <p>
               <mixed-citation id="d3882e2612" publication-type="other">
Brown, 'English Campaign in Scotland', p. 53;</mixed-citation>
            </p>
            <p>
               <mixed-citation id="d3882e2618" publication-type="other">
M. Barber,
'John Norbury (c. 1350-1414): An Esquire of Henry IV, ante, lxviii (1953).</mixed-citation>
            </p>
         </fn>
         <fn id="d3882e2628a1310">
            <label>133</label>
            <p>
               <mixed-citation id="d3882e2635" publication-type="other">
Bolingbroke in 1399</mixed-citation>
            </p>
            <p>
               <mixed-citation id="d3882e2641" publication-type="other">
TNA, PRO, DL42/15, tos.
7or-7ir;</mixed-citation>
            </p>
            <p>
               <mixed-citation id="d3882e2650" publication-type="other">
TNA, PRO, DL28/4/1, f. 19r;</mixed-citation>
            </p>
            <p>
               <mixed-citation id="d3882e2657" publication-type="other">
TNA, PRO, E403/564, mm. 2, 4, 7, 8, 9, 12.</mixed-citation>
            </p>
         </fn>
         <fn id="d3882e2664a1310">
            <label>134</label>
            <p>
               <mixed-citation id="d3882e2671" publication-type="other">
Randall Jones, 'Sir Walter Bitterley,
Soldier profiles http://www.medievals0ldier.org/April2008.php. For the service of both men in
1399,</mixed-citation>
            </p>
            <p>
               <mixed-citation id="d3882e2683" publication-type="other">
TNA, PRO, E 403/562, mm. 14, 15;</mixed-citation>
            </p>
         </fn>
         <fn id="d3882e2690a1310">
            <label>135</label>
            <p>
               <mixed-citation id="d3882e2697" publication-type="other">
Bell, War and the öoldier, p. 212;</mixed-citation>
            </p>
            <p>
               <mixed-citation id="d3882e2703" publication-type="other">
1388 (1 NA, 1JRU, bioi/41/5, m. 1).</mixed-citation>
            </p>
         </fn>
         <fn id="d3882e2710a1310">
            <label>136</label>
            <p>
               <mixed-citation id="d3882e2717" publication-type="other">
1394-5 (TNA, PRO, E101/402/20, fol. 35r);</mixed-citation>
            </p>
            <p>
               <mixed-citation id="d3882e2723" publication-type="other">
1400 (TNA, PRO, E101/41/1, m. 42).</mixed-citation>
            </p>
         </fn>
         <fn id="d3882e2731a1310">
            <label>137</label>
            <p>
               <mixed-citation id="d3882e2738" publication-type="other">
TNA, PRO, E101/41/1, m. 42.</mixed-citation>
            </p>
         </fn>
         <fn id="d3882e2745a1310">
            <label>138</label>
            <p>
               <mixed-citation id="d3882e2752" publication-type="other">
Richard II and
twenty men who would become king's knights of Henry IV.</mixed-citation>
            </p>
            <p>
               <mixed-citation id="d3882e2761" publication-type="other">
Richard II in Ireland in either 1394 and/or 1399.</mixed-citation>
            </p>
            <p>
               <mixed-citation id="d3882e2767" publication-type="other">
Bell, War and the Soldier,
pp. 188-211.</mixed-citation>
            </p>
         </fn>
         <fn id="d3882e2777a1310">
            <label>139</label>
            <p>
               <mixed-citation id="d3882e2784" publication-type="other">
R.E. Archer, 'The Mowbrays, Earls of Nottingham and Dukes of Norfolk to 1432', Univ. of
Oxford D.Phil, thesis, 1984, pp. 84-5.</mixed-citation>
            </p>
         </fn>
         <fn id="d3882e2794a1310">
            <label>140</label>
            <p>
               <mixed-citation id="d3882e2801" publication-type="other">
A. King, 'Scaling the Ladder: The Rise and Rise of the Grays of Heaton, c.1296-c.1415 ', in
CD. Liddy and R.H. Britnell, eds., North-East England in the Later Middle Ages (Woodbridge,
2005), p. 69.</mixed-citation>
            </p>
         </fn>
         <fn id="d3882e2814a1310">
            <label>141</label>
            <p>
               <mixed-citation id="d3882e2821" publication-type="other">
TNA, PRO, E101/36/32, m. 3;</mixed-citation>
            </p>
            <p>
               <mixed-citation id="d3882e2827" publication-type="other">
TNA, PRO, E101/40/33, m. 1;</mixed-citation>
            </p>
            <p>
               <mixed-citation id="d3882e2833" publication-type="other">
TNA, PRO, E101/41/5, m. 1.</mixed-citation>
            </p>
            <p>
               <mixed-citation id="d3882e2840" publication-type="other">
Bell, War and the Soldier,
pp. 167-8.</mixed-citation>
            </p>
            <p>
               <mixed-citation id="d3882e2849" publication-type="other">
Henry's father Gaunt in 1373</mixed-citation>
            </p>
         </fn>
         <fn id="d3882e2856a1310">
            <label>142</label>
            <p>
               <mixed-citation id="d3882e2863" publication-type="other">
TNA, PRO, C67/30, m. 2.</mixed-citation>
            </p>
         </fn>
         <fn id="d3882e2871a1310">
            <label>143</label>
            <p>
               <mixed-citation id="d3882e2878" publication-type="other">
TNA, PRO, C67/30 and C67/31.</mixed-citation>
            </p>
            <p>
               <mixed-citation id="d3882e2884" publication-type="other">
Bell, War
and the Soldier, pp. 128-35.</mixed-citation>
            </p>
         </fn>
         <fn id="d3882e2894a1310">
            <label>144</label>
            <p>
               <mixed-citation id="d3882e2901" publication-type="other">
Brown, 'English Campaign in Scotland', p. 48.</mixed-citation>
            </p>
         </fn>
         <fn id="d3882e2908a1310">
            <label>145</label>
            <p>
               <mixed-citation id="d3882e2915" publication-type="other">
Return of Members of Parliament (2 parts in 4 vols., reprinted Munich, 1980), part 1 volume
1, pp. 257-60, 260-1.</mixed-citation>
            </p>
            <p>
               <mixed-citation id="d3882e2924" publication-type="other">
Richard Us parliament at Westminster in Jan. 1394 only thirteen (18 per cent) are known to have
served in Ireland later that year (ibid., pp. 247-8).</mixed-citation>
            </p>
         </fn>
         <fn id="d3882e2934a1310">
            <label>146</label>
            <p>
               <mixed-citation id="d3882e2941" publication-type="other">
The History of Parliament: The House of Commons 1386-1421, ed. J.S. Roskell, L. Clark and
C. Rawcliffe, (4 vols., Stroud, 1992), ii. 38.</mixed-citation>
            </p>
            <p>
               <mixed-citation id="d3882e2950" publication-type="other">
CPR 1381-5, p. 571;</mixed-citation>
            </p>
            <p>
               <mixed-citation id="d3882e2956" publication-type="other">
J.G. Bellamy,
'Sir John Annesley and the Chandos Inheritance', Nottingham Medieval Studies x (1966).</mixed-citation>
            </p>
            <p>
               <mixed-citation id="d3882e2966" publication-type="other">
Henry in November 1399;</mixed-citation>
            </p>
            <p>
               <mixed-citation id="d3882e2972" publication-type="other">
CPR 1399-1401, p. 66.</mixed-citation>
            </p>
         </fn>
         <fn id="d3882e2979a1310">
            <label>147</label>
            <p>
               <mixed-citation id="d3882e2986" publication-type="other">
The sheriffs' names are recorded in Lists and Indexes IX (1963).</mixed-citation>
            </p>
         </fn>
         <fn id="d3882e2993a1310">
            <label>148</label>
            <p>
               <mixed-citation id="d3882e3000" publication-type="other">
D. Biggs, The Reign of Henry IV: The Revolution or 1399 and the hstablishment or the
Lancastrian Regime', in Dodd and Biggs, eds., Henry IV: The Establishment of the Regime, pp. 207-9;</mixed-citation>
            </p>
            <p>
               <mixed-citation id="d3882e3009" publication-type="other">
G. Dodd, 'Conflict or Consensus: Henry IV and Parliament, 1399-1406', in Social Attitudes and
Political Structures in the Fifteenth Century, ed. T. Thornton (Stroud, 2000), pp. 118-49.</mixed-citation>
            </p>
         </fn>
         <fn id="d3882e3020a1310">
            <label>149</label>
            <p>
               <mixed-citation id="d3882e3027" publication-type="other">
CPR 1399-1401,</mixed-citation>
            </p>
            <p>
               <mixed-citation id="d3882e3033" publication-type="other">
E 163/6/21;</mixed-citation>
            </p>
            <p>
               <mixed-citation id="d3882e3039" publication-type="other">
DL 28/4/1;</mixed-citation>
            </p>
            <p>
               <mixed-citation id="d3882e3046" publication-type="other">
SC
6/774/11;</mixed-citation>
            </p>
            <p>
               <mixed-citation id="d3882e3055" publication-type="other">
Given-Wilson, Royal Household, pp. 287-90;</mixed-citation>
            </p>
            <p>
               <mixed-citation id="d3882e3061" publication-type="other">
R. Somerville, History of the Duchy of
Lancaster, 1265-1603 (1953).</mixed-citation>
            </p>
         </fn>
         <fn id="d3882e3071a1310">
            <label>150</label>
            <p>
               <mixed-citation id="d3882e3078" publication-type="other">
C71/76, mm. 11, 13 (CDS, v, nos. 2068, 4603);</mixed-citation>
            </p>
            <p>
               <mixed-citation id="d3882e3084" publication-type="other">
S. Walker, 'Janico Dartasso: Chivalry,
Nationality and the Man-at-Arms', History lxxxiv (1999), pp. 41-2.</mixed-citation>
            </p>
            <p>
               <mixed-citation id="d3882e3093" publication-type="other">
(CPR 1399-1401, p. 352, dated 16 July).</mixed-citation>
            </p>
         </fn>
         <fn id="d3882e3100a1310">
            <label>151</label>
            <p>
               <mixed-citation id="d3882e3107" publication-type="other">
CPR 1399-1401, p. 29.</mixed-citation>
            </p>
            <p>
               <mixed-citation id="d3882e3113" publication-type="other">
Sir Robert Urswick who brought a contingent
to Scotland in 1400;</mixed-citation>
            </p>
            <p>
               <mixed-citation id="d3882e3122" publication-type="other">
TNA, PRO, E101/43/3, m. 2.</mixed-citation>
            </p>
         </fn>
         <fn id="d3882e3129a1310">
            <label>152</label>
            <p>
               <mixed-citation id="d3882e3136" publication-type="other">
CPR 1399-1401, p. 133;</mixed-citation>
            </p>
            <p>
               <mixed-citation id="d3882e3142" publication-type="other">
TNA, PRO, E101/43/4, m. 6.</mixed-citation>
            </p>
         </fn>
         <fn id="d3882e3149a1310">
            <label>153</label>
            <p>
               <mixed-citation id="d3882e3156" publication-type="other">
Scrope and Grosvenor Controversy, i, p. 296.</mixed-citation>
            </p>
         </fn>
         <fn id="d3882e3163a1310">
            <label>154</label>
            <p>
               <mixed-citation id="d3882e3170" publication-type="other">
TNA, PRO, Eioi/34/3, m. i;</mixed-citation>
            </p>
            <p>
               <mixed-citation id="d3882e3176" publication-type="other">
TNA, PRO, Eioi/34/5, m. 3.</mixed-citation>
            </p>
         </fn>
         <fn id="d3882e3184a1310">
            <label>155</label>
            <p>
               <mixed-citation id="d3882e3191" publication-type="other">
TNA, PRO, C 76/65, m. 16 (1381);</mixed-citation>
            </p>
            <p>
               <mixed-citation id="d3882e3197" publication-type="other">
TNA, PRO, E101/40/33, m. 3 (1387);</mixed-citation>
            </p>
            <p>
               <mixed-citation id="d3882e3203" publication-type="other">
E403/564, m. 7 (1399).</mixed-citation>
            </p>
         </fn>
         <fn id="d3882e3210a1310">
            <label>156</label>
            <p>
               <mixed-citation id="d3882e3217" publication-type="other">
Brown, 'English Campaign in Scotland', p. 48.</mixed-citation>
            </p>
         </fn>
         <fn id="d3882e3224a1310">
            <label>157</label>
            <p>
               <mixed-citation id="d3882e3231" publication-type="other">
TNA, PRO, E101/41/1, m. 8.</mixed-citation>
            </p>
            <p>
               <mixed-citation id="d3882e3237" publication-type="other">
R. Leathes, Thomas de Mussenden ,
Soldier Profiles (http://www.icmacentre.ac.uk/s0ldier/database/March2008.php) .</mixed-citation>
            </p>
         </fn>
         <fn id="d3882e3247a1310">
            <label>158</label>
            <p>
               <mixed-citation id="d3882e3254" publication-type="other">
The History of Parliament: The House of Commons 1386-1421, ed. J.S. Rosiceli, L. Clark and
C. Rawcliffe (4 vols., Stroud, 1992);</mixed-citation>
            </p>
            <p>
               <mixed-citation id="d3882e3263" publication-type="other">
Scrope and Grosvenor Controversy, Inquisitions and Assessments
Relating to Feudal Aids, 1284-1431 (6 vols., 1899-1920);</mixed-citation>
            </p>
            <p>
               <mixed-citation id="d3882e3272" publication-type="other">
CIPM, xviii-xxi;</mixed-citation>
            </p>
            <p>
               <mixed-citation id="d3882e3279" publication-type="other">
Calendar of Patent Rolls-,
Calendar of Close Rolls-, Calendar of Fine Rolls-, C 67/30;</mixed-citation>
            </p>
            <p>
               <mixed-citation id="d3882e3288" publication-type="other">
TNA, PRO, C 67/31;</mixed-citation>
            </p>
            <p>
               <mixed-citation id="d3882e3294" publication-type="other">
M.J. Bennett, Community,
Class and Careerism: Cheshire and Lancashire Society in the Age of Sir Gawain and the Green Knight
(Cambridge, 1983);</mixed-citation>
            </p>
         </fn>
         <fn id="d3882e3307a1310">
            <label>159</label>
            <p>
               <mixed-citation id="d3882e3314" publication-type="other">
M. Arvanigian, 'Henry IV, the Northern Nobility and the Consolidation of the
Regime', in Dodd and Biggs, eds., Henry IV: The Establishment of the Regime, pp. 117-37,</mixed-citation>
            </p>
            <p>
               <mixed-citation id="d3882e3323" publication-type="other">
"Lancastrianization" of the North in the Reign of Henry IV, 1399-1413', in D.L. Biggs, S.D.
Michalove and A.C. Reeves, eds., Reputation and Representation in Fifteenth-Century Europe
(Leiden and Boston, 2004), P-11.</mixed-citation>
            </p>
            <p>
               <mixed-citation id="d3882e3335" publication-type="other">
A. King, '"They have the Hertes of the People by North":
Northumberland, the Percies and Henry IV, 1399-1408', in Biggs, Michalove and Reeves, eds.,
Reputation and Representation, p. 157.</mixed-citation>
            </p>
         </fn>
         <fn id="d3882e3348a1310">
            <label>160</label>
            <p>
               <mixed-citation id="d3882e3355" publication-type="other">
Walsingham comments that Sir Thomas had been at the parliament at the time of the
attack on the castle (Chronica Maiora, p. 314).</mixed-citation>
            </p>
         </fn>
         <fn id="d3882e3366a1310">
            <label>161</label>
            <p>
               <mixed-citation id="d3882e3373" publication-type="other">
CPR 1399-1401, p. 294.</mixed-citation>
            </p>
         </fn>
         <fn id="d3882e3380a1310">
            <label>162</label>
            <p>
               <mixed-citation id="d3882e3387" publication-type="other">
TNA, PRO, E101/42/35.</mixed-citation>
            </p>
            <p>
               <mixed-citation id="d3882e3393" publication-type="other">
Sir Robert Umfraville; TNA, PRO, E101/42/16, m. 10.</mixed-citation>
            </p>
            <p>
               <mixed-citation id="d3882e3399" publication-type="other">
(TNA, PRO, E101/43/4, m.
16),</mixed-citation>
            </p>
         </fn>
         <fn id="d3882e3409a1310">
            <label>163</label>
            <p>
               <mixed-citation id="d3882e3416" publication-type="other">
Heron served with four men-at-arms and fourteen archers, a ratio of 1:3.5 (TNA, PRO,
E101/41/1, m. 6).</mixed-citation>
            </p>
         </fn>
         <fn id="d3882e3426a1310">
            <label>164</label>
            <p>
               <mixed-citation id="d3882e3433" publication-type="other">
PROME VIII. HENRY IV 1399-1413, p. 63.</mixed-citation>
            </p>
         </fn>
         <fn id="d3882e3440a1310">
            <label>165</label>
            <p>
               <mixed-citation id="d3882e3447" publication-type="other">
TNA, PRO, CHES 2/74, rot. 9;</mixed-citation>
            </p>
            <p>
               <mixed-citation id="d3882e3453" publication-type="other">
Henry in a proclamation to be made in Cheshire which can be dated
to shortly before the expedition set off; PPC, ii, pp. 42-3.</mixed-citation>
            </p>
         </fn>
         <fn id="d3882e3463a1310">
            <label>166</label>
            <p>
               <mixed-citation id="d3882e3470" publication-type="other">
Ralph Davenport, Richard Cholmondeley, Adam Bostock, Thomas Beeston and John
Legh: Morgan, War and Society in Medieval Cheshire, pp. 208-10.</mixed-citation>
            </p>
         </fn>
         <fn id="d3882e3481a1310">
            <label>167</label>
            <p>
               <mixed-citation id="d3882e3488" publication-type="other">
Thomas de Beeston, David de Bostock, Nicholas de Bulkelegh, Sir Richard de Wynyngton,
William le Rotour, Robert de Davenport, John de Wynyngton and John de Legh (CPR 1399-1401,
pp. 285-6).</mixed-citation>
            </p>
            <p>
               <mixed-citation id="d3882e3500" publication-type="other">
Peter McNiven, "The
Cheshire Rising of 1400', Bulletin of the John Rylands Library lii (1969-70), pp. 375-96.</mixed-citation>
            </p>
         </fn>
         <fn id="d3882e3510a1310">
            <label>168</label>
            <p>
               <mixed-citation id="d3882e3517" publication-type="other">
TNA, PRO, SC 6/774/11, mm. 2, 3.</mixed-citation>
            </p>
         </fn>
         <fn id="d3882e3524a1310">
            <label>169</label>
            <p>
               <mixed-citation id="d3882e3531" publication-type="other">
Given-Wilson, Royal Household, pp. 232-3.</mixed-citation>
            </p>
         </fn>
         <fn id="d3882e3538a1310">
            <label>170</label>
            <p>
               <mixed-citation id="d3882e3545" publication-type="other">
H. Castor, lhe King, the Crown, and the Duchy of
Lancaster: Public Authority and Private Power, 1399-1461 (Oxford, 2000), pp. 53-9.</mixed-citation>
            </p>
            <p>
               <mixed-citation id="d3882e3554" publication-type="other">
Sir Simon had
close links with Richard as his standard bearer (J.D. Milner, 'Sir Simon Felbrigg, KG: The
Lancastrian Revolution and Personal Fortune', Norfolk Archaeology, xxxvii (1978), pp. 84-91).</mixed-citation>
            </p>
            <p>
               <mixed-citation id="d3882e3566" publication-type="other">
(Castor,
p. 67).</mixed-citation>
            </p>
            <p>
               <mixed-citation id="d3882e3576" publication-type="other">
Sir George Felbrigg, had by September 1400</mixed-citation>
            </p>
            <p>
               <mixed-citation id="d3882e3582" publication-type="other">
Wilson, Royal Household, p. 202.</mixed-citation>
            </p>
         </fn>
         <fn id="d3882e3589a1310">
            <label>171</label>
            <p>
               <mixed-citation id="d3882e3596" publication-type="other">
Bitterley was killed in Ulster in May 1403</mixed-citation>
            </p>
         </fn>
         <fn id="d3882e3603a1310">
            <label>172</label>
            <p>
               <mixed-citation id="d3882e3610" publication-type="other">
Biggs, 'The Reign of Henry IV: The Revolution of 1399 and the Establishment of
the Lancastrian Regime', in Dodd and Biggs, eds., Henry IV: The Establishment of the Regime,
pp. 195-6;</mixed-citation>
            </p>
            <p>
               <mixed-citation id="d3882e3622" publication-type="other">
id., Three Armies in Britain, pp. 266-7.</mixed-citation>
            </p>
         </fn>
         <fn id="d3882e3630a1310">
            <label>173</label>
            <p>
               <mixed-citation id="d3882e3637" publication-type="other">
Brown, 'English Campaign in Scotland' , p. 48;</mixed-citation>
            </p>
            <p>
               <mixed-citation id="d3882e3643" publication-type="other">
Gaunt s retainers have been
identified (see the list in Walker, Lancastrian Affinity, pp. 262-84),</mixed-citation>
            </p>
         </fn>
         <fn id="d3882e3653a1310">
            <label>174</label>
            <p>
               <mixed-citation id="d3882e3660" publication-type="other">
TNA, PRO, E101/43/4, m. 21.</mixed-citation>
            </p>
         </fn>
         <fn id="d3882e3667a1310">
            <label>175</label>
            <p>
               <mixed-citation id="d3882e3674" publication-type="other">
1400: TNA, PRO, E101/43/3, m. 3;</mixed-citation>
            </p>
            <p>
               <mixed-citation id="d3882e3680" publication-type="other">
Gaunt: TNA, PRO, C76/52, m. 11 (1369);</mixed-citation>
            </p>
            <p>
               <mixed-citation id="d3882e3686" publication-type="other">
TNA, PRO,
C76/56, m. 18 (1373);</mixed-citation>
            </p>
            <p>
               <mixed-citation id="d3882e3696" publication-type="other">
TNA, PRO, C76/70, m. 28 (1386).</mixed-citation>
            </p>
         </fn>
         <fn id="d3882e3703a1310">
            <label>176</label>
            <p>
               <mixed-citation id="d3882e3710" publication-type="other">
TNA, PRO, E101/42/16, m. 19.</mixed-citation>
            </p>
            <p>
               <mixed-citation id="d3882e3716" publication-type="other">
(TNA, PRO, C 76/52, m. 15;</mixed-citation>
            </p>
            <p>
               <mixed-citation id="d3882e3722" publication-type="other">
TNA, PRO,
C 76/56, m. 20).</mixed-citation>
            </p>
         </fn>
         <fn id="d3882e3732a1310">
            <label>177</label>
            <p>
               <mixed-citation id="d3882e3739" publication-type="other">
Given-Wilson, Royal Household, p. 221.</mixed-citation>
            </p>
            <p>
               <mixed-citation id="d3882e3745" publication-type="other">
Edward I's army in Flanders
in 1297-8</mixed-citation>
            </p>
            <p>
               <mixed-citation id="d3882e3754" publication-type="other">
(N.B. Lewis, 'The English Forces in Flanders, August-November 1297', in R.W. Hunt, W.A. Pantin
and R.W. Southern, eds., Studies in Medieval History Presented to EM. Powicke (Oxford, 1948),
p. 314 and pp. 317-8</mixed-citation>
            </p>
            <p>
               <mixed-citation id="d3882e3767" publication-type="other">
Edward III's army on the Crécy
campaign of 1346, for example, seems to have been attached to the royal household: Ayton, "The
English Army at Crécy', p. 171.</mixed-citation>
            </p>
         </fn>
         <fn id="d3882e3780a1310">
            <label>178</label>
            <p>
               <mixed-citation id="d3882e3787" publication-type="other">
Given-Wilson, Royal Household, p. 221.</mixed-citation>
            </p>
            <p>
               <mixed-citation id="d3882e3793" publication-type="other">
ibid., p. 211</mixed-citation>
            </p>
            <p>
               <mixed-citation id="d3882e3799" publication-type="other">
S. Mitchell, 'Some Aspects of the Knightly Household of Richard II',
London School of Economics, Ph.D. thesis (1998), p. 51.</mixed-citation>
            </p>
         </fn>
         <fn id="d3882e3810a1310">
            <label>179</label>
            <p>
               <mixed-citation id="d3882e3817" publication-type="other">
Foedera, viii, p. 225 (1401);</mixed-citation>
            </p>
            <p>
               <mixed-citation id="d3882e3823" publication-type="other">
ix, p. 216 (1415);</mixed-citation>
            </p>
            <p>
               <mixed-citation id="d3882e3829" publication-type="other">
CCR 1399-1402, p. 421, 574;</mixed-citation>
            </p>
            <p>
               <mixed-citation id="d3882e3836" publication-type="other">
CCR 1402-5, p. 181,
359;</mixed-citation>
            </p>
            <p>
               <mixed-citation id="d3882e3845" publication-type="other">
CCR 1405-9, pp 2-3, 259-61;</mixed-citation>
            </p>
            <p>
               <mixed-citation id="d3882e3851" publication-type="other">
CCR 1409-13, pp. 240-1, 339.</mixed-citation>
            </p>
         </fn>
         <fn id="d3882e3858a1310">
            <label>180</label>
            <p>
               <mixed-citation id="d3882e3865" publication-type="other">
As summarised in Neville, 'Scotland, the Perdes', p. 73.</mixed-citation>
            </p>
         </fn>
         <fn id="d3882e3872a1310">
            <label>181</label>
            <p>
               <mixed-citation id="d3882e3879" publication-type="other">
TNA, PRO, E28/8.</mixed-citation>
            </p>
         </fn>
         <fn id="d3882e3886a1310">
            <label>182</label>
            <p>
               <mixed-citation id="d3882e3893" publication-type="other">
CPR 1399-1401, pp. 357-8.</mixed-citation>
            </p>
         </fn>
         <fn id="d3882e3900a1310">
            <label>183</label>
            <p>
               <mixed-citation id="d3882e3907" publication-type="other">
Macdonald, Border Bloodshed, pp. 153-9.</mixed-citation>
            </p>
         </fn>
      </fn-group>
   </back>
</article>
