<article dtd-version="1.0" article-type="research-article">
   <front>
      <journal-meta>
         <journal-id xmlns:xlink="http://www.w3.org/1999/xlink" journal-id-type="jstor">englhistrevi</journal-id>
         <journal-id xmlns:xlink="http://www.w3.org/1999/xlink" journal-id-type="jstor">j100150</journal-id>
         <journal-title-group xmlns:xlink="http://www.w3.org/1999/xlink">
            <journal-title>The English Historical Review</journal-title>
         </journal-title-group>
         <publisher>
            <publisher-name>Oxford University Press</publisher-name>
         </publisher>
         <issn xmlns:xlink="http://www.w3.org/1999/xlink" pub-type="ppub">00138266</issn>
         <issn xmlns:xlink="http://www.w3.org/1999/xlink" pub-type="epub">14774534</issn>
      </journal-meta>
      <article-meta>
         <article-id xmlns:xlink="http://www.w3.org/1999/xlink" pub-id-type="jstor">41343243</article-id>
         <title-group>
            <article-title>Calculating Time and the End of Time in the Carolingian World, c.740—820</article-title>
         </title-group>
         <contrib-group>
            <contrib>
               <string-name xmlns:xlink="http://www.w3.org/1999/xlink">
                  <given-names>JAMES</given-names>
                  <surname>PALMER</surname>
               </string-name>
            </contrib>
         </contrib-group>
         <pub-date xmlns:xlink="http://www.w3.org/1999/xlink">
            <day>1</day>
            <month>12</month>
            <year>2011</year>
         </pub-date>
         <volume>126</volume>
         <issue>523</issue>
         <issue-id xmlns:xlink="http://www.w3.org/1999/xlink">i40063753</issue-id>
         <fpage>1307</fpage>
         <lpage>1331</lpage>
         <permissions>
            <copyright-statement>© Oxford University Press 2011</copyright-statement>
         </permissions>
         <self-uri xmlns:xlink="http://www.w3.org/1999/xlink"
                   xlink:role="external-fulltext-any"
                   xlink:title="an external site"
                   xlink:href="http://dx.doi.org/10.1093/ehr/cer325"/>
         <custom-meta-group xmlns:xlink="http://www.w3.org/1999/xlink">
            <custom-meta>
               <meta-name>lang</meta-name>
               <meta-value>eng</meta-value>
            </custom-meta>
         </custom-meta-group>
      </article-meta>
   </front>
   <back>
      <fn-group xmlns:xlink="http://www.w3.org/1999/xlink">
         <title>[Footnotes]</title>
         <fn id="d1833e110a1310">
            <label>1</label>
            <p>
               <mixed-citation id="d1833e117" publication-type="other">
J. Fried, Aufitieg aus dem Untergang. Apokalyptisches Denken
und die Entstehung der modernen Naturwissenschaft im Mittelalter (Munich, 2001);</mixed-citation>
            </p>
            <p>
               <mixed-citation id="d1833e126" publication-type="other">
id.,
'Endzeiterwartung um die Jahrtausendwende', Deutsches Archiv, xlv (1989), pp. 381-473;</mixed-citation>
            </p>
            <p>
               <mixed-citation id="d1833e135" publication-type="other">
R. Landes, A. Gow and D.C. van Meter, eds., The Apocalyptic Year 1000: Religious Expectation and
Social Change, 950-1050 (Oxford, 2003).</mixed-citation>
            </p>
         </fn>
         <fn id="d1833e145a1310">
            <label>2</label>
            <p>
               <mixed-citation id="d1833e152" publication-type="other">
S. O'Leary, Arguing the Apocalypse: A Theory of Millennial Rhetoric (Oxford, 1994), p. 10.</mixed-citation>
            </p>
         </fn>
         <fn id="d1833e159a1310">
            <label>3</label>
            <p>
               <mixed-citation id="d1833e166" publication-type="other">
J. Gil, 'Los terrores del ano 6000', in Actas del simposio para el estudio de los codices del
' Comentario al apocalypsis de Beato de Liebana (Madrid, 1978), pp. 217-47;</mixed-citation>
            </p>
            <p>
               <mixed-citation id="d1833e175" publication-type="other">
R-Landes, 'Lest the
Millennium Be Fulfilled: Apocalyptic Expectations and the Pattern of Western Chronography,
100-800 CE', in W. Verbeke, D. Verhelst and A. Welkenhuysen, eds., The Use and Abuse of
Eschatology in the Middle Ages (Leuven, 1988), pp. 141-211;</mixed-citation>
            </p>
            <p>
               <mixed-citation id="d1833e190" publication-type="other">
id., 'Millenarismus absconditus:
L'historiographie augustinienne et l'An Mil', Le Moyen Age, xcviii (1992), pp. 355-77;</mixed-citation>
            </p>
            <p>
               <mixed-citation id="d1833e200" publication-type="other">
id., 'Sur les
traces du Millennium: La via negativa, Le Moyen Age, xcix (1993), pp. 5-26;</mixed-citation>
            </p>
            <p>
               <mixed-citation id="d1833e209" publication-type="other">
W. Brandes, "'Tempora
periculosa sunt": Eschatologisches im Vorfeld der Kaiserkrönung Karls des Großen', in R. Berndt,
ed., Das Frankfurter Konzil von J94: Kristallisationspunkt karolingischer Kultur (Mainz, 1997), pp.
49-79;</mixed-citation>
            </p>
            <p>
               <mixed-citation id="d1833e224" publication-type="other">
A. Borst, Die karolingische Kalenderreform (Hanover, 1998), pp. 729-39;</mixed-citation>
            </p>
            <p>
               <mixed-citation id="d1833e230" publication-type="other">
J. Heil, "'Nos
nescientes de hoc velie manere" -"We Wish to Remain Ignorant About This": Timeless End,
or: Approaches to Reconceptualising Eschatology after AD 800 (AM 6000)', Traditio, lv (2000),
pp. 73-103;</mixed-citation>
            </p>
            <p>
               <mixed-citation id="d1833e245" publication-type="other">
J. Fried, 'Papst Leo III. besucht Karl den Großen in Paderborn oder Einhards
Schweigen', Historische Zeitschrift, cclxxii (2001), pp. 281-326.</mixed-citation>
            </p>
         </fn>
         <fn id="d1833e255a1310">
            <label>4</label>
            <p>
               <mixed-citation id="d1833e262" publication-type="other">
В. McGinn, 'The End of the World and the Beginning of Christendom', in M. Bull, ed.,
Apocalypse Theory and the Ends of Worlds (Oxford, 1995), pp. 58-89 especially 62-4;</mixed-citation>
            </p>
            <p>
               <mixed-citation id="d1833e271" publication-type="other">
R.A. Markus,
'Living Within Sight of the End', in C. Humphrey and M. Ormrod, eds., Time in the Medieval
World (York, 2001), pp. 23-34, especially, pp. 28-30.</mixed-citation>
            </p>
         </fn>
         <fn id="d1833e285a1310">
            <label>5</label>
            <p>
               <mixed-citation id="d1833e292" publication-type="other">
Landes, 'Lest the Millennium Be Fulfilled', pp. 196-203;</mixed-citation>
            </p>
            <p>
               <mixed-citation id="d1833e298" publication-type="other">
id., 'Sur les traces du Millennium',
p. 1 6.</mixed-citation>
            </p>
         </fn>
         <fn id="d1833e308a1310">
            <label>6</label>
            <p>
               <mixed-citation id="d1833e315" publication-type="other">
R. McKitterick, The Frankish Church and the Carolingian Reforms, 789-895 (1977);</mixed-citation>
            </p>
            <p>
               <mixed-citation id="d1833e321" publication-type="other">
id.,
'Unity and Diversity in the Carolingian Church', Studies in Church History , xxxii (1996), pp. 59-83;</mixed-citation>
            </p>
            <p>
               <mixed-citation id="d1833e330" publication-type="other">
Y. Hen, 'Unity in Diversity: The Liturgy of Frankish Gaul before the Carolingians', Studies in
Church History , xxxii (1996), pp. 19-30.</mixed-citation>
            </p>
         </fn>
         <fn id="d1833e340a1310">
            <label>8</label>
            <p>
               <mixed-citation id="d1833e347" publication-type="other">
R. Landes, 'Roosters Crow, Owls Hoot: On the Dynamics of Apocalyptic Millennialism', in
G.S. McGhee and S. O'Leary, eds., War in Heaven, Heaven on Earth: Theories of the Apocalyptic
(2005), pp. 19-46.</mixed-citation>
            </p>
            <p>
               <mixed-citation id="d1833e359" publication-type="other">
G.W. Trompf, 'Millenarism: History, Sociology,
and Cross-Cultural Analysis', Journal of Religious History, xxiv (2000), pp. 103-24.</mixed-citation>
            </p>
         </fn>
         <fn id="d1833e369a1310">
            <label>9</label>
            <p>
               <mixed-citation id="d1833e376" publication-type="other">
Augustine, De civitate Dei, XX.7, ed. В. Dombart and A. Kalb, Qorpus] Qhristianorum]
S[eries] Lfatina], xlviii (Turnhout, 1955), pp. 710-11.</mixed-citation>
            </p>
            <p>
               <mixed-citation id="d1833e385" publication-type="other">
P. Fredriksen, Apocalypse and Redemption in
Early Christianity. From John of Patmos to Augustine of Hippo', Vigiliae Christianae, xxxiii (1991),
pp. 151-83;</mixed-citation>
            </p>
            <p>
               <mixed-citation id="d1833e397" publication-type="other">
McGinn, 'The End of the World', pp. 61-2.</mixed-citation>
            </p>
         </fn>
         <fn id="d1833e404a1310">
            <label>10</label>
            <p>
               <mixed-citation id="d1833e411" publication-type="other">
McGinn, "The End of the World', p. 63.</mixed-citation>
            </p>
         </fn>
         <fn id="d1833e418a1310">
            <label>11</label>
            <p>
               <mixed-citation id="d1833e425" publication-type="other">
Again Augustine, De civitate Dei, XX.7, ed. Dombart and Kalb, p. 709;</mixed-citation>
            </p>
            <p>
               <mixed-citation id="d1833e431" publication-type="other">
Bede, De temporum
ratione, 67, ed. C.W. Jones, CCSL, cxxiii В (Turnhout, 1977), pp. 536-7.</mixed-citation>
            </p>
         </fn>
         <fn id="d1833e442a1310">
            <label>12</label>
            <p>
               <mixed-citation id="d1833e449" publication-type="other">
Bede, Epistola ad, Pleguinam, ed. C.W. Jones, CCSL, cxxiii С (Turnhout, 1980), especially
ch. 15, 624-5.</mixed-citation>
            </p>
         </fn>
         <fn id="d1833e459a1310">
            <label>13</label>
            <p>
               <mixed-citation id="d1833e466" publication-type="other">
S. Gouguenheim, Les fausses terreurs de l'an mil (Paris, 1999), especially for
the eighth century, pp. 204-16.</mixed-citation>
            </p>
         </fn>
         <fn id="d1833e476a1310">
            <label>14</label>
            <p>
               <mixed-citation id="d1833e483" publication-type="other">
P. Magdalino, "The History of the Future and Its Uses: Prophecy, Policy and Propaganda',
in R. Beaton and C. Roueché, eds., The Making of Byzantine History. Studies Dedicated to Donald
M. Nicol (Aldershot, 1993), pp. 3-34;</mixed-citation>
            </p>
            <p>
               <mixed-citation id="d1833e495" publication-type="other">
P. Magdalino, 'The Year 1000 in Byzantium', in P. Magdalino,
ed., Byzantium in the Year 1000 (Leiden, 2002), pp. 233-70 with criticism of Landes's approach at
pp. 233-5.</mixed-citation>
            </p>
            <p>
               <mixed-citation id="d1833e507" publication-type="other">
W Brandes, 'Anastasios óôíkoqoç Endzeiterwartung und Kaiserkritik',
Byzantinische Zeitschrift, xc (1997), pp. 24-63.</mixed-citation>
            </p>
         </fn>
         <fn id="d1833e517a1310">
            <label>16</label>
            <p>
               <mixed-citation id="d1833e524" publication-type="other">
Jerome, Chronica, ed. R. Helm, Eusebius Werke y: Die Chronik des Hieronymus, Die
Griechischen Christlichen Schriftsteller der ersten drei Jahrhunderte, vii (Leipzig, 1956);</mixed-citation>
            </p>
            <p>
               <mixed-citation id="d1833e533" publication-type="other">
A. Mosshammer, The Chronicle of Eusebius and the Greek Chronographie Tradition (1979).</mixed-citation>
            </p>
         </fn>
         <fn id="d1833e540a1310">
            <label>17</label>
            <p>
               <mixed-citation id="d1833e547" publication-type="other">
De temporibus, pp. 16-22 ed. C.W. Jones, CCSL, exxiii C, pp. 600-11;</mixed-citation>
            </p>
            <p>
               <mixed-citation id="d1833e553" publication-type="other">
Epistola ad Pleguinum,
especially pp. 3-5, 617-19,</mixed-citation>
            </p>
            <p>
               <mixed-citation id="d1833e562" publication-type="other">
De temporum ratione, pp. 66, 463-535.</mixed-citation>
            </p>
            <p>
               <mixed-citation id="d1833e569" publication-type="other">
D. McCarthy,
'Bede s Primary Source for the Vulgate Chronology in His Chronicles in De temporibus and De
temporum ratione ', in D. Ó Crónín and I. Warntjes, eds., Computus and Its Cultural Context in the
Latin West, AD 300-1200 (Turnhout, 2010), pp. 159-89,</mixed-citation>
            </p>
            <p>
               <mixed-citation id="d1833e584" publication-type="other">
Laterculus Malalianus, p. 4, ed. and trans. J. Stevenson (Cambridge,
!995)&gt; P-I24 and the commentary on p. 178.</mixed-citation>
            </p>
            <p>
               <mixed-citation id="d1833e593" publication-type="other">
De civitate Dei, XV.13,
ed. Dombart and Kalb, p. 471.</mixed-citation>
            </p>
         </fn>
         <fn id="d1833e603a1310">
            <label>18</label>
            <p>
               <mixed-citation id="d1833e610" publication-type="other">
F. Wallis, Bede's The Reckoning of Time (2nd edn., Liverpool, 2004), pp. 353-66.</mixed-citation>
            </p>
         </fn>
         <fn id="d1833e618a1310">
            <label>19</label>
            <p>
               <mixed-citation id="d1833e625" publication-type="other">
A. Mosshammer, I he taster Computus and the Origins of the Christian hra (Oxford, 2008);
P. Verbist, Duelling with the Past: Medieval Authors and the Problem of the Christian Era, c. ppo-1135,
Studies in the Early Middle Ages, xxi (Turnhout, 2010).</mixed-citation>
            </p>
            <p>
               <mixed-citation id="d1833e637" publication-type="other">
P. Nothaft, Dating the Passion: The
Life of Jesus and the Emergence of Scientific Chronology 200-1600 (Leiden, 2011).</mixed-citation>
            </p>
         </fn>
         <fn id="d1833e647a1310">
            <label>20</label>
            <p>
               <mixed-citation id="d1833e654" publication-type="other">
Dionysius Exiguus, Libellus de cyclo magno paschae, ed. В. Krusch in Studien zur christlich-
mittelalterlichen Chronobgie [II]: Die Entstehung unserer heutigen Zeitrechnung, Abhandlungen der
Preußischen Akademie der Wissenschaften, Jahrgang 1937, Phil.-hist. Klasse, viii (Berlin, 1938), p. 64,</mixed-citation>
            </p>
         </fn>
         <fn id="d1833e667a1310">
            <label>21</label>
            <p>
               <mixed-citation id="d1833e674" publication-type="other">
Arno Borst pursued this idea across a number of publications: Computus: Zeit und Zahl in
der Geschichte Europas (4th edn., Berlin, 2004), especially pp. 7-9;</mixed-citation>
            </p>
            <p>
               <mixed-citation id="d1833e683" publication-type="other">
Die karolingische Kalendarreform'
Schriften zur Komputistik im Frankenreich von J2i bis 818, Monumenta] G[ermaniae] H[istorica]
QQ zur Geistesgesch., XXI (3 vols., Hannover, 2006).</mixed-citation>
            </p>
            <p>
               <mixed-citation id="d1833e695" publication-type="other">
R. McKitterick, History and Memory in the
Carolingian World (Cambridge, 2004), PP-95 7;</mixed-citation>
            </p>
            <p>
               <mixed-citation id="d1833e705" publication-type="other">
id., Charlemagne: The Formation of a European
Identity (Cambridge, 2008), pp. 321-6.</mixed-citation>
            </p>
         </fn>
         <fn id="d1833e715a1310">
            <label>22</label>
            <p>
               <mixed-citation id="d1833e722" publication-type="other">
В. Krusch, 'Die Einführung des grieschen Pachalritusim Abendlande', NeuesArchiv der
Gesellschaft für ältere deutsche Geschichtskunde , ix (1884), pp. 99-169;</mixed-citation>
            </p>
            <p>
               <mixed-citation id="d1833e731" publication-type="other">
Wallis, Bede's The Reckoning of
Time y xxxivlxiii; G. Declercq, Anno Domini: The Origins of the Christian Era (Turnhout, 2000).</mixed-citation>
            </p>
         </fn>
         <fn id="d1833e741a1310">
            <label>23</label>
            <p>
               <mixed-citation id="d1833e748" publication-type="other">
McKitterick, History and Memory , pp. 92-5;</mixed-citation>
            </p>
            <p>
               <mixed-citation id="d1833e754" publication-type="other">
Borst, Schriften zur Kompustik , I, pp. 75-8.</mixed-citation>
            </p>
            <p>
               <mixed-citation id="d1833e760" publication-type="other">
I. Warntjes, The Munich Computus: Text and Translation. Irish Computistics
between Isidore of Seville and the Venerable Bede and Its Reception in Carolingian Times (Stuttgart,
2010), especially pp. xxxviii-xli and clix-cci.</mixed-citation>
            </p>
            <p>
               <mixed-citation id="d1833e773" publication-type="other">
D. Whitelock, After Bede , Jarrow Lecture (i960), pp. 41-2 and Declercq, Anno
Domini , pp. 175-80.</mixed-citation>
            </p>
         </fn>
         <fn id="d1833e783a1310">
            <label>24</label>
            <p>
               <mixed-citation id="d1833e790" publication-type="other">
Borst, Schriften zur Kompustik , III, p. 1054.</mixed-citation>
            </p>
         </fn>
         <fn id="d1833e798a1310">
            <label>25</label>
            <p>
               <mixed-citation id="d1833e805" publication-type="other">
W. Gallois, Time,
Religion and History (Harlow, 2007), chs. 2-3.</mixed-citation>
            </p>
         </fn>
         <fn id="d1833e815a1310">
            <label>26</label>
            <p>
               <mixed-citation id="d1833e822" publication-type="other">
B. Eastwood, review of Borst, The Ordering of Time: From the Ancient Computus to the
Modern Computer, trans. A. Winnard (Chicago, 1993), in Speculum, lxxi (1996), pp. 692-3;</mixed-citation>
            </p>
            <p>
               <mixed-citation id="d1833e831" publication-type="other">
W. Stevens, review of Borst, Die karolingische Kalenderreform, in Speculum , lxxviii (2003), pp. 144-7.</mixed-citation>
            </p>
         </fn>
         <fn id="d1833e838a1310">
            <label>27</label>
            <p>
               <mixed-citation id="d1833e845" publication-type="other">
Heil, 'Timeless End', p. 76;</mixed-citation>
            </p>
            <p>
               <mixed-citation id="d1833e851" publication-type="other">
Fried, 'Papst Leo III.', p. 325</mixed-citation>
            </p>
         </fn>
         <fn id="d1833e858a1310">
            <label>28</label>
            <p>
               <mixed-citation id="d1833e865" publication-type="other">
Libri combuti . I.7C-E. ed. Borst. Schriften zur Kombustik . III. nn. 1122-з.</mixed-citation>
            </p>
         </fn>
         <fn id="d1833e872a1310">
            <label>29</label>
            <p>
               <mixed-citation id="d1833e879" publication-type="other">
Landes, 'Lest the Millennium Be Fulfilled', especially
pp. 168-71, 191-6.</mixed-citation>
            </p>
            <p>
               <mixed-citation id="d1833e888" publication-type="other">
Victorian prologue of AD 699,</mixed-citation>
            </p>
            <p>
               <mixed-citation id="d1833e894" publication-type="other">
AD 799/AM 6000:</mixed-citation>
            </p>
            <p>
               <mixed-citation id="d1833e901" publication-type="other">
The Evidence of a Newly Discovered Victorian Prologue of AD
699 in an Unknown Sirmond Manuscript (Bremen, Staats-und Universitätsbibliothek, msc
0046)', Peritia , xxi (forthcoming 201 1).</mixed-citation>
            </p>
         </fn>
         <fn id="d1833e914a1310">
            <label>30</label>
            <p>
               <mixed-citation id="d1833e921" publication-type="other">
Munich Computus , ed. Warntjes, pp. 2-3: 'Tempus est spatium tendens de principio usque
in finem'.</mixed-citation>
            </p>
         </fn>
         <fn id="d1833e932a1310">
            <label>31</label>
            <p>
               <mixed-citation id="d1833e939" publication-type="other">
Fragmentům annalium Chesnii , s.a. 786, ed. G. Pertz, MGH SS, II (Hanover, 1829), p. 33.</mixed-citation>
            </p>
         </fn>
         <fn id="d1833e946a1310">
            <label>32</label>
            <p>
               <mixed-citation id="d1833e953" publication-type="other">
Gil, 'Los terrores', p. 238;</mixed-citation>
            </p>
            <p>
               <mixed-citation id="d1833e959" publication-type="other">
Landes, 'Lest the Millennium Be Fulfilled', pp. 191 2;</mixed-citation>
            </p>
            <p>
               <mixed-citation id="d1833e965" publication-type="other">
Brandes,
'Tempora periculosa sunt', p. 72.</mixed-citation>
            </p>
         </fn>
         <fn id="d1833e975a1310">
            <label>33</label>
            <p>
               <mixed-citation id="d1833e982" publication-type="other">
J.L. Nelson, Opposition to Charlemagne , German Historical Institute Lecture (2008).</mixed-citation>
            </p>
            <p>
               <mixed-citation id="d1833e988" publication-type="other">
Annales regni Francorum , but is recorded with different colourings
in Annales sancii Amandi (continuatio altera ), s.a. 786, ed. G. H. Pertz, MGH SS, I (Hanover, 1826),
p. 12;</mixed-citation>
            </p>
            <p>
               <mixed-citation id="d1833e1000" publication-type="other">
Annales Laubacenes (continuatio altera), s.a. 787, ed. Pertz, MGH SS, I. 13;</mixed-citation>
            </p>
            <p>
               <mixed-citation id="d1833e1007" publication-type="other">
Annales
Laureshamenses , s.a. 786, ed. E. Katz (St Paul, 1889), p. 32;</mixed-citation>
            </p>
            <p>
               <mixed-citation id="d1833e1016" publication-type="other">
Annales sancti Emmerammi Ratisponensis
maiores , s.a. 786, ed. Pertz, MGH SS, I. 92.</mixed-citation>
            </p>
            <p>
               <mixed-citation id="d1833e1025" publication-type="other">
M. McCormick,
P.E. Dutton and P.A. Mayewski, 'Volcanoes and the Climate Forcing of Carolingian Europe, AD
750-950', Speculum , lxxxii (2007), pp. 865-95.</mixed-citation>
            </p>
         </fn>
         <fn id="d1833e1038a1310">
            <label>34</label>
            <p>
               <mixed-citation id="d1833e1045" publication-type="other">
Einhard, Vita Karoli , 24, ed. G. Waitz, MGH SS rer. Ger., XXV (Hanover, 1911), p. 29.</mixed-citation>
            </p>
            <p>
               <mixed-citation id="d1833e1051" publication-type="other">
J.
Nelson, 'Why Are There So Many Different Accounts of Charlemagne's Imperial Coronation?', in
her Courts, Elites , and Gendered Power in the Early Middle Ages: Charlemagne and Others (Aldershot,
2007), p. 19.</mixed-citation>
            </p>
            <p>
               <mixed-citation id="d1833e1066" publication-type="other">
Gouguenheim, Les fausses terreurs , pp. 20 s-6.</mixed-citation>
            </p>
         </fn>
         <fn id="d1833e1073a1310">
            <label>35</label>
            <p>
               <mixed-citation id="d1833e1080" publication-type="other">
M. Alberi, '"Like the Army of God's Camp": Political Theology and Apocalyptic Warfare at
Charlemagne's Court', Viator, xli (2010), pp. 1-20, especially pp. 3-5.</mixed-citation>
            </p>
         </fn>
         <fn id="d1833e1090a1310">
            <label>36</label>
            <p>
               <mixed-citation id="d1833e1097" publication-type="other">
Alcuin, Epistolae , p. 174, ed. E. Diimmler, MGH Epp., IV (Berlin, 1895), pp. 288-9;</mixed-citation>
            </p>
            <p>
               <mixed-citation id="d1833e1103" publication-type="other">
M. Alberi, 'The Evolution of Alcuin s Concept of the Imperium christianum , in J. Hill and
M. Swan, eds., The Community, the Family, and the Saint: Patterns of Power in Early Medieval
Europe (Turnhout, 1998), pp. 3-17.</mixed-citation>
            </p>
         </fn>
         <fn id="d1833e1117a1310">
            <label>37</label>
            <p>
               <mixed-citation id="d1833e1124" publication-type="other">
H. Mayr-Harting, 'Charlemagne', especially pp. 1128-9.</mixed-citation>
            </p>
         </fn>
         <fn id="d1833e1131a1310">
            <label>38</label>
            <p>
               <mixed-citation id="d1833e1138" publication-type="other">
Fried, 'Papst Leo III.', pp. 15; 311</mixed-citation>
            </p>
            <p>
               <mixed-citation id="d1833e1144" publication-type="other">
R. Collins, 'Charlemagne's Coronation and the Annals of
Lorsch', in J. Story, ed., Charlemagne: Empire and Society (Manchester, 2005), p. 68;</mixed-citation>
            </p>
            <p>
               <mixed-citation id="d1833e1153" publication-type="other">
Nelson,
'Accounts', p. 10.</mixed-citation>
            </p>
         </fn>
         <fn id="d1833e1163a1310">
            <label>39</label>
            <p>
               <mixed-citation id="d1833e1170" publication-type="other">
Einhard, Vita Karoli , 28, ed. Waitz, pp. 32-3.</mixed-citation>
            </p>
            <p>
               <mixed-citation id="d1833e1176" publication-type="other">
R. Schieffer,
'Neues von der Kaiserkrönung Karls des Großen', Bayerische Akademie der Wissenschaften, Philos.-
hist. Klasse, 2004, Heft 2 (Munich, 2004), especially pp. 9-14</mixed-citation>
            </p>
            <p>
               <mixed-citation id="d1833e1188" publication-type="other">
Nelson, 'Accounts', pp. 14-16.</mixed-citation>
            </p>
         </fn>
         <fn id="d1833e1195a1310">
            <label>40</label>
            <p>
               <mixed-citation id="d1833e1202" publication-type="other">
('Lest the Millennium Be Fulfilled', p. 198)</mixed-citation>
            </p>
            <p>
               <mixed-citation id="d1833e1208" publication-type="other">
H. Mayr-Harting, 'Charlemagne, the
Saxons, and the Imperial Coronation of 800', ante , cxi (1996), pp. 1113-33;</mixed-citation>
            </p>
            <p>
               <mixed-citation id="d1833e1217" publication-type="other">
M. Becher, Karl der Grosse
(2nd edn., Munich, 2007), p. 85; Collins, 'Charlemagne's Coronation', pp. 52-70;</mixed-citation>
            </p>
            <p>
               <mixed-citation id="d1833e1227" publication-type="other">
McKitterick,
Charlemagne, especially pp. 115-16.</mixed-citation>
            </p>
            <p>
               <mixed-citation id="d1833e1236" publication-type="other">
Nelson, 'Accounts', pp. 17-20.</mixed-citation>
            </p>
         </fn>
         <fn id="d1833e1243a1310">
            <label>41</label>
            <p>
               <mixed-citation id="d1833e1250" publication-type="other">
infra, pp. 1327-8.</mixed-citation>
            </p>
         </fn>
         <fn id="d1833e1257a1310">
            <label>42</label>
            <p>
               <mixed-citation id="d1833e1264" publication-type="other">
Munich Computus, ed. Warntjes, lxxiii-iv and n. 209.</mixed-citation>
            </p>
            <p>
               <mixed-citation id="d1833e1270" publication-type="other">
Annales regni Francorum , s.a. 801, ed. F. Kurze, MGH SS rer.
Ger., VI (Hanover, 1895), p. 112;</mixed-citation>
            </p>
            <p>
               <mixed-citation id="d1833e1279" publication-type="other">
Annales Laureshamenses, p. 27,</mixed-citation>
            </p>
            <p>
               <mixed-citation id="d1833e1286" publication-type="other">
Annales Augienses brevissimi, s.a. 800, ed. G. H. Pertz,
MGH SS, III (Hanover, 1839), p. 137,</mixed-citation>
            </p>
            <p>
               <mixed-citation id="d1833e1295" publication-type="other">
Annales Guelerbytani, pref., ed. Pertz, MGH
SS, I. 23-46 at p. 22, so that Christ could be 33 on the traditional date of his Passion, AM 5228.</mixed-citation>
            </p>
         </fn>
         <fn id="d1833e1306a1310">
            <label>43</label>
            <p>
               <mixed-citation id="d1833e1313" publication-type="other">
Schieffer, 'Kaiserkrönung', p. 24.</mixed-citation>
            </p>
         </fn>
         <fn id="d1833e1320a1310">
            <label>44</label>
            <p>
               <mixed-citation id="d1833e1327" publication-type="other">
Jerome, Commentariorum in Danielem, II.vii.7, ed. F. Glorie, CCSL, lxxv A (Turnhout,
1964), pp. 842-3.</mixed-citation>
            </p>
         </fn>
         <fn id="d1833e1337a1310">
            <label>45</label>
            <p>
               <mixed-citation id="d1833e1344" publication-type="other">
Archdeacon Peter, Liber de diversis quaesti unculis cum responsionibus suis, Qi, PL xcvi.1347.</mixed-citation>
            </p>
            <p>
               <mixed-citation id="d1833e1350" publication-type="other">
Karlsruhe, Landesbibliothek Aug. perg, 208,
fos. 2r-73r,</mixed-citation>
            </p>
            <p>
               <mixed-citation id="d1833e1359" publication-type="other">
E. Dümmler, MGH Epp., V (Berlin, 1898), pp. 467-9.</mixed-citation>
            </p>
         </fn>
         <fn id="d1833e1366a1310">
            <label>46</label>
            <p>
               <mixed-citation id="d1833e1373" publication-type="other">
P. Geary, German Tradition and Royal Ideology in the Ninth Century: The Visio Karoli Magni ,
in his Living with the Dead in the Middle Ages (Princeton, 1994), pp. 49-76 (with edition of text, pp.
74-6);</mixed-citation>
            </p>
            <p>
               <mixed-citation id="d1833e1385" publication-type="other">
B. McGinn, 'Eriugena Confronts the End: Reflections on Johannes Scottus's Place in
Carolingian Eschatology', in J. McEvoy and M. Dunne, eds., History and Eschatobgy in John Scottus
Eriugena and His Time (Leuven, 2002), pp. 3-29 at pp. 4-13.</mixed-citation>
            </p>
            <p>
               <mixed-citation id="d1833e1397" publication-type="other">
Adso, De ortu et tempore Antichristi, 11. pp.
112-20, ed. D. Verhulst, CCCM (Turnhout, 1976), xlv. 26.</mixed-citation>
            </p>
            <p>
               <mixed-citation id="d1833e1407" publication-type="other">
S. MacLean, 'Reform, Queenship and the End of the World in Tenth-Century France: Adso's
"Letter on the Origin and Time of the Antichrist" Reconsidered', Revue Belge de Phibbgie et d'Histoire ,
lxxxvi (2008), pp. 645-75.</mixed-citation>
            </p>
         </fn>
         <fn id="d1833e1420a1310">
            <label>48</label>
            <p>
               <mixed-citation id="d1833e1427" publication-type="other">
M. de Jong, 'Charlemagne's Church', in Story, ed.,
Charlemagne, pp. 103-35, especially pp. 115-16; McKitterick, Charlemagne , pp. 307-8.</mixed-citation>
            </p>
         </fn>
         <fn id="d1833e1437a1310">
            <label>49</label>
            <p>
               <mixed-citation id="d1833e1444" publication-type="other">
Annales regni Francorum , s.a. 809, p. 129</mixed-citation>
            </p>
         </fn>
         <fn id="d1833e1452a1310">
            <label>50</label>
            <p>
               <mixed-citation id="d1833e1459" publication-type="other">
J. Nelson, "The Voice of Charlemagne', in R. Gameson and H. Leyser, eds., Belief and
Culture in the Earlier Middle Ages: Studies Presented to Henry Mayr-Harting (Oxford, 2001), pp.
76-88.</mixed-citation>
            </p>
         </fn>
         <fn id="d1833e1472a1310">
            <label>51</label>
            <p>
               <mixed-citation id="d1833e1479" publication-type="other">
Karoli ad Ghaerbaldum episcopum epistola , ed. A. Boretius, MGH Capit., I (Hanover, 1883),
pp. 245-6.</mixed-citation>
            </p>
         </fn>
         <fn id="d1833e1489a1310">
            <label>52</label>
            <p>
               <mixed-citation id="d1833e1496" publication-type="other">
Capitulare missorum in Theodonis villa datum secundum, generale, IV, ed. A. Boretius, MGH
Capit., I. 122-6 at p. 122.</mixed-citation>
            </p>
            <p>
               <mixed-citation id="d1833e1505" publication-type="other">
H. Mordek,
'Karls des Großon zweites Kapitular von Herstal und die Hungersnot der jähre 778/779', Deutsches
Archiv für Erforschung des Mittelalters, lxi (2005), pp. 1-52.</mixed-citation>
            </p>
         </fn>
         <fn id="d1833e1518a1310">
            <label>53</label>
            <p>
               <mixed-citation id="d1833e1525" publication-type="other">
Annales Laurissenses minores, Codex Fuldensis, 39, ed. G.H. Pertz, MGH SS, 1. 114-23 at p. 120.</mixed-citation>
            </p>
         </fn>
         <fn id="d1833e1532a1310">
            <label>54</label>
            <p>
               <mixed-citation id="d1833e1539" publication-type="other">
Annales Laurissenses minores, Codex Fuldensis , 40, p. 121.</mixed-citation>
            </p>
            <p>
               <mixed-citation id="d1833e1545" publication-type="other">
Annales regni Francorum, s.a. 808, p. 125.</mixed-citation>
            </p>
         </fn>
         <fn id="d1833e1552a1310">
            <label>55</label>
            <p>
               <mixed-citation id="d1833e1559" publication-type="other">
A. Borst, Alkuin und die Enzyklopädia
von 809', in P.L. Butzer and D. Lohrmann, eds., Science in Western and Eastern Civilization in Carolingian
Times (Basel, 1993), pp. 53-78.</mixed-citation>
            </p>
            <p>
               <mixed-citation id="d1833e1571" publication-type="other">
McKitterick, Charlemagne, pp. 314-15.</mixed-citation>
            </p>
         </fn>
         <fn id="d1833e1579a1310">
            <label>56</label>
            <p>
               <mixed-citation id="d1833e1586" publication-type="other">
Landes, 'Lest the Millennium Be Fulfilled', p. 180;</mixed-citation>
            </p>
            <p>
               <mixed-citation id="d1833e1592" publication-type="other">
Borst, Die karolingische Kalenderreform,
pp. 729-39;</mixed-citation>
            </p>
            <p>
               <mixed-citation id="d1833e1601" publication-type="other">
Heil, 'Timeless End', pp. 76-7;</mixed-citation>
            </p>
            <p>
               <mixed-citation id="d1833e1608" publication-type="other">
Fried, 'Papst Leo III.', pp. 325-6.</mixed-citation>
            </p>
         </fn>
         <fn id="d1833e1615a1310">
            <label>57</label>
            <p>
               <mixed-citation id="d1833e1622" publication-type="other">
O'Leary, Arguing the Apocalypse-, F. Borchardt, Doomsday Speculation as a Strategy of
Persuasion (Lewiston, 1990).</mixed-citation>
            </p>
         </fn>
         <fn id="d1833e1632a1310">
            <label>58</label>
            <p>
               <mixed-citation id="d1833e1639" publication-type="other">
Cuthbert of Canterbury, Bonifatius-Briefe, in, ed. M. Tangi, MGH Epp. Sel., I (Munich, 1916),
pp. 238-43 at p. 241;</mixed-citation>
            </p>
            <p>
               <mixed-citation id="d1833e1648" publication-type="other">
Chrodegang of Metz, Vita canonicorum , pref., ed. J. Bertram, The Chrodegang
Rules (Aldershot, 2005), pp. 27-8.</mixed-citation>
            </p>
         </fn>
         <fn id="d1833e1658a1310">
            <label>59</label>
            <p>
               <mixed-citation id="d1833e1665" publication-type="other">
Pope Zacharias, Bonifatius-Briefe, 87, ed. Tangi, p. 195. See also pp. 57, 66-7, 80, 90.</mixed-citation>
            </p>
         </fn>
         <fn id="d1833e1672a1310">
            <label>60</label>
            <p>
               <mixed-citation id="d1833e1679" publication-type="other">
Bonifatius-Briefe, 59,</mixed-citation>
            </p>
         </fn>
         <fn id="d1833e1686a1310">
            <label>61</label>
            <p>
               <mixed-citation id="d1833e1693" publication-type="other">
N. Zeddies, 'Bonifatius und zwei nützliche Rebellen: die Häretiker Aldebert und Clemens',
in Ordnung und Aufruhr im Mittelalter: Historische und juristische Studien zur Rebellion , ed.
M.T. Föeen (Frankfurt, 1995), pp. 217-63.</mixed-citation>
            </p>
         </fn>
         <fn id="d1833e1707a1310">
            <label>63</label>
            <p>
               <mixed-citation id="d1833e1714" publication-type="other">
Admonitio generalis, 82, ed. Boretius, MGH Capit., I. 62.</mixed-citation>
            </p>
         </fn>
         <fn id="d1833e1721a1310">
            <label>64</label>
            <p>
               <mixed-citation id="d1833e1728" publication-type="other">
Landes, 'Lest the Millennium Be Fulfilled', p. 192;</mixed-citation>
            </p>
            <p>
               <mixed-citation id="d1833e1734" publication-type="other">
Brandes, 'Tempora periculosa sunt',
pp. 65-6.</mixed-citation>
            </p>
         </fn>
         <fn id="d1833e1744a1310">
            <label>65</label>
            <p>
               <mixed-citation id="d1833e1751" publication-type="other">
McKitterick, Charlemagne , ch. 5 and, in the
context of the present debate, Gouguenheim, Les fausses terreurs , p. 209.</mixed-citation>
            </p>
         </fn>
         <fn id="d1833e1761a1310">
            <label>66</label>
            <p>
               <mixed-citation id="d1833e1768" publication-type="other">
Alcuin, Vita Vedasti, 3, PL ci.666.</mixed-citation>
            </p>
         </fn>
         <fn id="d1833e1775a1310">
            <label>67</label>
            <p>
               <mixed-citation id="d1833e1782" publication-type="other">
Alcuin, Contra Felicem Urgellitanum epistocum , VI. 1, PL 01:199;</mixed-citation>
            </p>
            <p>
               <mixed-citation id="d1833e1788" publication-type="other">
Brandes, 'Tempora periculosa
sunt', p. 68.</mixed-citation>
            </p>
            <p>
               <mixed-citation id="d1833e1797" publication-type="other">
J.C. Cavadini, The Last Christology of the West:
Adoptionism in Spain and Gaul, 785-820 (Philadelphia, 1993).</mixed-citation>
            </p>
         </fn>
         <fn id="d1833e1807a1310">
            <label>68</label>
            <p>
               <mixed-citation id="d1833e1814" publication-type="other">
Bede, In Apocalypsin, pref., ed. R. Gryson, CCSL, 121 A (Turnhout, 2001), pp. 223-5,
and on Rev. 20: 3-4 compare pp. 503-5</mixed-citation>
            </p>
            <p>
               <mixed-citation id="d1833e1823" publication-type="other">
Ambrosius Autpertus, Expositionis in Apocalypsim , IX,
ed. R. Weber, CCCM, 27 A (Turnhout, 1975), pp. 741-2.</mixed-citation>
            </p>
            <p>
               <mixed-citation id="d1833e1832" publication-type="other">
Fredriksen, Apocalypse and Redemption, and E.A. Matter, 'The
Apocalypse in Early Medieval Exegesis', in R. Emmerson and B. McGinn, eds., The Apocalypse in
the Middle Ages (Cornell, 1992), pp. 38-50.</mixed-citation>
            </p>
         </fn>
         <fn id="d1833e1846a1310">
            <label>69</label>
            <p>
               <mixed-citation id="d1833e1853" publication-type="other">
Brandes, 'Tempora periculosa sunt', pp. 66-71.</mixed-citation>
            </p>
            <p>
               <mixed-citation id="d1833e1859" publication-type="other">
Fried, 'Papst Leo III.', pp. 299, 303-4.</mixed-citation>
            </p>
         </fn>
         <fn id="d1833e1866a1310">
            <label>70</label>
            <p>
               <mixed-citation id="d1833e1873" publication-type="other">
M. Garrison, 'The Bible and Alcuins Interpretation
of Current Events', Peritia, xvi (2002), pp. 68-84</mixed-citation>
            </p>
            <p>
               <mixed-citation id="d1833e1882" publication-type="other">
Gouguenheim, Les fausses terreurs , pp. 211-13.</mixed-citation>
            </p>
            <p>
               <mixed-citation id="d1833e1888" publication-type="other">
Mayr-Harting, 'Charlemagne', p. 1128.</mixed-citation>
            </p>
         </fn>
         <fn id="d1833e1895a1310">
            <label>71</label>
            <p>
               <mixed-citation id="d1833e1902" publication-type="other">
Alcuin, Epistolae , 184 and 193, ed. Dümmler, pp. 308-10, 319-21.</mixed-citation>
            </p>
            <p>
               <mixed-citation id="d1833e1908" publication-type="other">
Charlemagne:
Alcuin, Epistolae , pp. 136</mixed-citation>
            </p>
            <p>
               <mixed-citation id="d1833e1917" publication-type="other">
Charlemagne's heavy-handed tactics in Saxony) and 247 (on a dispute
over an escaped convict), ed. Dümmler, pp. 205-10, 399-401.</mixed-citation>
            </p>
         </fn>
         <fn id="d1833e1927a1310">
            <label>72</label>
            <p>
               <mixed-citation id="d1833e1934" publication-type="other">
McKitterick, Charlemagne , pp. 314-15.</mixed-citation>
            </p>
         </fn>
         <fn id="d1833e1941a1310">
            <label>73</label>
            <p>
               <mixed-citation id="d1833e1948" publication-type="other">
Annales regni Francorum, s.a. 809, p. 129;</mixed-citation>
            </p>
            <p>
               <mixed-citation id="d1833e1954" publication-type="other">
Ratio Romana , pref., ed. H. Willjung, MGH
Cone., Suppl. II. ii (Hanover, 1998), p. 287,</mixed-citation>
            </p>
         </fn>
         <fn id="d1833e1964a1310">
            <label>74</label>
            <p>
               <mixed-citation id="d1833e1971" publication-type="other">
Adalwin both cited Rev. 22.1</mixed-citation>
            </p>
            <p>
               <mixed-citation id="d1833e1977" publication-type="other">
(PL
exxiii. 132-3).</mixed-citation>
            </p>
         </fn>
         <fn id="d1833e1988a1310">
            <label>75</label>
            <p>
               <mixed-citation id="d1833e1995" publication-type="other">
Ratio Romana , 12, ed. Willjune, p. 290.</mixed-citation>
            </p>
         </fn>
         <fn id="d1833e2002a1310">
            <label>76</label>
            <p>
               <mixed-citation id="d1833e2009" publication-type="other">
Willjung, 'Einleitung', p. ni.</mixed-citation>
            </p>
         </fn>
         <fn id="d1833e2016a1310">
            <label>77</label>
            <p>
               <mixed-citation id="d1833e2023" publication-type="other">
Admonitio generalis , 72, ed. Boretius, p. 60.</mixed-citation>
            </p>
            <p>
               <mixed-citation id="d1833e2029" publication-type="other">
F III 15k, fos. 36Г-49Г
and Paris, Bibliothèque Nationale, nouv. acqu. Lat. 1615, fo. 146V.</mixed-citation>
            </p>
            <p>
               <mixed-citation id="d1833e2038" publication-type="other">
Waltcaud of Liège, 11 and 13, ed. P. Brammer, MGH Capit. episc., I (Hanover, 1984),
p. 47</mixed-citation>
            </p>
            <p>
               <mixed-citation id="d1833e2048" publication-type="other">
Riculf of Mainz, 7, ed. R. Pokorný, MGH Capit. episc., I (Hanover, 1995), p. 180.</mixed-citation>
            </p>
         </fn>
         <fn id="d1833e2055a1310">
            <label>78</label>
            <p>
               <mixed-citation id="d1833e2062" publication-type="other">
McKitterick, History and Memory, chs. 4-6;</mixed-citation>
            </p>
            <p>
               <mixed-citation id="d1833e2068" publication-type="other">
McKitterick, Charlemagne , ch. 1;</mixed-citation>
            </p>
            <p>
               <mixed-citation id="d1833e2074" publication-type="other">
M. Innes and
Y. Hen, eds., The Uses of the Past in the Early Middle Ages (Cambridge, 2000);</mixed-citation>
            </p>
            <p>
               <mixed-citation id="d1833e2084" publication-type="other">
A. Scharer and
G. Scheibelreiter, eds., Historiographie im frühen Mittelalter (Vienna and Munich, 1994).</mixed-citation>
            </p>
         </fn>
         <fn id="d1833e2094a1310">
            <label>79</label>
            <p>
               <mixed-citation id="d1833e2101" publication-type="other">
I. Warntjes, 'The argumenta of
Dionysius Exiguus and Their Early Recensions', in Cróinín and Warntjes, Computus and Its Cultural
Context, pp. 40-111, especially pp. 63-71;</mixed-citation>
            </p>
            <p>
               <mixed-citation id="d1833e2113" publication-type="other">
J. Palmer, 'Computus after the Paschal Controversy of
740', in I. Warntjes, ed., The Easter Controversy of Late Antiquity and the Early Middle Ages: its
manuscripts, texts and tables (forthcoming), pp. 213-41.</mixed-citation>
            </p>
         </fn>
         <fn id="d1833e2126a1310">
            <label>80</label>
            <p>
               <mixed-citation id="d1833e2133" publication-type="other">
C.W. Jones, 'The Victorian and Dionysiac Paschal Tables in the West', Speculum , ix (1934),
pp. 408-21.</mixed-citation>
            </p>
         </fn>
         <fn id="d1833e2144a1310">
            <label>81</label>
            <p>
               <mixed-citation id="d1833e2151" publication-type="other">
Concilium Arelatense, ed. С. Munier, CCSL, 148 (Turnhout, 1963), pp. 4-22 at pp. 5, 9;</mixed-citation>
            </p>
            <p>
               <mixed-citation id="d1833e2157" publication-type="other">
Concilium Antiocenum, 1, PL lxvii.59 (Greek) and 60 (Latin); Concilium Aureliense, 1, ed.
С. de Clercq, CCSL, 148 A (Turnhout, 1963), p. 132.</mixed-citation>
            </p>
            <p>
               <mixed-citation id="d1833e2166" publication-type="other">
Columbanus, Letters ,
i and 2, ed. and trans. G.S.M. Walker, Scriptores Latini Hiberniae (Dublin, 1957), ii. pp. 2-23;</mixed-citation>
            </p>
            <p>
               <mixed-citation id="d1833e2176" publication-type="other">
Bede, Historia ecclesiastica gentis Anglorum, especially II. 19 and III. 25, ed. С. Plummer (Oxford, 1896),
pp. 122-4, 181-9;</mixed-citation>
            </p>
            <p>
               <mixed-citation id="d1833e2185" publication-type="other">
Aldhelm, Epistolae , 4, ed. P Ehwald, MGH Auct. ant., XV (Berlin, 1919), pp. 480-6.</mixed-citation>
            </p>
         </fn>
         <fn id="d1833e2192a1310">
            <label>82</label>
            <p>
               <mixed-citation id="d1833e2199" publication-type="other">
Capitula, ed. Borst, Schriften, III, pp. 1040-53.</mixed-citation>
            </p>
            <p>
               <mixed-citation id="d1833e2205" publication-type="other">
C.W. Jones, 'An Early Medieval
Licencing Examination', History of Education Quarterly, iii (1963), pp. 19-29</mixed-citation>
            </p>
            <p>
               <mixed-citation id="d1833e2214" publication-type="other">
K. Springsfeld,
Alkuins Einfluß auf die Komputistik zur Zeit Karls des Großen (Stuttgart, 2003), pp. 105-19.</mixed-citation>
            </p>
         </fn>
         <fn id="d1833e2224a1310">
            <label>85</label>
            <p>
               <mixed-citation id="d1833e2231" publication-type="other">
Libri computi , I. 7, ed. Borst, Schrifien zur Kompustik, III, pp. 1122-3.</mixed-citation>
            </p>
         </fn>
         <fn id="d1833e2238a1310">
            <label>86</label>
            <p>
               <mixed-citation id="d1833e2245" publication-type="other">
Borst, Schrifien zur Kompustik , III, p. 1054: 'damit sie dem Wirrwarr komputistischer
Schriften ein für allemal ein Ende machten.</mixed-citation>
            </p>
         </fn>
         <fn id="d1833e2255a1310">
            <label>87</label>
            <p>
               <mixed-citation id="d1833e2262" publication-type="other">
Madrid, Biblioteca Nacional, lat. 3307 (Murbach, с. 820).</mixed-citation>
            </p>
            <p>
               <mixed-citation id="d1833e2268" publication-type="other">
Borst,
Schriften zur Kompustik , I, pp. 248-9</mixed-citation>
            </p>
         </fn>
         <fn id="d1833e2278a1310">
            <label>88</label>
            <p>
               <mixed-citation id="d1833e2285" publication-type="other">
P. Meyvaert, 'Discovering the Calendar (annalis libellus) Attached to Bede's Own Copy of
De temporum ratione', Analecta Bollandiana, cxx (2002), pp. 5-64.</mixed-citation>
            </p>
         </fn>
         <fn id="d1833e2296a1310">
            <label>89</label>
            <p>
               <mixed-citation id="d1833e2303" publication-type="other">
W. Stevens, 'Astronomy in Carolingian Schools', in P.L. Butzer, M. Kerner and
W. Oberschlep, eds., Karl der Große und seine Nachwirken. 1200 Jahre Kultur und Wissenschaft in
Europa (Turnhout, 1997), pp. 417-88 at p. 449;</mixed-citation>
            </p>
            <p>
               <mixed-citation id="d1833e2315" publication-type="other">
J. Story, 'The Frankish Annals of Lindisfarne and
Kent', Anglo-Saxon England , xxxiv (2005), pp. 59-110 at pp. 71-2;</mixed-citation>
            </p>
            <p>
               <mixed-citation id="d1833e2324" publication-type="other">
Borst, Schrifien zur Kompustik ,
I, pp. 282-3.</mixed-citation>
            </p>
         </fn>
         <fn id="d1833e2334a1310">
            <label>90</label>
            <p>
               <mixed-citation id="d1833e2341" publication-type="other">
Libri computi , II.i-6 and 14-20, ed. Borst, Schrifien zur Kompustik , II, pp. 1145-50, 1162-71.</mixed-citation>
            </p>
         </fn>
         <fn id="d1833e2348a1310">
            <label>91</label>
            <p>
               <mixed-citation id="d1833e2355" publication-type="other">
Warntjes, 'The argumenta , pp. 68-9.</mixed-citation>
            </p>
         </fn>
         <fn id="d1833e2362a1310">
            <label>92</label>
            <p>
               <mixed-citation id="d1833e2369" publication-type="other">
Libri computi , V.io, ed. Borst, Schrifien zur Kompustik , III, pp. 1277-9.</mixed-citation>
            </p>
            <p>
               <mixed-citation id="d1833e2375" publication-type="other">
ibid., p.1057.</mixed-citation>
            </p>
         </fn>
         <fn id="d1833e2382a1310">
            <label>93</label>
            <p>
               <mixed-citation id="d1833e2389" publication-type="other">
L. Boschen, Die Annales Prumienses. Ihre nähere und ihre weitere Verwandtschaft (Düsseldorf,
1972), pp. 21-2.</mixed-citation>
            </p>
         </fn>
         <fn id="d1833e2399a1310">
            <label>94</label>
            <p>
               <mixed-citation id="d1833e2406" publication-type="other">
Rome, Biblioteca Casanatense, 641 (Monte Cassino, 812).</mixed-citation>
            </p>
            <p>
               <mixed-citation id="d1833e2412" publication-type="other">
Borst, Schriften zur Kompustik ,
I, pp. 283-4.</mixed-citation>
            </p>
         </fn>
         <fn id="d1833e2423a1310">
            <label>95</label>
            <p>
               <mixed-citation id="d1833e2430" publication-type="other">
B. Eastwood, 'The Astronomy of Macrobius in Carolingian Europe: Dungal's Letter of 811
to Charles the Great', Early Medieval Europe , iii (1994), pp. 117-34.</mixed-citation>
            </p>
         </fn>
         <fn id="d1833e2440a1310">
            <label>96</label>
            <p>
               <mixed-citation id="d1833e2447" publication-type="other">
Einhard, Vita Karoli , 33, ed. Waitz, p. 36.</mixed-citation>
            </p>
            <p>
               <mixed-citation id="d1833e2453" publication-type="other">
P.E. Dutton, Charlemagne's Mustache and Other
Cultural Clusters of a Dark Age (2004), ch. 4.</mixed-citation>
            </p>
         </fn>
         <fn id="d1833e2463a1310">
            <label>97</label>
            <p>
               <mixed-citation id="d1833e2470" publication-type="other">
Berlin, Staatsbibliothek, Phillipps 1869 (Prüm, с. 840), with the
eclipses on fos. зг, 4Г, yv, 8v (ed. Borst in Die karolingische Kalenderreform , pp. 265, 268-9, 2^4&gt; 2.88).</mixed-citation>
            </p>
            <p>
               <mixed-citation id="d1833e2479" publication-type="other">
Borst, Schriften zur Kompustik, I, p. 216.</mixed-citation>
            </p>
            <p>
               <mixed-citation id="d1833e2485" publication-type="other">
Borsts
'reform calendar' of 789.</mixed-citation>
            </p>
         </fn>
         <fn id="d1833e2495a1310">
            <label>98</label>
            <p>
               <mixed-citation id="d1833e2502" publication-type="other">
B. Eastwood, 'The Astronomies of Pliny, Martianus Capella and Isidore of Seville in the
Carolingian World', in Butzer and Lohrmann, Science , pp. 161-80 at pp. 165-6,</mixed-citation>
            </p>
            <p>
               <mixed-citation id="d1833e2511" publication-type="other">
Borst,
'Alkuin', pp. 73-4.</mixed-citation>
            </p>
         </fn>
         <fn id="d1833e2521a1310">
            <label>99</label>
            <p>
               <mixed-citation id="d1833e2528" publication-type="other">
Biblioteca Apostolica Vaticana, Pal. lat. 1448, fos. 13Г-19Г (Trier, 810).</mixed-citation>
            </p>
            <p>
               <mixed-citation id="d1833e2534" publication-type="other">
W. Stevens, 'Ars computi quo modo inventa est', in Zwischen Niederschrift und
Wiederschrift , pp. 29-65, especially pp. 64-5,</mixed-citation>
            </p>
            <p>
               <mixed-citation id="d1833e2543" publication-type="other">
Warntjes, 'The argumenta , pp. 64-6.</mixed-citation>
            </p>
         </fn>
         <fn id="d1833e2550a1310">
            <label>100</label>
            <p>
               <mixed-citation id="d1833e2557" publication-type="other">
Borst, Schriften zur Kompustik, II, 1009; III, pp. 1021-2;</mixed-citation>
            </p>
            <p>
               <mixed-citation id="d1833e2563" publication-type="other">
id., Der Streit um den karolingischen
Kalender, MGH Studien und Texte, XXXVI (Hanover, 2004), p. 117.</mixed-citation>
            </p>
            <p>
               <mixed-citation id="d1833e2572" publication-type="other">
Munich, Bayerische Staatsbibliothek, Clm 14456.</mixed-citation>
            </p>
         </fn>
         <fn id="d1833e2580a1310">
            <label>102</label>
            <p>
               <mixed-citation id="d1833e2587" publication-type="other">
Milan, Biblioteca Ambrosiana, H 150 Inf;</mixed-citation>
            </p>
            <p>
               <mixed-citation id="d1833e2593" publication-type="other">
PL, cxxix.1273-1371.</mixed-citation>
            </p>
            <p>
               <mixed-citation id="d1833e2599" publication-type="other">
Borst,
Schrifien zur Kompustik , I, p. 252</mixed-citation>
            </p>
            <p>
               <mixed-citation id="d1833e2609" publication-type="other">
D.O Cróinin, A Seventh-Century Irish Computus from the Circle of
Cummianus', in his Early Irish History and Chronology (Dublin, 2003), pp. 99-130 at p. 104 and
especially n. 19</mixed-citation>
            </p>
         </fn>
         <fn id="d1833e2622a1310">
            <label>103</label>
            <p>
               <mixed-citation id="d1833e2629" publication-type="other">
St Gall, Stiftsbibliothek, Cod. Sang. 902, pp. 153-79 (St Gall, s. ix3).</mixed-citation>
            </p>
            <p>
               <mixed-citation id="d1833e2635" publication-type="other">
St Gall, Stiftsbibliothek, Cod. Sang. 251, pp. 1-25 (St Gall, s. ix3).</mixed-citation>
            </p>
            <p>
               <mixed-citation id="d1833e2641" publication-type="other">
http://www.cesg.unifr.ch/en/.</mixed-citation>
            </p>
            <p>
               <mixed-citation id="d1833e2648" publication-type="other">
A. Cordoliani, 'Les manuscrits de comput ecclesiastique de l'Abbaye de Saint Gall du VIIIe au
XII
                &lt;sup&gt;e&lt;/sup&gt;
                siècle', and 'L'évolution du comput ecclésiastique á Saint Gall du VIIIe au XIe siècle', in
Zeitschrift für Schweizerische Kirchengeschichte, xlix (1955), pp. 161-202, 288-323.</mixed-citation>
            </p>
         </fn>
         <fn id="d1833e2661a1310">
            <label>104</label>
            <p>
               <mixed-citation id="d1833e2668" publication-type="other">
St Gall, Stiftsbiliothek, Cod. Sang. 225 (St Gall, s. viii3).</mixed-citation>
            </p>
            <p>
               <mixed-citation id="d1833e2674" publication-type="other">
K. Springsfeld, 'Eine Beschreibung der Handschrift St Gallen,
Stiftsbibliothek, 225', in O Cróinin and Warntjes, Computus and Its Cultural Context, pp. 204-37.</mixed-citation>
            </p>
         </fn>
         <fn id="d1833e2684a1310">
            <label>105</label>
            <p>
               <mixed-citation id="d1833e2691" publication-type="other">
St Gall, Stiftsbibliothek, Cod. Sang. 248, pp. 83-212 (Laon, s. ix),</mixed-citation>
            </p>
            <p>
               <mixed-citation id="d1833e2697" publication-type="other">
St Gall, Stiftsbibliothek, Cod. Sang. 728, fo. 10</mixed-citation>
            </p>
         </fn>
         <fn id="d1833e2704a1310">
            <label>106</label>
            <p>
               <mixed-citation id="d1833e2711" publication-type="other">
Berlin, Staatsbibliothek, Phillipps 1831, fo. 90Г (Verona, s. ix).</mixed-citation>
            </p>
         </fn>
         <fn id="d1833e2718a1310">
            <label>107</label>
            <p>
               <mixed-citation id="d1833e2725" publication-type="other">
Lectiones sive regula conputi , ed. Borst, Schrifìen zur Kompustik , II, pp. 544-659;</mixed-citation>
            </p>
            <p>
               <mixed-citation id="d1833e2731" publication-type="other">
Cologne,
Dombibliothek, 83(H), fos. 59Г-69Г.</mixed-citation>
            </p>
            <p>
               <mixed-citation id="d1833e2740" publication-type="other">
http://www.ceec.uni-
koeln.de/.</mixed-citation>
            </p>
            <p>
               <mixed-citation id="d1833e2750" publication-type="other">
{Schriften zur Kompustik, II, p. 527),</mixed-citation>
            </p>
         </fn>
         <fn id="d1833e2758a1310">
            <label>108</label>
            <p>
               <mixed-citation id="d1833e2765" publication-type="other">
Cologne, Dombibliothek, 103, fo. 184V (Cologne, s. ix1)</mixed-citation>
            </p>
            <p>
               <mixed-citation id="d1833e2771" publication-type="other">
Wolfenbüttel, Herzog-August-
Bibliothek, Wissemburgensis 91, fo. 169Г (Worms, c.AD 800 -online at http://www.hab.de/
bibliothek/wdb/mssdigital.htm), edited in PL xc.877.</mixed-citation>
            </p>
            <p>
               <mixed-citation id="d1833e2783" publication-type="other">
AM 6272,</mixed-citation>
            </p>
            <p>
               <mixed-citation id="d1833e2790" publication-type="other">
AD 764:</mixed-citation>
            </p>
            <p>
               <mixed-citation id="d1833e2796" publication-type="other">
C.W. Jones, Bedae Pseudepigrapha: Scientific Writings Falsely Attributed to Bede (Ithaca, 1939), p. 82.</mixed-citation>
            </p>
         </fn>
         <fn id="d1833e2803a1310">
            <label>109</label>
            <p>
               <mixed-citation id="d1833e2810" publication-type="other">
Paris, Bibliothèque Nationale de France, lat. 4860, fo. ii6v (Mainz, c. AD 900), edited in PL
XC.598.</mixed-citation>
            </p>
         </fn>
         <fn id="d1833e2820a1310">
            <label>110</label>
            <p>
               <mixed-citation id="d1833e2827" publication-type="other">
Katz, Annales , pp. 13, 47, with origin asserted at pp. 20-1.</mixed-citation>
            </p>
            <p>
               <mixed-citation id="d1833e2833" publication-type="other">
AD 777-817/AM 6285-6342.</mixed-citation>
            </p>
            <p>
               <mixed-citation id="d1833e2839" publication-type="other">
Cologne, Dombibliothek, 83 (ii), fos. 76v-79r,</mixed-citation>
            </p>
            <p>
               <mixed-citation id="d1833e2846" publication-type="other">
AM 5998 to AM 6111 (=AD 798-911).</mixed-citation>
            </p>
            <p>
               <mixed-citation id="d1833e2852" publication-type="other">
infra, pp. 1328-9.</mixed-citation>
            </p>
         </fn>
         <fn id="d1833e2859a1310">
            <label>111</label>
            <p>
               <mixed-citation id="d1833e2866" publication-type="other">
Annales regni Francorum , s.a. 757, p. 14 (revised version, p. 15);</mixed-citation>
            </p>
            <p>
               <mixed-citation id="d1833e2872" publication-type="other">
Annalium Petavianorum , s.a.
757' P-n.</mixed-citation>
            </p>
         </fn>
         <fn id="d1833e2882a1310">
            <label>112</label>
            <p>
               <mixed-citation id="d1833e2889" publication-type="other">
Computus Bobiensis , pp. 77-80, 153, PL cxxix.1312-13 and 1364.</mixed-citation>
            </p>
         </fn>
         <fn id="d1833e2896a1310">
            <label>113</label>
            <p>
               <mixed-citation id="d1833e2903" publication-type="other">
De scientia temporum , 27, ed. Borst, Schrifien zur Kompustik , I, p. 461,</mixed-citation>
            </p>
            <p>
               <mixed-citation id="d1833e2909" publication-type="other">
Berlin, Staatsbibliothek,
Phillipps 1831, fo. 134V</mixed-citation>
            </p>
         </fn>
         <fn id="d1833e2920a1310">
            <label>114</label>
            <p>
               <mixed-citation id="d1833e2927" publication-type="other">
O. Prinz, 'Eine frühe abendländische Aktualisierung der lateinischen Übersetzung des
Pseudo-Methodios', Deutsches Archiv, xli (1985), pp. 1-23 at p. 11;</mixed-citation>
            </p>
            <p>
               <mixed-citation id="d1833e2936" publication-type="other">
H. Möhring, Der Weltkaiser der
Endzeit (Stuttgart, 2000), pp. 138-9.</mixed-citation>
            </p>
            <p>
               <mixed-citation id="d1833e2945" publication-type="other">
Compare the first recension, ed. W.J. Aerts and G.A.A.
Kortekaas (Leuven, 1998), p. 135.</mixed-citation>
            </p>
         </fn>
         <fn id="d1833e2955a1310">
            <label>115</label>
            <p>
               <mixed-citation id="d1833e2962" publication-type="other">
Florence, Biblioteca Laurenziana, Plut. 20.54, f°s-15Г-2ir (Florence, s. xi),</mixed-citation>
            </p>
            <p>
               <mixed-citation id="d1833e2968" publication-type="other">
http://teca.bmlonline.it/TecaRicerca/index.jsp),</mixed-citation>
            </p>
            <p>
               <mixed-citation id="d1833e2974" publication-type="other">
Biblioteca Laurenziana, Conv. Soppr. 364.</mixed-citation>
            </p>
            <p>
               <mixed-citation id="d1833e2981" publication-type="other">
T. Mommsen, MGH Auct. ant., IX (Berlin, 1892), p. 158.</mixed-citation>
            </p>
            <p>
               <mixed-citation id="d1833e2987" publication-type="other">
The Munich Computus (ed. Warntjes), Computus Einsidiensis
(unedited) and De ratione conputandi (ed. D. Ó Cróinín (Toronto, 1988)),</mixed-citation>
            </p>
            <p>
               <mixed-citation id="d1833e2996" publication-type="other">
C.W. Jones, Bedae Pseudepigrapha (Ithaca, NJ, 1939), pp. 48-51, E. Graff,
'The Recensions of Two Sirmond Texts: Disputatio Morini and De divisionibus temporum , in Ó
Cróinín and Warntjes, Computus and Its Cultural Context , pp. 112-42 at pp. 117-25,</mixed-citation>
            </p>
            <p>
               <mixed-citation id="d1833e3008" publication-type="other">
Warntjes,
The Munich Computus, pp. 4-5 (commentary).</mixed-citation>
            </p>
         </fn>
         <fn id="d1833e3018a1310">
            <label>116</label>
            <p>
               <mixed-citation id="d1833e3025" publication-type="other">
Beatus of Liébana, Commentarius in Apocalypsin, IV, ed. E. Romero (Rome, 1985), i. 609-
25</mixed-citation>
            </p>
         </fn>
         <fn id="d1833e3035a1310">
            <label>117</label>
            <p>
               <mixed-citation id="d1833e3042" publication-type="other">
London, British Library, Cotton Nero A ii, fos. 34V-35V (Lombardy, 767), at fo. 35V:</mixed-citation>
            </p>
            <p>
               <mixed-citation id="d1833e3048" publication-type="other">
Computus 0/727, ed. Borst, Schrifien zur Kompustik, I, 374,</mixed-citation>
            </p>
         </fn>
         <fn id="d1833e3055a1310">
            <label>118</label>
            <p>
               <mixed-citation id="d1833e3062" publication-type="other">
Additamenta Coloniensia ad Chronica, ed. Borst, Schriften zur Kompustik, II, pp. 780-94;</mixed-citation>
            </p>
            <p>
               <mixed-citation id="d1833e3068" publication-type="other">
Cologne, Dombibliothek, 83 (ii), fo. 14V.</mixed-citation>
            </p>
         </fn>
         <fn id="d1833e3075a1310">
            <label>119</label>
            <p>
               <mixed-citation id="d1833e3082" publication-type="other">
H. Lowe, 'Eine Kölner Notizzum Kaisertum Karls des Großen, Rheinische Vierteljahrsblätter ,
xiv (1949), pp. 7-34 at p. 22 (on the supposed St Amand connection); Fried, 'Papst Leo III.',
pp. 309-10</mixed-citation>
            </p>
            <p>
               <mixed-citation id="d1833e3094" publication-type="other">
Brandes,
'Tempora periculosa sunt', pp. 56-7;</mixed-citation>
            </p>
            <p>
               <mixed-citation id="d1833e3103" publication-type="other">
D. Bullough, 'Charlemagne's "Men of God": Alcuin,
Hildebald and Arn', in Story, ed., Charlemagne, pp. 136-50, especially p. 145.</mixed-citation>
            </p>
         </fn>
         <fn id="d1833e3114a1310">
            <label>120</label>
            <p>
               <mixed-citation id="d1833e3121" publication-type="other">
Additamenta Coloniensia ad Chronica , ed. Borst, Schriften zur Kompustik, II, pp. 793-4:</mixed-citation>
            </p>
         </fn>
         <fn id="d1833e3128a1310">
            <label>121</label>
            <p>
               <mixed-citation id="d1833e3135" publication-type="other">
Landes, 'Lest the Millennium Be Fulfilled', p. 189.</mixed-citation>
            </p>
         </fn>
         <fn id="d1833e3142a1310">
            <label>122</label>
            <p>
               <mixed-citation id="d1833e3149" publication-type="other">
Addiamenta Coloniensia , II. 1, ed. Borst, Schriften zur Kompustik, II, pp. 789-91.</mixed-citation>
            </p>
            <p>
               <mixed-citation id="d1833e3155" publication-type="other">
Cologne,
Dombibliothek, 83Ü, fo. 14V.</mixed-citation>
            </p>
         </fn>
         <fn id="d1833e3165a1310">
            <label>123</label>
            <p>
               <mixed-citation id="d1833e3172" publication-type="other">
Borst, Schriften zur Kompustik , II, pp. 774, 776-7.</mixed-citation>
            </p>
         </fn>
         <fn id="d1833e3179a1310">
            <label>124</label>
            <p>
               <mixed-citation id="d1833e3186" publication-type="other">
Praefatio cycli paschalis (722), ed. Borst, Schrifien zur Kompustik, I, pp.
337-47,</mixed-citation>
            </p>
         </fn>
         <fn id="d1833e3196a1310">
            <label>125</label>
            <p>
               <mixed-citation id="d1833e3203" publication-type="other">
Paris, Bibliothèque Nationale de France, lat. 10837, f°s-40V-41V and 43r-43v (Echternach,
s. viii1);</mixed-citation>
            </p>
            <p>
               <mixed-citation id="d1833e3212" publication-type="other">
London, British Library, Cotton Caligula, A xv, fos. 110Г-117Г ('North-Eastern France',
s. viii2).</mixed-citation>
            </p>
         </fn>
         <fn id="d1833e3223a1310">
            <label>126</label>
            <p>
               <mixed-citation id="d1833e3230" publication-type="other">
St Gall, Stiftsbibliothek, Cod. Sang. 225, pp. 114-17 (St Gall, s. viii3);</mixed-citation>
            </p>
            <p>
               <mixed-citation id="d1833e3236" publication-type="other">
'Eine Beschreibung', pp. 206-12,</mixed-citation>
            </p>
         </fn>
         <fn id="d1833e3243a1310">
            <label>127</label>
            <p>
               <mixed-citation id="d1833e3250" publication-type="other">
The Godescalc Evangelistary, Paris, Bibliothèque Nationale de France, nouv. acq. lat. 1203
(Liège, с. AD 781), fos. I24v-i26r,</mixed-citation>
            </p>
            <p>
               <mixed-citation id="d1833e3259" publication-type="other">
F. Piper, Karls des Grossen Kalendarium und Ostertafel
(Berlin, 1857), pp. 32-5;</mixed-citation>
            </p>
            <p>
               <mixed-citation id="d1833e3268" publication-type="other">
Paris, Bibliothèque Nationale, lat. 7530 (Monte Cassino, s. viii4), fos.
284v-287r;</mixed-citation>
            </p>
            <p>
               <mixed-citation id="d1833e3278" publication-type="other">
Lyons, Bibliothèque de la Ville, lat. 788 (Lyons, s. viii4) fos. 28Г-30Г.</mixed-citation>
            </p>
         </fn>
         <fn id="d1833e3285a1310">
            <label>128</label>
            <p>
               <mixed-citation id="d1833e3292" publication-type="other">
Cologne, Dombibliothek, 83Ü, fos. 76V-7 9г.</mixed-citation>
            </p>
            <p>
               <mixed-citation id="d1833e3298" publication-type="other">
Milan, Biblioteca Ambrosiana, H 150
Inf (Burgundy, 827) = PL cxxix.1366.</mixed-citation>
            </p>
         </fn>
         <fn id="d1833e3308a1310">
            <label>129</label>
            <p>
               <mixed-citation id="d1833e3315" publication-type="other">
Bede, De temporum ratione , 65, p. 460;</mixed-citation>
            </p>
            <p>
               <mixed-citation id="d1833e3321" publication-type="other">
McKitterick, History and Memory, p. 95.</mixed-citation>
            </p>
         </fn>
         <fn id="d1833e3328a1310">
            <label>130</label>
            <p>
               <mixed-citation id="d1833e3335" publication-type="other">
Brandes, Tempora periculosa sunt', pp. 56-7.</mixed-citation>
            </p>
         </fn>
         <fn id="d1833e3342a1310">
            <label>131</label>
            <p>
               <mixed-citation id="d1833e3349" publication-type="other">
Additamenta Coloniensia , I.2, ed. Borst, pp. 781-2.</mixed-citation>
            </p>
         </fn>
         <fn id="d1833e3357a1310">
            <label>132</label>
            <p>
               <mixed-citation id="d1833e3364" publication-type="other">
Bede, De temporum ratione , 2, p. 274.</mixed-citation>
            </p>
         </fn>
         <fn id="d1833e3371a1310">
            <label>133</label>
            <p>
               <mixed-citation id="d1833e3378" publication-type="other">
Landes, 'Lest the Millennium Be Fulfilled', p. 202;</mixed-citation>
            </p>
            <p>
               <mixed-citation id="d1833e3384" publication-type="other">
A.C. Doyle, 'Silver Blaze (1937)', in The
Complete Sherlock Holmes (New York, 2003), pp. 399-417 at p. 415,</mixed-citation>
            </p>
         </fn>
         <fn id="d1833e3394a1310">
            <label>134</label>
            <p>
               <mixed-citation id="d1833e3401" publication-type="other">
Markus, 'Living Within Sight of the End',
pp. 29-30.</mixed-citation>
            </p>
         </fn>
         <fn id="d1833e3411a1310">
            <label>135</label>
            <p>
               <mixed-citation id="d1833e3418" publication-type="other">
J. Fried, 'Die
Endzeit fest im Griff des Positivismus? Zur Auseinendersetzung mit Sylvain Gouguenheim',
Historische Zeitschrift, cclxxv (2002), pp. 281-322.</mixed-citation>
            </p>
         </fn>
         <fn id="d1833e3431a1310">
            <label>136</label>
            <p>
               <mixed-citation id="d1833e3438" publication-type="other">
Fried, Endzeiterwartung , especially pp. 406-10;</mixed-citation>
            </p>
            <p>
               <mixed-citation id="d1833e3444" publication-type="other">
McGinn, 'Eriugena Confronts the End',
especially pp. 3-13;</mixed-citation>
            </p>
            <p>
               <mixed-citation id="d1833e3453" publication-type="other">
Heil, 'Timeless End'.</mixed-citation>
            </p>
         </fn>
      </fn-group>
   </back>
</article>
