<article xmlns:xsi="http://www.w3.org/2001/XMLSchema-instance"
         xmlns:xlink="http://www.w3.org/1999/xlink"
         xmlns:mml="http://www.w3.org/1998/Math/MathML"
         dtd-version="1.0"
         article-type="research-article">
   <front>
      <journal-meta>
         <journal-id journal-id-type="jstor">englhistrevi</journal-id>
         <journal-id journal-id-type="jstor">j100150</journal-id>
         <journal-title-group>
            <journal-title>The English Historical Review</journal-title>
         </journal-title-group>
         <publisher>
            <publisher-name>Oxford University Press</publisher-name>
         </publisher>
         <issn pub-type="ppub">00138266</issn>
         <issn pub-type="epub">14774534</issn>
      </journal-meta>
      <article-meta>
         <article-id pub-id-type="jstor">4493898</article-id>
         <title-group>
            <article-title>Policing Chartism, 1839-1848: The Role of the 'Specials' Reconsidered</article-title>
         </title-group>
         <contrib-group>
            <contrib contrib-type="author">
               <string-name>R. E. Swift</string-name>
            </contrib>
         </contrib-group>
         <pub-date>
            <day>1</day>
            <month>6</month>
            <year>2007</year>
         </pub-date>
         <volume>122</volume>
         <issue>497</issue>
         <issue-id>i405588</issue-id>
         <fpage>669</fpage>
         <lpage>699</lpage>
         <page-range>669-699</page-range>
         <permissions>
            <copyright-statement>Copyright 2007 Oxford University Press</copyright-statement>
         </permissions>
         <self-uri xlink:href="http://www.jstor.org/stable/4493898"/>
         <custom-meta-group>
            <custom-meta>
               <meta-name>lang</meta-name>
               <meta-value>eng</meta-value>
            </custom-meta>
         </custom-meta-group>
      </article-meta>
   </front>
   <back>
      <fn-group>
         <title>[Footnotes]</title>
         <fn id="d22191e117a1310">
            <label>1</label>
            <p>
               <mixed-citation id="d22191e124" publication-type="journal">
The Times, 31 May 1848.<issue>31 May</issue>
                  <source>The Times</source>
                  <year>1848</year>
               </mixed-citation>
            </p>
         </fn>
         <fn id="d22191e140a1310">
            <label>2</label>
            <p>
               <mixed-citation id="d22191e147" publication-type="book">
J. Saville, 1848: The British State and the Chartist Movement (Cambridge, 1987).<person-group>
                     <string-name>
                        <surname>Saville</surname>
                     </string-name>
                  </person-group>
                  <source>1848: The British State and the Chartist Movement</source>
                  <year>1987</year>
               </mixed-citation>
            </p>
         </fn>
         <fn id="d22191e169a1310">
            <label>3</label>
            <p>
               <mixed-citation id="d22191e176" publication-type="book">
D. Goodway, London Chartism, 1838-1848 (Cambridge, 1982).<person-group>
                     <string-name>
                        <surname>Goodway</surname>
                     </string-name>
                  </person-group>
                  <source>London Chartism, 1838-1848</source>
                  <year>1982</year>
               </mixed-citation>
            </p>
         </fn>
         <fn id="d22191e198a1310">
            <label>4</label>
            <p>
               <mixed-citation id="d22191e205" publication-type="book">
0. Ashton, R. Fyson and S. Roberts (ed), The Chartist Movement: A New
Annotated Bibliography (London, 1995).<person-group>
                     <string-name>
                        <surname>Ashton</surname>
                     </string-name>
                  </person-group>
                  <source>The Chartist Movement: A New Annotated Bibliography</source>
                  <year>1995</year>
               </mixed-citation>
            </p>
            <p>
               <mixed-citation id="d22191e229" publication-type="book">
J. F. C. Harrison and D. Thompson (ed), Bibliography of
the Chartist Movement, 1837-1976 (Hassocks, 1978)<person-group>
                     <string-name>
                        <surname>Harrison</surname>
                     </string-name>
                  </person-group>
                  <source>Bibliography of the Chartist Movement, 1837-1976</source>
                  <year>1978</year>
               </mixed-citation>
            </p>
            <p>
               <mixed-citation id="d22191e253" publication-type="book">
H. Heath, Six Scenes in the Life of ames Green Esq., A Special Constable, Sketched by "A
Special" (London, n.d.), 53;<person-group>
                     <string-name>
                        <surname>Heath</surname>
                     </string-name>
                  </person-group>
                  <fpage>53</fpage>
                  <source>Six Scenes in the Life of ames Green Esq., A Special Constable, Sketched by "A Special"</source>
               </mixed-citation>
            </p>
            <p>
               <mixed-citation id="d22191e278" publication-type="book">
Isaac Tomkins [pseud.], A Vindication of the Special Constable fom the
Unjust Aspersions of Isaac Tomkins, Addressed to the Specials of Halifax (Halifax, 1842), 93.<person-group>
                     <string-name>
                        <surname>Tomkins</surname>
                     </string-name>
                  </person-group>
                  <fpage>93</fpage>
                  <source>A Vindication of the Special Constable fom the Unjust Aspersions of Isaac Tomkins, Addressed to the Specials of Halifax</source>
                  <year>1842</year>
               </mixed-citation>
            </p>
         </fn>
         <fn id="d22191e308a1310">
            <label>5</label>
            <p>
               <mixed-citation id="d22191e315" publication-type="journal">
J. Hart, 'The Reform of the Borough Police, 1835-56', English Historical
Review, cxx (1955), 411-27;<object-id pub-id-type="jstor">10.2307/559073</object-id>
                  <fpage>411</fpage>
               </mixed-citation>
            </p>
            <p>
               <mixed-citation id="d22191e330" publication-type="book">
T. A. Critchley, A History of Police in England and Wales, 1900-1966
(London, 1967);<person-group>
                     <string-name>
                        <surname>Critchley</surname>
                     </string-name>
                  </person-group>
                  <source>A History of Police in England and Wales, 1900-1966</source>
                  <year>1967</year>
               </mixed-citation>
            </p>
            <p>
               <mixed-citation id="d22191e354" publication-type="book">
J. J. Tobias, Crime and Industrial Society in the Nineteenth Century (London,
1967);<person-group>
                     <string-name>
                        <surname>Tobias</surname>
                     </string-name>
                  </person-group>
                  <source>Crime and Industrial Society in the Nineteenth Century</source>
                  <year>1967</year>
               </mixed-citation>
            </p>
            <p>
               <mixed-citation id="d22191e379" publication-type="journal">
R. D. Storch, 'The Plague of the Blue Locusts: Police Reform and Popular Resistance in
Northern England, 1840-57', International Review of Social History, 20 (1975), 61-90;<person-group>
                     <string-name>
                        <surname>Storch</surname>
                     </string-name>
                  </person-group>
                  <fpage>61</fpage>
                  <volume>20</volume>
                  <source>International Review of Social History</source>
                  <year>1975</year>
               </mixed-citation>
            </p>
            <p>
               <mixed-citation id="d22191e410" publication-type="book">
C. Emsley,
Policing and its Context, 1750-1870 (London, 1983);<person-group>
                     <string-name>
                        <surname>Emsley</surname>
                     </string-name>
                  </person-group>
                  <source>Policing and its Context, 1750-1870</source>
                  <year>1983</year>
               </mixed-citation>
            </p>
            <p>
               <mixed-citation id="d22191e434" publication-type="book">
D. J. V. Jones, Crime, Protest, Community and
Police in Nineteenth-Century Britain (London, 1982), 1-32;<person-group>
                     <string-name>
                        <surname>Jones</surname>
                     </string-name>
                  </person-group>
                  <fpage>1</fpage>
                  <source>Crime, Protest, Community and Police in Nineteenth-Century Britain</source>
                  <year>1982</year>
               </mixed-citation>
            </p>
            <p>
               <mixed-citation id="d22191e462" publication-type="journal">
R. Swift, 'Urban Policing in Early
Victorian England, 1835-56: A Reappraisal', History, 73 (1988), 238;<person-group>
                     <string-name>
                        <surname>Swift</surname>
                     </string-name>
                  </person-group>
                  <fpage>238</fpage>
                  <volume>73</volume>
                  <source>History</source>
                  <year>1988</year>
               </mixed-citation>
            </p>
            <p>
               <mixed-citation id="d22191e493" publication-type="book">
D. Taylor, The New Police in
Nineteenth-Century England: Crime, Conflict and Control (Manchester and New York, 1997);<person-group>
                     <string-name>
                        <surname>Taylor</surname>
                     </string-name>
                  </person-group>
                  <source>The New Police in Nineteenth-Century England: Crime, Conflict and Control</source>
                  <year>1997</year>
               </mixed-citation>
            </p>
            <p>
               <mixed-citation id="d22191e517" publication-type="book">
D. Philips and R. D. Storch, Policing Provincial England, I82p-i856: The Politics of Reform
(London and New York, 1999).<person-group>
                     <string-name>
                        <surname>Philips</surname>
                     </string-name>
                  </person-group>
                  <source>Policing Provincial England, I82p-i856: The Politics of Reform</source>
                  <year>1999</year>
               </mixed-citation>
            </p>
         </fn>
         <fn id="d22191e542a1310">
            <label>6</label>
            <p>
               <mixed-citation id="d22191e549" publication-type="book">
R. Seth, The Specials: The Story of the Special Constabulary in England, Wales and Scotland
(London, 1961). Chapter 4 deals with 'The Nineteenth-Century Specials';<person-group>
                     <string-name>
                        <surname>Seth</surname>
                     </string-name>
                  </person-group>
                  <comment content-type="section">Chapter 4 deals with 'The Nineteenth-Century Specials'</comment>
                  <source>The Specials: The Story of the Special Constabulary in England, Wales and Scotland</source>
                  <year>1961</year>
               </mixed-citation>
            </p>
            <p>
               <mixed-citation id="d22191e577" publication-type="other">
Chartist period,
see 46-61.</mixed-citation>
            </p>
         </fn>
         <fn id="d22191e587a1310">
            <label>7</label>
            <p>
               <mixed-citation id="d22191e594" publication-type="book">
S. H. Palmer, Police and Protest in England and Ireland, 1780-1850 (Cambridge, 1988), 148.<person-group>
                     <string-name>
                        <surname>Palmer</surname>
                     </string-name>
                  </person-group>
                  <fpage>148</fpage>
                  <source>Police and Protest in England and Ireland, 1780-1850</source>
                  <year>1988</year>
               </mixed-citation>
            </p>
         </fn>
         <fn id="d22191e619a1310">
            <label>8</label>
            <p>
               <mixed-citation id="d22191e626" publication-type="book">
D. J. V. Jones, Before Rebecca: Popular Protests in Wales, 1793-1835 (London, 1973), 177-8.<person-group>
                     <string-name>
                        <surname>Jones</surname>
                     </string-name>
                  </person-group>
                  <fpage>177</fpage>
                  <source>Before Rebecca: Popular Protests in Wales, 1793-1835</source>
                  <year>1973</year>
               </mixed-citation>
            </p>
         </fn>
         <fn id="d22191e651a1310">
            <label>9</label>
            <p>
               <mixed-citation id="d22191e658" publication-type="book">
E. Royle, Revolutionary Britannia? Reflections on the Threat of Revolution in
Britain, 1798-1848 (Manchester, 2000), 180.<person-group>
                     <string-name>
                        <surname>Royle</surname>
                     </string-name>
                  </person-group>
                  <fpage>180</fpage>
                  <source>Revolutionary Britannia? Reflections on the Threat of Revolution in Britain, 1798-1848</source>
                  <year>2000</year>
               </mixed-citation>
            </p>
         </fn>
         <fn id="d22191e687a1310">
            <label>10</label>
            <p>
               <mixed-citation id="d22191e694" publication-type="book">
Donald Read, Peterloo: The
massacre' and its Background (Manchester, 1958);<person-group>
                     <string-name>
                        <surname>Read</surname>
                     </string-name>
                  </person-group>
                  <source>Peterloo: The massacre' and its Background</source>
                  <year>1958</year>
               </mixed-citation>
            </p>
            <p>
               <mixed-citation id="d22191e718" publication-type="book">
E. P. Thompson, The Making of the English Working
Class (London, 1963), 745-80;<person-group>
                     <string-name>
                        <surname>Thompson</surname>
                     </string-name>
                  </person-group>
                  <fpage>745</fpage>
                  <source>The Making of the English Working Class</source>
                  <year>1963</year>
               </mixed-citation>
            </p>
            <p>
               <mixed-citation id="d22191e746" publication-type="book">
R. Walmsley, Peterloo: The Case Reopened (Manchester, 1969);<person-group>
                     <string-name>
                        <surname>Walmsley</surname>
                     </string-name>
                  </person-group>
                  <source>Peterloo: The Case Reopened</source>
                  <year>1969</year>
               </mixed-citation>
            </p>
            <p>
               <mixed-citation id="d22191e768" publication-type="book">
J. Marlow, The Peterloo Massacre (London, 1969);<person-group>
                     <string-name>
                        <surname>Marlow</surname>
                     </string-name>
                  </person-group>
                  <source>The Peterloo Massacre</source>
                  <year>1969</year>
               </mixed-citation>
            </p>
            <p>
               <mixed-citation id="d22191e789" publication-type="journal">
P. Lawson, 'Reassessing Peterloo', History Today,
38, no. 3 (1988), 24-9;<person-group>
                     <string-name>
                        <surname>Lawson</surname>
                     </string-name>
                  </person-group>
                  <issue>3</issue>
                  <fpage>24</fpage>
                  <volume>38</volume>
                  <source>History Today</source>
                  <year>1988</year>
               </mixed-citation>
            </p>
            <p>
               <mixed-citation id="d22191e823" publication-type="book">
R. Reid, The Peterloo Massacre (London, 1989).<person-group>
                     <string-name>
                        <surname>Reid</surname>
                     </string-name>
                  </person-group>
                  <source>The Peterloo Massacre</source>
                  <year>1989</year>
               </mixed-citation>
            </p>
         </fn>
         <fn id="d22191e846a1310">
            <label>11</label>
            <p>
               <mixed-citation id="d22191e853" publication-type="book">
S. Thomas, The Bristol Riots (Historical Association, Bristol, 1974).<person-group>
                     <string-name>
                        <surname>Thomas</surname>
                     </string-name>
                  </person-group>
                  <source>The Bristol Riots</source>
                  <year>1974</year>
               </mixed-citation>
            </p>
         </fn>
         <fn id="d22191e875a1310">
            <label>12</label>
            <p>
               <mixed-citation id="d22191e882" publication-type="journal">
Swing: First Report of the Constabulary
Commissioners, Parliamentary Papers (1839), 203, S130.<person-group>
                     <string-name>
                        <surname>Swing</surname>
                     </string-name>
                  </person-group>
                  <fpage>203</fpage>
                  <source>First Report of the Constabulary Commissioners</source>
                  <year>1839</year>
               </mixed-citation>
            </p>
         </fn>
         <fn id="d22191e911a1310">
            <label>13</label>
            <p>
               <mixed-citation id="d22191e918" publication-type="book">
D. Philips and R. D. Storch, Policing Provincial England, 1829-1856: The Politics of Reform
(London, 1999), 105.<person-group>
                     <string-name>
                        <surname>Philips</surname>
                     </string-name>
                  </person-group>
                  <fpage>105</fpage>
                  <source>Policing Provincial England, 1829-1856: The Politics of Reform</source>
                  <year>1999</year>
               </mixed-citation>
            </p>
         </fn>
         <fn id="d22191e947a1310">
            <label>14</label>
            <p>
               <mixed-citation id="d22191e954" publication-type="other">
C. Williams, 'Society, politics, order and disorder' (University of Sheffield Ph.D. thesis,
1998), 104-8.</mixed-citation>
            </p>
         </fn>
         <fn id="d22191e964a1310">
            <label>15</label>
            <p>
               <mixed-citation id="d22191e971" publication-type="book">
F. C. Mather, Public Order in the Age of the Chartists (London, 1959), 81.<person-group>
                     <string-name>
                        <surname>Mather</surname>
                     </string-name>
                  </person-group>
                  <fpage>81</fpage>
                  <source>Public Order in the Age of the Chartists</source>
                  <year>1959</year>
               </mixed-citation>
            </p>
         </fn>
         <fn id="d22191e996a1310">
            <label>16</label>
            <p>
               <mixed-citation id="d22191e1003" publication-type="journal">
Bell's Weekly Messenger, 9 Jan. 1831.<issue>9 Jan.</issue>
                  <source>Bell's Weekly Messenger</source>
                  <year>1831</year>
               </mixed-citation>
            </p>
         </fn>
         <fn id="d22191e1020a1310">
            <label>17</label>
            <p>
               <mixed-citation id="d22191e1027" publication-type="other">
Documents and Proceeding Relative to the Town and Liberties of the Borough of Oswestry,
1818-88, 17 Dec. 1832.</mixed-citation>
            </p>
         </fn>
         <fn id="d22191e1037a1310">
            <label>18</label>
            <p>
               <mixed-citation id="d22191e1044" publication-type="journal">
Seth, The Specials, 46-51.<person-group>
                     <string-name>
                        <surname>Seth</surname>
                     </string-name>
                  </person-group>
                  <fpage>46</fpage>
                  <source>The Specials</source>
               </mixed-citation>
            </p>
         </fn>
         <fn id="d22191e1066a1310">
            <label>19</label>
            <p>
               <mixed-citation id="d22191e1073" publication-type="book">
T. A. Critchley, A History of Police in England and Wales, 900-1966 (London, 1967), 60-5.<person-group>
                     <string-name>
                        <surname>Critchley</surname>
                     </string-name>
                  </person-group>
                  <fpage>60</fpage>
                  <source>A History of Police in England and Wales, 900-1966</source>
                  <year>1967</year>
               </mixed-citation>
            </p>
         </fn>
         <fn id="d22191e1098a1310">
            <label>20</label>
            <p>
               <mixed-citation id="d22191e1105" publication-type="journal">
Seth, The Specials, 51.<person-group>
                     <string-name>
                        <surname>Seth</surname>
                     </string-name>
                  </person-group>
                  <fpage>51</fpage>
                  <source>The Specials</source>
               </mixed-citation>
            </p>
         </fn>
         <fn id="d22191e1127a1310">
            <label>21</label>
            <p>
               <mixed-citation id="d22191e1134" publication-type="journal">
First Report of the Constabulary Commissioners, Parliamentary Papers (1839), 340, S287-8.<fpage>340</fpage>
                  <source>First Report of the Constabulary Commissioners, Parliamentary Papers</source>
                  <year>1839</year>
               </mixed-citation>
            </p>
         </fn>
         <fn id="d22191e1150a1310">
            <label>22</label>
            <p>
               <mixed-citation id="d22191e1157" publication-type="journal">
Mather, Public Order in the Age of the Chartists, 82.<person-group>
                     <string-name>
                        <surname>Mather</surname>
                     </string-name>
                  </person-group>
                  <fpage>82</fpage>
                  <source>Public Order in the Age of the Chartists</source>
               </mixed-citation>
            </p>
         </fn>
         <fn id="d22191e1180a1310">
            <label>23</label>
            <p>
               <mixed-citation id="d22191e1187" publication-type="other">
J. M. Fellagne Ariouat, 'The Politics of Trial Procedure in
the Chartist Trials in England and Wales, 1839-1848' (University of Birmingham PhD thesis,
1995), 48-51.</mixed-citation>
            </p>
         </fn>
         <fn id="d22191e1200a1310">
            <label>24</label>
            <p>
               <mixed-citation id="d22191e1207" publication-type="book">
T. Dunning, 'Reminiscences', in D. Vincent (ed.), Testaments of Radicalism (London,
1977), 138.<person-group>
                     <string-name>
                        <surname>Dunning</surname>
                     </string-name>
                  </person-group>
                  <comment content-type="section">Reminiscences</comment>
                  <fpage>138</fpage>
                  <source>Testaments of Radicalism</source>
                  <year>1977</year>
               </mixed-citation>
            </p>
         </fn>
         <fn id="d22191e1239a1310">
            <label>25</label>
            <p>
               <mixed-citation id="d22191e1246" publication-type="book">
M. Hovell, The Chartist Movement (Manchester 1918), 150.<person-group>
                     <string-name>
                        <surname>Hovell</surname>
                     </string-name>
                  </person-group>
                  <fpage>150</fpage>
                  <source>The Chartist Movement</source>
                  <year>1918</year>
               </mixed-citation>
            </p>
         </fn>
         <fn id="d22191e1271a1310">
            <label>26</label>
            <p>
               <mixed-citation id="d22191e1278" publication-type="journal">
Northern Star, 20 Apr. 1839.<issue>20 Apr.</issue>
                  <source>Northern Star</source>
                  <year>1839</year>
               </mixed-citation>
            </p>
         </fn>
         <fn id="d22191e1294a1310">
            <label>27</label>
            <p>
               <mixed-citation id="d22191e1301" publication-type="book">
R. B. Pugh, 'Chartism in Somerset and Wiltshire', in A. Briggs (ed.), Chartist Studies
(London, 1959), 187.<person-group>
                     <string-name>
                        <surname>Pugh</surname>
                     </string-name>
                  </person-group>
                  <comment content-type="section">Chartism in Somerset and Wiltshire</comment>
                  <fpage>187</fpage>
                  <source>Chartist Studies</source>
                  <year>1959</year>
               </mixed-citation>
            </p>
         </fn>
         <fn id="d22191e1333a1310">
            <label>28</label>
            <p>
               <mixed-citation id="d22191e1340" publication-type="journal">
M. Winstanley, 'Preventive Policing in Oldham, c.1826-56', Transactions of the Lancashire
and Cheshire Antiquarian Society, 84 (1990), 17-35.<person-group>
                     <string-name>
                        <surname>Winstanley</surname>
                     </string-name>
                  </person-group>
                  <fpage>17</fpage>
                  <volume>84</volume>
                  <source>Transactions of the Lancashire and Cheshire Antiquarian Society</source>
                  <year>1990</year>
               </mixed-citation>
            </p>
            <p>
               <mixed-citation id="d22191e1371" publication-type="other">
Aug. and Dec. 1842</mixed-citation>
            </p>
            <p>
               <mixed-citation id="d22191e1377" publication-type="other">
June 1848.</mixed-citation>
            </p>
         </fn>
         <fn id="d22191e1385a1310">
            <label>29</label>
            <p>
               <mixed-citation id="d22191e1392" publication-type="journal">
Ariouat, 'Trial Procedure in On Chartist Trials', 29.<person-group>
                     <string-name>
                        <surname>Ariouat</surname>
                     </string-name>
                  </person-group>
                  <fpage>29</fpage>
                  <source>Trial Procedure in On Chartist Trials</source>
               </mixed-citation>
            </p>
         </fn>
         <fn id="d22191e1414a1310">
            <label>30</label>
            <p>
               <mixed-citation id="d22191e1421" publication-type="book">
J. Stevenson, Popular Disturbances in England, 1700-1870 (London, 1979), 257.<person-group>
                     <string-name>
                        <surname>Stevenson</surname>
                     </string-name>
                  </person-group>
                  <fpage>257</fpage>
                  <source>Popular Disturbances in England, 1700-1870</source>
                  <year>1979</year>
               </mixed-citation>
            </p>
         </fn>
         <fn id="d22191e1446a1310">
            <label>31</label>
            <p>
               <mixed-citation id="d22191e1453" publication-type="book">
A. R. Schoyen, The Chartist Challenge: A Portrait of George Julian Harney (London, 1958),
75-80.<person-group>
                     <string-name>
                        <surname>Schoyen</surname>
                     </string-name>
                  </person-group>
                  <fpage>75</fpage>
                  <source>The Chartist Challenge: A Portrait of George Julian Harney</source>
                  <year>1958</year>
               </mixed-citation>
            </p>
         </fn>
         <fn id="d22191e1482a1310">
            <label>32</label>
            <p>
               <mixed-citation id="d22191e1489" publication-type="other">
The National Archives, Public Record Office, HO 40/42, 91458,</mixed-citation>
            </p>
            <p>
               <mixed-citation id="d22191e1495" publication-type="other">
Stockton, 19 July 1839.</mixed-citation>
            </p>
            <p>
               <mixed-citation id="d22191e1501" publication-type="journal">
M. S. Chase, 'Chartism, 1838-1858:
Responses in Two Teesside Towns', Northern History, xxiv (1988), 146-71.<person-group>
                     <string-name>
                        <surname>Chase</surname>
                     </string-name>
                  </person-group>
                  <fpage>1146</fpage>
                  <volume>xxiv</volume>
                  <source>Northern History</source>
                  <year>1988</year>
               </mixed-citation>
            </p>
            <p>
               <mixed-citation id="d22191e1533" publication-type="book">
D. Taylor, Policing the Victorian Town:
The Development of the Police in Middlesbrough, c.1840-1994 (Basingstoke, 2002), 78-99.<person-group>
                     <string-name>
                        <surname>Taylor</surname>
                     </string-name>
                  </person-group>
                  <fpage>78</fpage>
                  <source>Policing the Victorian Town: The Development of the Police in Middlesbrough, c.1840-1994</source>
                  <year>2002</year>
               </mixed-citation>
            </p>
         </fn>
         <fn id="d22191e1562a1310">
            <label>33</label>
            <p>
               <mixed-citation id="d22191e1569" publication-type="book">
A. T. Patterson, Radical Leicester: A History of Leicester, 1780-1850 (Leicester, 1954), 310.<person-group>
                     <string-name>
                        <surname>Patterson</surname>
                     </string-name>
                  </person-group>
                  <fpage>310</fpage>
                  <source>Radical Leicester: A History of Leicester, 1780-1850</source>
                  <year>1954</year>
               </mixed-citation>
            </p>
         </fn>
         <fn id="d22191e1594a1310">
            <label>34</label>
            <p>
               <mixed-citation id="d22191e1601" publication-type="book">
Sir W. Napier, The Life and Opinions of General Sir Charles Napier (4 vols, London, 1857), ii.<person-group>
                     <string-name>
                        <surname>Napier</surname>
                     </string-name>
                  </person-group>
                  <volume>ii</volume>
                  <source>The Life and Opinions of General Sir Charles Napier</source>
                  <year>1857</year>
               </mixed-citation>
            </p>
            <p>
               <mixed-citation id="d22191e1625" publication-type="other">
Home Office, 22 Dec. 1839.</mixed-citation>
            </p>
         </fn>
         <fn id="d22191e1633a1310">
            <label>35</label>
            <p>
               <mixed-citation id="d22191e1640" publication-type="journal">
J. E C. Harrison, 'Chartism in Leeds', in Briggs (ed.), Chartist Studies (1959), 92.<person-group>
                     <string-name>
                        <surname>Harrison</surname>
                     </string-name>
                  </person-group>
                  <fpage>92</fpage>
                  <source>Chartist Studies</source>
                  <year>1959</year>
               </mixed-citation>
            </p>
         </fn>
         <fn id="d22191e1665a1310">
            <label>36</label>
            <p>
               <mixed-citation id="d22191e1672" publication-type="journal">
E. Webster, 'Chartism in the Calder Valley, 1838-50', Transactions of the Halifax Antiquarian
Society, ii (1994), 62-5.<person-group>
                     <string-name>
                        <surname>Webster</surname>
                     </string-name>
                  </person-group>
                  <fpage>62</fpage>
                  <volume>ii</volume>
                  <source>Transactions of the Halifax Antiquarian Society</source>
                  <year>1994</year>
               </mixed-citation>
            </p>
         </fn>
         <fn id="d22191e1704a1310">
            <label>37</label>
            <p>
               <mixed-citation id="d22191e1711" publication-type="journal">
Saville, 1848: The British State and the Chartist Movement, 89-91.<person-group>
                     <string-name>
                        <surname>Saville</surname>
                     </string-name>
                  </person-group>
                  <fpage>89</fpage>
                  <source>1848: The British State and the Chartist Movement</source>
                  <year>1848</year>
               </mixed-citation>
            </p>
         </fn>
         <fn id="d22191e1736a1310">
            <label>38</label>
            <p>
               <mixed-citation id="d22191e1743" publication-type="journal">
Goodway, London Chartism, 1838-1848, 71-2.<person-group>
                     <string-name>
                        <surname>Goodway</surname>
                     </string-name>
                  </person-group>
                  <fpage>71</fpage>
                  <source>London Chartism, 1838-1848</source>
               </mixed-citation>
            </p>
         </fn>
         <fn id="d22191e1765a1310">
            <label>39</label>
            <p>
               <mixed-citation id="d22191e1772" publication-type="journal">
Saville, 1848: The British State and the Chartist Movement, 96.<person-group>
                     <string-name>
                        <surname>Saville</surname>
                     </string-name>
                  </person-group>
                  <fpage>96</fpage>
                  <source>1848: The British State and the Chartist Movement</source>
                  <year>1848</year>
               </mixed-citation>
            </p>
         </fn>
         <fn id="d22191e1797a1310">
            <label>40</label>
            <p>
               <mixed-citation id="d22191e1804" publication-type="journal">
Goodway, London Chartism, 1838-1848, 130, Table 9.<person-group>
                     <string-name>
                        <surname>Goodway</surname>
                     </string-name>
                  </person-group>
                  <fpage>130</fpage>
                  <source>London Chartism, 1838-1848</source>
               </mixed-citation>
            </p>
         </fn>
         <fn id="d22191e1827a1310">
            <label>41</label>
            <p>
               <mixed-citation id="d22191e1834" publication-type="journal">
Goodway, London Chartism, 1838-1848, 77-8.<person-group>
                     <string-name>
                        <surname>Goodway</surname>
                     </string-name>
                  </person-group>
                  <fpage>77</fpage>
                  <source>London Chartism, 1838-1848</source>
               </mixed-citation>
            </p>
         </fn>
         <fn id="d22191e1856a1310">
            <label>42</label>
            <p>
               <mixed-citation id="d22191e1863" publication-type="journal">
'Suggestions for Special Constables', 8 Apr. 1848,<issue>8 Apr.</issue>
                  <source>Suggestions for Special Constables</source>
                  <year>1848</year>
               </mixed-citation>
            </p>
            <p>
               <mixed-citation id="d22191e1878" publication-type="journal">
Goodway, London Chartism, 1838-
1848, 136.<person-group>
                     <string-name>
                        <surname>Goodway</surname>
                     </string-name>
                  </person-group>
                  <fpage>136</fpage>
                  <source>London Chartism, 1838-1848</source>
               </mixed-citation>
            </p>
         </fn>
         <fn id="d22191e1903a1310">
            <label>43</label>
            <p>
               <mixed-citation id="d22191e1910" publication-type="book">
P Wilson (ed.), The Greville Diary (2 vols, London, 1927), ii, 288-91,<person-group>
                     <string-name>
                        <surname>Wilson</surname>
                     </string-name>
                  </person-group>
                  <fpage>288</fpage>
                  <volume>ii</volume>
                  <source>The Greville Diary</source>
                  <year>1927</year>
               </mixed-citation>
            </p>
            <p>
               <mixed-citation id="d22191e1938" publication-type="other">
Newmarket, 13 Apr.
1848.</mixed-citation>
            </p>
         </fn>
         <fn id="d22191e1948a1310">
            <label>44</label>
            <p>
               <mixed-citation id="d22191e1955" publication-type="journal">
Blackwood's Magazine, Oct. 1848,<issue>Oct.</issue>
                  <source>Blackwood's Magazine</source>
                  <year>1848</year>
               </mixed-citation>
            </p>
            <p>
               <mixed-citation id="d22191e1970" publication-type="journal">
Palmer, Police and Protest in England and Ireland,
1780-1850, 484.<person-group>
                     <string-name>
                        <surname>Palmer</surname>
                     </string-name>
                  </person-group>
                  <fpage>484</fpage>
                  <source>Police and Protest in England and Ireland, 1780-1850</source>
               </mixed-citation>
            </p>
         </fn>
         <fn id="d22191e1995a1310">
            <label>45</label>
            <p>
               <mixed-citation id="d22191e2002" publication-type="book">
Saville, 1848: The British State and the Chartist Movement (Cambridge, 1987), 27.<person-group>
                     <string-name>
                        <surname>Saville</surname>
                     </string-name>
                  </person-group>
                  <fpage>27</fpage>
                  <source>1848: The British State and the Chartist Movement</source>
                  <year>1987</year>
               </mixed-citation>
            </p>
         </fn>
         <fn id="d22191e2027a1310">
            <label>46</label>
            <p>
               <mixed-citation id="d22191e2034" publication-type="book">
M. Taylor, The Decline of British Radicalism, 1847-1860 (Oxford, 1995), 109.<person-group>
                     <string-name>
                        <surname>Taylor</surname>
                     </string-name>
                  </person-group>
                  <fpage>109</fpage>
                  <source>The Decline of British Radicalism, 1847-1860</source>
                  <year>1995</year>
               </mixed-citation>
            </p>
         </fn>
         <fn id="d22191e2060a1310">
            <label>47</label>
            <p>
               <mixed-citation id="d22191e2067" publication-type="journal">
Palmer, Police and Protest in England and Ireland, 1780-1850, 483.<person-group>
                     <string-name>
                        <surname>Palmer</surname>
                     </string-name>
                  </person-group>
                  <fpage>483</fpage>
                  <source>Police and Protest in England and Ireland, 1780-1850</source>
               </mixed-citation>
            </p>
         </fn>
         <fn id="d22191e2089a1310">
            <label>48</label>
            <p>
               <mixed-citation id="d22191e2096" publication-type="book">
J. Belchem, Merseypride: Essays in Liverpool Exceptionalism (Liverpool, 2000), 93.<person-group>
                     <string-name>
                        <surname>Belchem</surname>
                     </string-name>
                  </person-group>
                  <fpage>93</fpage>
                  <source>Merseypride: Essays in Liverpool Exceptionalism</source>
                  <year>2000</year>
               </mixed-citation>
            </p>
         </fn>
         <fn id="d22191e2121a1310">
            <label>49</label>
            <p>
               <mixed-citation id="d22191e2128" publication-type="journal">
J. Belchem, 'Liverpool in 1848: Image, Identity and Issues',
Transactions of the Historic Society of Lancashire and Cheshire, 147 (1998), 1-26.<person-group>
                     <string-name>
                        <surname>Belchem</surname>
                     </string-name>
                  </person-group>
                  <fpage>1</fpage>
                  <volume>147</volume>
                  <source>Transactions of the Historic Society of Lancashire and Cheshire</source>
                  <year>1998</year>
               </mixed-citation>
            </p>
            <p>
               <mixed-citation id="d22191e2159" publication-type="book">
A. Bryson,
'Riotous Liverpool, 1815-60', in J. Belchem (ed.), Popular Politics, Riot and Labour: Essays in
Liverpool History, 1790-1940 (Liverpool, 1992), 121;<person-group>
                     <string-name>
                        <surname>Bryson</surname>
                     </string-name>
                  </person-group>
                  <comment content-type="section">Riotous Liverpool, 1815-60</comment>
                  <fpage>121</fpage>
                  <source>Popular Politics, Riot and Labour: Essays in Liverpool History, 1790-1940</source>
                  <year>1992</year>
               </mixed-citation>
            </p>
            <p>
               <mixed-citation id="d22191e2193" publication-type="journal">
Belchem, Merseypride, 93-4.<person-group>
                     <string-name>
                        <surname>Belchem</surname>
                     </string-name>
                  </person-group>
                  <fpage>93</fpage>
                  <source>Merseypride</source>
               </mixed-citation>
            </p>
         </fn>
         <fn id="d22191e2215a1310">
            <label>50</label>
            <p>
               <mixed-citation id="d22191e2222" publication-type="journal">
Liverpool Mercury, I Aug. 1848.<issue>I Aug.</issue>
                  <source>Liverpool Mercury</source>
                  <year>1848</year>
               </mixed-citation>
            </p>
            <p>
               <mixed-citation id="d22191e2237" publication-type="journal">
Ibid., 6 June 1848;<issue>6 June</issue>
                  <source>Liverpool Mercury</source>
                  <year>1848</year>
               </mixed-citation>
            </p>
            <p>
               <mixed-citation id="d22191e2252" publication-type="other">
27 June 1848;</mixed-citation>
            </p>
            <p>
               <mixed-citation id="d22191e2259" publication-type="other">
I July 1848.</mixed-citation>
            </p>
            <p>
               <mixed-citation id="d22191e2265" publication-type="book">
J. MacDonnell (ed.), Reports
of State Trials, Vol. VII, 1848-1850 (New Series, London, 1970), 637-710,<person-group>
                     <string-name>
                        <surname>MacDonnell</surname>
                     </string-name>
                  </person-group>
                  <fpage>637</fpage>
                  <source>Reports of State Trials, Vol. VII, 1848-1850</source>
                  <year>1970</year>
               </mixed-citation>
            </p>
         </fn>
         <fn id="d22191e2294a1310">
            <label>51</label>
            <p>
               <mixed-citation id="d22191e2301" publication-type="journal">
Manchester Guardian, 12 Apr. 1848;<issue>12 Apr.</issue>
                  <source>Manchester Guardian</source>
                  <year>1848</year>
               </mixed-citation>
            </p>
            <p>
               <mixed-citation id="d22191e2316" publication-type="book">
P. A. Pickering, Chartism and the Chartists in Manchester
and Salford (London, 1995), 175-6;<person-group>
                     <string-name>
                        <surname>Pickering</surname>
                     </string-name>
                  </person-group>
                  <fpage>175</fpage>
                  <source>Chartism and the Chartists in Manchester and Salford</source>
                  <year>1995</year>
               </mixed-citation>
            </p>
            <p>
               <mixed-citation id="d22191e2344" publication-type="journal">
Stevenson, Popular Disturbances in England, 1700-1870 (1979),
272-4.<person-group>
                     <string-name>
                        <surname>Stevenson</surname>
                     </string-name>
                  </person-group>
                  <fpage>272</fpage>
                  <source>Popular Disturbances in England, 1700-1870</source>
                  <year>1979</year>
               </mixed-citation>
            </p>
            <p>
               <mixed-citation id="d22191e2373" publication-type="journal">
MacDonnell (ed.), Reports of State Trials, Vol. VII, 1848-1850
(1970), 711-94,<person-group>
                     <string-name>
                        <surname>MacDonnell</surname>
                     </string-name>
                  </person-group>
                  <fpage>711</fpage>
                  <source>Reports of State Trials, Vol. VII, 1848-1850</source>
                  <year>1970</year>
               </mixed-citation>
            </p>
         </fn>
         <fn id="d22191e2402a1310">
            <label>52</label>
            <p>
               <mixed-citation id="d22191e2409" publication-type="journal">
R. Fyson, 'Chartism in Longton', Staffordshire Studies, xii (2000), 105.<person-group>
                     <string-name>
                        <surname>Fyson</surname>
                     </string-name>
                  </person-group>
                  <fpage>105</fpage>
                  <volume>xii</volume>
                  <source>Staffordshire Studies</source>
                  <year>2000</year>
               </mixed-citation>
            </p>
         </fn>
         <fn id="d22191e2439a1310">
            <label>53</label>
            <p>
               <mixed-citation id="d22191e2446" publication-type="book">
J. T. Ward, Chartism (London, 1973), 213.<person-group>
                     <string-name>
                        <surname>Ward</surname>
                     </string-name>
                  </person-group>
                  <fpage>213</fpage>
                  <source>Chartism</source>
                  <year>1973</year>
               </mixed-citation>
            </p>
         </fn>
         <fn id="d22191e2471a1310">
            <label>54</label>
            <p>
               <mixed-citation id="d22191e2478" publication-type="journal">
Saville, 1848: The British State and the Chartist Movement, 148-9.<person-group>
                     <string-name>
                        <surname>Saville</surname>
                     </string-name>
                  </person-group>
                  <fpage>148</fpage>
                  <source>1848: The British State and the Chartist Movement</source>
                  <year>1848</year>
               </mixed-citation>
            </p>
         </fn>
         <fn id="d22191e2503a1310">
            <label>55</label>
            <p>
               <mixed-citation id="d22191e2510" publication-type="journal">
Hovell, The Chartist Movement, 294.<person-group>
                     <string-name>
                        <surname>Hovell</surname>
                     </string-name>
                  </person-group>
                  <fpage>294</fpage>
                  <source>The Chartist Movement</source>
               </mixed-citation>
            </p>
         </fn>
         <fn id="d22191e2532a1310">
            <label>56</label>
            <p>
               <mixed-citation id="d22191e2539" publication-type="journal">
Mather, Public Order in the Age of the Chartists, 82.<person-group>
                     <string-name>
                        <surname>Mather</surname>
                     </string-name>
                  </person-group>
                  <fpage>82</fpage>
                  <source>Public Order in the Age of the Chartists</source>
               </mixed-citation>
            </p>
         </fn>
         <fn id="d22191e2561a1310">
            <label>57</label>
            <p>
               <mixed-citation id="d22191e2568" publication-type="book">
J. Morley, Life of Gladstone (3 vols, London, 1903), i, 358.<person-group>
                     <string-name>
                        <surname>Morley</surname>
                     </string-name>
                  </person-group>
                  <fpage>358</fpage>
                  <volume>i</volume>
                  <source>Life of Gladstone</source>
                  <year>1903</year>
               </mixed-citation>
            </p>
         </fn>
         <fn id="d22191e2597a1310">
            <label>58</label>
            <p>
               <mixed-citation id="d22191e2604" publication-type="book">
D. Thompson, The Chartists: Popular Politics in the Industrial Revolution (London, 1984), 322.<person-group>
                     <string-name>
                        <surname>Thompson</surname>
                     </string-name>
                  </person-group>
                  <fpage>322</fpage>
                  <source>The Chartists: Popular Politics in the Industrial Revolution</source>
                  <year>1984</year>
               </mixed-citation>
            </p>
         </fn>
         <fn id="d22191e2630a1310">
            <label>59</label>
            <p>
               <mixed-citation id="d22191e2637" publication-type="journal">
Goodway, London Chartism, 1838-1848, 276, n 165.<person-group>
                     <string-name>
                        <surname>Goodway</surname>
                     </string-name>
                  </person-group>
                  <fpage>276</fpage>
                  <source>London Chartism, 1838-1848</source>
               </mixed-citation>
            </p>
         </fn>
         <fn id="d22191e2659a1310">
            <label>60</label>
            <p>
               <mixed-citation id="d22191e2666" publication-type="journal">
Palmer, Police and Protest in England and Ireland, 1780-1850, 488-9.<person-group>
                     <string-name>
                        <surname>Palmer</surname>
                     </string-name>
                  </person-group>
                  <fpage>488</fpage>
                  <source>Police and Protest in England and Ireland, 1780-1850</source>
               </mixed-citation>
            </p>
         </fn>
         <fn id="d22191e2688a1310">
            <label>61</label>
            <p>
               <mixed-citation id="d22191e2695" publication-type="journal">
Goodway, London Chartism, 1838-1848, 73-4.<person-group>
                     <string-name>
                        <surname>Goodway</surname>
                     </string-name>
                  </person-group>
                  <fpage>73</fpage>
                  <source>London Chartism, 1838-1848</source>
               </mixed-citation>
            </p>
         </fn>
         <fn id="d22191e2717a1310">
            <label>62</label>
            <p>
               <mixed-citation id="d22191e2724" publication-type="journal">
Palmer, Police and Protest in England and Ireland, 1780-1850, 484-5.<person-group>
                     <string-name>
                        <surname>Palmer</surname>
                     </string-name>
                  </person-group>
                  <fpage>484</fpage>
                  <source>Police and Protest in England and Ireland, 1780-1850</source>
               </mixed-citation>
            </p>
         </fn>
         <fn id="d22191e2746a1310">
            <label>63</label>
            <p>
               <mixed-citation id="d22191e2753" publication-type="journal">
Wilson, The Greville Diary, vol. 2, 288.<person-group>
                     <string-name>
                        <surname>Wilson</surname>
                     </string-name>
                  </person-group>
                  <fpage>288</fpage>
                  <volume>2</volume>
                  <source>The Greville Diary</source>
               </mixed-citation>
            </p>
         </fn>
         <fn id="d22191e2778a1310">
            <label>64</label>
            <p>
               <mixed-citation id="d22191e2785" publication-type="journal">
The Times, 18 Apr. 1848.<issue>18 Apr.</issue>
                  <source>The Times</source>
                  <year>1848</year>
               </mixed-citation>
            </p>
         </fn>
         <fn id="d22191e2802a1310">
            <label>65</label>
            <p>
               <mixed-citation id="d22191e2809" publication-type="journal">
Palmer, Police and Protest in England and Ireland, 1780-1850, 488-9.<person-group>
                     <string-name>
                        <surname>Palmer</surname>
                     </string-name>
                  </person-group>
                  <fpage>488</fpage>
                  <source>Police and Protest in England and Ireland, 1780-1850</source>
               </mixed-citation>
            </p>
         </fn>
         <fn id="d22191e2831a1310">
            <label>66</label>
            <p>
               <mixed-citation id="d22191e2838" publication-type="other">
Ibid., 484-5.</mixed-citation>
            </p>
         </fn>
         <fn id="d22191e2845a1310">
            <label>67</label>
            <p>
               <mixed-citation id="d22191e2852" publication-type="journal">
Anon, A Letter from One of the Special Constables in London, 1848;<person-group>
                     <string-name>
                        <surname>Anon</surname>
                     </string-name>
                  </person-group>
                  <source>A Letter from One of the Special Constables in London</source>
                  <year>1848</year>
               </mixed-citation>
            </p>
            <p>
               <mixed-citation id="d22191e2873" publication-type="journal">
Palmer, Police and Protest
in England and Ireland, 1780-1850, 484.<person-group>
                     <string-name>
                        <surname>Palmer</surname>
                     </string-name>
                  </person-group>
                  <fpage>484</fpage>
                  <source>Police and Protest in England and Ireland, 1780-1850</source>
               </mixed-citation>
            </p>
         </fn>
         <fn id="d22191e2898a1310">
            <label>68</label>
            <p>
               <mixed-citation id="d22191e2905" publication-type="journal">
The Times, 12 Apr. 1848.<issue>12 Apr.</issue>
                  <source>The Times</source>
                  <year>1848</year>
               </mixed-citation>
            </p>
         </fn>
         <fn id="d22191e2921a1310">
            <label>69</label>
            <p>
               <mixed-citation id="d22191e2928" publication-type="journal">
E C. Mather, 'The Government and the Chartists', in Briggs (ed.), Chartist Studies, 404.<person-group>
                     <string-name>
                        <surname>Mather</surname>
                     </string-name>
                  </person-group>
                  <fpage>404</fpage>
                  <source>Chartist Studies</source>
               </mixed-citation>
            </p>
         </fn>
         <fn id="d22191e2950a1310">
            <label>70</label>
            <p>
               <mixed-citation id="d22191e2957" publication-type="journal">
Goodway, London Chartism, 1838-1848, 132.<person-group>
                     <string-name>
                        <surname>Goodway</surname>
                     </string-name>
                  </person-group>
                  <fpage>132</fpage>
                  <source>London Chartism, 1838-1848</source>
               </mixed-citation>
            </p>
         </fn>
         <fn id="d22191e2980a1310">
            <label>71</label>
            <p>
               <mixed-citation id="d22191e2987" publication-type="journal">
Northern Star, 25 Mar. 1848.<issue>25 Mar.</issue>
                  <source>Northern Star</source>
                  <year>1848</year>
               </mixed-citation>
            </p>
            <p>
               <mixed-citation id="d22191e3002" publication-type="other">
Dewsbury in Aug. 1842</mixed-citation>
            </p>
            <p>
               <mixed-citation id="d22191e3008" publication-type="journal">
Mather, Public Order in the Age of the Chartists, 82.<person-group>
                     <string-name>
                        <surname>Mather</surname>
                     </string-name>
                  </person-group>
                  <fpage>82</fpage>
                  <source>Public Order in the Age of the Chartists</source>
               </mixed-citation>
            </p>
         </fn>
         <fn id="d22191e3030a1310">
            <label>72</label>
            <p>
               <mixed-citation id="d22191e3037" publication-type="journal">
Northern Star, 25 Mar. 1848.<issue>25 Mar.</issue>
                  <source>Northern Star</source>
                  <year>1848</year>
               </mixed-citation>
            </p>
         </fn>
         <fn id="d22191e3053a1310">
            <label>73</label>
            <p>
               <mixed-citation id="d22191e3060" publication-type="journal">
Mather, Public Order in the Age of the Chartists, 82.<person-group>
                     <string-name>
                        <surname>Mather</surname>
                     </string-name>
                  </person-group>
                  <fpage>82</fpage>
                  <source>Public Order in the Age of the Chartists</source>
               </mixed-citation>
            </p>
         </fn>
         <fn id="d22191e3082a1310">
            <label>74</label>
            <p>
               <mixed-citation id="d22191e3089" publication-type="journal">
Napier, The Life and Opinions of General Sir Charles Napier, vol. 2, 7-8.<person-group>
                     <string-name>
                        <surname>Napier</surname>
                     </string-name>
                  </person-group>
                  <fpage>7</fpage>
                  <volume>2</volume>
                  <source>The Life and Opinions of General Sir Charles Napier</source>
               </mixed-citation>
            </p>
            <p>
               <mixed-citation id="d22191e3113" publication-type="other">
Colonel
W. Napier, 9 Apr. 1839.</mixed-citation>
            </p>
         </fn>
         <fn id="d22191e3123a1310">
            <label>75</label>
            <p>
               <mixed-citation id="d22191e3130" publication-type="journal">
Mather, Public Order in the Age of the Chartists, 57.<person-group>
                     <string-name>
                        <surname>Mather</surname>
                     </string-name>
                  </person-group>
                  <fpage>57</fpage>
                  <source>Public Order in the Age of the Chartists</source>
               </mixed-citation>
            </p>
         </fn>
         <fn id="d22191e3152a1310">
            <label>76</label>
            <p>
               <mixed-citation id="d22191e3159" publication-type="other">
Ibid., 83.</mixed-citation>
            </p>
         </fn>
         <fn id="d22191e3167a1310">
            <label>77</label>
            <p>
               <mixed-citation id="d22191e3174" publication-type="journal">
Pugh, 'Chartism in Somerset and Wiltshire', in Briggs, Chartist Studies, 179-80.<person-group>
                     <string-name>
                        <surname>Pugh</surname>
                     </string-name>
                  </person-group>
                  <fpage>179</fpage>
                  <source>Chartist Studies</source>
               </mixed-citation>
            </p>
         </fn>
         <fn id="d22191e3196a1310">
            <label>78</label>
            <p>
               <mixed-citation id="d22191e3203" publication-type="journal">
Mather, Public Order in the Age of the Chartists, 83.<person-group>
                     <string-name>
                        <surname>Mather</surname>
                     </string-name>
                  </person-group>
                  <fpage>83</fpage>
                  <source>Public Order in the Age of the Chartists</source>
               </mixed-citation>
            </p>
         </fn>
         <fn id="d22191e3225a1310">
            <label>79</label>
            <p>
               <mixed-citation id="d22191e3232" publication-type="other">
Lord John Russell from Bradford JPs, July 1839,</mixed-citation>
            </p>
            <p>
               <mixed-citation id="d22191e3238" publication-type="journal">
Thompson, Early
Chartists, 208-II.<person-group>
                     <string-name>
                        <surname>Thompson</surname>
                     </string-name>
                  </person-group>
                  <fpage>208</fpage>
                  <source>Early Chartists</source>
               </mixed-citation>
            </p>
         </fn>
         <fn id="d22191e3263a1310">
            <label>80</label>
            <p>
               <mixed-citation id="d22191e3270" publication-type="journal">
Napier, The Life and Opinions of General Sir Charles Napier, vol. 2, 78.<person-group>
                     <string-name>
                        <surname>Napier</surname>
                     </string-name>
                  </person-group>
                  <fpage>78</fpage>
                  <volume>2</volume>
                  <source>The Life and Opinions of General Sir Charles Napier</source>
               </mixed-citation>
            </p>
            <p>
               <mixed-citation id="d22191e3294" publication-type="other">
Major
Bayly, 10 Aug. 1839.</mixed-citation>
            </p>
         </fn>
         <fn id="d22191e3304a1310">
            <label>81</label>
            <p>
               <mixed-citation id="d22191e3311" publication-type="other">
Ibid., 78.</mixed-citation>
            </p>
            <p>
               <mixed-citation id="d22191e3317" publication-type="other">
Colonel Wemyss, 10 Apr. 1839.</mixed-citation>
            </p>
            <p>
               <mixed-citation id="d22191e3323" publication-type="other">
Apr. 1840 to May 1841.</mixed-citation>
            </p>
         </fn>
         <fn id="d22191e3330a1310">
            <label>82</label>
            <p>
               <mixed-citation id="d22191e3337" publication-type="journal">
Ariouat, 'Trial Procedure in the Chartist Trials', 38-41.<person-group>
                     <string-name>
                        <surname>Ariouat</surname>
                     </string-name>
                  </person-group>
                  <fpage>38</fpage>
                  <source>Trial Procedure in the Chartist Trials</source>
               </mixed-citation>
            </p>
         </fn>
         <fn id="d22191e3360a1310">
            <label>83</label>
            <p>
               <mixed-citation id="d22191e3367" publication-type="book">
L. Radzinowicz, 'Towards a National Standard of Policing', in M. Fitzgerald, G. McLennan
and J. Pawson (ed), Crime and Society (London, 1981), 60;<person-group>
                     <string-name>
                        <surname>Radzinowicz</surname>
                     </string-name>
                  </person-group>
                  <comment content-type="section">Towards a National Standard of Policing</comment>
                  <fpage>60</fpage>
                  <source>Crime and Society</source>
                  <year>1981</year>
               </mixed-citation>
            </p>
            <p>
               <mixed-citation id="d22191e3398" publication-type="journal">
Mather, Public Order in the Age of the
Chartists, 83.<person-group>
                     <string-name>
                        <surname>Mather</surname>
                     </string-name>
                  </person-group>
                  <fpage>83</fpage>
                  <source>Public Order in the Age of the Chartists</source>
               </mixed-citation>
            </p>
         </fn>
         <fn id="d22191e3423a1310">
            <label>84</label>
            <p>
               <mixed-citation id="d22191e3430" publication-type="journal">
First Report of the Constabulary Commissioners, Parliamentary Papers (1839), 340, S286.<fpage>340</fpage>
                  <source>First Report of the Constabulary Commissioners, Parliamentary Papers</source>
                  <year>1839</year>
               </mixed-citation>
            </p>
         </fn>
         <fn id="d22191e3446a1310">
            <label>85</label>
            <p>
               <mixed-citation id="d22191e3453" publication-type="journal">
Mather, Public Order in the Age of the Chartists, 87-90.<person-group>
                     <string-name>
                        <surname>Mather</surname>
                     </string-name>
                  </person-group>
                  <fpage>87</fpage>
                  <source>Public Order in the Age of the Chartists</source>
               </mixed-citation>
            </p>
         </fn>
         <fn id="d22191e3475a1310">
            <label>86</label>
            <p>
               <mixed-citation id="d22191e3482" publication-type="journal">
Palmer, Police and Protest in England and Ireland, 1780-1850, 410-13.<person-group>
                     <string-name>
                        <surname>Palmer</surname>
                     </string-name>
                  </person-group>
                  <fpage>410</fpage>
                  <source>Police and Protest in England and Ireland, 1780-1850</source>
               </mixed-citation>
            </p>
         </fn>
         <fn id="d22191e3504a1310">
            <label>87</label>
            <p>
               <mixed-citation id="d22191e3511" publication-type="journal">
O. Ashton, 'Chartism in Mid-Wales', The Montgomeryshire Collections, 62/1 (1971), 10-57.<person-group>
                     <string-name>
                        <surname>Ashton</surname>
                     </string-name>
                  </person-group>
                  <issue>1</issue>
                  <fpage>10</fpage>
                  <volume>62</volume>
                  <source>The Montgomeryshire Collections</source>
                  <year>1971</year>
               </mixed-citation>
            </p>
            <p>
               <mixed-citation id="d22191e3542" publication-type="journal">
D. Williams, 'Chartism in Wales', in Briggs (ed.), Chartist Studies, 228-32.<person-group>
                     <string-name>
                        <surname>Williams</surname>
                     </string-name>
                  </person-group>
                  <fpage>228</fpage>
                  <source>Chartist Studies</source>
               </mixed-citation>
            </p>
         </fn>
         <fn id="d22191e3564a1310">
            <label>88</label>
            <p>
               <mixed-citation id="d22191e3571" publication-type="journal">
Mather, Public Order in the Age of the Chartists, 84-5.<person-group>
                     <string-name>
                        <surname>Mather</surname>
                     </string-name>
                  </person-group>
                  <fpage>84</fpage>
                  <source>Public Order in the Age of the Chartists</source>
               </mixed-citation>
            </p>
         </fn>
         <fn id="d22191e3594a1310">
            <label>89</label>
            <p>
               <mixed-citation id="d22191e3601" publication-type="book">
C. Behagg, Politics and Production in the Early Nineteenth Century (London, 1990).<person-group>
                     <string-name>
                        <surname>Behagg</surname>
                     </string-name>
                  </person-group>
                  <source>Politics and Production in the Early Nineteenth Century</source>
                  <year>1990</year>
               </mixed-citation>
            </p>
            <p>
               <mixed-citation id="d22191e3622" publication-type="journal">
D. Leighton, 'Municipal Progress, Democracy and Radical Identity in Birmingham, 1838-1886',
Midland History, xxv (2000), 115-42.<person-group>
                     <string-name>
                        <surname>Leighton</surname>
                     </string-name>
                  </person-group>
                  <fpage>115</fpage>
                  <volume>xxv</volume>
                  <source>Midland History</source>
                  <year>2000</year>
               </mixed-citation>
            </p>
         </fn>
         <fn id="d22191e3654a1310">
            <label>90</label>
            <p>
               <mixed-citation id="d22191e3661" publication-type="journal">
Saville, 1848: The British State and the Chartist Movement, 123-4.<person-group>
                     <string-name>
                        <surname>Saville</surname>
                     </string-name>
                  </person-group>
                  <fpage>123</fpage>
                  <source>1848: The British State and the Chartist Movement</source>
                  <year>1848</year>
               </mixed-citation>
            </p>
         </fn>
         <fn id="d22191e3686a1310">
            <label>91</label>
            <p>
               <mixed-citation id="d22191e3693" publication-type="journal">
Patterson, Radical Leicester: A History of Leicester, 1780-1850 (1954), 357;<person-group>
                     <string-name>
                        <surname>Patterson</surname>
                     </string-name>
                  </person-group>
                  <fpage>357</fpage>
                  <source>Radical Leicester: A History of Leicester, 1780-1850</source>
                  <year>1954</year>
               </mixed-citation>
            </p>
            <p>
               <mixed-citation id="d22191e3717" publication-type="journal">
Harrison, 'Chartism
in Leicester', in Briggs, Chartist Studies, 118.<person-group>
                     <string-name>
                        <surname>Harrison</surname>
                     </string-name>
                  </person-group>
                  <fpage>118</fpage>
                  <source>Briggs, Chartist Studies</source>
               </mixed-citation>
            </p>
         </fn>
         <fn id="d22191e3742a1310">
            <label>92</label>
            <p>
               <mixed-citation id="d22191e3749" publication-type="journal">
Wilson, The Greville Diary, vol. 2, 290, 3 June 1848.<person-group>
                     <string-name>
                        <surname>Wilson</surname>
                     </string-name>
                  </person-group>
                  <issue>3 June</issue>
                  <fpage>290</fpage>
                  <volume>2</volume>
                  <source>The Greville Diary</source>
                  <year>1848</year>
               </mixed-citation>
            </p>
         </fn>
         <fn id="d22191e3781a1310">
            <label>93</label>
            <p>
               <mixed-citation id="d22191e3788" publication-type="journal">
Northern Star, 17 June 1848.<issue>17 June</issue>
                  <source>Northern Star</source>
                  <year>1848</year>
               </mixed-citation>
            </p>
         </fn>
         <fn id="d22191e3804a1310">
            <label>94</label>
            <p>
               <mixed-citation id="d22191e3811" publication-type="other">
Saville, 1848, 136.</mixed-citation>
            </p>
         </fn>
         <fn id="d22191e3819a1310">
            <label>95</label>
            <p>
               <mixed-citation id="d22191e3826" publication-type="other">
Ibid.</mixed-citation>
            </p>
         </fn>
         <fn id="d22191e3833a1310">
            <label>96</label>
            <p>
               <mixed-citation id="d22191e3840" publication-type="journal">
R. Quinault, '1848 and Parliamentary Reform', Historical Journal, xxxi (1988), 831-51.<object-id pub-id-type="jstor">10.2307/2639418</object-id>
                  <fpage>831</fpage>
               </mixed-citation>
            </p>
         </fn>
         <fn id="d22191e3853a1310">
            <label>97</label>
            <p>
               <mixed-citation id="d22191e3860" publication-type="journal">
Mather, Public Order in the Age of the Chartists, 85.<person-group>
                     <string-name>
                        <surname>Mather</surname>
                     </string-name>
                  </person-group>
                  <fpage>85</fpage>
                  <source>Public Order in the Age of the Chartists</source>
               </mixed-citation>
            </p>
         </fn>
         <fn id="d22191e3882a1310">
            <label>98</label>
            <p>
               <mixed-citation id="d22191e3889" publication-type="journal">
Napier, The Life and Opinions of General Sir Charles Napier, vol. 2, 102, Journal, Dec. 1839.<person-group>
                     <string-name>
                        <surname>Napier</surname>
                     </string-name>
                  </person-group>
                  <issue>Dec.</issue>
                  <fpage>102</fpage>
                  <volume>2</volume>
                  <source>The Life and Opinions of General Sir Charles Napier</source>
                  <year>1839</year>
               </mixed-citation>
            </p>
         </fn>
         <fn id="d22191e3921a1310">
            <label>99</label>
            <p>
               <mixed-citation id="d22191e3928" publication-type="journal">
Ibid, 63-4. Journal, 26 July 1839.<issue>26 July</issue>
                  <fpage>63</fpage>
                  <source>The Life and Opinions of General Sir Charles Napier</source>
                  <year>1839</year>
               </mixed-citation>
            </p>
         </fn>
         <fn id="d22191e3947a1310">
            <label>100</label>
            <p>
               <mixed-citation id="d22191e3954" publication-type="other">
Ibid., 62.</mixed-citation>
            </p>
            <p>
               <mixed-citation id="d22191e3960" publication-type="other">
Colonel Wemyss, 31 July 1839.</mixed-citation>
            </p>
         </fn>
         <fn id="d22191e3968a1310">
            <label>101</label>
            <p>
               <mixed-citation id="d22191e3975" publication-type="journal">
Report of the Constabulary Commissioners, PP (1839), 203, S130.<fpage>203</fpage>
                  <source>Report of the Constabulary Commissioners, PP</source>
                  <year>1839</year>
               </mixed-citation>
            </p>
         </fn>
         <fn id="d22191e3991a1310">
            <label>102</label>
            <p>
               <mixed-citation id="d22191e3998" publication-type="book">
R. Quinault, 'The Warwickshire County Magistracy and Public Order, c.1830-1870', in
R. Quinault and J. Stevenson (ed), Popular Protest and Public Order: Six Studies in British History,
1790-1920 (London, 1974), 207-8.<person-group>
                     <string-name>
                        <surname>Quinault</surname>
                     </string-name>
                  </person-group>
                  <comment content-type="section">The Warwickshire County Magistracy and Public Order, c.1830-1870</comment>
                  <fpage>207</fpage>
                  <source>Popular Protest and Public Order: Six Studies in British History, 1790-1920</source>
                  <year>1974</year>
               </mixed-citation>
            </p>
         </fn>
         <fn id="d22191e4033a1310">
            <label>103</label>
            <p>
               <mixed-citation id="d22191e4040" publication-type="journal">
Hansard, 1839, 3rd ser., vol. 50, col. 427-33.<fpage>427</fpage>
                  <volume>50</volume>
                  <source>Hansard</source>
                  <year>1839</year>
               </mixed-citation>
            </p>
         </fn>
         <fn id="d22191e4059a1310">
            <label>104</label>
            <p>
               <mixed-citation id="d22191e4066" publication-type="journal">
Palmer, Police and Protest, 423.<person-group>
                     <string-name>
                        <surname>Palmer</surname>
                     </string-name>
                  </person-group>
                  <fpage>423</fpage>
                  <source>Police and Protest</source>
               </mixed-citation>
            </p>
         </fn>
         <fn id="d22191e4088a1310">
            <label>105</label>
            <p>
               <mixed-citation id="d22191e4095" publication-type="journal">
Hansard, 1849, 3rd ser., vol. 103, col. 964.<fpage>964</fpage>
                  <volume>103</volume>
                  <source>Hansard</source>
                  <year>1849</year>
               </mixed-citation>
            </p>
         </fn>
         <fn id="d22191e4114a1310">
            <label>106</label>
            <p>
               <mixed-citation id="d22191e4121" publication-type="journal">
Mather, 'The Government and the Chartists', in Briggs, Chartist Studies, 387.<person-group>
                     <string-name>
                        <surname>Mather</surname>
                     </string-name>
                  </person-group>
                  <fpage>387</fpage>
                  <source>Chartist Studies</source>
               </mixed-citation>
            </p>
         </fn>
         <fn id="d22191e4144a1310">
            <label>107</label>
            <p>
               <mixed-citation id="d22191e4151" publication-type="journal">
Briggs, 'National Bearings', in Briggs, Chartist Studies, 301-2.<person-group>
                     <string-name>
                        <surname>Briggs</surname>
                     </string-name>
                  </person-group>
                  <fpage>301</fpage>
                  <source>Chartist Studies</source>
               </mixed-citation>
            </p>
         </fn>
         <fn id="d22191e4173a1310">
            <label>108</label>
            <p>
               <mixed-citation id="d22191e4180" publication-type="journal">
Northern Star, 6 Apr. 1839.<issue>6 Apr.</issue>
                  <source>Northern Star</source>
                  <year>1839</year>
               </mixed-citation>
            </p>
         </fn>
         <fn id="d22191e4196a1310">
            <label>109</label>
            <p>
               <mixed-citation id="d22191e4203" publication-type="journal">
Ibid., 20 Apr. 1839.<issue>20 Apr.</issue>
                  <source>Northern Star</source>
                  <year>1839</year>
               </mixed-citation>
            </p>
         </fn>
         <fn id="d22191e4219a1310">
            <label>110</label>
            <p>
               <mixed-citation id="d22191e4226" publication-type="journal">
Ibid., 27 Apr. 1839.<issue>27 Apr.</issue>
                  <source>Northern Star</source>
                  <year>1839</year>
               </mixed-citation>
            </p>
         </fn>
         <fn id="d22191e4242a1310">
            <label>111</label>
            <p>
               <mixed-citation id="d22191e4249" publication-type="book">
J. R. Stephens, The Political Pulpit, Nos 1-13 (1839), in Claeys (ed.), The
Chartist Movement in Britain, 1838-1850 (6 vols, London, 2001), i, 197-356,<person-group>
                     <string-name>
                        <surname>Stephens</surname>
                     </string-name>
                  </person-group>
                  <fpage>197</fpage>
                  <volume>i</volume>
                  <source>The Political Pulpit</source>
                  <year>2001</year>
               </mixed-citation>
            </p>
            <p>
               <mixed-citation id="d22191e4280" publication-type="other">
no. 6,
Sermon in Shepherd and Shepherdess Fields, Islington, 12 May 1839;</mixed-citation>
            </p>
            <p>
               <mixed-citation id="d22191e4289" publication-type="other">
no. 8, Sermon at Kennington
Common, 12 May 1839;</mixed-citation>
            </p>
            <p>
               <mixed-citation id="d22191e4299" publication-type="other">
no. 9, Sermon at Ashton-under-Lyne, 26 May 1839.</mixed-citation>
            </p>
         </fn>
         <fn id="d22191e4306a1310">
            <label>112</label>
            <p>
               <mixed-citation id="d22191e4313" publication-type="book">
R. C. Gammage, History of the Chartist Movement, 1837-1854 (London, 1854), 133.<person-group>
                     <string-name>
                        <surname>Gammage</surname>
                     </string-name>
                  </person-group>
                  <fpage>133</fpage>
                  <source>History of the Chartist Movement, 1837-1854</source>
                  <year>1854</year>
               </mixed-citation>
            </p>
         </fn>
         <fn id="d22191e4339a1310">
            <label>113</label>
            <p>
               <mixed-citation id="d22191e4346" publication-type="journal">
Northern Star, 31 Aug. 1839.<issue>31 Aug.</issue>
                  <source>Northern Star</source>
                  <year>1839</year>
               </mixed-citation>
            </p>
         </fn>
         <fn id="d22191e4362a1310">
            <label>114</label>
            <p>
               <mixed-citation id="d22191e4369" publication-type="journal">
Ibid., 9 Nov. 1839.<issue>9 Nov.</issue>
                  <source>Northern Star</source>
                  <year>1839</year>
               </mixed-citation>
            </p>
         </fn>
         <fn id="d22191e4385a1310">
            <label>115</label>
            <p>
               <mixed-citation id="d22191e4392" publication-type="journal">
W. H. Maehl, 'Chartist Disturbances in North East England', International Review
of Social History, viii (1963), 389-414.<person-group>
                     <string-name>
                        <surname>Maehl</surname>
                     </string-name>
                  </person-group>
                  <fpage>389</fpage>
                  <volume>viii</volume>
                  <source>International Review of Social History</source>
                  <year>1963</year>
               </mixed-citation>
            </p>
         </fn>
         <fn id="d22191e4424a1310">
            <label>116</label>
            <p>
               <mixed-citation id="d22191e4431" publication-type="journal">
Stevenson, Popular Disturbances in England, 251-2;<person-group>
                     <string-name>
                        <surname>Stevenson</surname>
                     </string-name>
                  </person-group>
                  <fpage>251</fpage>
                  <source>Popular Disturbances in England</source>
               </mixed-citation>
            </p>
            <p>
               <mixed-citation id="d22191e4452" publication-type="journal">
Palmer, Police and Protest, 447;<person-group>
                     <string-name>
                        <surname>Palmer</surname>
                     </string-name>
                  </person-group>
                  <fpage>447</fpage>
                  <source>Police and Protest</source>
               </mixed-citation>
            </p>
            <p>
               <mixed-citation id="d22191e4473" publication-type="journal">
Storch,
'The Plague of the Blue Locusts: Police Reform and Popular Resistance in Northern England,
1840-57', IRSH, xx (1975), 61-90.<person-group>
                     <string-name>
                        <surname>Storch</surname>
                     </string-name>
                  </person-group>
                  <fpage>61</fpage>
                  <volume>xx</volume>
                  <source>IRSH</source>
                  <year>1975</year>
               </mixed-citation>
            </p>
         </fn>
         <fn id="d22191e4508a1310">
            <label>117</label>
            <p>
               <mixed-citation id="d22191e4515" publication-type="journal">
Northern Star, 10 June 1848.<issue>10 June</issue>
                  <source>Northern Star</source>
                  <year>1848</year>
               </mixed-citation>
            </p>
            <p>
               <mixed-citation id="d22191e4530" publication-type="journal">
The Times, 5-7 June 1848.<issue>5-7 June</issue>
                  <source>The Times</source>
                  <year>1848</year>
               </mixed-citation>
            </p>
         </fn>
         <fn id="d22191e4546a1310">
            <label>118</label>
            <p>
               <mixed-citation id="d22191e4553" publication-type="journal">
Ariouat, 'Trial Procedure in the Chartist Trials' (1995), 29-34.<person-group>
                     <string-name>
                        <surname>Ariouat</surname>
                     </string-name>
                  </person-group>
                  <fpage>29</fpage>
                  <source>Trial Procedure in the Chartist Trials</source>
                  <year>1995</year>
               </mixed-citation>
            </p>
         </fn>
         <fn id="d22191e4579a1310">
            <label>119</label>
            <p>
               <mixed-citation id="d22191e4586" publication-type="journal">
Goodway, London Chartism, 146.<person-group>
                     <string-name>
                        <surname>Goodway</surname>
                     </string-name>
                  </person-group>
                  <fpage>146</fpage>
                  <source>London Chartism</source>
               </mixed-citation>
            </p>
         </fn>
         <fn id="d22191e4608a1310">
            <label>120</label>
            <p>
               <mixed-citation id="d22191e4615" publication-type="book">
J. B. Leno (Chartist poet), The Autobiography of John Bedford Leno (London, 1892), 57-8.<person-group>
                     <string-name>
                        <surname>Leno</surname>
                     </string-name>
                  </person-group>
                  <fpage>57</fpage>
                  <source>The Autobiography of John Bedford Leno</source>
                  <year>1892</year>
               </mixed-citation>
            </p>
         </fn>
         <fn id="d22191e4640a1310">
            <label>121</label>
            <p>
               <mixed-citation id="d22191e4647" publication-type="journal">
Northern Star, 27 May 1848.<issue>27 May</issue>
                  <source>Northern Star</source>
                  <year>1848</year>
               </mixed-citation>
            </p>
         </fn>
         <fn id="d22191e4663a1310">
            <label>122</label>
            <p>
               <mixed-citation id="d22191e4670" publication-type="journal">
Ibid., 24 June 1848.<issue>24 June</issue>
                  <source>Northern Star</source>
                  <year>1848</year>
               </mixed-citation>
            </p>
         </fn>
         <fn id="d22191e4686a1310">
            <label>123</label>
            <p>
               <mixed-citation id="d22191e4693" publication-type="other">
Saville, 1848, 222-8.</mixed-citation>
            </p>
         </fn>
         <fn id="d22191e4700a1310">
            <label>124</label>
            <p>
               <mixed-citation id="d22191e4707" publication-type="journal">
Schoyen, The Chartist Challenge, 82.<person-group>
                     <string-name>
                        <surname>Schoyen</surname>
                     </string-name>
                  </person-group>
                  <fpage>82</fpage>
                  <source>The Chartist Challenge</source>
               </mixed-citation>
            </p>
         </fn>
         <fn id="d22191e4730a1310">
            <label>125</label>
            <p>
               <mixed-citation id="d22191e4737" publication-type="journal">
E C. Mather, Chartism (1959), 29.<person-group>
                     <string-name>
                        <surname>Mather</surname>
                     </string-name>
                  </person-group>
                  <fpage>29</fpage>
                  <source>Chartism</source>
                  <year>1959</year>
               </mixed-citation>
            </p>
         </fn>
         <fn id="d22191e4762a1310">
            <label>126</label>
            <p>
               <mixed-citation id="d22191e4769" publication-type="other">
E C. Mather, Chartism and Society (1960), 161.</mixed-citation>
            </p>
            <p>
               <mixed-citation id="d22191e4775" publication-type="journal">
Mather, Public Order in the Age of the
Chartists, 128.<person-group>
                     <string-name>
                        <surname>Mather</surname>
                     </string-name>
                  </person-group>
                  <fpage>128</fpage>
                  <source>Public Order in the Age of the Chartists</source>
               </mixed-citation>
            </p>
         </fn>
         <fn id="d22191e4800a1310">
            <label>127</label>
            <p>
               <mixed-citation id="d22191e4807" publication-type="other">
Ibid., 444-5.</mixed-citation>
            </p>
         </fn>
         <fn id="d22191e4814a1310">
            <label>128</label>
            <p>
               <mixed-citation id="d22191e4821" publication-type="book">
R. Fyson, 'The Crisis of 1842: Chartism, the Colliers' Strike and the Outbreak in the
Potteries', in J. Epstein and D. Thompson (ed), The Chartist Experience (London, 1982), 214.<person-group>
                     <string-name>
                        <surname>Fyson</surname>
                     </string-name>
                  </person-group>
                  <comment content-type="section">The Crisis of 1842: Chartism, the Colliers</comment>
                  <fpage>214</fpage>
                  <source>The Chartist Experience</source>
                  <year>1982</year>
               </mixed-citation>
            </p>
         </fn>
         <fn id="d22191e4853a1310">
            <label>129</label>
            <p>
               <mixed-citation id="d22191e4860" publication-type="book">
D. Taylor, The New Police in Nineteenth-Century England: Crime, Conflict and Control
(Manchester, 1997), 36.<person-group>
                     <string-name>
                        <surname>Taylor</surname>
                     </string-name>
                  </person-group>
                  <fpage>36</fpage>
                  <source>The New Police in Nineteenth-Century England: Crime, Conflict and Control</source>
                  <year>1997</year>
               </mixed-citation>
            </p>
         </fn>
         <fn id="d22191e4889a1310">
            <label>130</label>
            <p>
               <mixed-citation id="d22191e4896" publication-type="book">
R. D. Storch, 'Policing Rural Southern England before the Police: Opinion and Practice,
1830-1856', in D. Hay and E Snyder (ed), Policing and Prosecution in Britain, 1750-1850 (Oxford
1989), 222.<person-group>
                     <string-name>
                        <surname>Storch</surname>
                     </string-name>
                  </person-group>
                  <comment content-type="section">Policing Rural Southern England before the Police: Opinion and Practice, 1830-1856</comment>
                  <fpage>222</fpage>
                  <source>Policing and Prosecution in Britain, 1750-1850</source>
                  <year>1989</year>
               </mixed-citation>
            </p>
         </fn>
         <fn id="d22191e4932a1310">
            <label>131</label>
            <p>
               <mixed-citation id="d22191e4939" publication-type="book">
D. Philips and R. D. Storch, Policing Provincial England, 1829-1856: The Politics of Reform
(London, 1999) 139-9.<person-group>
                     <string-name>
                        <surname>Philips</surname>
                     </string-name>
                  </person-group>
                  <fpage>139</fpage>
                  <source>Policing Provincial England, 1829-1856: The Politics of Reform</source>
                  <year>1999</year>
               </mixed-citation>
            </p>
         </fn>
         <fn id="d22191e4968a1310">
            <label>132</label>
            <p>
               <mixed-citation id="d22191e4975" publication-type="book">
C. Steedman, Policing the Victorian Community: The
Formation of English Provincial Police Forces, 1856-80 (London, 1984).<person-group>
                     <string-name>
                        <surname>Steedman</surname>
                     </string-name>
                  </person-group>
                  <source>Policing the Victorian Community: The Formation of English Provincial Police Forces, 1856-80</source>
                  <year>1984</year>
               </mixed-citation>
            </p>
         </fn>
         <fn id="d22191e5000a1310">
            <label>133</label>
            <p>
               <mixed-citation id="d22191e5007" publication-type="other">
Jones, Before Rebecca, 180.</mixed-citation>
            </p>
         </fn>
         <fn id="d22191e5014a1310">
            <label>134</label>
            <p>
               <mixed-citation id="d22191e5021" publication-type="other">
Palmer, Police and Protest, 429.</mixed-citation>
            </p>
         </fn>
         <fn id="d22191e5028a1310">
            <label>135</label>
            <p>
               <mixed-citation id="d22191e5035" publication-type="other">
HO 45/249, Derby to HO, 18 Aug. 1842,</mixed-citation>
            </p>
            <p>
               <mixed-citation id="d22191e5041" publication-type="journal">
Radzinowicz, 'Towards a National
Standard of Policing', in Fitzgerald et al. (ed.) Crime and Society (1981), 60-1.<person-group>
                     <string-name>
                        <surname>Radzinowicz</surname>
                     </string-name>
                  </person-group>
                  <fpage>60</fpage>
                  <source>Crime and Society</source>
                  <year>1981</year>
               </mixed-citation>
            </p>
         </fn>
         <fn id="d22191e5070a1310">
            <label>136</label>
            <p>
               <mixed-citation id="d22191e5077" publication-type="journal">
E. Royle, Revolutionary Britannia? (2000),
Ch. 4, 148-84.<person-group>
                     <string-name>
                        <surname>Royle</surname>
                     </string-name>
                  </person-group>
                  <fpage>148</fpage>
                  <source>Revolutionary Britannia?</source>
                  <year>2000</year>
               </mixed-citation>
            </p>
         </fn>
      </fn-group>
   </back>
</article>
