<article xmlns:xsi="http://www.w3.org/2001/XMLSchema-instance"
         xmlns:xlink="http://www.w3.org/1999/xlink"
         xmlns:mml="http://www.w3.org/1998/Math/MathML"
         dtd-version="1.0"
         article-type="research-article">
   <front>
      <journal-meta>
         <journal-id journal-id-type="jstor">englhistrevi</journal-id>
         <journal-id journal-id-type="jstor">j100150</journal-id>
         <journal-title-group>
            <journal-title>The English Historical Review</journal-title>
         </journal-title-group>
         <publisher>
            <publisher-name>Longmans, Green and Co.</publisher-name>
         </publisher>
         <issn pub-type="ppub">00138266</issn>
         <issn pub-type="epub">14774534</issn>
      </journal-meta>
      <article-meta>
         <article-id pub-id-type="jstor">550760</article-id>
         <article-categories>
            <subj-group>
               <subject>Notes and Documents</subject>
            </subj-group>
         </article-categories>
         <title-group>
            <article-title>Two Forged Charters of Henry II</article-title>
         </title-group>
         <contrib-group>
            <contrib contrib-type="author">
               <string-name>
                  <given-names>H. E.</given-names>
                  <surname>Salter</surname>
               </string-name>
            </contrib>
         </contrib-group>
         <pub-date>
            <day>1</day>
            <month>1</month>
            <year>1919</year>
         </pub-date>
         <volume>34</volume>
         <issue>133</issue>
         <issue-id>i224168</issue-id>
         <fpage>65</fpage>
         <lpage>68</lpage>
         <page-range>65-68</page-range>
         <permissions>
            <copyright-statement/>
         </permissions>
         <self-uri xlink:href="http://www.jstor.org/stable/550760"/>
         <custom-meta-group>
            <custom-meta>
               <meta-name>lang</meta-name>
               <meta-value>eng</meta-value>
            </custom-meta>
         </custom-meta-group>
      </article-meta>
   </front>
   <back>
      <fn-group>
         <title>[Footnotes]</title>
         <fn id="d16018e122a1310">
            <label>1</label>
            <p>
               <mixed-citation id="d16018e129" publication-type="other">
Cf. ante, xxx. 756.</mixed-citation>
            </p>
         </fn>
         <fn id="d16018e136a1310">
            <label>2</label>
            <p>
               <mixed-citation id="d16018e143" publication-type="book">
See Cartulary of St. Frideswide, i. 44 (Oxford Historical Society).<fpage>44</fpage>
                  <volume>i</volume>
                  <source>Cartulary of St. Frideswide</source>
               </mixed-citation>
            </p>
         </fn>
         <fn id="d16018e159a1310">
            <label>3</label>
            <p>
               <mixed-citation id="d16018e166" publication-type="book">
Cf. Rashdall, The Universities of Europe in the Middle Ages, ii. 352, n. 1.<person-group>
                     <string-name>
                        <surname>Rashdall</surname>
                     </string-name>
                  </person-group>
                  <fpage>352</fpage>
                  <volume>ii</volume>
                  <source>The Universities of Europe in the Middle Ages</source>
               </mixed-citation>
            </p>
         </fn>
      </fn-group>
      <fn-group>
         <title>[Footnotes]</title>
         <fn id="d16018e200a1310">
            <label>1</label>
            <p>
               <mixed-citation id="d16018e207" publication-type="other">
Eyton, Itinerary of Henry II, p. 27.</mixed-citation>
            </p>
         </fn>
         <fn id="d16018e214a1310">
            <label>2</label>
            <p>
               <mixed-citation id="d16018e221" publication-type="other">
Delisle, Recueil des Actes de Henri II, introduction, p. 290.</mixed-citation>
            </p>
         </fn>
      </fn-group>
      <fn-group>
         <title>[Footnotes]</title>
         <fn id="d16018e237a1310">
            <label>1</label>
            <p>
               <mixed-citation id="d16018e244" publication-type="other">
Recueil des Actes de Henri II, tome I, edited by M. Élie Berger, p. 262.</mixed-citation>
            </p>
         </fn>
         <fn id="d16018e251a1310">
            <label>2</label>
            <p>
               <mixed-citation id="d16018e258" publication-type="other">
Bodleian charter, Shropshire, no. 86.</mixed-citation>
            </p>
         </fn>
         <fn id="d16018e265a1310">
            <label>3</label>
            <p>
               <mixed-citation id="d16018e272" publication-type="other">
On these see ante, vol. xxiii (1908), 82.</mixed-citation>
            </p>
         </fn>
         <fn id="d16018e279a1310">
            <label>4</label>
            <p>
               <mixed-citation id="d16018e286" publication-type="other">
It was introduced from the papal chancery, where it was given the technical
name of titulus or 'title'.</mixed-citation>
            </p>
         </fn>
         <fn id="d16018e297a1310">
            <label>5</label>
            <p>
               <mixed-citation id="d16018e304" publication-type="other">
In an earlier form it occurs in no. 28, of the year 1151.</mixed-citation>
            </p>
         </fn>
      </fn-group>
      <fn-group>
         <title>[Footnotes]</title>
         <fn id="d16018e320a1310">
            <label>1</label>
            <p>
               <mixed-citation id="d16018e327" publication-type="other">
Recueil des Actes de Henri II, tome I, p. 555.</mixed-citation>
            </p>
            <p>
               <mixed-citation id="d16018e333" publication-type="other">
Eyton, Itinerary, p. 169</mixed-citation>
            </p>
         </fn>
      </fn-group>
   </back>
</article>
