<article xmlns:xsi="http://www.w3.org/2001/XMLSchema-instance"
         xmlns:xlink="http://www.w3.org/1999/xlink"
         xmlns:mml="http://www.w3.org/1998/Math/MathML"
         dtd-version="1.0"
         article-type="research-article">
   <front>
      <journal-meta>
         <journal-id journal-id-type="jstor">englhistrevi</journal-id>
         <journal-id journal-id-type="jstor">j100150</journal-id>
         <journal-title-group>
            <journal-title>The English Historical Review</journal-title>
         </journal-title-group>
         <publisher>
            <publisher-name>Longmans, Green and Co.</publisher-name>
         </publisher>
         <issn pub-type="ppub">00138266</issn>
         <issn pub-type="epub">14774534</issn>
      </journal-meta>
      <article-meta>
         <article-id pub-id-type="jstor">550762</article-id>
         <article-categories>
            <subj-group>
               <subject>Notes and Documents</subject>
            </subj-group>
         </article-categories>
         <title-group>
            <article-title>Notes on the Records of the Custom House, London</article-title>
         </title-group>
         <contrib-group>
            <contrib contrib-type="author">
               <string-name>
                  <given-names>G. Graham</given-names>
                  <surname>Dixon</surname>
               </string-name>
            </contrib>
         </contrib-group>
         <pub-date>
            <day>1</day>
            <month>1</month>
            <year>1919</year>
         </pub-date>
         <volume>34</volume>
         <issue>133</issue>
         <issue-id>i224168</issue-id>
         <fpage>71</fpage>
         <lpage>84</lpage>
         <page-range>71-84</page-range>
         <permissions>
            <copyright-statement/>
         </permissions>
         <self-uri xlink:href="http://www.jstor.org/stable/550762"/>
         <custom-meta-group>
            <custom-meta>
               <meta-name>lang</meta-name>
               <meta-value>eng</meta-value>
            </custom-meta>
         </custom-meta-group>
      </article-meta>
   </front>
   <back>
      <fn-group>
         <title>[Footnotes]</title>
         <fn id="d16053e122a1310">
            <label>1</label>
            <p>
               <mixed-citation id="d16053e129" publication-type="other">
Contrasted with Trayne Oyle.</mixed-citation>
            </p>
         </fn>
         <fn id="d16053e136a1310">
            <label>2</label>
            <p>
               <mixed-citation id="d16053e143" publication-type="other">
It is noticeable that in the previous six months the imports of iron from Sweden
had been £59,000 and of pitch £11,000.</mixed-citation>
            </p>
         </fn>
      </fn-group>
   </back>
</article>
