<article xmlns:xsi="http://www.w3.org/2001/XMLSchema-instance"
         xmlns:xlink="http://www.w3.org/1999/xlink"
         xmlns:mml="http://www.w3.org/1998/Math/MathML"
         dtd-version="1.0"
         article-type="research-article">
   <front>
      <journal-meta>
         <journal-id journal-id-type="jstor">englhistrevi</journal-id>
         <journal-id journal-id-type="jstor">j100150</journal-id>
         <journal-title-group>
            <journal-title>The English Historical Review</journal-title>
         </journal-title-group>
         <publisher>
            <publisher-name>Longmans, Green and Co.</publisher-name>
         </publisher>
         <issn pub-type="ppub">00138266</issn>
         <issn pub-type="epub">14774534</issn>
      </journal-meta>
      <article-meta>
         <article-id pub-id-type="jstor">550763</article-id>
         <article-categories>
            <subj-group>
               <subject>Notes and Documents</subject>
            </subj-group>
         </article-categories>
         <title-group>
            <article-title>Greek Slaves at Tunis in 1823</article-title>
         </title-group>
         <contrib-group>
            <contrib contrib-type="author">
               <string-name>Thos. Maitland</string-name>
            </contrib>
            <contrib contrib-type="author">
               <string-name>
                  <given-names>G.</given-names>
                  <surname>Davies</surname>
               </string-name>
            </contrib>
         </contrib-group>
         <pub-date>
            <day>1</day>
            <month>1</month>
            <year>1919</year>
         </pub-date>
         <volume>34</volume>
         <issue>133</issue>
         <issue-id>i224168</issue-id>
         <fpage>84</fpage>
         <lpage>89</lpage>
         <page-range>84-89</page-range>
         <permissions>
            <copyright-statement/>
         </permissions>
         <self-uri xlink:href="http://www.jstor.org/stable/550763"/>
         <custom-meta-group>
            <custom-meta>
               <meta-name>lang</meta-name>
               <meta-value>eng</meta-value>
            </custom-meta>
         </custom-meta-group>
      </article-meta>
   </front>
   <back>
      <fn-group>
         <title>[Footnotes]</title>
         <fn id="d16011e128a1310">
            <p>
               <mixed-citation id="d16011e132" publication-type="other">
A list of the documents supplied to the commissioners is here omitted.</mixed-citation>
            </p>
         </fn>
      </fn-group>
      <fn-group>
         <title>[Footnotes]</title>
         <fn id="d16011e148a1310">
            <label>1</label>
            <p>
               <mixed-citation id="d16011e155" publication-type="other">
Ataliotty deposed that his sister, with her son and four daughters, was enslaved
after the massacre at Scio (April 1822). The subsequent fate of the women does not
appear, but the Commissioners discovered that the boy was forced to declare himself
a Mussulman after being bastinadoed.</mixed-citation>
            </p>
         </fn>
      </fn-group>
      <fn-group>
         <title>[Footnotes]</title>
         <fn id="d16011e180a1310">
            <label>1</label>
            <p>
               <mixed-citation id="d16011e187" publication-type="other">
The commissioners state that ' We explained that the object of this article was
to prevent the sale of Christians, that a slave being a servant did not become free by
landing at Tunis, but that the master could not sell him'.</mixed-citation>
            </p>
         </fn>
      </fn-group>
      <fn-group>
         <title>[Footnotes]</title>
         <fn id="d16011e209a1310">
            <label>1</label>
            <p>
               <mixed-citation id="d16011e216" publication-type="other">
The captain was imprisoned, but ultimately released for want of evidence-much
to the annoyance of Lord Bathurst, who was very anxious that an example should be
made. Incidentally it appeared that there had hitherto been no trial of any captain
engaged in the Slave Trade in the Mediterranean.</mixed-citation>
            </p>
         </fn>
         <fn id="d16011e232a1310">
            <label>2</label>
            <p>
               <mixed-citation id="d16011e239" publication-type="other">
This is omitted as being substantially the same as the letter here printed.</mixed-citation>
            </p>
         </fn>
         <fn id="d16011e246a1310">
            <label>3</label>
            <p>
               <mixed-citation id="d16011e253" publication-type="other">
There are many depositions and declarations in the Bathurst MSS., which prove
that torture was used to compel Greek captives to change their religion. One deposi-
tion estimated the number of Greek slaves brought to Tunis as from 60 to 70, and other
evidence confirms this estimate, which, if erro'neous, is too low.</mixed-citation>
            </p>
         </fn>
      </fn-group>
      <fn-group>
         <title>[Footnotes]</title>
         <fn id="d16011e278a1310">
            <label>1</label>
            <p>
               <mixed-citation id="d16011e285" publication-type="book">
Letters from Tulin to Maitland, 2, 7 October 1823, Bathurst MSS.<person-group>
                     <string-name>
                        <surname>Tulin</surname>
                     </string-name>
                  </person-group>
                  <source>Bathurst MSS.</source>
                  <year>1823</year>
               </mixed-citation>
            </p>
         </fn>
         <fn id="d16011e307a1310">
            <label>2</label>
            <p>
               <mixed-citation id="d16011e314" publication-type="book">
Maitland to Tulin, 11 November 1823, Bathurst MSS.<person-group>
                     <string-name>
                        <surname>Maitland</surname>
                     </string-name>
                  </person-group>
                  <source>Bathurst MSS.</source>
                  <year>1823</year>
               </mixed-citation>
            </p>
         </fn>
         <fn id="d16011e336a1310">
            <label>3</label>
            <p>
               <mixed-citation id="d16011e343" publication-type="book">
1 January 1824, British and Foreign State Papers, 1826-7, p. 642.<fpage>642</fpage>
                  <volume>7</volume>
                  <source>British and Foreign State Papers</source>
                  <year>1826</year>
               </mixed-citation>
            </p>
         </fn>
      </fn-group>
   </back>
</article>
