<article xmlns:xsi="http://www.w3.org/2001/XMLSchema-instance"
         xmlns:xlink="http://www.w3.org/1999/xlink"
         xmlns:mml="http://www.w3.org/1998/Math/MathML"
         dtd-version="1.0"
         article-type="research-article">
   <front>
      <journal-meta>
         <journal-id journal-id-type="jstor">englhistrevi</journal-id>
         <journal-id journal-id-type="jstor">j100150</journal-id>
         <journal-title-group>
            <journal-title>The English Historical Review</journal-title>
         </journal-title-group>
         <publisher>
            <publisher-name>Longmans, Green and Co.</publisher-name>
         </publisher>
         <issn pub-type="ppub">00138266</issn>
         <issn pub-type="epub">14774534</issn>
      </journal-meta>
      <article-meta>
         <article-id pub-id-type="jstor">550940</article-id>
         <title-group>
            <article-title>Short Notices</article-title>
         </title-group>
         <pub-date>
            <day>1</day>
            <month>10</month>
            <year>1918</year>
         </pub-date>
         <volume>33</volume>
         <issue>132</issue>
         <issue-id>i224167</issue-id>
         <fpage>557</fpage>
         <lpage>564</lpage>
         <page-range>557-564</page-range>
         <permissions>
            <copyright-statement/>
         </permissions>
         <self-uri xlink:href="http://www.jstor.org/stable/550940"/>
         <custom-meta-group>
            <custom-meta>
               <meta-name>lang</meta-name>
               <meta-value>eng</meta-value>
            </custom-meta>
         </custom-meta-group>
      </article-meta>
   </front>
</article>
