<article xmlns:xsi="http://www.w3.org/2001/XMLSchema-instance"
         xmlns:xlink="http://www.w3.org/1999/xlink"
         xmlns:mml="http://www.w3.org/1998/Math/MathML"
         dtd-version="1.0"
         article-type="research-article">
   <front>
      <journal-meta>
         <journal-id journal-id-type="jstor">englhistrevi</journal-id>
         <journal-id journal-id-type="jstor">j100150</journal-id>
         <journal-title-group>
            <journal-title>The English Historical Review</journal-title>
         </journal-title-group>
         <publisher>
            <publisher-name>Longmans, Green and Co.</publisher-name>
         </publisher>
         <issn pub-type="ppub">00138266</issn>
         <issn pub-type="epub">14774534</issn>
      </journal-meta>
      <article-meta>
         <article-id pub-id-type="jstor">551196</article-id>
         <title-group>
            <article-title>Gregory VII</article-title>
         </title-group>
         <contrib-group>
            <contrib contrib-type="author">
               <string-name>
                  <given-names>J. P.</given-names>
                  <surname>Whitney</surname>
               </string-name>
            </contrib>
         </contrib-group>
         <pub-date>
            <day>1</day>
            <month>4</month>
            <year>1919</year>
         </pub-date>
         <volume>34</volume>
         <issue>134</issue>
         <issue-id>i224169</issue-id>
         <fpage>129</fpage>
         <lpage>151</lpage>
         <page-range>129-151</page-range>
         <permissions>
            <copyright-statement/>
         </permissions>
         <self-uri xlink:href="http://www.jstor.org/stable/551196"/>
         <custom-meta-group>
            <custom-meta>
               <meta-name>lang</meta-name>
               <meta-value>eng</meta-value>
            </custom-meta>
         </custom-meta-group>
      </article-meta>
   </front>
   <back>
      <fn-group>
         <title>[Footnotes]</title>
         <fn id="d6756e113a1310">
            <label>1</label>
            <p>
               <mixed-citation id="d6756e120" publication-type="other">
1815, revised 1846.</mixed-citation>
            </p>
         </fn>
         <fn id="d6756e127a1310">
            <label>2</label>
            <p>
               <mixed-citation id="d6756e134" publication-type="other">
Letter8 and Corre8pondence of J. H. Newman, ii. 15, 120, 271,
320, 322.</mixed-citation>
            </p>
         </fn>
         <fn id="d6756e144a1310">
            <label>3</label>
            <p>
               <mixed-citation id="d6756e151" publication-type="other">
Giesebrecht, Die deutsche Kaiserzeit, iii. 1077.</mixed-citation>
            </p>
            <p>
               <mixed-citation id="d6756e157" publication-type="other">
Meyer. von Knonau's Jahr-
bücher des deutschen Reiches unter Heinrich IV. und Heinrich V.  </mixed-citation>
            </p>
            <p>
               <mixed-citation id="d6756e168" publication-type="partial">
Gregory VII down to that time (1903).</mixed-citation>
            </p>
            <p>
               <mixed-citation id="d6756e175" publication-type="other">
Hefele'g Concilien, vol. v,
pt. 1, p. 14 seq.</mixed-citation>
            </p>
         </fn>
      </fn-group>
      <fn-group>
         <title>[Footnotes]</title>
         <fn id="d6756e194a1310">
            <label>1</label>
            <p>
               <mixed-citation id="d6756e201" publication-type="other">
Libelli de Lite Imperatorum et Pontificum saeculis XI et XII conscripti, i-iii</mixed-citation>
            </p>
            <p>
               <mixed-citation id="d6756e207" publication-type="other">
Monumenta Germaniae Historica, 1892-7</mixed-citation>
            </p>
         </fn>
         <fn id="d6756e214a1310">
            <label>2</label>
            <p>
               <mixed-citation id="d6756e221" publication-type="book">
Giesebrecht, De Registro Gregorii VII emendando (Brunswick, 1858).<person-group>
                     <string-name>
                        <surname>Giesebrecht</surname>
                     </string-name>
                  </person-group>
                  <source>De Registro Gregorii VII emendando</source>
                  <year>1858</year>
               </mixed-citation>
            </p>
            <p>
               <mixed-citation id="d6756e242" publication-type="book">
Peitz, Das Originaregister
Gregors VII. (Vienna, 1911), p. 5 seq.<person-group>
                     <string-name>
                        <surname>Peitz</surname>
                     </string-name>
                  </person-group>
                  <fpage>5</fpage>
                  <source>Das Originaregister Gregors VII</source>
                  <year>1911</year>
               </mixed-citation>
            </p>
            <p>
               <mixed-citation id="d6756e270" publication-type="book">
R. L. Poole, Lectures on the History of the Papal Chancery (Cambridge, 1915),
p. 124 seq.<person-group>
                     <string-name>
                        <surname>Poole</surname>
                     </string-name>
                  </person-group>
                  <fpage>124</fpage>
                  <source>Lectures on the History of the Papal Chancery</source>
                  <year>1915</year>
               </mixed-citation>
            </p>
         </fn>
         <fn id="d6756e299a1310">
            <label>3</label>
            <p>
               <mixed-citation id="d6756e306" publication-type="other">
See his excursus ii, vol. ii, p. 298 seq.</mixed-citation>
            </p>
            <p>
               <mixed-citation id="d6756e312" publication-type="other">
see excursus iii, vol. ii, p. 314</mixed-citation>
            </p>
            <p>
               <mixed-citation id="d6756e318" publication-type="other">
The Commentarius electionis
(Reg. i. 1)</mixed-citation>
            </p>
         </fn>
         <fn id="d6756e328a1310">
            <label>4</label>
            <p>
               <mixed-citation id="d6756e335" publication-type="book">
Bresslau, in his Handbuch der Urkundenlehre (2nd ed., pp. 107--8 and note,
pp. 740-1)<person-group>
                     <string-name>
                        <surname>Bresslau</surname>
                     </string-name>
                  </person-group>
                  <edition>2</edition>
                  <fpage>740</fpage>
                  <source>Handbuch der Urkundenlehre</source>
               </mixed-citation>
            </p>
            <p>
               <mixed-citation id="d6756e363" publication-type="other">
Neues Archiv, xxxviii (1913), 143-226</mixed-citation>
            </p>
            <p>
               <mixed-citation id="d6756e369" publication-type="other">
Poole, op. cit., p. 130 f.  </mixed-citation>
            </p>
         </fn>
      </fn-group>
      <fn-group>
         <title>[Footnotes]</title>
         <fn id="d6756e387a1310">
            <label>1</label>
            <p>
               <mixed-citation id="d6756e394" publication-type="book">
Geschichte der deutschen Kaiserzeit, vol. iii (4th ed:).<edition>4</edition>
                  <volume>iii</volume>
                  <source>Geschichte der deutschen Kaiserzeit</source>
               </mixed-citation>
            </p>
         </fn>
      </fn-group>
      <fn-group>
         <title>[Footnotes]</title>
         <fn id="d6756e419a1310">
            <label>1</label>
            <p>
               <mixed-citation id="d6756e426" publication-type="other">
Lamperti Monachi Hersfeldensis Opera, edited by 0. Holder-Egger (in Scriptores
Rerum Germanicarurn, Hanover, 1894).</mixed-citation>
            </p>
            <p>
               <mixed-citation id="d6756e435" publication-type="journal">
'Studien zu Lambert von Hersfeld' in Neues
Archiv, xix (1894), pp. 141 and 507 seq.<fpage>141</fpage>
                  <volume>xix</volume>
                  <source>Neues Archiv</source>
                  <year>1894</year>
               </mixed-citation>
            </p>
            <p>
               <mixed-citation id="d6756e457" publication-type="other">
There is a significantly long Excursus upon
the trustworthiness of Lampert in Meyer von Knonau, ii. 791-853.</mixed-citation>
            </p>
            <p>
               <mixed-citation id="d6756e467" publication-type="other">
Jaffe, Reg., p. 577 seq.</mixed-citation>
            </p>
            <p>
               <mixed-citation id="d6756e473" publication-type="other">
Watterich, Vitae
Pontificum, i. xxiii-xliii</mixed-citation>
            </p>
            <p>
               <mixed-citation id="d6756e482" publication-type="conference">
R. L. Poole, Benedict IX and Gregory VI, in Proceedings
of the British Academy, viii. 12 seq.<person-group>
                     <string-name>
                        <surname>Poole</surname>
                     </string-name>
                  </person-group>
                  <fpage>12</fpage>
                  <volume>viii</volume>
                  <source>Benedict IX and Gregory VI, in Proceedings of the British Academy</source>
               </mixed-citation>
            </p>
            <p>
               <mixed-citation id="d6756e510" publication-type="conference">
Martens, i. 37 seq., also passim.<person-group>
                     <string-name>
                        <surname>Martens</surname>
                     </string-name>
                  </person-group>
                  <fpage>37</fpage>
                  <volume>i</volume>
                  <source>Benedict IX and Gregory VI, in Proceedings of the British Academy</source>
               </mixed-citation>
            </p>
         </fn>
      </fn-group>
      <fn-group>
         <title>[Footnotes]</title>
         <fn id="d6756e544a1310">
            <label>1</label>
            <p>
               <mixed-citation id="d6756e551" publication-type="journal">
Church Quarterly Review, June1910, p. 414 seq.<issue>June</issue>
                  <fpage>414</fpage>
                  <source>Church Quarterly Review</source>
                  <year>1910</year>
               </mixed-citation>
            </p>
            <p>
               <mixed-citation id="d6756e569" publication-type="other">
Poole,
Benedict IX and Gregory VI, and for the family of Gregory VII p. 21 seq.</mixed-citation>
            </p>
         </fn>
         <fn id="d6756e579a1310">
            <label>2</label>
            <p>
               <mixed-citation id="d6756e586" publication-type="other">
Giesebrecht, Kaiserzeit, iii. 244.</mixed-citation>
            </p>
         </fn>
         <fn id="d6756e593a1310">
            <label>3</label>
            <p>
               <mixed-citation id="d6756e600" publication-type="other">
Libelli de Lite, iii. 388 and 439.</mixed-citation>
            </p>
         </fn>
         <fn id="d6756e607a1310">
            <label>4</label>
            <p>
               <mixed-citation id="d6756e614" publication-type="book">
Die Eigenkirche als Element des mittelalt.-german. Kirchenrechtes (Berlin, 1895).<source>Die Eigenkirche als Element des mittelalt.-german. Kirchenrechtes</source>
                  <year>1895</year>
               </mixed-citation>
            </p>
         </fn>
         <fn id="d6756e628a1310">
            <label>5</label>
            <p>
               <mixed-citation id="d6756e635" publication-type="book">
Scharnagl, Der Begriff der Investitur in den Quellen und der Literatur des
Investiturstreites (Stuttgart, 1908)<person-group>
                     <string-name>
                        <surname>Scharnagl</surname>
                     </string-name>
                  </person-group>
                  <source>Der Begriff der Investitur in den Quellen und der Literatur des Investiturstreites</source>
                  <year>1908</year>
               </mixed-citation>
            </p>
            <p>
               <mixed-citation id="d6756e659" publication-type="journal">
Kirchenrechtl. Abhandl., ed. Stutz, No. 56.<issue>56</issue>
                  <source>Kirchenrechtl. Abhandl</source>
               </mixed-citation>
            </p>
            <p>
               <mixed-citation id="d6756e671" publication-type="journal">
Ch. Quart. Rev., June1910, pp. 415-18.<issue>June</issue>
                  <fpage>415</fpage>
                  <source>Ch. Quart. Rev.</source>
                  <year>1910</year>
               </mixed-citation>
            </p>
         </fn>
      </fn-group>
      <fn-group>
         <title>[Footnotes]</title>
         <fn id="d6756e700a1310">
            <label>1</label>
            <p>
               <mixed-citation id="d6756e707" publication-type="book">
Études sur les fausses décrétales (Louvain, 1907)<source>Études sur les fausses décrétales</source>
                  <year>1907</year>
               </mixed-citation>
            </p>
            <p>
               <mixed-citation id="d6756e719" publication-type="book">
reprint of articles in
the Revue d'Histoire ecclèsiastique<source>Revue d'Histoire ecclèsiastique</source>
               </mixed-citation>
            </p>
            <p>
               <mixed-citation id="d6756e731" publication-type="journal">
same review, xii. 451 seq.<fpage>451</fpage>
                  <volume>xii</volume>
               </mixed-citation>
            </p>
            <p>
               <mixed-citation id="d6756e744" publication-type="other">
Peitz, Das Originalregister Gregors VII., p. 276, note 3.</mixed-citation>
            </p>
         </fn>
         <fn id="d6756e751a1310">
            <label>2</label>
            <p>
               <mixed-citation id="d6756e758" publication-type="other">
Watterich, Vitae Pontificum, i. 79.</mixed-citation>
            </p>
            <p>
               <mixed-citation id="d6756e764" publication-type="other">
Poole, Benedict IX and Gregory VI, p. 13 f.</mixed-citation>
            </p>
            <p>
               <mixed-citation id="d6756e770" publication-type="journal">
Sackur, Neues Archiv, xviii (1897), 139-41.<person-group>
                     <string-name>
                        <surname>Sackur</surname>
                     </string-name>
                  </person-group>
                  <fpage>139</fpage>
                  <volume>xviii</volume>
                  <source>Neues Archiv</source>
                  <year>1897</year>
               </mixed-citation>
            </p>
            <p>
               <mixed-citation id="d6756e799" publication-type="book">
Fournier, Le Premier Manuel canoniquc de la
Rèforme du Xle siécle (Rome, 1894), p. 57.<person-group>
                     <string-name>
                        <surname>Fournier</surname>
                     </string-name>
                  </person-group>
                  <fpage>57</fpage>
                  <source>Le Premier Manuel canoniquc de la Rèforme du Xle siécle</source>
                  <year>1894</year>
               </mixed-citation>
            </p>
         </fn>
         <fn id="d6756e828a1310">
            <label>3</label>
            <p>
               <mixed-citation id="d6756e835" publication-type="book">
Registrumi. 79 to Anno of Cologne (in Monumenta Gr-egoriana, ed. Jaff6)<comment content-type="section">Monumenta Gr-egoriana</comment>
                  <volume>i</volume>
                  <source>Registrum</source>
               </mixed-citation>
            </p>
         </fn>
         <fn id="d6756e851a1310">
            <label>4</label>
            <p>
               <mixed-citation id="d6756e858" publication-type="book">
Kulot, Die Zusammenstellung. päpstlicher Grundsätze (Dictatus Papae) in
Registrum Gregorii VII (Greifswald, 1907), Intr. (p. 7) and p. 11 seq.<person-group>
                     <string-name>
                        <surname>Kulot</surname>
                     </string-name>
                  </person-group>
                  <fpage>7</fpage>
                  <source>Die Zusammenstellung. päpstlicher Grundsätze (Dictatus Papae) in Registrum Gregorii VII</source>
                  <year>1907</year>
               </mixed-citation>
            </p>
         </fn>
         <fn id="d6756e888a1310">
            <label>5</label>
            <p>
               <mixed-citation id="d6756e895" publication-type="other">
Migne, P.L. cxlv, Opp. Damiani, ii. 89-90</mixed-citation>
            </p>
            <p>
               <mixed-citation id="d6756e901" publication-type="other">
Meyer von Knonau, Jahrbilcher,
ii, p. 549, note 138</mixed-citation>
            </p>
            <p>
               <mixed-citation id="d6756e910" publication-type="other">
Watterich, Vit. Pont. i. 219.</mixed-citation>
            </p>
         </fn>
         <fn id="d6756e917a1310">
            <label>6</label>
            <p>
               <mixed-citation id="d6756e924" publication-type="other">
Dictatuts Papae (in Reg. ii. 55 a).</mixed-citation>
            </p>
         </fn>
         <fn id="d6756e931a1310">
            <label>7</label>
            <p>
               <mixed-citation id="d6756e938" publication-type="other">
Bruno of Segni (Life of Leo IX, in Watterich, Vitae Pontijicum, i. 97)</mixed-citation>
            </p>
         </fn>
      </fn-group>
      <fn-group>
         <title>[Footnotes]</title>
         <fn id="d6756e954a1310">
            <label>1</label>
            <p>
               <mixed-citation id="d6756e961" publication-type="other">
Dr. Poole remarks, ante, vol. xxxiv, p. 11</mixed-citation>
            </p>
            <p>
               <mixed-citation id="d6756e967" publication-type="other">
Poole, The Papal Chancery, p. 130</mixed-citation>
            </p>
            <p>
               <mixed-citation id="d6756e973" publication-type="journal">
latter's paper on Peitz in Neues Archiv, xxxviii. 215<fpage>215</fpage>
                  <volume>xxxviii</volume>
                  <source>Neues Archiv</source>
               </mixed-citation>
            </p>
         </fn>
      </fn-group>
      <fn-group>
         <title>[Footnotes]</title>
         <fn id="d6756e998a1310">
            <label>1</label>
            <p>
               <mixed-citation id="d6756e1005" publication-type="book">
Bresslau, Handbuch der Urkundenlehre für Deutschland und Italien, vol. i, 2nd ed.,
1912.<person-group>
                     <string-name>
                        <surname>Bresslau</surname>
                     </string-name>
                  </person-group>
                  <edition>2</edition>
                  <volume>i</volume>
                  <source>Handbuch der Urkundenlehre für Deutschland und Italien</source>
                  <year>1912</year>
               </mixed-citation>
            </p>
            <p>
               <mixed-citation id="d6756e1036" publication-type="other">
p. 232 seq.</mixed-citation>
            </p>
         </fn>
         <fn id="d6756e1043a1310">
            <label>2</label>
            <p>
               <mixed-citation id="d6756e1050" publication-type="other">
See p. 98 8eq.</mixed-citation>
            </p>
            <p>
               <mixed-citation id="d6756e1056" publication-type="other">
Gregory VII, p. 124 seq.  </mixed-citation>
            </p>
            <p>
               <mixed-citation id="d6756e1064" publication-type="conference">
same
writer's Benedict IX and Gregory VI in Proceedings of the British Academy, vol. viii<volume>viii</volume>
                  <source>Benedict IX and Gregory VI in Proceedings of the British Academy</source>
               </mixed-citation>
            </p>
            <p>
               <mixed-citation id="d6756e1080" publication-type="journal">
'Names
and Numbers of Medieval Popes' in this Review, xxxii. 470-92.<fpage>470</fpage>
                  <volume>xxxii</volume>
                  <source>Names and Numbers of Medieval Popes</source>
               </mixed-citation>
            </p>
         </fn>
         <fn id="d6756e1099a1310">
            <label>3</label>
            <p>
               <mixed-citation id="d6756e1106" publication-type="other">
Poole, The Papa7l Chancery, p. 65.</mixed-citation>
            </p>
         </fn>
         <fn id="d6756e1113a1310">
            <label>4</label>
            <p>
               <mixed-citation id="d6756e1120" publication-type="book">
Bresslau, p. 234 seq.  </mixed-citation>
            </p>
            <p>
               <mixed-citation id="d6756e1128" publication-type="other">
Siegfried of Mainz in Monumenta
Bamberg.,, No. 33 (p. 30)</mixed-citation>
            </p>
            <p>
               <mixed-citation id="d6756e1137" publication-type="other">
Poole, Papal Chancery, p. 67, n. 2.</mixed-citation>
            </p>
         </fn>
         <fn id="d6756e1145a1310">
            <label>5</label>
            <p>
               <mixed-citation id="d6756e1152" publication-type="other">
Halphen, hiudes sur 1'Administration de Rome aut
Moyen Age (1907)</mixed-citation>
            </p>
            <p>
               <mixed-citation id="d6756e1161" publication-type="other">
Duchesne, Les Premiers Temps de lÉtat Pontifical.  </mixed-citation>
            </p>
         </fn>
         <fn id="d6756e1170a1310">
            <label>6</label>
            <p>
               <mixed-citation id="d6756e1177" publication-type="other">
Reg. iii. 10 a (addresed to St. Peter) ' quem ab infantia nutristi'</mixed-citation>
            </p>
            <p>
               <mixed-citation id="d6756e1183" publication-type="other">
iii. 21 ' Inter
quos duo familiares nostri, Albericus et Cincius, et ab ipsa pene adolesc&amp;ntia in Romano
palatio nobiscum nutriti'</mixed-citation>
            </p>
            <p>
               <mixed-citation id="d6756e1195" publication-type="other">
vii. 23 (to William I of England)</mixed-citation>
            </p>
            <p>
               <mixed-citation id="d6756e1202" publication-type="other">
Cincius appears as head of the ludices
in 1084.</mixed-citation>
            </p>
         </fn>
      </fn-group>
      <fn-group>
         <title>[Footnotes]</title>
         <fn id="d6756e1221a1310">
            <label>1</label>
            <p>
               <mixed-citation id="d6756e1228" publication-type="other">
Reg. vii. 14 a, p. 401</mixed-citation>
            </p>
            <p>
               <mixed-citation id="d6756e1234" publication-type="other">
Poole, Bcncdict JX and
Gregory TI (pp. 24-5).</mixed-citation>
            </p>
         </fn>
         <fn id="d6756e1244a1310">
            <p>
               <mixed-citation id="d6756e1248" publication-type="other">
2 Reg. i. 79, already quoted, above, p. 135, n. 3.</mixed-citation>
            </p>
         </fn>
         <fn id="d6756e1255a1310">
            <label>3</label>
            <p>
               <mixed-citation id="d6756e1262" publication-type="other">
Watterich, 1-'t. Pont. i. 96-7.</mixed-citation>
            </p>
            <p>
               <mixed-citation id="d6756e1268" publication-type="other">
Martens, Gregor VII., ii. 281-5</mixed-citation>
            </p>
            <p>
               <mixed-citation id="d6756e1274" publication-type="other">
Miss M.L. Smith,
Cluny and Gregory VII, ante, xxvi. 20.</mixed-citation>
            </p>
         </fn>
         <fn id="d6756e1284a1310">
            <label>4</label>
            <p>
               <mixed-citation id="d6756e1291" publication-type="other">
Martens: War Gregor VIll. M6wh ? (1891).</mixed-citation>
            </p>
            <p>
               <mixed-citation id="d6756e1297" publication-type="other">
Gregor V7II.,
ii, app. i, p. 252.</mixed-citation>
            </p>
         </fn>
         <fn id="d6756e1308a1310">
            <label>5</label>
            <p>
               <mixed-citation id="d6756e1315" publication-type="other">
Henry IV to Gregory VII (1076, from Worms)</mixed-citation>
            </p>
            <p>
               <mixed-citation id="d6756e1321" publication-type="other">
Watterich, i. 378.</mixed-citation>
            </p>
         </fn>
      </fn-group>
      <fn-group>
         <title>[Footnotes]</title>
         <fn id="d6756e1337a1310">
            <label>1</label>
            <p>
               <mixed-citation id="d6756e1344" publication-type="other">
Reg. vii. 14 a, as before.</mixed-citation>
            </p>
         </fn>
         <fn id="d6756e1351a1310">
            <label>2</label>
            <p>
               <mixed-citation id="d6756e1358" publication-type="other">
Reg. i. 3.</mixed-citation>
            </p>
         </fn>
         <fn id="d6756e1365a1310">
            <label>3</label>
            <p>
               <mixed-citation id="d6756e1372" publication-type="journal">
Annales Romani, in Watterich, i. 217<fpage>217</fpage>
                  <volume>i</volume>
                  <source>Annales Romani</source>
               </mixed-citation>
            </p>
         </fn>
         <fn id="d6756e1388a1310">
            <label>4</label>
            <p>
               <mixed-citation id="d6756e1395" publication-type="other">
Wissenschaft, Neue Folge, i, 1896-7.</mixed-citation>
            </p>
            <p>
               <mixed-citation id="d6756e1401" publication-type="book">
H. Sielaff, Studien über Gregor's VII.
Gesinnung und Verhalten gegen König Heinrich IV. in den Jahren 1073-80 (Greifswald,
1910)<person-group>
                     <string-name>
                        <surname>Sielaff</surname>
                     </string-name>
                  </person-group>
                  <source>Studien über Gregor's VII. Gesinnung und Verhalten gegen König Heinrich IV. in den Jahren 1073-80</source>
                  <year>1910</year>
               </mixed-citation>
            </p>
            <p>
               <mixed-citation id="d6756e1429" publication-type="other">
Heinrich Kruger, Was versteht Gregor VII. utnter lustitia und wie wendet er
diesen Begriff im einzelnen praktisch an ? (1910)</mixed-citation>
            </p>
            <p>
               <mixed-citation id="d6756e1439" publication-type="other">
Georg Orthmann, Papst Gregors VII.
Ansichten iUer den Weltklerus seiner Zeit (1910)</mixed-citation>
            </p>
            <p>
               <mixed-citation id="d6756e1448" publication-type="other">
Bernhard Messing, Papst Gregors VII.
Verhdltnis zu den Klostern (1907)</mixed-citation>
            </p>
            <p>
               <mixed-citation id="d6756e1457" publication-type="other">
Richard Hammler, Gregors VII. Stellung zu Frieden
und Krieg im Rahmen seiner Gesamtanschauung (1912)</mixed-citation>
            </p>
            <p>
               <mixed-citation id="d6756e1466" publication-type="other">
Otto Meine, Gregors VII.
Auffassung vom FiLrstenamte im Verhiltnis zu den Fi2rsten seiner Zeit (1907)</mixed-citation>
            </p>
            <p>
               <mixed-citation id="d6756e1475" publication-type="book">
Willi
Lubberstedt, Die Stellung des deutschen Klerus auf päpstlichen Generalkonzilien von
Leo IX. bis Gregor VII. (1049-85) (Cothen-Anhalt, 1911).<person-group>
                     <string-name>
                        <surname>Lubberstedt</surname>
                     </string-name>
                  </person-group>
                  <source>Die Stellung des deutschen Klerus auf päpstlichen Generalkonzilien von Leo IX. bis Gregor VII</source>
                  <year>1049</year>
               </mixed-citation>
            </p>
            <p>
               <mixed-citation id="d6756e1503" publication-type="other">
K. Gl6ckner, Inwiefern sind die gegen Gregor VII. im Wormser Bischofsschreiben vom
24. Januar 1076 ausgesprochenen Vorwiurfe berechtigt ? (1907).</mixed-citation>
            </p>
            <p>
               <mixed-citation id="d6756e1513" publication-type="book">
Die päpstlichen Legaten in Deutschland zur Zeit
Heinrichs IV. und Heinrichs V., by Otto Schumann (Marburg, 1912).<source>Die päpstlichen Legaten in Deutschland zur Zeit Heinrichs IV. und Heinrichs V</source>
                  <year>1912</year>
               </mixed-citation>
            </p>
         </fn>
      </fn-group>
      <fn-group>
         <title>[Footnotes]</title>
         <fn id="d6756e1538a1310">
            <label>1</label>
            <p>
               <mixed-citation id="d6756e1545" publication-type="other">
C. Mirbi, Die Stellung Augustins in der Pu;blizistik des Gregorian? ischen Kirchenstreits
(1888).</mixed-citation>
            </p>
         </fn>
         <fn id="d6756e1555a1310">
            <label>2</label>
            <p>
               <mixed-citation id="d6756e1562" publication-type="other">
Epistle to the Romans i. 17</mixed-citation>
            </p>
            <p>
               <mixed-citation id="d6756e1568" publication-type="book">
Denifle in his Luther und Luthertum,
vol. i, pt. ii (ed. Weiss, 1906)<person-group>
                     <string-name>
                        <surname>Denifle</surname>
                     </string-name>
                  </person-group>
                  <volume>i</volume>
                  <source>Luther und Luthertum</source>
                  <year>1906</year>
               </mixed-citation>
            </p>
            <p>
               <mixed-citation id="d6756e1596" publication-type="other">
Die abendhindische Schriftauslegung bis Luther uber
lu8stitia Dei und lustificatio, Romans i. 17</mixed-citation>
            </p>
         </fn>
         <fn id="d6756e1606a1310">
            <label>4</label>
            <p>
               <mixed-citation id="d6756e1613" publication-type="other">
Req. i. 1, pp. 9, 10.</mixed-citation>
            </p>
         </fn>
         <fn id="d6756e1620a1310">
            <label>5</label>
            <p>
               <mixed-citation id="d6756e1627" publication-type="other">
Lombards, Reg. i. 15</mixed-citation>
            </p>
         </fn>
         <fn id="d6756e1635a1310">
            <label>6</label>
            <p>
               <mixed-citation id="d6756e1642" publication-type="other">
Req. viii. 57, p. 511 (to be dated 1083 ?).</mixed-citation>
            </p>
         </fn>
         <fn id="d6756e1649a1310">
            <label>7</label>
            <p>
               <mixed-citation id="d6756e1656" publication-type="other">
eg. i. 9 (see below, p. 144).</mixed-citation>
            </p>
         </fn>
      </fn-group>
      <fn-group>
         <title>[Footnotes]</title>
         <fn id="d6756e1673a1310">
            <label>1</label>
            <p>
               <mixed-citation id="d6756e1680" publication-type="other">
Reg. iv. 23.</mixed-citation>
            </p>
         </fn>
         <fn id="d6756e1687a1310">
            <label>2</label>
            <p>
               <mixed-citation id="d6756e1694" publication-type="other">
Reg. iv. 24</mixed-citation>
            </p>
         </fn>
         <fn id="d6756e1701a1310">
            <label>3</label>
            <p>
               <mixed-citation id="d6756e1708" publication-type="other">
Reg. iv. 17</mixed-citation>
            </p>
         </fn>
         <fn id="d6756e1715a1310">
            <label>4</label>
            <p>
               <mixed-citation id="d6756e1722" publication-type="other">
To Hugo of Die, Reg. viii. 41.</mixed-citation>
            </p>
         </fn>
         <fn id="d6756e1730a1310">
            <label>5</label>
            <p>
               <mixed-citation id="d6756e1737" publication-type="other">
Reg. i. 39.</mixed-citation>
            </p>
            <p>
               <mixed-citation id="d6756e1743" publication-type="partial">
Saxon rebels, December 1073.</mixed-citation>
            </p>
         </fn>
         <fn id="d6756e1750a1310">
            <label>6</label>
            <p>
               <mixed-citation id="d6756e1757" publication-type="partial">
Henry IV (February 1076)</mixed-citation>
            </p>
            <p>
               <mixed-citation id="d6756e1763" publication-type="other">
Reg. p. 224.</mixed-citation>
            </p>
         </fn>
         <fn id="d6756e1770a1310">
            <label>7</label>
            <p>
               <mixed-citation id="d6756e1777" publication-type="other">
See Reg. p. 402.</mixed-citation>
            </p>
         </fn>
      </fn-group>
      <fn-group>
         <title>[Footnotes]</title>
         <fn id="d6756e1793a1310">
            <label>1</label>
            <p>
               <mixed-citation id="d6756e1800" publication-type="other">
Aragon, Reg. i. 63</mixed-citation>
            </p>
            <p>
               <mixed-citation id="d6756e1806" publication-type="other">
Martens, ii. 9 seq.</mixed-citation>
            </p>
         </fn>
         <fn id="d6756e1813a1310">
            <label>2</label>
            <p>
               <mixed-citation id="d6756e1820" publication-type="other">
Reg. ii. 49.</mixed-citation>
            </p>
         </fn>
         <fn id="d6756e1827a1310">
            <label>3</label>
            <p>
               <mixed-citation id="d6756e1834" publication-type="other">
Reg. i. 42, iv. 11, espe.</mixed-citation>
            </p>
         </fn>
      </fn-group>
      <fn-group>
         <title>[Footnotes]</title>
         <fn id="d6756e1850a1310">
            <label>1</label>
            <p>
               <mixed-citation id="d6756e1857" publication-type="other">
aff, Monum)z. Gregoriana, p. 639.</mixed-citation>
            </p>
         </fn>
         <fn id="d6756e1864a1310">
            <label>2</label>
            <p>
               <mixed-citation id="d6756e1871" publication-type="journal">
Church Quarterly Review, July1910, p. 436<issue>July</issue>
                  <fpage>436</fpage>
                  <source>Church Quarterly Review</source>
                  <year>1910</year>
               </mixed-citation>
            </p>
            <p>
               <mixed-citation id="d6756e1889" publication-type="other">
Giesebrecht's excellent
paper ' Die Gesetzgebung der romischen Kirche ' in the, Munchner hist. Jahrbuch, 1866</mixed-citation>
            </p>
         </fn>
         <fn id="d6756e1899a1310">
            <label>3</label>
            <p>
               <mixed-citation id="d6756e1908" publication-type="other">
Medieval Popes', ante, xxxii. 470-92</mixed-citation>
            </p>
         </fn>
      </fn-group>
      <fn-group>
         <title>[Footnotes]</title>
         <fn id="d6756e1924a1310">
            <label>1</label>
            <p>
               <mixed-citation id="d6756e1931" publication-type="other">
Hauck, Kirchengeschichte DeUtechland8, iii. 751, note 8.</mixed-citation>
            </p>
         </fn>
         <fn id="d6756e1938a1310">
            <label>2</label>
            <p>
               <mixed-citation id="d6756e1945" publication-type="other">
Reg. i. 9 (p. 19)</mixed-citation>
            </p>
         </fn>
         <fn id="d6756e1952a1310">
            <label>3</label>
            <p>
               <mixed-citation id="d6756e1959" publication-type="other">
Beg. i. 11 '. . . iustitiam Dei; fortiter teneamus . . . '</mixed-citation>
            </p>
         </fn>
      </fn-group>
      <fn-group>
         <title>[Footnotes]</title>
         <fn id="d6756e1975a1310">
            <label>1</label>
            <p>
               <mixed-citation id="d6756e1982" publication-type="other">
pp. 22-3</mixed-citation>
            </p>
         </fn>
         <fn id="d6756e1989a1310">
            <label>2</label>
            <p>
               <mixed-citation id="d6756e1996" publication-type="book">
F. 0. Grund in Die Wahl Rudolfs
von Rheinfelden zum Gegenkönig (Leipsic, 1870)<person-group>
                     <string-name>
                        <surname>Grund</surname>
                     </string-name>
                  </person-group>
                  <source>Die Wahl Rudolfs von Rheinfelden zum Gegenkönig</source>
                  <year>1870</year>
               </mixed-citation>
            </p>
            <p>
               <mixed-citation id="d6756e2020" publication-type="other">
pp. 1-12.</mixed-citation>
            </p>
         </fn>
         <fn id="d6756e2027a1310">
            <label>3</label>
            <p>
               <mixed-citation id="d6756e2034" publication-type="other">
Beg. i. 12.</mixed-citation>
            </p>
         </fn>
         <fn id="d6756e2041a1310">
            <label>4</label>
            <p>
               <mixed-citation id="d6756e2048" publication-type="other">
i. 15.</mixed-citation>
            </p>
         </fn>
         <fn id="d6756e2056a1310">
            <label>5</label>
            <p>
               <mixed-citation id="d6756e2063" publication-type="other">
i. 19.</mixed-citation>
            </p>
         </fn>
      </fn-group>
      <fn-group>
         <title>[Footnotes]</title>
         <fn id="d6756e2079a1310">
            <label>1</label>
            <p>
               <mixed-citation id="d6756e2086" publication-type="other">
Reg. i. 20, p. 35.</mixed-citation>
            </p>
         </fn>
         <fn id="d6756e2093a1310">
            <label>2</label>
            <p>
               <mixed-citation id="d6756e2100" publication-type="other">
Reg. i. 21, p. 36.</mixed-citation>
            </p>
         </fn>
         <fn id="d6756e2107a1310">
            <label>3</label>
            <p>
               <mixed-citation id="d6756e2114" publication-type="other">
Reg. i. 25</mixed-citation>
            </p>
         </fn>
         <fn id="d6756e2121a1310">
            <label>4</label>
            <p>
               <mixed-citation id="d6756e2130" publication-type="other">
Mon. Greg., Epp. Coll. 14, p. 536</mixed-citation>
            </p>
            <p>
               <mixed-citation id="d6756e2136" publication-type="other">
p. 537</mixed-citation>
            </p>
            <p>
               <mixed-citation id="d6756e2143" publication-type="other">
Reg. i. 29a</mixed-citation>
            </p>
            <p>
               <mixed-citation id="d6756e2149" publication-type="other">
Epp. Coll. 14, p. 537</mixed-citation>
            </p>
            <p>
               <mixed-citation id="d6756e2155" publication-type="other">
Schumann: Die pdpst-
lichenLegaten inDeutschland (1056-1125), p. 23seq.</mixed-citation>
            </p>
            <p>
               <mixed-citation id="d6756e2164" publication-type="book">
M. Doeberl,
Zum Rechtfertigungsschreiben Gregors VII. an die deutsche Nation vom Sommer 1075
(Munich, 1891), p. 32 seq.<person-group>
                     <string-name>
                        <surname>Doeberl</surname>
                     </string-name>
                  </person-group>
                  <fpage>32</fpage>
                  <source>Zum Rechtfertigungsschreiben Gregors VII. an die deutsche Nation vom Sommer 1075</source>
                  <year>1891</year>
               </mixed-citation>
            </p>
            <p>
               <mixed-citation id="d6756e2195" publication-type="other">
Floto,
Kaiser Heinrich I V., ii, p. 12 seq.</mixed-citation>
            </p>
            <p>
               <mixed-citation id="d6756e2204" publication-type="other">
Giesebrecht, iii. 247.</mixed-citation>
            </p>
            <p>
               <mixed-citation id="d6756e2211" publication-type="other">
Reg. i. 24, 24 September
1073</mixed-citation>
            </p>
            <p>
               <mixed-citation id="d6756e2220" publication-type="other">
Henry, but to Erlembald, on 27 September
(i. 25)</mixed-citation>
            </p>
            <p>
               <mixed-citation id="d6756e2229" publication-type="other">
Meyer von KnonaLu, Jahrbiecher, ii. 268-9.</mixed-citation>
            </p>
            <p>
               <mixed-citation id="d6756e2235" publication-type="other">
Martens, i. 78-9</mixed-citation>
            </p>
         </fn>
      </fn-group>
      <fn-group>
         <title>[Footnotes]</title>
         <fn id="d6756e2252a1310">
            <label>1</label>
            <p>
               <mixed-citation id="d6756e2259" publication-type="other">
de Bello Saxonico, passim.</mixed-citation>
            </p>
         </fn>
         <fn id="d6756e2266a1310">
            <label>2</label>
            <p>
               <mixed-citation id="d6756e2273" publication-type="book">
l'é poque de Grégoire VII; Les Prégrégoriens
(Paris, 1915), p. 326 note.<fpage>326</fpage>
                  <source>l'é poque de Grégoire VII; Les Prégrégoriens</source>
                  <year>1915</year>
               </mixed-citation>
            </p>
         </fn>
         <fn id="d6756e2292a1310">
            <label>3</label>
            <p>
               <mixed-citation id="d6756e2299" publication-type="other">
Hugo of Die and Amatus of Oleron, Reg. viii. 28.</mixed-citation>
            </p>
            <p>
               <mixed-citation id="d6756e2305" publication-type="other">
Martens, ii. 85 seq.</mixed-citation>
            </p>
            <p>
               <mixed-citation id="d6756e2311" publication-type="other">
Meine, Gregors VII. A uffassung
vomn Fi4rste?aamte, p. 50 seq.</mixed-citation>
            </p>
            <p>
               <mixed-citation id="d6756e2321" publication-type="other">
Zachary N. Brooke, Pope Gregory VII's Demand for
Fealty from Williamo the Conlqueror, ante, xxvi, p. 225.</mixed-citation>
            </p>
         </fn>
      </fn-group>
      <fn-group>
         <title>[Footnotes]</title>
         <fn id="d6756e2340a1310">
            <label>1</label>
            <p>
               <mixed-citation id="d6756e2347" publication-type="other">
s by Martens, ii. 86 (with reserve).</mixed-citation>
            </p>
         </fn>
         <fn id="d6756e2354a1310">
            <label>2</label>
            <p>
               <mixed-citation id="d6756e2361" publication-type="other">
The letter to Anselm of Lucca (Reg. i. 21)</mixed-citation>
            </p>
            <p>
               <mixed-citation id="d6756e2367" publication-type="journal">
Chutrch Quarterly Review, ubi supra, p. 440, n. 4.<fpage>440</fpage>
                  <source>Chutrch Quarterly Review</source>
               </mixed-citation>
            </p>
            <p>
               <mixed-citation id="d6756e2379" publication-type="other">
Scharnagi, Der Begriff der Invest itur, p. 30 seq.</mixed-citation>
            </p>
         </fn>
         <fn id="d6756e2386a1310">
            <label>3</label>
            <p>
               <mixed-citation id="d6756e2393" publication-type="book">
Dr. A. J. Carlyle'sHistory of Mediaeval Political Theory in the
West, vol. iii (London, 1915), pt. ii, ch. ii.<person-group>
                     <string-name>
                        <surname>Carlyle's</surname>
                     </string-name>
                  </person-group>
                  <volume>iii</volume>
                  <source>History of Mediaeval Political Theory in the West</source>
                  <year>1915</year>
               </mixed-citation>
            </p>
            <p>
               <mixed-citation id="d6756e2421" publication-type="other">
Req. viii. 21</mixed-citation>
            </p>
         </fn>
         <fn id="d6756e2428a1310">
            <label>4</label>
            <p>
               <mixed-citation id="d6756e2435" publication-type="other">
Mr. Brooke, loc. cit.  </mixed-citation>
            </p>
            <p>
               <mixed-citation id="d6756e2443" publication-type="other">
Martens, loc. cit.,  </mixed-citation>
            </p>
         </fn>
      </fn-group>
      <fn-group>
         <title>[Footnotes]</title>
         <fn id="d6756e2461a1310">
            <label>1</label>
            <p>
               <mixed-citation id="d6756e2468" publication-type="other">
Poole, Papal Chancery, p. 71</mixed-citation>
            </p>
            <p>
               <mixed-citation id="d6756e2474" publication-type="other">
Peitz, Das Originalregister, pp. 214 and 219</mixed-citation>
            </p>
         </fn>
         <fn id="d6756e2481a1310">
            <label>2</label>
            <p>
               <mixed-citation id="d6756e2488" publication-type="other">
Duchesne, Les Premiers Temps, 220.</mixed-citation>
            </p>
         </fn>
         <fn id="d6756e2495a1310">
            <label>3</label>
            <p>
               <mixed-citation id="d6756e2502" publication-type="other">
Meyer von Knonau, iii. 525, n. 7</mixed-citation>
            </p>
            <p>
               <mixed-citation id="d6756e2508" publication-type="other">
Peitz, op. cit., p. 219.  </mixed-citation>
            </p>
         </fn>
      </fn-group>
      <fn-group>
         <title>[Footnotes]</title>
         <fn id="d6756e2526a1310">
            <label>1</label>
            <p>
               <mixed-citation id="d6756e2533" publication-type="book">
It is curious to find Petrus Pisanus, in his Life of Gregory VII, going straight
from the quotation of the Commentary on the election to the attack by Cincius
(Christmas, 1075).<person-group>
                     <string-name>
                        <surname>Pisanus</surname>
                     </string-name>
                  </person-group>
                  <source>Life of Gregory VII</source>
                  <year>1075</year>
               </mixed-citation>
            </p>
         </fn>
         <fn id="d6756e2562a1310">
            <label>2</label>
            <p>
               <mixed-citation id="d6756e2569" publication-type="other">
Reg. ii. 30, p. 143</mixed-citation>
            </p>
            <p>
               <mixed-citation id="d6756e2575" publication-type="other">
Porro de causa Mediolanensi, si viros religiosos et
prudentes ad nos miseris, quorum ratione et auctoritate clarescat, sanctae Romanae
ecclesiae bis (i.e. in 1059 and 1053)</mixed-citation>
            </p>
            <p>
               <mixed-citation id="d6756e2587" publication-type="other">
Reg. iii. 10, p. 221</mixed-citation>
            </p>
            <p>
               <mixed-citation id="d6756e2594" publication-type="other">
Meyer von Knonau, ii. 579 n. 167</mixed-citation>
            </p>
            <p>
               <mixed-citation id="d6756e2600" publication-type="book">
Scharnagl's clear argument, p.29 seq.  </mixed-citation>
            </p>
            <p>
               <mixed-citation id="d6756e2608" publication-type="other">
Scharnagl p. 32  </mixed-citation>
            </p>
            <p>
               <mixed-citation id="d6756e2616" publication-type="other">
Meyer von Knonau, ii. 455</mixed-citation>
            </p>
            <p>
               <mixed-citation id="d6756e2622" publication-type="other">
Hauck, Kirchengesch., iii. 778</mixed-citation>
            </p>
            <p>
               <mixed-citation id="d6756e2628" publication-type="other">
Doeberl, op. cit., p. 42</mixed-citation>
            </p>
            <p>
               <mixed-citation id="d6756e2635" publication-type="other">
Reg. iii. 3 and 7</mixed-citation>
            </p>
         </fn>
      </fn-group>
   </back>
</article>
