<article xmlns:xsi="http://www.w3.org/2001/XMLSchema-instance"
         xmlns:xlink="http://www.w3.org/1999/xlink"
         xmlns:mml="http://www.w3.org/1998/Math/MathML"
         dtd-version="1.0"
         article-type="research-article">
   <front>
      <journal-meta>
         <journal-id journal-id-type="jstor">englhistrevi</journal-id>
         <journal-id journal-id-type="jstor">j100150</journal-id>
         <journal-title-group>
            <journal-title>The English Historical Review</journal-title>
         </journal-title-group>
         <publisher>
            <publisher-name>Longmans, Green and Co.</publisher-name>
         </publisher>
         <issn pub-type="ppub">00138266</issn>
         <issn pub-type="epub">14774534</issn>
      </journal-meta>
      <article-meta>
         <article-id pub-id-type="jstor">551501</article-id>
         <title-group>
            <article-title>The Masters of the Schools at Paris and Chartres in John of Salisbury's Time</article-title>
         </title-group>
         <contrib-group>
            <contrib contrib-type="author">
               <string-name>
                  <given-names>Reginald L.</given-names>
                  <surname>Poole</surname>
               </string-name>
            </contrib>
         </contrib-group>
         <pub-date>
            <day>1</day>
            <month>7</month>
            <year>1920</year>
         </pub-date>
         <volume>35</volume>
         <issue>139</issue>
         <issue-id>i224174</issue-id>
         <fpage>321</fpage>
         <lpage>342</lpage>
         <page-range>321-342</page-range>
         <permissions>
            <copyright-statement/>
         </permissions>
         <self-uri xlink:href="http://www.jstor.org/stable/551501"/>
         <custom-meta-group>
            <custom-meta>
               <meta-name>lang</meta-name>
               <meta-value>eng</meta-value>
            </custom-meta>
         </custom-meta-group>
      </article-meta>
   </front>
   <back>
      <fn-group>
         <title>[Footnotes]</title>
         <fn id="d4730e113a1310">
            <label>1</label>
            <p>
               <mixed-citation id="d4730e120" publication-type="other">
i. 10, Opp. v. 78-81, ed. Giles, 1848.</mixed-citation>
            </p>
         </fn>
         <fn id="d4730e127a1310">
            <label>2</label>
            <p>
               <mixed-citation id="d4730e134" publication-type="other">
See Gervase of Canterbury, Opera historica, i. 90, ed. Stubbs, 1879.</mixed-citation>
            </p>
         </fn>
         <fn id="d4730e141a1310">
            <label>3</label>
            <p>
               <mixed-citation id="d4730e148" publication-type="other">
Apparently the same with Alberic surnamed de porta Veneris: John of Salisbury,
Epist. cxliii, Opp. i. 206.</mixed-citation>
            </p>
         </fn>
      </fn-group>
      <fn-group>
         <title>[Footnotes]</title>
         <fn id="d4730e167a1310">
            <label>1</label>
            <p>
               <mixed-citation id="d4730e174" publication-type="other">
Me2moires de l'Academie des Inscriptions, XXXT. ii. (1884) 102, n. 1.</mixed-citation>
            </p>
         </fn>
         <fn id="d4730e181a1310">
            <label>2</label>
            <p>
               <mixed-citation id="d4730e188" publication-type="other">
lohannes Saresberiensis, pp. 22 f.</mixed-citation>
            </p>
         </fn>
      </fn-group>
      <fn-group>
         <title>[Footnotes]</title>
         <fn id="d4730e204a1310">
            <label>1</label>
            <p>
               <mixed-citation id="d4730e211" publication-type="journal">
4th ser.i. The manuscript was then designated 2nc ser. 19.<comment content-type="series title">4th ser.</comment>
                  <fpage>19</fpage>
                  <volume>i</volume>
               </mixed-citation>
            </p>
         </fn>
         <fn id="d4730e227a1310">
            <label>2</label>
            <p>
               <mixed-citation id="d4730e234" publication-type="other">
Catalogue general des Manuscrits des Bibliotheques publiques de France, DTparte-
ments, xi. Chartres, pp. 319 f. (1889).</mixed-citation>
            </p>
         </fn>
         <fn id="d4730e244a1310">
            <label>3</label>
            <p>
               <mixed-citation id="d4730e251" publication-type="other">
M. Omont's remarks in the BibliothUque de 'Egcote des Chartes, 1. (1889) 566.</mixed-citation>
            </p>
         </fn>
         <fn id="d4730e258a1310">
            <label>4</label>
            <p>
               <mixed-citation id="d4730e267" publication-type="other">
Gall Christ. viii, instr. 316 B</mixed-citation>
            </p>
            <p>
               <mixed-citation id="d4730e273" publication-type="other">
ibid. viii. 1199 B  </mixed-citation>
            </p>
            <p>
               <mixed-citation id="d4730e282" publication-type="other">
ibid. instr. 320  </mixed-citation>
            </p>
         </fn>
      </fn-group>
      <fn-group>
         <title>[Footnotes]</title>
         <fn id="d4730e300a1310">
            <label>1</label>
            <p>
               <mixed-citation id="d4730e307" publication-type="other">
Cartulaire de Notre-Daw de Chartres, ed. E. de Lepinois and L. Merlet, iii. 225, 1865.</mixed-citation>
            </p>
         </fn>
         <fn id="d4730e314a1310">
            <label>2</label>
            <p>
               <mixed-citation id="d4730e321" publication-type="book">
Chronique de Morigny, p. 15, n. 2, 2nd ed., 1912.<edition>2</edition>
                  <fpage>15</fpage>
                  <source>Chronique de Morigny</source>
                  <year>1912</year>
               </mixed-citation>
            </p>
         </fn>
         <fn id="d4730e340a1310">
            <label>3</label>
            <p>
               <mixed-citation id="d4730e347" publication-type="other">
Le Mouvement thiologique du douziime Siecle, p. 297, 1914.</mixed-citation>
            </p>
         </fn>
         <fn id="d4730e354a1310">
            <label>4</label>
            <p>
               <mixed-citation id="d4730e361" publication-type="other">
Cartul. de Notre-Damwe de -Chartres, i. 123, 1862 ;</mixed-citation>
            </p>
            <p>
               <mixed-citation id="d4730e367" publication-type="book">
Jaffé', Reg. 6518, 2nd ed.<person-group>
                     <string-name>
                        <surname>Jaffé</surname>
                     </string-name>
                  </person-group>
                  <edition>2</edition>
                  <volume>6518</volume>
                  <source>Reg</source>
               </mixed-citation>
            </p>
         </fn>
         <fn id="d4730e393a1310">
            <label>5</label>
            <p>
               <mixed-citation id="d4730e400" publication-type="journal">
Bibl. de l'École des Chartes, 4th ser.i. 469 n.<comment content-type="series title">4th ser.</comment>
                  <fpage>469</fpage>
                  <volume>i</volume>
                  <source>Bibl. de l'École des Chartes</source>
               </mixed-citation>
            </p>
            <p>
               <mixed-citation id="d4730e418" publication-type="other">
A. Clerval, Les Lcoles de
Chartres au Moyen-Age, pp. 194, 217, 1895.</mixed-citation>
            </p>
         </fn>
         <fn id="d4730e428a1310">
            <label>6</label>
            <p>
               <mixed-citation id="d4730e435" publication-type="book">
Merlet, p. 459,  </mixed-citation>
            </p>
         </fn>
      </fn-group>
      <fn-group>
         <title>[Footnotes]</title>
         <fn id="d4730e453a1310">
            <label>2</label>
            <p>
               <mixed-citation id="d4730e460" publication-type="journal">
Mém. de l'Acad. des Inscr., xxxi. ii. 93.<issue>ii</issue>
                  <fpage>93</fpage>
                  <volume>xxxi</volume>
                  <source>Mém. de l'Acad. des Inscr</source>
               </mixed-citation>
            </p>
         </fn>
         <fn id="d4730e479a1310">
            <label>3</label>
            <p>
               <mixed-citation id="d4730e486" publication-type="other">
below, p. 333.</mixed-citation>
            </p>
         </fn>
         <fn id="d4730e493a1310">
            <label>5</label>
            <p>
               <mixed-citation id="d4730e500" publication-type="other">
Cartulaire de l'Abbaye de Saint-Pere de Chartres, p. 469, ed. B. Gu6raid, 1840.</mixed-citation>
            </p>
         </fn>
      </fn-group>
      <fn-group>
         <title>[Footnotes]</title>
         <fn id="d4730e517a1310">
            <label>1</label>
            <p>
               <mixed-citation id="d4730e524" publication-type="book">
R. Merlet
and A. Clerval, Un Manuscrit Chartrain du Xle siécle, p. 196, Chartres, 1893.<person-group>
                     <string-name>
                        <surname>Merlet</surname>
                     </string-name>
                  </person-group>
                  <fpage>196</fpage>
                  <source>Un Manuscrit Chartrain du Xle siécle</source>
                  <year>1893</year>
               </mixed-citation>
            </p>
         </fn>
         <fn id="d4730e553a1310">
            <label>2</label>
            <p>
               <mixed-citation id="d4730e560" publication-type="journal">
Hauréau, Mém. de l'Acad. des Inscr., XXXI. ii. 90;<person-group>
                     <string-name>
                        <surname>Hauréau</surname>
                     </string-name>
                  </person-group>
                  <issue>ii</issue>
                  <fpage>90</fpage>
                  <volume>XXXI</volume>
                  <source>Mém. de l'Acad. des Inscr</source>
               </mixed-citation>
            </p>
            <p>
               <mixed-citation id="d4730e588" publication-type="other">
Clerval, Les Acole8 de Chartres
au Moyen-Age, p. 160.</mixed-citation>
            </p>
         </fn>
         <fn id="d4730e598a1310">
            <label>3</label>
            <p>
               <mixed-citation id="d4730e605" publication-type="other">
Otto of Freising, Gesta Friderici, i. 50 [52].</mixed-citation>
            </p>
         </fn>
         <fn id="d4730e612a1310">
            <label>4</label>
            <p>
               <mixed-citation id="d4730e619" publication-type="other">
Cartulaire de Saint-Pere, p. 469.</mixed-citation>
            </p>
         </fn>
         <fn id="d4730e627a1310">
            <label>5</label>
            <p>
               <mixed-citation id="d4730e634" publication-type="other">
Ibid. p. 267.  </mixed-citation>
            </p>
         </fn>
         <fn id="d4730e643a1310">
            <label>6</label>
            <p>
               <mixed-citation id="d4730e650" publication-type="other">
Ubi supra, p. 91.  </mixed-citation>
            </p>
         </fn>
         <fn id="d4730e659a1310">
            <label>7</label>
            <p>
               <mixed-citation id="d4730e666" publication-type="other">
Illustrations of the History of Medieval Thought, pp. 120, 206</mixed-citation>
            </p>
         </fn>
         <fn id="d4730e673a1310">
            <label>8</label>
            <p>
               <mixed-citation id="d4730e680" publication-type="other">
Metalog. i. 24.</mixed-citation>
            </p>
         </fn>
      </fn-group>
      <fn-group>
         <title>[Footnotes]</title>
         <fn id="d4730e696a1310">
            <label>1</label>
            <p>
               <mixed-citation id="d4730e703" publication-type="other">
Policrat. vii. 13. vol. ii. p. 145, ed. C. C. J. Webb, 1909.</mixed-citation>
            </p>
         </fn>
         <fn id="d4730e710a1310">
            <label>2</label>
            <p>
               <mixed-citation id="d4730e717" publication-type="book">
Un Manuscrit Chartrain du Xle siécle, pp. 100 ff.<fpage>100</fpage>
                  <source>Un Manuscrit Chartrain du Xle siécle</source>
               </mixed-citation>
            </p>
         </fn>
         <fn id="d4730e730a1310">
            <label>3</label>
            <p>
               <mixed-citation id="d4730e737" publication-type="book">
Ibid. pp. 140, 165;  </mixed-citation>
            </p>
            <p>
               <mixed-citation id="d4730e745" publication-type="other">
Les .9coles de Chartres, p. 161.</mixed-citation>
            </p>
         </fn>
         <fn id="d4730e752a1310">
            <label>5</label>
            <p>
               <mixed-citation id="d4730e759" publication-type="journal">
Mém. de l'Acad. des Inscr. xxxi. ii99 f.<issue>ii</issue>
                  <fpage>99</fpage>
                  <volume>xxxi</volume>
                  <source>Mém. de l'Acad. des Inscr</source>
               </mixed-citation>
            </p>
         </fn>
      </fn-group>
      <fn-group>
         <title>[Footnotes]</title>
         <fn id="d4730e787a1310">
            <label>1</label>
            <p>
               <mixed-citation id="d4730e794" publication-type="other">
Hist. litt. de la France, xii. (1763) 261.</mixed-citation>
            </p>
         </fn>
         <fn id="d4730e801a1310">
            <label>2</label>
            <p>
               <mixed-citation id="d4730e808" publication-type="other">
W. Wattenbach from a Tegernsee MS. of about 1200,
now at Munich, in the Sitzungsberichte der philos.-philol. und hist. Classe der k. B.
Akademie der Wisserschaften zu MIinchen, 1872, ii. 581, 11. 69, 70.</mixed-citation>
            </p>
         </fn>
         <fn id="d4730e821a1310">
            <label>3</label>
            <p>
               <mixed-citation id="d4730e828" publication-type="other">
Migne, ccv. 933.</mixed-citation>
            </p>
         </fn>
         <fn id="d4730e835a1310">
            <label>4</label>
            <p>
               <mixed-citation id="d4730e842" publication-type="other">
Wattenbach, p. 582  </mixed-citation>
            </p>
         </fn>
         <fn id="d4730e852a1310">
            <label>5</label>
            <p>
               <mixed-citation id="d4730e859" publication-type="book">
Bodl. Libr., MS. Laud. Misc. 515, fo. 188 b.<fpage>188</fpage>
                  <source>Bodl. Libr., MS. Laud. Misc. 515</source>
               </mixed-citation>
            </p>
         </fn>
      </fn-group>
      <fn-group>
         <title>[Footnotes]</title>
         <fn id="d4730e881a1310">
            <label>1</label>
            <p>
               <mixed-citation id="d4730e888" publication-type="other">
Bibl. de l'A'cole des Chartes, liv. (1893) 794.</mixed-citation>
            </p>
         </fn>
         <fn id="d4730e895a1310">
            <label>2</label>
            <p>
               <mixed-citation id="d4730e902" publication-type="book">
MS. Reg. 1911, in the Vatican, whence printed in the Monumenta Germ. Hi8t.
xxvi. 81 n.<fpage>81</fpage>
                  <volume>xxvi</volume>
                  <source>MS. Reg. 1911</source>
               </mixed-citation>
            </p>
         </fn>
         <fn id="d4730e921a1310">
            <label>3</label>
            <p>
               <mixed-citation id="d4730e928" publication-type="other">
T. A. Archer, ante, iv. (1889) 99 f.</mixed-citation>
            </p>
         </fn>
         <fn id="d4730e935a1310">
            <label>4</label>
            <p>
               <mixed-citation id="d4730e942" publication-type="other">
Poems attributed to Walter Mapes, pp. 64 ff., 1841.</mixed-citation>
            </p>
         </fn>
      </fn-group>
      <fn-group>
         <title>[Footnotes]</title>
         <fn id="d4730e958a1310">
            <label>1</label>
            <p>
               <mixed-citation id="d4730e965" publication-type="other">
Nachrichten der Gesellschaft der Wissenschaften in G6ttingen, philo8. Kl., 1907,
pp. 95 ff.</mixed-citation>
            </p>
         </fn>
         <fn id="d4730e975a1310">
            <label>2</label>
            <p>
               <mixed-citation id="d4730e982" publication-type="other">
Ibid. pp. 152 ff.  </mixed-citation>
            </p>
         </fn>
         <fn id="d4730e991a1310">
            <label>3</label>
            <p>
               <mixed-citation id="d4730e998" publication-type="journal">
Not. et Extr. des Manuscrits de la Bibl nat., XXIX. ii. (1880) 260.<issue>ii</issue>
                  <fpage>260</fpage>
                  <volume>XXIX</volume>
                  <source>Not. et Extr. des Manuscrits de la Bibl nat</source>
                  <year>1880</year>
               </mixed-citation>
            </p>
         </fn>
      </fn-group>
      <fn-group>
         <title>[Footnotes]</title>
         <fn id="d4730e1030a1310">
            <label>1</label>
            <p>
               <mixed-citation id="d4730e1037" publication-type="book">
i534, 2nd ed., 1906.<edition>2</edition>
                  <fpage>534</fpage>
                  <volume>i</volume>
                  <year>1906</year>
               </mixed-citation>
            </p>
         </fn>
         <fn id="d4730e1056a1310">
            <label>2</label>
            <p>
               <mixed-citation id="d4730e1063" publication-type="other">
Bibl. de l'1cole des Chartes, liv. (1893) 242-7.</mixed-citation>
            </p>
         </fn>
         <fn id="d4730e1070a1310">
            <label>3</label>
            <p>
               <mixed-citation id="d4730e1077" publication-type="book">
The Battle of the Seven Arts, 1. 328, p. 55, ed. L. J. Paetow, Berkeley, California,
1914,<fpage>55</fpage>
                  <volume>1</volume>
                  <source>The Battle of the Seven Arts</source>
                  <year>1914</year>
               </mixed-citation>
            </p>
         </fn>
      </fn-group>
      <fn-group>
         <title>[Footnotes]</title>
         <fn id="d4730e1110a1310">
            <label>1</label>
            <p>
               <mixed-citation id="d4730e1117" publication-type="other">
Metalog. i. 5.</mixed-citation>
            </p>
         </fn>
         <fn id="d4730e1124a1310">
            <label>2</label>
            <p>
               <mixed-citation id="d4730e1131" publication-type="other">
artul. de Notre-Dare de Chartres, i. 142.</mixed-citation>
            </p>
         </fn>
         <fn id="d4730e1138a1310">
            <label>3</label>
            <p>
               <mixed-citation id="d4730e1145" publication-type="other">
Cartul. de Saint-Pere, p. 506.</mixed-citation>
            </p>
         </fn>
         <fn id="d4730e1152a1310">
            <label>4</label>
            <p>
               <mixed-citation id="d4730e1159" publication-type="other">
Compare the documents cited in Gallia Christ. viii. (1744)
1135 ff.</mixed-citation>
            </p>
         </fn>
         <fn id="d4730e1170a1310">
            <label>5</label>
            <p>
               <mixed-citation id="d4730e1177" publication-type="other">
Cartul. de Notre-Dare de Chartres, i. 148.</mixed-citation>
            </p>
         </fn>
         <fn id="d4730e1184a1310">
            <label>6</label>
            <p>
               <mixed-citation id="d4730e1191" publication-type="other">
ibid. iii. 28  </mixed-citation>
            </p>
         </fn>
         <fn id="d4730e1200a1310">
            <label>7</label>
            <p>
               <mixed-citation id="d4730e1207" publication-type="other">
Cartul. de Saint-Pere, p, 384.</mixed-citation>
            </p>
         </fn>
         <fn id="d4730e1214a1310">
            <label>8</label>
            <p>
               <mixed-citation id="d4730e1221" publication-type="book">
Un Manuscrit Chartrain, p. 196.<fpage>196</fpage>
                  <source>Un Manuscrit Chartrain</source>
               </mixed-citation>
            </p>
         </fn>
      </fn-group>
      <fn-group>
         <title>[Footnotes]</title>
         <fn id="d4730e1243a1310">
            <label>1</label>
            <p>
               <mixed-citation id="d4730e1250" publication-type="other">
Gesta Frid. i. 46 (48).</mixed-citation>
            </p>
         </fn>
         <fn id="d4730e1257a1310">
            <label>2</label>
            <p>
               <mixed-citation id="d4730e1264" publication-type="book">
Praef. in S. Bernardi Opera, i, § lviii, Paris, 1690.<fpage>lviii</fpage>
                  <volume>i</volume>
                  <source>Praef. in S. Bernardi Opera</source>
                  <year>1690</year>
               </mixed-citation>
            </p>
         </fn>
         <fn id="d4730e1283a1310">
            <label>3</label>
            <p>
               <mixed-citation id="d4730e1290" publication-type="other">
ii. 1175.</mixed-citation>
            </p>
         </fn>
         <fn id="d4730e1297a1310">
            <label>4</label>
            <p>
               <mixed-citation id="d4730e1304" publication-type="other">
xii. 467.</mixed-citation>
            </p>
         </fn>
         <fn id="d4730e1312a1310">
            <label>5</label>
            <p>
               <mixed-citation id="d4730e1319" publication-type="journal">
Mém. de l'Acad. des Inscr., xxxi. ii. 102.<issue>ii</issue>
                  <fpage>102</fpage>
                  <volume>xxxi</volume>
                  <source>Mém. de l'Acad. des Inscr</source>
               </mixed-citation>
            </p>
         </fn>
         <fn id="d4730e1338a1310">
            <label>6</label>
            <p>
               <mixed-citation id="d4730e1345" publication-type="other">
above, p. 325.</mixed-citation>
            </p>
         </fn>
         <fn id="d4730e1352a1310">
            <label>7</label>
            <p>
               <mixed-citation id="d4730e1359" publication-type="other">
Chron. Malleac., in Recueil des Hist. de la France, xii. 408.</mixed-citation>
            </p>
         </fn>
         <fn id="d4730e1366a1310">
            <label>8</label>
            <p>
               <mixed-citation id="d4730e1373" publication-type="other">
§ 15, in Acta Sanct., Oct. x. (1861) 257 F.</mixed-citation>
            </p>
         </fn>
         <fn id="d4730e1380a1310">
            <label>9</label>
            <p>
               <mixed-citation id="d4730e1387" publication-type="other">
Gall. Christ. ii. 1175, n. b.</mixed-citation>
            </p>
         </fn>
      </fn-group>
      <fn-group>
         <title>[Footnotes]</title>
         <fn id="d4730e1403a1310">
            <label>1</label>
            <p>
               <mixed-citation id="d4730e1410" publication-type="other">
See above, p. 322.</mixed-citation>
            </p>
         </fn>
         <fn id="d4730e1417a1310">
            <label>2</label>
            <p>
               <mixed-citation id="d4730e1424" publication-type="other">
See above, pp. 325, 326.</mixed-citation>
            </p>
         </fn>
         <fn id="d4730e1431a1310">
            <label>3</label>
            <p>
               <mixed-citation id="d4730e1438" publication-type="journal">
Metalog. i. 24, p. 60.<person-group>
                     <string-name>
                        <surname>Metalog</surname>
                     </string-name>
                  </person-group>
                  <issue>24</issue>
                  <fpage>60</fpage>
                  <volume>i</volume>
               </mixed-citation>
            </p>
            <p>
               <mixed-citation id="d4730e1462" publication-type="other">
Hist. litt. de la France,
xii. 455,</mixed-citation>
            </p>
            <p>
               <mixed-citation id="d4730e1471" publication-type="journal">
Mém. de l'Acad.
des Inscr. xxxi. ii. 101<issue>ii</issue>
                  <fpage>101</fpage>
                  <volume>xxxi</volume>
                  <source>Mém. de l'Acad. des Inscr</source>
               </mixed-citation>
            </p>
         </fn>
         <fn id="d4730e1494a1310">
            <label>4</label>
            <p>
               <mixed-citation id="d4730e1501" publication-type="other">
Hist. litt.'de la France, xii. 455</mixed-citation>
            </p>
            <p>
               <mixed-citation id="d4730e1507" publication-type="other">
Clerval,
Les Acoles de Chartres, p. 181</mixed-citation>
            </p>
         </fn>
         <fn id="d4730e1518a1310">
            <label>5</label>
            <p>
               <mixed-citation id="d4730e1525" publication-type="other">
Gervase of Canterbury, i. 125.</mixed-citation>
            </p>
         </fn>
         <fn id="d4730e1532a1310">
            <label>6</label>
            <p>
               <mixed-citation id="d4730e1539" publication-type="other">
Round, Geoffrey de Mandeville, pp. 405-8, 1892;</mixed-citation>
            </p>
            <p>
               <mixed-citation id="d4730e1545" publication-type="other">
Haskins, Norman Institu-
tions, pp. 128 ff., 1918.</mixed-citation>
            </p>
         </fn>
      </fn-group>
      <fn-group>
         <title>[Footnotes]</title>
         <fn id="d4730e1564a1310">
            <label>1</label>
            <p>
               <mixed-citation id="d4730e1571" publication-type="other">
Epist. ccv: see Mabillon's note ad loc.</mixed-citation>
            </p>
         </fn>
         <fn id="d4730e1578a1310">
            <label>2</label>
            <p>
               <mixed-citation id="d4730e1585" publication-type="journal">
Proceedings of the Royal Irish Academy, xxxv. c. 247 (1919)<fpage>247</fpage>
                  <volume>xxxv</volume>
                  <source>Proceedings of the Royal Irish Academy</source>
                  <year>1919</year>
               </mixed-citation>
            </p>
         </fn>
         <fn id="d4730e1604a1310">
            <label>3</label>
            <p>
               <mixed-citation id="d4730e1611" publication-type="other">
Ann. Monast. iv. 20, ed. Luard.</mixed-citation>
            </p>
         </fn>
      </fn-group>
      <fn-group>
         <title>[Footnotes]</title>
         <fn id="d4730e1627a1310">
            <label>1</label>
            <p>
               <mixed-citation id="d4730e1634" publication-type="other">
J. Thorpe, Registrum Roffense, pp. 39 ff., 1769.</mixed-citation>
            </p>
         </fn>
         <fn id="d4730e1641a1310">
            <label>2</label>
            <p>
               <mixed-citation id="d4730e1648" publication-type="other">
p. 25.</mixed-citation>
            </p>
         </fn>
         <fn id="d4730e1655a1310">
            <label>3</label>
            <p>
               <mixed-citation id="d4730e1662" publication-type="book">
Harl. MS. 978, fo. 121 b (now numbered 100 b) ff.<fpage>121</fpage>
                  <source>Harl. MS. 978</source>
               </mixed-citation>
            </p>
            <p>
               <mixed-citation id="d4730e1674" publication-type="other">
Palaeographical Society Facsimiles, i.
Plate 125.</mixed-citation>
            </p>
            <p>
               <mixed-citation id="d4730e1683" publication-type="other">
H L. D. Ward's Catalogue of Romances, i. (1883), 407 ff.,</mixed-citation>
            </p>
         </fn>
         <fn id="d4730e1690a1310">
            <label>4</label>
            <p>
               <mixed-citation id="d4730e1697" publication-type="other">
pp. 21-30.</mixed-citation>
            </p>
         </fn>
         <fn id="d4730e1705a1310">
            <label>5</label>
            <p>
               <mixed-citation id="d4730e1712" publication-type="journal">
Mém. de l'Acad. des Inscr. XXVIII. ii. (1876) 227<issue>ii</issue>
                  <fpage>227</fpage>
                  <volume>XXVIII</volume>
                  <source>Mém. de l'Acad. des Inscr</source>
                  <year>1876</year>
               </mixed-citation>
            </p>
         </fn>
      </fn-group>
      <fn-group>
         <title>[Footnotes]</title>
         <fn id="d4730e1744a1310">
            <label>1</label>
            <p>
               <mixed-citation id="d4730e1751" publication-type="other">
col. 2.</mixed-citation>
            </p>
         </fn>
         <fn id="d4730e1758a1310">
            <label>4</label>
            <p>
               <mixed-citation id="d4730e1765" publication-type="partial">
Wright, pp. 28 ff.</mixed-citation>
            </p>
         </fn>
         <fn id="d4730e1772a1310">
            <label>5</label>
            <p>
               <mixed-citation id="d4730e1779" publication-type="partial">
Ubi supra, pp. 226-38.</mixed-citation>
            </p>
         </fn>
         <fn id="d4730e1786a1310">
            <label>6</label>
            <p>
               <mixed-citation id="d4730e1793" publication-type="other">
Hist. pontif. xxxi, in Monum. Germ. Hist. xi 537.</mixed-citation>
            </p>
         </fn>
      </fn-group>
      <fn-group>
         <title>[Footnotes]</title>
         <fn id="d4730e1810a1310">
            <label>1</label>
            <p>
               <mixed-citation id="d4730e1817" publication-type="other">
Arch. fur Liter. und Kirchengesch. i. (1885), 605-11.</mixed-citation>
            </p>
         </fn>
         <fn id="d4730e1824a1310">
            <label>2</label>
            <p>
               <mixed-citation id="d4730e1831" publication-type="other">
Gesta Friderici, i. 47 (49).</mixed-citation>
            </p>
         </fn>
         <fn id="d4730e1838a1310">
            <label>3</label>
            <p>
               <mixed-citation id="d4730e1845" publication-type="other">
Abaelardi Epist. i.</mixed-citation>
            </p>
         </fn>
         <fn id="d4730e1852a1310">
            <label>4</label>
            <p>
               <mixed-citation id="d4730e1859" publication-type="journal">
Mémroires de l'Acad. des Inscr. XXXI. ii. 80.<issue>ii</issue>
                  <fpage>80</fpage>
                  <volume>XXXI</volume>
                  <source>Mémroires de l'Acad. des Inscr</source>
               </mixed-citation>
            </p>
         </fn>
         <fn id="d4730e1879a1310">
            <label>5</label>
            <p>
               <mixed-citation id="d4730e1886" publication-type="other">
f Mlonumenta Moguntina, ed. Jaff, -pp. 589 f, 1866.</mixed-citation>
            </p>
         </fn>
      </fn-group>
      <fn-group>
         <title>[Footnotes]</title>
         <fn id="d4730e1902a1310">
            <label>1</label>
            <p>
               <mixed-citation id="d4730e1909" publication-type="other">
Metalog. ii. 10.</mixed-citation>
            </p>
         </fn>
         <fn id="d4730e1916a1310">
            <label>2</label>
            <p>
               <mixed-citation id="d4730e1923" publication-type="other">
Baldric's Gesta Alberonis Trevirorum archiepiscopi,
xxvi</mixed-citation>
            </p>
            <p>
               <mixed-citation id="d4730e1932" publication-type="other">
Monum. Germ. Hist. viii. 257.</mixed-citation>
            </p>
            <p>
               <mixed-citation id="d4730e1938" publication-type="other">
W. Bernhardi, Konrad III
(1883), p. 920, n. 32;</mixed-citation>
            </p>
            <p>
               <mixed-citation id="d4730e1948" publication-type="other">
cf. pp. 765 f.  </mixed-citation>
            </p>
         </fn>
         <fn id="d4730e1957a1310">
            <label>3</label>
            <p>
               <mixed-citation id="d4730e1964" publication-type="other">
Cartulaire
de Notre-Dame de Chartres, iii. 206.</mixed-citation>
            </p>
         </fn>
         <fn id="d4730e1974a1310">
            <label>4</label>
            <p>
               <mixed-citation id="d4730e1981" publication-type="other">
Mansi, Concil. xxi. 729.</mixed-citation>
            </p>
         </fn>
         <fn id="d4730e1989a1310">
            <label>5</label>
            <p>
               <mixed-citation id="d4730e1996" publication-type="other">
Cartul. de Notre-Dame, i. 161 f., 164.</mixed-citation>
            </p>
         </fn>
         <fn id="d4730e2003a1310">
            <label>6</label>
            <p>
               <mixed-citation id="d4730e2010" publication-type="other">
Gallia Christ. viii. 1200 b.</mixed-citation>
            </p>
         </fn>
         <fn id="d4730e2017a1310">
            <label>7</label>
            <p>
               <mixed-citation id="d4730e2024" publication-type="other">
Epist. clxviii.</mixed-citation>
            </p>
         </fn>
         <fn id="d4730e2031a1310">
            <label>8</label>
            <p>
               <mixed-citation id="d4730e2038" publication-type="other">
Gesch. der Logik im Abendlande, ii. 230, 1861.</mixed-citation>
            </p>
         </fn>
         <fn id="d4730e2045a1310">
            <label>9</label>
            <p>
               <mixed-citation id="d4730e2052" publication-type="other">
e Nugis Curialiumn, i. 12, p. 18, ed. M. R. James, 1914.</mixed-citation>
            </p>
         </fn>
      </fn-group>
      <fn-group>
         <title>[Footnotes]</title>
         <fn id="d4730e2068a1310">
            <label>1</label>
            <p>
               <mixed-citation id="d4730e2075" publication-type="other">
Contin. of Symeon of Durham, Opp. ii. 319, ed. T. Arnold, 1885.</mixed-citation>
            </p>
         </fn>
         <fn id="d4730e2082a1310">
            <label>2</label>
            <p>
               <mixed-citation id="d4730e2089" publication-type="other">
Ducange, indeed, quotes 'Pullani dicuntur qui de patre
Syriano et matre Francigena generantur' from the Vie de Louys le Gros, ch. 24</mixed-citation>
            </p>
            <p>
               <mixed-citation id="d4730e2098" publication-type="other">
Observa-
tions on Joinville's Vie du Roy Saint Louys, p. 84, 1668</mixed-citation>
            </p>
            <p>
               <mixed-citation id="d4730e2107" publication-type="other">
Glossarium, vii. 356, ed. 1850.</mixed-citation>
            </p>
            <p>
               <mixed-citation id="d4730e2114" publication-type="other">
Duchesne, Hist. Francorum Script. iv. 408, 1641</mixed-citation>
            </p>
         </fn>
         <fn id="d4730e2121a1310">
            <label>3</label>
            <p>
               <mixed-citation id="d4730e2128" publication-type="partial">
Jo. Heringius, 1641</mixed-citation>
            </p>
            <p>
               <mixed-citation id="d4730e2134" publication-type="other">
Migne, cev. 934 B</mixed-citation>
            </p>
            <p>
               <mixed-citation id="d4730e2140" publication-type="book">
MS. Auct. F. 5. 6, fo. 116 b<fpage>116</fpage>
                  <source>MS. Auct</source>
               </mixed-citation>
            </p>
            <p>
               <mixed-citation id="d4730e2153" publication-type="book">
MS. Laud. Misc. 242, fo. 109 A,<person-group>
                     <string-name>
                        <surname>Laud</surname>
                     </string-name>
                  </person-group>
                  <fpage>109</fpage>
                  <volume>242</volume>
               </mixed-citation>
            </p>
            <p>
               <mixed-citation id="d4730e2174" publication-type="book">
MS. Laud. Misc. 515, fo. 39 b,<person-group>
                     <string-name>
                        <surname>Laud</surname>
                     </string-name>
                  </person-group>
                  <fpage>39</fpage>
               </mixed-citation>
            </p>
         </fn>
      </fn-group>
      <fn-group>
         <title>[Footnotes]</title>
         <fn id="d4730e2202a1310">
            <label>1</label>
            <p>
               <mixed-citation id="d4730e2209" publication-type="journal">
Advers. xxxi. 16, p. 1461 (1648).<issue>16</issue>
                  <fpage>1461</fpage>
                  <volume>xxxi</volume>
                  <source>Advers</source>
                  <year>1648</year>
               </mixed-citation>
            </p>
            <p>
               <mixed-citation id="d4730e2231" publication-type="book">
Bodl. MS. Auct. F. 5. 6,<fpage>5</fpage>
                  <source>Bodl. MS. Auct.</source>
               </mixed-citation>
            </p>
         </fn>
         <fn id="d4730e2244a1310">
            <label>2</label>
            <p>
               <mixed-citation id="d4730e2251" publication-type="book">
Quoted by J. Picard, note to, William of Newburgh, ii. 27, in Hearne's edition,
vol. iii. 643.<person-group>
                     <string-name>
                        <surname>Picard</surname>
                     </string-name>
                  </person-group>
                  <fpage>643</fpage>
                  <volume>iii</volume>
               </mixed-citation>
            </p>
            <p>
               <mixed-citation id="d4730e2275" publication-type="partial">
Rievaulx (fo. 43 b)</mixed-citation>
            </p>
            <p>
               <mixed-citation id="d4730e2281" publication-type="partial">
N. monk
of Rievaulx (fo. 85 b)</mixed-citation>
            </p>
            <p>
               <mixed-citation id="d4730e2291" publication-type="book">
Delisle'sInventaire des Manuscrits de l'Abbaye de Saint- Victor
(1869).<person-group>
                     <string-name>
                        <surname>Delisle's</surname>
                     </string-name>
                  </person-group>
                  <source>Inventaire des Manuscrits de l'Abbaye de Saint- Victor</source>
                  <year>1869</year>
               </mixed-citation>
            </p>
            <p>
               <mixed-citation id="d4730e2315" publication-type="other">
Les
Maanges poetiques d'Hildebert de Lavardin, p. 207, n. 1, 1882</mixed-citation>
            </p>
         </fn>
         <fn id="d4730e2325a1310">
            <label>4</label>
            <p>
               <mixed-citation id="d4730e2332" publication-type="other">
Hist. litt. de la France, xv. (1820), 155.</mixed-citation>
            </p>
         </fn>
         <fn id="d4730e2339a1310">
            <label>5</label>
            <p>
               <mixed-citation id="d4730e2346" publication-type="other">
Speculum Ecclesiae, i. prooem., Opp. iv. 7, ed. J. S. Brewer, 1873;</mixed-citation>
            </p>
            <p>
               <mixed-citation id="d4730e2352" publication-type="other">
cf. Gemma
ecclesiastica, ii. 37;  </mixed-citation>
            </p>
            <p>
               <mixed-citation id="d4730e2363" publication-type="other">
ibid. ii. 349, 1862.  </mixed-citation>
            </p>
            <p>
               <mixed-citation id="d4730e2372" publication-type="book">
Anthony
Wood, Hist. and Antiq. of the Univ. of Oxford, i. 157 (ed. J. Gutch, Oxford, 1792),
under the year 1160;<person-group>
                     <string-name>
                        <surname>Wood</surname>
                     </string-name>
                  </person-group>
                  <fpage>157</fpage>
                  <volume>i</volume>
                  <source>Hist. and Antiq. of the Univ. of Oxford</source>
                  <year>1792</year>
               </mixed-citation>
            </p>
         </fn>
         <fn id="d4730e2408a1310">
            <label>6</label>
            <p>
               <mixed-citation id="d4730e2415" publication-type="journal">
Denifle and Chatelain, Chartul. Univers. Paris, i. (1889), no. 6, pp. 6 f.<person-group>
                     <string-name>
                        <surname>Chatelain</surname>
                     </string-name>
                  </person-group>
                  <issue>6</issue>
                  <fpage>6</fpage>
                  <volume>i</volume>
                  <source>Chartul. Univers. Paris</source>
                  <year>1889</year>
               </mixed-citation>
            </p>
         </fn>
      </fn-group>
      <fn-group>
         <title>[Footnotes]</title>
         <fn id="d4730e2456a1310">
            <label>1</label>
            <p>
               <mixed-citation id="d4730e2463" publication-type="other">
above, p. 328.</mixed-citation>
            </p>
         </fn>
         <fn id="d4730e2470a1310">
            <label>2</label>
            <p>
               <mixed-citation id="d4730e2477" publication-type="other">
Clerval, Ecoles de Chartres, p. 173.</mixed-citation>
            </p>
         </fn>
         <fn id="d4730e2484a1310">
            <label>3</label>
            <p>
               <mixed-citation id="d4730e2491" publication-type="other">
Cartulaire de Notre-Dame de Chartres, iii. 148.</mixed-citation>
            </p>
         </fn>
         <fn id="d4730e2498a1310">
            <label>4</label>
            <p>
               <mixed-citation id="d4730e2505" publication-type="journal">
Hauréau, in Mém. de l'Acad. des Inscr., XXXI. ii. 86 f<person-group>
                     <string-name>
                        <surname>Hauréau</surname>
                     </string-name>
                  </person-group>
                  <issue>ii</issue>
                  <fpage>86</fpage>
                  <volume>XXXI</volume>
                  <source>Mém. de l'Acad. des Inscr.</source>
               </mixed-citation>
            </p>
         </fn>
      </fn-group>
   </back>
</article>
