<article xmlns:xsi="http://www.w3.org/2001/XMLSchema-instance"
         xmlns:xlink="http://www.w3.org/1999/xlink"
         xmlns:mml="http://www.w3.org/1998/Math/MathML"
         dtd-version="1.0"
         article-type="research-article">
   <front>
      <journal-meta>
         <journal-id journal-id-type="jstor">englhistrevi</journal-id>
         <journal-id journal-id-type="jstor">j100150</journal-id>
         <journal-title-group>
            <journal-title>The English Historical Review</journal-title>
         </journal-title-group>
         <publisher>
            <publisher-name>Longmans, Green and Co.</publisher-name>
         </publisher>
         <issn pub-type="ppub">00138266</issn>
         <issn pub-type="epub">14774534</issn>
      </journal-meta>
      <article-meta>
         <article-id pub-id-type="jstor">551504</article-id>
         <article-categories>
            <subj-group>
               <subject>Notes and Documents</subject>
            </subj-group>
         </article-categories>
         <title-group>
            <article-title>Textual Errors in the Itinerary of Antoninus</article-title>
         </title-group>
         <contrib-group>
            <contrib contrib-type="author">
               <string-name>
                  <given-names>G. H.</given-names>
                  <surname>Wheeler</surname>
               </string-name>
            </contrib>
         </contrib-group>
         <pub-date>
            <day>1</day>
            <month>7</month>
            <year>1920</year>
         </pub-date>
         <volume>35</volume>
         <issue>139</issue>
         <issue-id>i224174</issue-id>
         <fpage>377</fpage>
         <lpage>382</lpage>
         <page-range>377-382</page-range>
         <permissions>
            <copyright-statement/>
         </permissions>
         <self-uri xlink:href="http://www.jstor.org/stable/551504"/>
         <custom-meta-group>
            <custom-meta>
               <meta-name>lang</meta-name>
               <meta-value>eng</meta-value>
            </custom-meta>
         </custom-meta-group>
      </article-meta>
   </front>
   <back>
      <fn-group>
         <title>[Footnotes]</title>
         <fn id="d4807e122a1310">
            <label>1</label>
            <p>
               <mixed-citation id="d4807e129" publication-type="other">
Cuntz in Wiener Studien, xiii. (1891), 177</mixed-citation>
            </p>
            <p>
               <mixed-citation id="d4807e135" publication-type="other">
xv. (1893), 260.</mixed-citation>
            </p>
         </fn>
         <fn id="d4807e142a1310">
            <label>2</label>
            <p>
               <mixed-citation id="d4807e149" publication-type="book">
The references in the text are to Wesseling's edition of the Itinerarium (Amster-
dam, 1735).<person-group>
                     <string-name>
                        <surname>Wesseling's</surname>
                     </string-name>
                  </person-group>
                  <source>Itinerarium</source>
                  <year>1735</year>
               </mixed-citation>
            </p>
         </fn>
         <fn id="d4807e174a1310">
            <label>3</label>
            <p>
               <mixed-citation id="d4807e181" publication-type="other">
This is explained by Ekkehart: 'ego quidem corrigere per me, exemplar aliud
non habens, si poteram, temptavi</mixed-citation>
            </p>
            <p>
               <mixed-citation id="d4807e190" publication-type="journal">
E. Dümmler in Zeitschrift für deutaches Altertum, neue Folge, ii. (1869), 21.<person-group>
                     <string-name>
                        <surname>Dümmler</surname>
                     </string-name>
                  </person-group>
                  <fpage>21</fpage>
                  <volume>ii</volume>
                  <source>Zeitschrift für deutaches Altertum</source>
                  <year>1869</year>
               </mixed-citation>
            </p>
         </fn>
      </fn-group>
      <fn-group>
         <title>[Footnotes]</title>
         <fn id="d4807e228a1310">
            <label>1</label>
            <p>
               <mixed-citation id="d4807e235" publication-type="other">
See Eine r6mische Strassenkarte (Jahre8hefte de8 Oe8terreichi8chen Archdologi8chen
In8titutes, v. 1902, 31).</mixed-citation>
            </p>
         </fn>
         <fn id="d4807e245a1310">
            <label>2</label>
            <p>
               <mixed-citation id="d4807e252" publication-type="other">
Desjardins, GCographie de la Gaule, iv. 107.</mixed-citation>
            </p>
         </fn>
         <fn id="d4807e259a1310">
            <label>3</label>
            <p>
               <mixed-citation id="d4807e266" publication-type="other">
See Migne, Patrologia Latina, cxlix.
1263 c</mixed-citation>
            </p>
            <p>
               <mixed-citation id="d4807e275" publication-type="book">
Freeman, Norman Conquest, iv (2nd ed. 1876), p. 67, n. 2.<person-group>
                     <string-name>
                        <surname>Freeman</surname>
                     </string-name>
                  </person-group>
                  <edition>2</edition>
                  <fpage>67</fpage>
                  <volume>iv</volume>
                  <source>Norman Conquest</source>
                  <year>1876</year>
               </mixed-citation>
            </p>
         </fn>
      </fn-group>
      <fn-group>
         <title>[Footnotes]</title>
         <fn id="d4807e316a1310">
            <label>1</label>
            <p>
               <mixed-citation id="d4807e323" publication-type="book">
Itinerarium Ant. Aug., edd. Parthey and Pinder (Berlin. 1858), p. xviii.<fpage>xviii</fpage>
                  <source>Itinerarium Ant. Aug.</source>
                  <year>1858</year>
               </mixed-citation>
            </p>
         </fn>
      </fn-group>
      <fn-group>
         <title>[Footnotes]</title>
         <fn id="d4807e348a1310">
            <label>1</label>
            <p>
               <mixed-citation id="d4807e355" publication-type="other">
Corpus Inscr. Latin. xiii, vol. i, pt. 2, p. 587.</mixed-citation>
            </p>
         </fn>
         <fn id="d4807e362a1310">
            <label>2</label>
            <p>
               <mixed-citation id="d4807e369" publication-type="other">
See the quotation from Ekkehart above
p. 377, n. 3.</mixed-citation>
            </p>
         </fn>
         <fn id="d4807e379a1310">
            <label>3</label>
            <p>
               <mixed-citation id="d4807e386" publication-type="other">
Other instances will be found in the Danubian Iter, pp. 242-9.</mixed-citation>
            </p>
         </fn>
      </fn-group>
      <fn-group>
         <title>[Footnotes]</title>
         <fn id="d4807e402a1310">
            <label>1</label>
            <p>
               <mixed-citation id="d4807e409" publication-type="journal">
Cuntz in Jahreshefte des Oesterreich. Archdäol. Institutes, v. (1902), Beiblatt,
p. 142.<person-group>
                     <string-name>
                        <surname>Cuntz</surname>
                     </string-name>
                  </person-group>
                  <fpage>142</fpage>
                  <volume>v</volume>
                  <source>Jahreshefte des Oesterreich. Archdäol. Institutes</source>
                  <year>1902</year>
               </mixed-citation>
            </p>
         </fn>
      </fn-group>
   </back>
</article>
