<article xmlns:xsi="http://www.w3.org/2001/XMLSchema-instance"
         xmlns:xlink="http://www.w3.org/1999/xlink"
         xmlns:mml="http://www.w3.org/1998/Math/MathML"
         dtd-version="1.0"
         article-type="research-article">
   <front>
      <journal-meta>
         <journal-id journal-id-type="jstor">englhistrevi</journal-id>
         <journal-id journal-id-type="jstor">j100150</journal-id>
         <journal-title-group>
            <journal-title>The English Historical Review</journal-title>
         </journal-title-group>
         <publisher>
            <publisher-name>Longmans, Green and Co.</publisher-name>
         </publisher>
         <issn pub-type="ppub">00138266</issn>
         <issn pub-type="epub">14774534</issn>
      </journal-meta>
      <article-meta>
         <article-id pub-id-type="jstor">551707</article-id>
         <article-categories>
            <subj-group>
               <subject>Notes and Documents</subject>
            </subj-group>
         </article-categories>
         <title-group>
            <article-title>King Harold's Books</article-title>
         </title-group>
         <contrib-group>
            <contrib contrib-type="author">
               <string-name>
                  <given-names>Charles H.</given-names>
                  <surname>Haskins</surname>
               </string-name>
            </contrib>
            <contrib contrib-type="author">
               <string-name>
                  <given-names>King</given-names>
                  <surname>Harold</surname>
               </string-name>
            </contrib>
         </contrib-group>
         <pub-date>
            <day>1</day>
            <month>7</month>
            <year>1922</year>
         </pub-date>
         <volume>37</volume>
         <issue>147</issue>
         <issue-id>i224182</issue-id>
         <fpage>398</fpage>
         <lpage>400</lpage>
         <page-range>398-400</page-range>
         <permissions>
            <copyright-statement/>
         </permissions>
         <self-uri xlink:href="http://www.jstor.org/stable/551707"/>
         <custom-meta-group>
            <custom-meta>
               <meta-name>lang</meta-name>
               <meta-value>eng</meta-value>
            </custom-meta>
         </custom-meta-group>
      </article-meta>
   </front>
   <back>
      <fn-group>
         <title>[Footnotes]</title>
         <fn id="d4524e134a1310">
            <label>1</label>
            <p>
               <mixed-citation id="d4524e141" publication-type="other">
Ante, xxvi. 491-8;</mixed-citation>
            </p>
            <p>
               <mixed-citation id="d4524e147" publication-type="other">
xxviii. 515 f.</mixed-citation>
            </p>
         </fn>
         <fn id="d4524e154a1310">
            <label>2</label>
            <p>
               <mixed-citation id="d4524e161" publication-type="other">
Cod. lat. 2504, fos. 49-51.</mixed-citation>
            </p>
         </fn>
         <fn id="d4524e168a1310">
            <label>3</label>
            <p>
               <mixed-citation id="d4524e175" publication-type="book">
MS. 15 (KK. 4. 2), fos. 186-186V:<fpage>186</fpage>
                  <source>MS. 15 (KK. 4. 2)</source>
               </mixed-citation>
            </p>
            <p>
               <mixed-citation id="d4524e187" publication-type="book">
cf. James, Catalogue, p. 33:<person-group>
                     <string-name>
                        <surname>James</surname>
                     </string-name>
                  </person-group>
                  <fpage>33</fpage>
                  <source>Catalogue</source>
               </mixed-citation>
            </p>
         </fn>
         <fn id="d4524e209a1310">
            <label>4</label>
            <p>
               <mixed-citation id="d4524e216" publication-type="other">
Martene and Durand, Thesaurus, i. 291.</mixed-citation>
            </p>
            <p>
               <mixed-citation id="d4524e222" publication-type="book">
MS. lat. 6425, fo. 39v.<fpage>39v</fpage>
               </mixed-citation>
            </p>
         </fn>
         <fn id="d4524e233a1310">
            <label>5</label>
            <p>
               <mixed-citation id="d4524e240" publication-type="book">
MS. fatigatitus.<source>MS. fatigatitus</source>
               </mixed-citation>
            </p>
         </fn>
         <fn id="d4524e250a1310">
            <label>6</label>
            <p>
               <mixed-citation id="d4524e257" publication-type="other">
Corrected from usque ad.</mixed-citation>
            </p>
         </fn>
         <fn id="d4524e264a1310">
            <label>7</label>
            <p>
               <mixed-citation id="d4524e271" publication-type="book">
MS. et stat.<source>MS. et stat</source>
               </mixed-citation>
            </p>
         </fn>
         <fn id="d4524e281a1310">
            <label>8</label>
            <p>
               <mixed-citation id="d4524e288" publication-type="book">
MS. ett (?)<source>MS. ett (?)</source>
               </mixed-citation>
            </p>
         </fn>
         <fn id="d4524e298a1310">
            <label>9</label>
            <p>
               <mixed-citation id="d4524e305" publication-type="book">
MS. individua.<source>MS. individua.</source>
               </mixed-citation>
            </p>
         </fn>
         <fn id="d4524e315a1310">
            <label>10</label>
            <p>
               <mixed-citation id="d4524e322" publication-type="other">
The scribe may have tried to correct the a into an o or vice versa.</mixed-citation>
            </p>
         </fn>
      </fn-group>
      <fn-group>
         <title>[Footnotes]</title>
         <fn id="d4524e338a1310">
            <label>1</label>
            <p>
               <mixed-citation id="d4524e345" publication-type="book">
MS. paritus.<source>MS. paritus</source>
               </mixed-citation>
            </p>
         </fn>
         <fn id="d4524e355a1310">
            <label>2</label>
            <p>
               <mixed-citation id="d4524e362" publication-type="other">
Here begins the Cambridge extract, with a paraphrased and somewhat briefer
text.</mixed-citation>
            </p>
         </fn>
         <fn id="d4524e372a1310">
            <label>3</label>
            <p>
               <mixed-citation id="d4524e379" publication-type="other">
6 Alii enim per gambas eos capiunt digitis ex anteriori parte nterpositis, Angli
vero a parte dorsi manibus alis subiectis eos apprehendunt' (fo. 49').</mixed-citation>
            </p>
         </fn>
         <fn id="d4524e389a1310">
            <label>4</label>
            <p>
               <mixed-citation id="d4524e396" publication-type="other">
A certain plant which grows by streams 'poete electrum vocant, phisici boricam,
Angli sua lingua nigram herbam dicunt, cuius ramus quadrangulus est ad modum
dice factus, folia vero foliis magne urtice similia' (fo. 50V). ' Salva alia confortiva que
apud veteres Anglos vocatur milda, alia purgativa que apud eosdem dicitur strica.
Milclam [sic] sic facies: betonice, serpilii, malve, albule regie quam Angli woeronam
vocant, plantiginis, millefolii equales mensuras in butiro coque et deinde secundum
arbitrium tuum mel liquidum adde et amisce Stricturam autem sic compones...
(fo. 51).</mixed-citation>
            </p>
         </fn>
         <fn id="d4524e426a1310">
            <label>5</label>
            <p>
               <mixed-citation id="d4524e433" publication-type="other">
See in general WVerth, in Zeitschrift f?ir rornanische Philologie, xii. 146-191, 381-
415;</mixed-citation>
            </p>
            <p>
               <mixed-citation id="d4524e442" publication-type="other">
xiii. 1-34.</mixed-citation>
            </p>
         </fn>
         <fn id="d4524e449a1310">
            <label>6</label>
            <p>
               <mixed-citation id="d4524e456" publication-type="other">
Ante, xxxvi. 347 f.</mixed-citation>
            </p>
         </fn>
         <fn id="d4524e463a1310">
            <label>7</label>
            <p>
               <mixed-citation id="d4524e470" publication-type="other">
On falconry in Anglo-Saxon times compare Liebermann, Ge8etze, ii. 501, 525 f.;</mixed-citation>
            </p>
            <p>
               <mixed-citation id="d4524e476" publication-type="other">
Hoops, Reallexikon der germwani8chen Altertumskunde, ii. 7-9;</mixed-citation>
            </p>
            <p>
               <mixed-citation id="d4524e482" publication-type="other">
Ellis, Introduction, i. 340 f.</mixed-citation>
            </p>
         </fn>
      </fn-group>
   </back>
</article>
