<article xmlns:xsi="http://www.w3.org/2001/XMLSchema-instance"
         xmlns:xlink="http://www.w3.org/1999/xlink"
         xmlns:mml="http://www.w3.org/1998/Math/MathML"
         dtd-version="1.0"
         article-type="research-article">
   <front>
      <journal-meta>
         <journal-id journal-id-type="jstor">englhistrevi</journal-id>
         <journal-id journal-id-type="jstor">j100150</journal-id>
         <journal-title-group>
            <journal-title>The English Historical Review</journal-title>
         </journal-title-group>
         <publisher>
            <publisher-name>Longmans, Green and Co.</publisher-name>
         </publisher>
         <issn pub-type="ppub">00138266</issn>
         <issn pub-type="epub">14774534</issn>
      </journal-meta>
      <article-meta>
         <article-id pub-id-type="jstor">551794</article-id>
         <title-group>
            <article-title>The 'Firma Unius Noctis' and the Customs of the Hundred</article-title>
         </title-group>
         <contrib-group>
            <contrib contrib-type="author">
               <string-name>
                  <given-names>Carl</given-names>
                  <surname>Stephenson</surname>
               </string-name>
            </contrib>
         </contrib-group>
         <pub-date>
            <day>1</day>
            <month>4</month>
            <year>1924</year>
         </pub-date>
         <volume>39</volume>
         <issue>154</issue>
         <issue-id>i224189</issue-id>
         <fpage>161</fpage>
         <lpage>174</lpage>
         <page-range>161-174</page-range>
         <permissions>
            <copyright-statement/>
         </permissions>
         <self-uri xlink:href="http://www.jstor.org/stable/551794"/>
         <custom-meta-group>
            <custom-meta>
               <meta-name>lang</meta-name>
               <meta-value>eng</meta-value>
            </custom-meta>
         </custom-meta-group>
      </article-meta>
   </front>
   <back>
      <fn-group>
         <title>[Footnotes]</title>
         <fn id="d20224e113a1310">
            <label>1</label>
            <p>
               <mixed-citation id="d20224e120" publication-type="other">
Ante, xxxiii. 62 f.</mixed-citation>
            </p>
            <p>
               <mixed-citation id="d20224e126" publication-type="other">
xxxv. 78 f.</mixed-citation>
            </p>
            <p>
               <mixed-citation id="d20224e132" publication-type="other">
xxxviii 161 f.</mixed-citation>
            </p>
         </fn>
      </fn-group>
      <fn-group>
         <title>[Footnotes]</title>
         <fn id="d20224e148a1310">
            <label>1</label>
            <p>
               <mixed-citation id="d20224e155" publication-type="other">
The Commune of Londoni, pp. 12 f</mixed-citation>
            </p>
            <p>
               <mixed-citation id="d20224e161" publication-type="other">
Vinogradoff, English Socicty it the
Eleventh Century, pp. 374 f</mixed-citation>
            </p>
            <p>
               <mixed-citation id="d20224e170" publication-type="other">
Ballard, The Domesday Inquest, pp. 239 f</mixed-citation>
            </p>
         </fn>
         <fn id="d20224e177a1310">
            <label>2</label>
            <p>
               <mixed-citation id="d20224e184" publication-type="other">
Domesday Book, i. 172</mixed-citation>
            </p>
            <p>
               <mixed-citation id="d20224e190" publication-type="other">
Warwickshire and Leicestershire: D. B
i. 230, 238</mixed-citation>
            </p>
         </fn>
         <fn id="d20224e200a1310">
            <label>3</label>
            <p>
               <mixed-citation id="d20224e207" publication-type="other">
Maitland, Domesday Book and Beyond, p. 92</mixed-citation>
            </p>
         </fn>
         <fn id="d20224e214a1310">
            <label>4</label>
            <p>
               <mixed-citation id="d20224e221" publication-type="other">
D. B. i. 162</mixed-citation>
            </p>
            <p>
               <mixed-citation id="d20224e227" publication-type="other">
D. B. i. 31</mixed-citation>
            </p>
            <p>
               <mixed-citation id="d20224e233" publication-type="other">
D. B. i. 208</mixed-citation>
            </p>
            <p>
               <mixed-citation id="d20224e240" publication-type="other">
D. B. i. 57 b</mixed-citation>
            </p>
            <p>
               <mixed-citation id="d20224e246" publication-type="other">
D. B. i. 219 b</mixed-citation>
            </p>
         </fn>
         <fn id="d20224e254a1310">
            <label>5</label>
            <p>
               <mixed-citation id="d20224e261" publication-type="other">
D. B. i. 66 b (Dobreham)</mixed-citation>
            </p>
            <p>
               <mixed-citation id="d20224e267" publication-type="other">
i. 12 b (Platenout)</mixed-citation>
            </p>
            <p>
               <mixed-citation id="d20224e273" publication-type="other">
ii. 110 (Breecles)</mixed-citation>
            </p>
            <p>
               <mixed-citation id="d20224e280" publication-type="other">
i. 379 (York)</mixed-citation>
            </p>
            <p>
               <mixed-citation id="d20224e286" publication-type="other">
i. 31, 31 b (Brufnloi, Reddesolham et Fernecome)</mixed-citation>
            </p>
            <p>
               <mixed-citation id="d20224e292" publication-type="other">
Round, in Domesday Studies,
i. 135</mixed-citation>
            </p>
         </fn>
         <fn id="d20224e302a1310">
            <label>6</label>
            <p>
               <mixed-citation id="d20224e309" publication-type="other">
D. B. ii. 38 1) 'Wisgar)</mixed-citation>
            </p>
            <p>
               <mixed-citation id="d20224e315" publication-type="other">
i. 247 b (Acovre)</mixed-citation>
            </p>
            <p>
               <mixed-citation id="d20224e321" publication-type="other">
ii. 3 b (Celdeforda)</mixed-citation>
            </p>
            <p>
               <mixed-citation id="d20224e328" publication-type="other">
ii. 180 (SAtu11nna)</mixed-citation>
            </p>
            <p>
               <mixed-citation id="d20224e334" publication-type="other">
Malmesbury and Hereford (D. B. 1. 64 b, 179)</mixed-citation>
            </p>
            <p>
               <mixed-citation id="d20224e340" publication-type="other">
Torksey and Wallingford (D. B. i. 56, 337)</mixed-citation>
            </p>
         </fn>
      </fn-group>
      <fn-group>
         <title>[Footnotes]</title>
         <fn id="d20224e356a1310">
            <label>1</label>
            <p>
               <mixed-citation id="d20224e363" publication-type="other">
The Domesday text (D. B. i. 190 b-192)</mixed-citation>
            </p>
            <p>
               <mixed-citation id="d20224e369" publication-type="book">
Inquisitio Comitatus Cantabrigiensis and the Inquisito
Eliensis (ed. Hamilton, London, 1876)<source>Inquisitio Comitatus Cantabrigiensis and the Inquisito Eliensis</source>
                  <year>1876</year>
               </mixed-citation>
            </p>
            <p>
               <mixed-citation id="d20224e384" publication-type="other">
pp. 19, 104</mixed-citation>
            </p>
            <p>
               <mixed-citation id="d20224e391" publication-type="other">
66, 109</mixed-citation>
            </p>
            <p>
               <mixed-citation id="d20224e397" publication-type="other">
88, 111</mixed-citation>
            </p>
         </fn>
         <fn id="d20224e404a1310">
            <label>2</label>
            <p>
               <mixed-citation id="d20224e411" publication-type="other">
Round, Feudal England, p. 114, n. 204</mixed-citation>
            </p>
            <p>
               <mixed-citation id="d20224e417" publication-type="other">
Maitland (Domesday Book and Beyond, pp. 236 f.,
319)</mixed-citation>
            </p>
            <p>
               <mixed-citation id="d20224e426" publication-type="other">
Vinogradoff (English Society, pp. 142, 327, 384)</mixed-citation>
            </p>
            <p>
               <mixed-citation id="d20224e433" publication-type="other">
Gesetze der
Angelsachsen, ii. 420, 'Gastung '</mixed-citation>
            </p>
         </fn>
         <fn id="d20224e443a1310">
            <p>
               <mixed-citation id="d20224e447" publication-type="other">
D. B. i. 75</mixed-citation>
            </p>
            <p>
               <mixed-citation id="d20224e453" publication-type="other">
Round, Feudal England, pp. 110f.</mixed-citation>
            </p>
            <p>
               <mixed-citation id="d20224e459" publication-type="other">
Commune of London, p. 71</mixed-citation>
            </p>
            <p>
               <mixed-citation id="d20224e465" publication-type="other">
Victoria History of Hampshire, i. 401, 414</mixed-citation>
            </p>
            <p>
               <mixed-citation id="d20224e472" publication-type="other">
Vic. Hist. Somerset, i. 402</mixed-citation>
            </p>
         </fn>
         <fn id="d20224e479a1310">
            <label>4</label>
            <p>
               <mixed-citation id="d20224e486" publication-type="other">
D. B. i. 75 b, iv. 31</mixed-citation>
            </p>
         </fn>
         <fn id="d20224e494a1310">
            <label>5</label>
            <p>
               <mixed-citation id="d20224e503" publication-type="other">
Ballard,
Domesday Inquest, pp. 223 f.</mixed-citation>
            </p>
            <p>
               <mixed-citation id="d20224e512" publication-type="other">
Round, in Vtct. Hist., Bedford, i. 193</mixed-citation>
            </p>
            <p>
               <mixed-citation id="d20224e519" publication-type="other">
Hereford, i. 300</mixed-citation>
            </p>
            <p>
               <mixed-citation id="d20224e525" publication-type="other">
Northampton, i. 273</mixed-citation>
            </p>
            <p>
               <mixed-citation id="d20224e531" publication-type="other">
Mr. Poole (The Exchequer in-the Twelfth Century, pp. 28 f.)</mixed-citation>
            </p>
         </fn>
      </fn-group>
      <fn-group>
         <title>[Footnotes]</title>
         <fn id="d20224e547a1310">
            <label>1</label>
            <p>
               <mixed-citation id="d20224e554" publication-type="other">
D. B. i. 28</mixed-citation>
            </p>
            <p>
               <mixed-citation id="d20224e560" publication-type="other">
D. B. i. 20 b</mixed-citation>
            </p>
            <p>
               <mixed-citation id="d20224e566" publication-type="other">
D. B. i. 162 b, 163, 179 b, 189 b,
209</mixed-citation>
            </p>
            <p>
               <mixed-citation id="d20224e576" publication-type="other">
D. B. ii. 5 b</mixed-citation>
            </p>
            <p>
               <mixed-citation id="d20224e582" publication-type="other">
D. B. ii. 6, 7, 21 b, 109, 112 b, 114, 235, 282</mixed-citation>
            </p>
         </fn>
         <fn id="d20224e589a1310">
            <label>2</label>
            <p>
               <mixed-citation id="d20224e596" publication-type="other">
D. B. i. 121</mixed-citation>
            </p>
            <p>
               <mixed-citation id="d20224e602" publication-type="other">
Vinogradoff, English
Society, p. 384</mixed-citation>
            </p>
            <p>
               <mixed-citation id="d20224e611" publication-type="other">
Liebermann, (Gesetze, ii. 420</mixed-citation>
            </p>
            <p>
               <mixed-citation id="d20224e618" publication-type="other">
Ballard (Domesday
Inquest, p: 226)</mixed-citation>
            </p>
         </fn>
         <fn id="d20224e628a1310">
            <label>3</label>
            <p>
               <mixed-citation id="d20224e637" publication-type="other">
D. B. i. 30</mixed-citation>
            </p>
            <p>
               <mixed-citation id="d20224e643" publication-type="other">
Miss Demarest (anite, xxxv. 83 f.)</mixed-citation>
            </p>
            <p>
               <mixed-citation id="d20224e650" publication-type="other">
D. B. i. 89</mixed-citation>
            </p>
            <p>
               <mixed-citation id="d20224e656" publication-type="other">
D. B. i. 168</mixed-citation>
            </p>
            <p>
               <mixed-citation id="d20224e662" publication-type="other">
D. B. i. 197</mixed-citation>
            </p>
            <p>
               <mixed-citation id="d20224e668" publication-type="other">
Iny. Com. Cant., p. 2</mixed-citation>
            </p>
         </fn>
      </fn-group>
      <fn-group>
         <title>[Footnotes]</title>
         <fn id="d20224e684a1310">
            <label>1</label>
            <p>
               <mixed-citation id="d20224e691" publication-type="other">
Round, Feudal England, pp. 4 f.</mixed-citation>
            </p>
            <p>
               <mixed-citation id="d20224e697" publication-type="other">
Domesday Studies, i. 120 f.</mixed-citation>
            </p>
            <p>
               <mixed-citation id="d20224e703" publication-type="other">
D. B. i. 75</mixed-citation>
            </p>
         </fn>
         <fn id="d20224e710a1310">
            <label>2</label>
            <p>
               <mixed-citation id="d20224e717" publication-type="other">
D. B. i. 92</mixed-citation>
            </p>
         </fn>
         <fn id="d20224e724a1310">
            <label>3</label>
            <p>
               <mixed-citation id="d20224e731" publication-type="other">
D. B. i. 86, 91 b (' Cruche')</mixed-citation>
            </p>
         </fn>
         <fn id="d20224e738a1310">
            <label>4</label>
            <p>
               <mixed-citation id="d20224e745" publication-type="other">
D. B. i. 86 b, 97 ('Selvere ')</mixed-citation>
            </p>
         </fn>
         <fn id="d20224e753a1310">
            <label>5</label>
            <p>
               <mixed-citation id="d20224e760" publication-type="other">
D. B. i. 86 b, 92, 96 b, 97 (' Are', 'Alresford', 'Brucheford', 'Bridgeford ')</mixed-citation>
            </p>
         </fn>
         <fn id="d20224e767a1310">
            <label>6</label>
            <p>
               <mixed-citation id="d20224e774" publication-type="other">
D. B. i. 87 b</mixed-citation>
            </p>
            <p>
               <mixed-citation id="d20224e780" publication-type="other">
iv. 143, 477 ('Seveberge')</mixed-citation>
            </p>
            <p>
               <mixed-citation id="d20224e786" publication-type="other">
Round, in Vict. Hist. Somerset, i. 398</mixed-citation>
            </p>
         </fn>
      </fn-group>
      <fn-group>
         <title>[Footnotes]</title>
         <fn id="d20224e803a1310">
            <label>1</label>
            <p>
               <mixed-citation id="d20224e810" publication-type="other">
D. B. i. 100 b, 105 b</mixed-citation>
            </p>
            <p>
               <mixed-citation id="d20224e816" publication-type="other">
iv. 198, 467</mixed-citation>
            </p>
         </fn>
         <fn id="d20224e823a1310">
            <label>2</label>
            <p>
               <mixed-citation id="d20224e830" publication-type="other">
ante, xxxviii. 169</mixed-citation>
            </p>
         </fn>
         <fn id="d20224e837a1310">
            <label>3</label>
            <p>
               <mixed-citation id="d20224e844" publication-type="other">
D. B. i. 100</mixed-citation>
            </p>
            <p>
               <mixed-citation id="d20224e850" publication-type="other">
Ashill in Somerset (D. B. i. 92)</mixed-citation>
            </p>
            <p>
               <mixed-citation id="d20224e856" publication-type="other">
Devon (D. B. iv. 459)</mixed-citation>
            </p>
         </fn>
      </fn-group>
      <fn-group>
         <title>[Footnotes]</title>
         <fn id="d20224e872a1310">
            <label>1</label>
            <p>
               <mixed-citation id="d20224e879" publication-type="other">
D. B. i. 116 b</mixed-citation>
            </p>
            <p>
               <mixed-citation id="d20224e885" publication-type="other">
iv. 458</mixed-citation>
            </p>
            <p>
               <mixed-citation id="d20224e891" publication-type="other">
William the Usher (D. B. i. 117 b), and lOd</mixed-citation>
            </p>
            <p>
               <mixed-citation id="d20224e898" publication-type="other">
Shapleigh, a manor of Gerald the Chaplain (D. B. i. 117)</mixed-citation>
            </p>
         </fn>
         <fn id="d20224e905a1310">
            <label>2</label>
            <p>
               <mixed-citation id="d20224e912" publication-type="other">
D. B. i. 120 b</mixed-citation>
            </p>
            <p>
               <mixed-citation id="d20224e918" publication-type="other">
D. B. i. 121</mixed-citation>
            </p>
            <p>
               <mixed-citation id="d20224e924" publication-type="other">
D. B. iv. 186, 471</mixed-citation>
            </p>
            <p>
               <mixed-citation id="d20224e931" publication-type="other">
D. B. iv. 104,
470</mixed-citation>
            </p>
         </fn>
         <fn id="d20224e941a1310">
            <label>3</label>
            <p>
               <mixed-citation id="d20224e948" publication-type="other">
D. B. i. 121</mixed-citation>
            </p>
            <p>
               <mixed-citation id="d20224e954" publication-type="other">
D. B.
iv. 470</mixed-citation>
            </p>
            <p>
               <mixed-citation id="d20224e963" publication-type="other">
D. B. i. 120 b</mixed-citation>
            </p>
            <p>
               <mixed-citation id="d20224e970" publication-type="other">
D. B. iv. 186</mixed-citation>
            </p>
         </fn>
         <fn id="d20224e977a1310">
            <label>4</label>
            <p>
               <mixed-citation id="d20224e984" publication-type="other">
D. B. iv. 80</mixed-citation>
            </p>
         </fn>
         <fn id="d20224e992a1310">
            <label>5</label>
            <p>
               <mixed-citation id="d20224e999" publication-type="other">
D. B. i. 101</mixed-citation>
            </p>
            <p>
               <mixed-citation id="d20224e1005" publication-type="other">
iv. 87, 462</mixed-citation>
            </p>
         </fn>
      </fn-group>
      <fn-group>
         <title>[Footnotes]</title>
         <fn id="d20224e1021a1310">
            <label>1</label>
            <p>
               <mixed-citation id="d20224e1028" publication-type="other">
Reichel in Vict. Hist. Devon, i. 398</mixed-citation>
            </p>
            <p>
               <mixed-citation id="d20224e1034" publication-type="other">
Vinogradoff, English Society, pp. 85, 289</mixed-citation>
            </p>
            <p>
               <mixed-citation id="d20224e1040" publication-type="other">
Miss Neilson, Customary Rents (Oxford
Studies in Social and Legal History, ii), ch. 3</mixed-citation>
            </p>
         </fn>
      </fn-group>
      <fn-group>
         <title>[Footnotes]</title>
         <fn id="d20224e1059a1310">
            <label>1</label>
            <p>
               <mixed-citation id="d20224e1066" publication-type="other">
D. B. i. 91 b, 92 b</mixed-citation>
            </p>
         </fn>
         <fn id="d20224e1073a1310">
            <label>2</label>
            <p>
               <mixed-citation id="d20224e1080" publication-type="other">
Miss Demarest, ' " Inter Ripam et Mersham " ', ante, xxxviii. 161 f.</mixed-citation>
            </p>
            <p>
               <mixed-citation id="d20224e1086" publication-type="other">
Mr. Round has indicated (Vict. Hist. Hereford, i. 269)</mixed-citation>
            </p>
         </fn>
         <fn id="d20224e1093a1310">
            <label>3</label>
            <p>
               <mixed-citation id="d20224e1100" publication-type="other">
D. B. i. 269 b</mixed-citation>
            </p>
         </fn>
         <fn id="d20224e1107a1310">
            <label>4</label>
            <p>
               <mixed-citation id="d20224e1116" publication-type="other">
Farrer, in Vict. Hist. Lancashire, i. 286, n. 2</mixed-citation>
            </p>
         </fn>
      </fn-group>
      <fn-group>
         <title>[Footnotes]</title>
         <fn id="d20224e1132a1310">
            <label>1</label>
            <p>
               <mixed-citation id="d20224e1139" publication-type="other">
ante, xxxviii. 168</mixed-citation>
            </p>
         </fn>
         <fn id="d20224e1146a1310">
            <label>2</label>
            <p>
               <mixed-citation id="d20224e1153" publication-type="other">
D. B. i. 269 b</mixed-citation>
            </p>
         </fn>
         <fn id="d20224e1160a1310">
            <label>3</label>
            <p>
               <mixed-citation id="d20224e1167" publication-type="other">
Ante, xxxviii. 166</mixed-citation>
            </p>
         </fn>
         <fn id="d20224e1174a1310">
            <label>5</label>
            <p>
               <mixed-citation id="d20224e1183" publication-type="partial">
Mr. Farrer (p. 277)</mixed-citation>
            </p>
         </fn>
      </fn-group>
      <fn-group>
         <title>[Footnotes]</title>
         <fn id="d20224e1199a1310">
            <label>1</label>
            <p>
               <mixed-citation id="d20224e1206" publication-type="partial">
Mr. Farrer (pp. 284, n. 11, 285, n. 1)</mixed-citation>
            </p>
         </fn>
      </fn-group>
      <fn-group>
         <title>[Footnotes]</title>
         <fn id="d20224e1223a1310">
            <label>1</label>
            <p>
               <mixed-citation id="d20224e1230" publication-type="other">
J. Wilson, in Vict. Hist. Cumberland, i. 314 f</mixed-citation>
            </p>
            <p>
               <mixed-citation id="d20224e1236" publication-type="journal">
G. T. Lapsley, ' Cornage and
Drengage ', in Amer. Hist. Rev.ix. 670 f.<person-group>
                     <string-name>
                        <surname>Lapsley</surname>
                     </string-name>
                  </person-group>
                  <fpage>670</fpage>
                  <volume>ix</volume>
                  <source>Amer. Hist. Rev.</source>
               </mixed-citation>
            </p>
            <p>
               <mixed-citation id="d20224e1264" publication-type="other">
Miss Neilson, Customary Rents, pp. 120 f.</mixed-citation>
            </p>
         </fn>
         <fn id="d20224e1271a1310">
            <label>2</label>
            <p>
               <mixed-citation id="d20224e1278" publication-type="other">
D. B. i. 87 b</mixed-citation>
            </p>
            <p>
               <mixed-citation id="d20224e1284" publication-type="other">
Exon
Domesday (D. B. iv. 162)</mixed-citation>
            </p>
            <p>
               <mixed-citation id="d20224e1293" publication-type="other">
Round, in Vict. Hist. Somerset, i. 404</mixed-citation>
            </p>
         </fn>
         <fn id="d20224e1300a1310">
            <label>3</label>
            <p>
               <mixed-citation id="d20224e1307" publication-type="other">
Ibid. i. 420</mixed-citation>
            </p>
         </fn>
         <fn id="d20224e1314a1310">
            <label>4</label>
            <p>
               <mixed-citation id="d20224e1321" publication-type="book">
Domesday of St. Paul's (Camden Society, 1857), p. 143<fpage>143</fpage>
                  <source>Domesday of St. Paul's</source>
                  <year>1857</year>
               </mixed-citation>
            </p>
            <p>
               <mixed-citation id="d20224e1336" publication-type="journal">
Ramsay Cartulary
(Rolls Series), i. 267<fpage>267</fpage>
                  <volume>i</volume>
                  <source>Ramsay Cartulary</source>
               </mixed-citation>
            </p>
            <p>
               <mixed-citation id="d20224e1354" publication-type="other">
Miss Neilson, Customary Rents, p. 129</mixed-citation>
            </p>
         </fn>
      </fn-group>
   </back>
</article>
