<article xmlns:xsi="http://www.w3.org/2001/XMLSchema-instance"
         xmlns:xlink="http://www.w3.org/1999/xlink"
         xmlns:mml="http://www.w3.org/1998/Math/MathML"
         dtd-version="1.0"
         article-type="research-article">
   <front>
      <journal-meta>
         <journal-id journal-id-type="jstor">englhistrevi</journal-id>
         <journal-id journal-id-type="jstor">j100150</journal-id>
         <journal-title-group>
            <journal-title>The English Historical Review</journal-title>
         </journal-title-group>
         <publisher>
            <publisher-name>Longmans, Green and Co.</publisher-name>
         </publisher>
         <issn pub-type="ppub">00138266</issn>
         <issn pub-type="epub">14774534</issn>
      </journal-meta>
      <article-meta>
         <article-id pub-id-type="jstor">551834</article-id>
         <article-categories>
            <subj-group>
               <subject>Notes and Documents</subject>
            </subj-group>
         </article-categories>
         <title-group>
            <article-title>The Militia in 1685</article-title>
         </title-group>
         <contrib-group>
            <contrib contrib-type="author">
               <string-name>
                  <given-names>G.</given-names>
                  <surname>Davies</surname>
               </string-name>
            </contrib>
            <contrib contrib-type="author">
               <string-name>
                  <given-names>John</given-names>
                  <surname>Martin</surname>
               </string-name>
            </contrib>
         </contrib-group>
         <pub-date>
            <day>1</day>
            <month>10</month>
            <year>1928</year>
         </pub-date>
         <volume>43</volume>
         <issue>172</issue>
         <issue-id>i224207</issue-id>
         <fpage>604</fpage>
         <lpage>605</lpage>
         <page-range>604-605</page-range>
         <permissions>
            <copyright-statement/>
         </permissions>
         <self-uri xlink:href="http://www.jstor.org/stable/551834"/>
         <custom-meta-group>
            <custom-meta>
               <meta-name>lang</meta-name>
               <meta-value>eng</meta-value>
            </custom-meta>
         </custom-meta-group>
      </article-meta>
   </front>
   <back>
      <fn-group>
         <title>[Footnotes]</title>
         <fn id="d7245e134a1310">
            <label>5</label>
            <p>
               <mixed-citation id="d7245e141" publication-type="other">
History of England, ed. Henderson, pp. 149, 153</mixed-citation>
            </p>
         </fn>
         <fn id="d7245e148a1310">
            <label>6</label>
            <p>
               <mixed-citation id="d7245e155" publication-type="other">
King Monmouth, ch. xii</mixed-citation>
            </p>
         </fn>
      </fn-group>
   </back>
</article>
