<article xmlns:xsi="http://www.w3.org/2001/XMLSchema-instance"
         xmlns:xlink="http://www.w3.org/1999/xlink"
         xmlns:mml="http://www.w3.org/1998/Math/MathML"
         dtd-version="1.0"
         article-type="research-article">
   <front>
      <journal-meta>
         <journal-id journal-id-type="jstor">englhistrevi</journal-id>
         <journal-id journal-id-type="jstor">j100150</journal-id>
         <journal-title-group>
            <journal-title>The English Historical Review</journal-title>
         </journal-title-group>
         <publisher>
            <publisher-name>Longmans, Green and Co.</publisher-name>
         </publisher>
         <issn pub-type="ppub">00138266</issn>
         <issn pub-type="epub">14774534</issn>
      </journal-meta>
      <article-meta>
         <article-id pub-id-type="jstor">551951</article-id>
         <title-group>
            <article-title>The Failure of the Constitutional Experiment in Sicily, 1813-1814</article-title>
         </title-group>
         <contrib-group>
            <contrib contrib-type="author">
               <string-name>
                  <given-names>H. M.</given-names>
                  <surname>Lackland</surname>
               </string-name>
            </contrib>
         </contrib-group>
         <pub-date>
            <day>1</day>
            <month>4</month>
            <year>1926</year>
         </pub-date>
         <volume>41</volume>
         <issue>162</issue>
         <issue-id>i224197</issue-id>
         <fpage>210</fpage>
         <lpage>235</lpage>
         <page-range>210-235</page-range>
         <permissions>
            <copyright-statement/>
         </permissions>
         <self-uri xlink:href="http://www.jstor.org/stable/551951"/>
         <custom-meta-group>
            <custom-meta>
               <meta-name>lang</meta-name>
               <meta-value>eng</meta-value>
            </custom-meta>
         </custom-meta-group>
      </article-meta>
   </front>
   <back>
      <fn-group>
         <title>[Footnotes]</title>
         <fn id="d39960e113a1310">
            <label>2</label>
            <p>
               <mixed-citation id="d39960e120" publication-type="other">
Castlereagh Correspondence,
viii. 298,</mixed-citation>
            </p>
            <p>
               <mixed-citation id="d39960e129" publication-type="other">
Cresceri, JMetntorie Segrete and Memoires de
,Marie Caroline, rcinc dc Naples (ed. R. Johnston),</mixed-citation>
            </p>
            <p>
               <mixed-citation id="d39960e138" publication-type="other">
0. Browning, Quece Caroliac of Naples, ante, ii. 482;</mixed-citation>
            </p>
            <p>
               <mixed-citation id="d39960e145" publication-type="other">
Johnston,
Lord William Beatinck and Murat, antte, xix. 263 ;</mixed-citation>
            </p>
            <p>
               <mixed-citation id="d39960e154" publication-type="partial">
M. H. Weil, Ferdinand IV
ct le duc d'Orléans</mixed-citation>
            </p>
            <p>
               <mixed-citation id="d39960e163" publication-type="partial">
Helfert, Maria Carolina, Königun von Neapel,</mixed-citation>
            </p>
         </fn>
      </fn-group>
      <fn-group>
         <title>[Footnotes]</title>
         <fn id="d39960e179a1310">
            <label>1</label>
            <p>
               <mixed-citation id="d39960e186" publication-type="other">
Orleans to Bentinck, 17 March 1813, Public Record Office, F.O. Sicily 70.</mixed-citation>
            </p>
            <p>
               <mixed-citation id="d39960e192" publication-type="other">
M. H. Weil, Ferdinand IV et le duc d'Orle'ans, pp. 15
seqq.</mixed-citation>
            </p>
         </fn>
         <fn id="d39960e202a1310">
            <label>2</label>
            <p>
               <mixed-citation id="d39960e209" publication-type="other">
(Smith's Diary, 17 July 1813)</mixed-citation>
            </p>
         </fn>
         <fn id="d39960e216a1310">
            <label>4</label>
            <p>
               <mixed-citation id="d39960e223" publication-type="other">
(Bentinck's Diary, 22 October 1813).</mixed-citation>
            </p>
         </fn>
         <fn id="d39960e230a1310">
            <label>6</label>
            <p>
               <mixed-citation id="d39960e237" publication-type="other">
Sicily 14 June 1813.  </mixed-citation>
            </p>
         </fn>
      </fn-group>
      <fn-group>
         <title>[Footnotes]</title>
         <fn id="d39960e255a1310">
            <label>1</label>
            <p>
               <mixed-citation id="d39960e262" publication-type="other">
Fortescue, History of the British Army, ix. 27, note)</mixed-citation>
            </p>
         </fn>
         <fn id="d39960e269a1310">
            <label>3</label>
            <p>
               <mixed-citation id="d39960e276" publication-type="other">
(Bentinck, 21 October 1813)  </mixed-citation>
            </p>
         </fn>
         <fn id="d39960e285a1310">
            <label>4</label>
            <p>
               <mixed-citation id="d39960e292" publication-type="other">
Smith, 21 June 1813.  </mixed-citation>
            </p>
         </fn>
      </fn-group>
      <fn-group>
         <title>[Footnotes]</title>
         <fn id="d39960e310a1310">
            <label>1</label>
            <p>
               <mixed-citation id="d39960e317" publication-type="other">
Smith, 21 June 1813.  </mixed-citation>
            </p>
         </fn>
         <fn id="d39960e326a1310">
            <label>2</label>
            <p>
               <mixed-citation id="d39960e333" publication-type="other">
Montgomerie to Castlereagh, 18 July 1813, F.O. Sicily 70.</mixed-citation>
            </p>
         </fn>
         <fn id="d39960e340a1310">
            <label>3</label>
            <p>
               <mixed-citation id="d39960e347" publication-type="other">
ianco, La Sicilia durante l'occupazionte inglese, p. 180.</mixed-citation>
            </p>
         </fn>
         <fn id="d39960e354a1310">
            <label>4</label>
            <p>
               <mixed-citation id="d39960e361" publication-type="other">
Smith, 8 June 1813: 'These fellows are so ignorant and the opposite party so
vigilant that on coming into the town they are stopped by persons appointed to wait
for them and cajoled how to vote.'  </mixed-citation>
            </p>
         </fn>
         <fn id="d39960e377a1310">
            <label>5</label>
            <p>
               <mixed-citation id="d39960e386" publication-type="other">
Bentinck, 19 July 1813, F.O. Sicily 70</mixed-citation>
            </p>
            <p>
               <mixed-citation id="d39960e392" publication-type="other">
Smitlh, 15 July 1813;  </mixed-citation>
            </p>
            <p>
               <mixed-citation id="d39960e401" publication-type="other">
Mlontgomerie to Castlercabli,
20 Junie 1813, F.O. Sicily 70).</mixed-citation>
            </p>
         </fn>
      </fn-group>
      <fn-group>
         <title>[Footnotes]</title>
         <fn id="d39960e420a1310">
            <label>2</label>
            <p>
               <mixed-citation id="d39960e427" publication-type="other">
Smith, 14 June 1813  </mixed-citation>
            </p>
         </fn>
         <fn id="d39960e436a1310">
            <label>3</label>
            <p>
               <mixed-citation id="d39960e443" publication-type="other">
Bianco, pp. 199 seqq.  </mixed-citation>
            </p>
         </fn>
         <fn id="d39960e452a1310">
            <label>4</label>
            <p>
               <mixed-citation id="d39960e459" publication-type="other">
AIontgomerie to Castlerea-gh, 31 MIav 1813, F.O. Sicily 70.</mixed-citation>
            </p>
         </fn>
         <fn id="d39960e466a1310">
            <label>5</label>
            <p>
               <mixed-citation id="d39960e473" publication-type="other">
Smith, 1 June 1813.  </mixed-citation>
            </p>
         </fn>
         <fn id="d39960e483a1310">
            <label>6</label>
            <p>
               <mixed-citation id="d39960e490" publication-type="other">
(Smith, 2 June 1813).  </mixed-citation>
            </p>
         </fn>
      </fn-group>
      <fn-group>
         <title>[Footnotes]</title>
         <fn id="d39960e509a1310">
            <label>1</label>
            <p>
               <mixed-citation id="d39960e516" publication-type="other">
Montgomerie to Castlereagh, 20 June 1813, F.O. Sicily 70.</mixed-citation>
            </p>
         </fn>
         <fn id="d39960e523a1310">
            <label>3</label>
            <p>
               <mixed-citation id="d39960e530" publication-type="other">
Bianco (document xxx, appendix).</mixed-citation>
            </p>
         </fn>
         <fn id="d39960e537a1310">
            <label>4</label>
            <p>
               <mixed-citation id="d39960e544" publication-type="other">
Smith, 3 June 1813: 'The board of health ... want the plague in to charge the
English with.'  </mixed-citation>
            </p>
         </fn>
         <fn id="d39960e556a1310">
            <label>6</label>
            <p>
               <mixed-citation id="d39960e563" publication-type="other">
Smith, 21 June 1813.  </mixed-citation>
            </p>
         </fn>
      </fn-group>
      <fn-group>
         <title>[Footnotes]</title>
         <fn id="d39960e581a1310">
            <label>1</label>
            <p>
               <mixed-citation id="d39960e588" publication-type="other">
Smith, 18 June 1813.  </mixed-citation>
            </p>
         </fn>
         <fn id="d39960e597a1310">
            <label>2</label>
            <p>
               <mixed-citation id="d39960e604" publication-type="other">
Smith, 1 July 1813.  </mixed-citation>
            </p>
         </fn>
         <fn id="d39960e613a1310">
            <label>2</label>
            <p>
               <mixed-citation id="d39960e620" publication-type="other">
Smith, 30 June 1813.  </mixed-citation>
            </p>
         </fn>
         <fn id="d39960e629a1310">
            <label>4</label>
            <p>
               <mixed-citation id="d39960e636" publication-type="other">
(Smith, 21 June 1813)  </mixed-citation>
            </p>
         </fn>
      </fn-group>
      <fn-group>
         <title>[Footnotes]</title>
         <fn id="d39960e654a1310">
            <label>1</label>
            <p>
               <mixed-citation id="d39960e661" publication-type="other">
Smith, 9 July 1813.  </mixed-citation>
            </p>
         </fn>
         <fn id="d39960e670a1310">
            <label>2</label>
            <p>
               <mixed-citation id="d39960e677" publication-type="other">
Smith, 11 July 1813.  </mixed-citation>
            </p>
         </fn>
         <fn id="d39960e686a1310">
            <label>3</label>
            <p>
               <mixed-citation id="d39960e693" publication-type="other">
(Smith, 10 July 1813).  </mixed-citation>
            </p>
         </fn>
         <fn id="d39960e702a1310">
            <label>6</label>
            <p>
               <mixed-citation id="d39960e709" publication-type="other">
Smith, 14 July 1813.  </mixed-citation>
            </p>
         </fn>
      </fn-group>
      <fn-group>
         <title>[Footnotes]</title>
         <fn id="d39960e727a1310">
            <label>1</label>
            <p>
               <mixed-citation id="d39960e734" publication-type="other">
Smith, 15 July 1813.  </mixed-citation>
            </p>
         </fn>
         <fn id="d39960e743a1310">
            <label>2</label>
            <p>
               <mixed-citation id="d39960e750" publication-type="other">
Ibid.  </mixed-citation>
            </p>
         </fn>
         <fn id="d39960e759a1310">
            <label>3</label>
            <p>
               <mixed-citation id="d39960e766" publication-type="other">
Smith, 15 July 1813.  </mixed-citation>
            </p>
         </fn>
      </fn-group>
      <fn-group>
         <title>[Footnotes]</title>
         <fn id="d39960e784a1310">
            <label>1</label>
            <p>
               <mixed-citation id="d39960e791" publication-type="other">
Smith, 17 July 1813.  </mixed-citation>
            </p>
         </fn>
         <fn id="d39960e800a1310">
            <label>3</label>
            <p>
               <mixed-citation id="d39960e807" publication-type="other">
Smith, 18 July 1813.  </mixed-citation>
            </p>
         </fn>
         <fn id="d39960e816a1310">
            <label>4</label>
            <p>
               <mixed-citation id="d39960e823" publication-type="other">
bid.  </mixed-citation>
            </p>
            <p>
               <mixed-citation id="d39960e831" publication-type="other">
Bentinck,
11 October 1813  </mixed-citation>
            </p>
         </fn>
      </fn-group>
      <fn-group>
         <title>[Footnotes]</title>
         <fn id="d39960e852a1310">
            <label>1</label>
            <p>
               <mixed-citation id="d39960e859" publication-type="other">
Smith, 18 July
1813  </mixed-citation>
            </p>
         </fn>
         <fn id="d39960e871a1310">
            <label>2</label>
            <p>
               <mixed-citation id="d39960e878" publication-type="other">
Smith, 18 July
1813  </mixed-citation>
            </p>
         </fn>
         <fn id="d39960e890a1310">
            <label>3</label>
            <p>
               <mixed-citation id="d39960e897" publication-type="other">
(Smith, 18 July 1813).  </mixed-citation>
            </p>
         </fn>
      </fn-group>
      <fn-group>
         <title>[Footnotes]</title>
         <fn id="d39960e916a1310">
            <label>1</label>
            <p>
               <mixed-citation id="d39960e923" publication-type="other">
Smith, 18 July 1813.  </mixed-citation>
            </p>
         </fn>
         <fn id="d39960e932a1310">
            <label>2</label>
            <p>
               <mixed-citation id="d39960e939" publication-type="other">
Bianco, pp. 198 seqq.  </mixed-citation>
            </p>
         </fn>
         <fn id="d39960e948a1310">
            <label>4</label>
            <p>
               <mixed-citation id="d39960e955" publication-type="other">
Smith, 19 July 1813.  </mixed-citation>
            </p>
         </fn>
         <fn id="d39960e964a1310">
            <label>5</label>
            <p>
               <mixed-citation id="d39960e971" publication-type="other">
Bianco, p. 190.  </mixed-citation>
            </p>
         </fn>
         <fn id="d39960e981a1310">
            <label>6</label>
            <p>
               <mixed-citation id="d39960e988" publication-type="other">
Montgomerie to Castlereagh, 22 July 1813, F.O. Sicily 70.</mixed-citation>
            </p>
         </fn>
         <fn id="d39960e995a1310">
            <label>7</label>
            <p>
               <mixed-citation id="d39960e1002" publication-type="other">
Smith, 19 July 1813  </mixed-citation>
            </p>
         </fn>
      </fn-group>
      <fn-group>
         <title>[Footnotes]</title>
         <fn id="d39960e1020a1310">
            <label>1</label>
            <p>
               <mixed-citation id="d39960e1027" publication-type="other">
(Montgomerie to Castlereagh, 18 July 1813, F.O. Sicily 70)</mixed-citation>
            </p>
            <p>
               <mixed-citation id="d39960e1033" publication-type="other">
Bentinck of 19 July 1813 (F.O. Sicily 70)</mixed-citation>
            </p>
         </fn>
         <fn id="d39960e1040a1310">
            <label>2</label>
            <p>
               <mixed-citation id="d39960e1047" publication-type="other">
(Bentinck to hereditary prince, 12 August 1813, F.O. Sicily 70).</mixed-citation>
            </p>
         </fn>
         <fn id="d39960e1054a1310">
            <label>3</label>
            <p>
               <mixed-citation id="d39960e1061" publication-type="other">
(Bentinck
to Montgomerie, 7 August 1813, F.O. Sicily 70).</mixed-citation>
            </p>
         </fn>
         <fn id="d39960e1071a1310">
            <label>4</label>
            <p>
               <mixed-citation id="d39960e1078" publication-type="other">
Bentinck, 21 October 1813.  </mixed-citation>
            </p>
         </fn>
         <fn id="d39960e1088a1310">
            <label>5</label>
            <p>
               <mixed-citation id="d39960e1095" publication-type="other">
(MIontgomerie to Castle-
rea gh, 25 July 1813, F.O. Sicily 7 0).</mixed-citation>
            </p>
         </fn>
      </fn-group>
      <fn-group>
         <title>[Footnotes]</title>
         <fn id="d39960e1114a1310">
            <label>1</label>
            <p>
               <mixed-citation id="d39960e1121" publication-type="other">
prilnce to Castelcicala, 5 August
1813, F.O. Sicily 70</mixed-citation>
            </p>
         </fn>
         <fn id="d39960e1131a1310">
            <label>2</label>
            <p>
               <mixed-citation id="d39960e1138" publication-type="other">
Montgomerie to Castlereagh, 27 July 1813, F.O. Sicily 70.</mixed-citation>
            </p>
         </fn>
         <fn id="d39960e1145a1310">
            <label>5</label>
            <p>
               <mixed-citation id="d39960e1152" publication-type="other">
Castelcicala, 5 August 1813,
F.O. Sicily 70</mixed-citation>
            </p>
         </fn>
      </fn-group>
      <fn-group>
         <title>[Footnotes]</title>
         <fn id="d39960e1171a1310">
            <label>1</label>
            <p>
               <mixed-citation id="d39960e1178" publication-type="other">
(Montgomerie to Castlereagh, 31 July 1813, F.O. Sicily 70).</mixed-citation>
            </p>
         </fn>
         <fn id="d39960e1185a1310">
            <label>2</label>
            <p>
               <mixed-citation id="d39960e1192" publication-type="other">
Montgomerie to Castlereagh, 31 July 1813, F.O. Sicily 70.</mixed-citation>
            </p>
         </fn>
         <fn id="d39960e1199a1310">
            <label>3</label>
            <p>
               <mixed-citation id="d39960e1206" publication-type="other">
ibid.  </mixed-citation>
            </p>
         </fn>
      </fn-group>
      <fn-group>
         <title>[Footnotes]</title>
         <fn id="d39960e1224a1310">
            <label>1</label>
            <p>
               <mixed-citation id="d39960e1231" publication-type="partial">
(Fagan, 5 September 1813)</mixed-citation>
            </p>
         </fn>
         <fn id="d39960e1238a1310">
            <label>2</label>
            <p>
               <mixed-citation id="d39960e1245" publication-type="other">
Montgomerie to Castlereagh, 26 August 1813, F.O. Sicily 70.</mixed-citation>
            </p>
         </fn>
      </fn-group>
      <fn-group>
         <title>[Footnotes]</title>
         <fn id="d39960e1261a1310">
            <label>2</label>
            <p>
               <mixed-citation id="d39960e1268" publication-type="other">
(Monitgomerie to
LUastlereagh, 161 September 181:3, F.O. Sicily 70).</mixed-citation>
            </p>
         </fn>
         <fn id="d39960e1278a1310">
            <label>3</label>
            <p>
               <mixed-citation id="d39960e1285" publication-type="other">
ibid., 21 September 1813, F.O. Sicily 70.</mixed-citation>
            </p>
         </fn>
         <fn id="d39960e1292a1310">
            <label>4</label>
            <p>
               <mixed-citation id="d39960e1299" publication-type="other">
(B13enitinelk to Castlereagh,
I9 October 1813, 1F.. Sicily 70).</mixed-citation>
            </p>
         </fn>
      </fn-group>
      <fn-group>
         <title>[Footnotes]</title>
         <fn id="d39960e1319a1310">
            <label>1</label>
            <p>
               <mixed-citation id="d39960e1326" publication-type="other">
lontgomerie to Castlereagh, 2 October 1813, F.O. Sicily 70.</mixed-citation>
            </p>
         </fn>
         <fn id="d39960e1333a1310">
            <label>2</label>
            <p>
               <mixed-citation id="d39960e1340" publication-type="other">
Bentinck, 5 October and 13 October 1813.</mixed-citation>
            </p>
         </fn>
         <fn id="d39960e1347a1310">
            <label>3</label>
            <p>
               <mixed-citation id="d39960e1354" publication-type="other">
(Bentinck, 8 October 1813).  </mixed-citation>
            </p>
         </fn>
         <fn id="d39960e1363a1310">
            <label>4</label>
            <p>
               <mixed-citation id="d39960e1370" publication-type="other">
Bentinck, 11 October 1813: 'evidently an able man and seemed respectal'  </mixed-citation>
            </p>
         </fn>
         <fn id="d39960e1380a1310">
            <label>5</label>
            <p>
               <mixed-citation id="d39960e1387" publication-type="other">
Bentinck, 12 October 1813.  </mixed-citation>
            </p>
         </fn>
      </fn-group>
      <fn-group>
         <title>[Footnotes]</title>
         <fn id="d39960e1405a1310">
            <label>1</label>
            <p>
               <mixed-citation id="d39960e1412" publication-type="other">
Bentinck, 12 October 1813.  </mixed-citation>
            </p>
         </fn>
         <fn id="d39960e1421a1310">
            <label>2</label>
            <p>
               <mixed-citation id="d39960e1428" publication-type="other">
Bentinck, 14 October 1813.  </mixed-citation>
            </p>
         </fn>
         <fn id="d39960e1437a1310">
            <label>3</label>
            <p>
               <mixed-citation id="d39960e1444" publication-type="other">
Bentinck, 20 October 1813.  </mixed-citation>
            </p>
            <p>
               <mixed-citation id="d39960e1452" publication-type="other">
Bianco, p. 211,  </mixed-citation>
            </p>
         </fn>
      </fn-group>
      <fn-group>
         <title>[Footnotes]</title>
         <fn id="d39960e1470a1310">
            <label>1</label>
            <p>
               <mixed-citation id="d39960e1477" publication-type="partial">
Bentinek, 20 October 1813.</mixed-citation>
            </p>
         </fn>
         <fn id="d39960e1484a1310">
            <label>2</label>
            <p>
               <mixed-citation id="d39960e1491" publication-type="other">
Bianco, p. 211.  </mixed-citation>
            </p>
         </fn>
         <fn id="d39960e1500a1310">
            <label>3</label>
            <p>
               <mixed-citation id="d39960e1507" publication-type="other">
Bentinck, 21 October 1813.  </mixed-citation>
            </p>
         </fn>
         <fn id="d39960e1516a1310">
            <label>4</label>
            <p>
               <mixed-citation id="d39960e1523" publication-type="other">
Bianco, p. 211.  </mixed-citation>
            </p>
         </fn>
         <fn id="d39960e1533a1310">
            <label>5</label>
            <p>
               <mixed-citation id="d39960e1540" publication-type="other">
Bentinck, 21 October 1813.  </mixed-citation>
            </p>
         </fn>
         <fn id="d39960e1549a1310">
            <label>6</label>
            <p>
               <mixed-citation id="d39960e1556" publication-type="partial">
Bunbury, p. 310,</mixed-citation>
            </p>
         </fn>
         <fn id="d39960e1563a1310">
            <label>7</label>
            <p>
               <mixed-citation id="d39960e1570" publication-type="other">
Bentinck, 25 October 1813.  </mixed-citation>
            </p>
         </fn>
      </fn-group>
      <fn-group>
         <title>[Footnotes]</title>
         <fn id="d39960e1588a1310">
            <label>1</label>
            <p>
               <mixed-citation id="d39960e1595" publication-type="partial">
Bentinek, 26 October 1813.</mixed-citation>
            </p>
         </fn>
         <fn id="d39960e1602a1310">
            <label>2</label>
            <p>
               <mixed-citation id="d39960e1609" publication-type="other">
(Bentinck,
25 October 1813).  </mixed-citation>
            </p>
         </fn>
         <fn id="d39960e1621a1310">
            <label>3</label>
            <p>
               <mixed-citation id="d39960e1628" publication-type="other">
Bianco, p. 213.  </mixed-citation>
            </p>
         </fn>
      </fn-group>
      <fn-group>
         <title>[Footnotes]</title>
         <fn id="d39960e1646a1310">
            <label>1</label>
            <p>
               <mixed-citation id="d39960e1653" publication-type="partial">
Bentinek, 3 November 1813.</mixed-citation>
            </p>
         </fn>
         <fn id="d39960e1660a1310">
            <label>2</label>
            <p>
               <mixed-citation id="d39960e1667" publication-type="other">
Bianco, p. 214.  </mixed-citation>
            </p>
         </fn>
         <fn id="d39960e1676a1310">
            <label>3</label>
            <p>
               <mixed-citation id="d39960e1683" publication-type="other">
(History of the British Army, ix. 32).</mixed-citation>
            </p>
         </fn>
      </fn-group>
      <fn-group>
         <title>[Footnotes]</title>
         <fn id="d39960e1699a1310">
            <label>2</label>
            <p>
               <mixed-citation id="d39960e1706" publication-type="other">
Weil, Eugene et Mllurat, iii. 181 seq.</mixed-citation>
            </p>
         </fn>
         <fn id="d39960e1713a1310">
            <label>3</label>
            <p>
               <mixed-citation id="d39960e1720" publication-type="other">
Bianco, p. 220.  </mixed-citation>
            </p>
         </fn>
      </fn-group>
      <fn-group>
         <title>[Footnotes]</title>
         <fn id="d39960e1739a1310">
            <label>1</label>
            <p>
               <mixed-citation id="d39960e1746" publication-type="other">
Bentinck, 16 June 1814.  </mixed-citation>
            </p>
         </fn>
         <fn id="d39960e1755a1310">
            <label>2</label>
            <p>
               <mixed-citation id="d39960e1762" publication-type="other">
Castelnuovo to Bentinck, 24 April 1814 (Bianco, appendix xxxiv).</mixed-citation>
            </p>
         </fn>
      </fn-group>
      <fn-group>
         <title>[Footnotes]</title>
         <fn id="d39960e1778a1310">
            <label>1</label>
            <p>
               <mixed-citation id="d39960e1785" publication-type="other">
Bentinck, 16 June 1814.  </mixed-citation>
            </p>
         </fn>
         <fn id="d39960e1794a1310">
            <label>2</label>
            <p>
               <mixed-citation id="d39960e1801" publication-type="other">
(Bentinck,
22 June 1814)  </mixed-citation>
            </p>
         </fn>
         <fn id="d39960e1813a1310">
            <label>3</label>
            <p>
               <mixed-citation id="d39960e1820" publication-type="other">
Bianco, p. 232.  </mixed-citation>
            </p>
         </fn>
         <fn id="d39960e1829a1310">
            <label>4</label>
            <p>
               <mixed-citation id="d39960e1836" publication-type="other">
Bentinck, 22 June 1814.  </mixed-citation>
            </p>
         </fn>
         <fn id="d39960e1846a1310">
            <label>5</label>
            <p>
               <mixed-citation id="d39960e1853" publication-type="partial">
(Bentinek, 26 June 1814).</mixed-citation>
            </p>
         </fn>
      </fn-group>
      <fn-group>
         <title>[Footnotes]</title>
         <fn id="d39960e1869a1310">
            <label>1</label>
            <p>
               <mixed-citation id="d39960e1876" publication-type="other">
(Bentinck, 29 June 1814)  </mixed-citation>
            </p>
         </fn>
         <fn id="d39960e1885a1310">
            <label>2</label>
            <p>
               <mixed-citation id="d39960e1892" publication-type="other">
(Bentinck, 22 June 1814)  </mixed-citation>
            </p>
            <p>
               <mixed-citation id="d39960e1900" publication-type="other">
(Bentinck, 5 July 1814)  </mixed-citation>
            </p>
            <p>
               <mixed-citation id="d39960e1908" publication-type="other">
Bianco (p. 234)  </mixed-citation>
            </p>
         </fn>
         <fn id="d39960e1917a1310">
            <label>3</label>
            <p>
               <mixed-citation id="d39960e1924" publication-type="other">
(Palmieri di Miceiche, Pensees et
souvenirs historiqtes et contemporairns, i. 21.)</mixed-citation>
            </p>
         </fn>
         <fn id="d39960e1934a1310">
            <label>4</label>
            <p>
               <mixed-citation id="d39960e1941" publication-type="other">
Bentinck, 1 July 1814.  </mixed-citation>
            </p>
            <p>
               <mixed-citation id="d39960e1949" publication-type="other">
Wellington, S'upp. Despxitches, xiv. 634.</mixed-citation>
            </p>
         </fn>
      </fn-group>
   </back>
</article>
