<article xmlns:xsi="http://www.w3.org/2001/XMLSchema-instance"
         xmlns:xlink="http://www.w3.org/1999/xlink"
         xmlns:mml="http://www.w3.org/1998/Math/MathML"
         dtd-version="1.0"
         article-type="research-article">
   <front>
      <journal-meta>
         <journal-id journal-id-type="jstor">englhistrevi</journal-id>
         <journal-id journal-id-type="jstor">j100150</journal-id>
         <journal-title-group>
            <journal-title>The English Historical Review</journal-title>
         </journal-title-group>
         <publisher>
            <publisher-name>Longmans, Green and Co.</publisher-name>
         </publisher>
         <issn pub-type="ppub">00138266</issn>
         <issn pub-type="epub">14774534</issn>
      </journal-meta>
      <article-meta>
         <article-id pub-id-type="jstor">551926</article-id>
         <title-group>
            <article-title>Brougham, Lord Grey, and Canning, 1815-30</article-title>
         </title-group>
         <contrib-group>
            <contrib contrib-type="author">
               <string-name>
                  <given-names>H. W. C.</given-names>
                  <surname>Davis</surname>
               </string-name>
            </contrib>
         </contrib-group>
         <pub-date>
            <day>1</day>
            <month>10</month>
            <year>1923</year>
         </pub-date>
         <volume>38</volume>
         <issue>152</issue>
         <issue-id>i224187</issue-id>
         <fpage>532</fpage>
         <lpage>550</lpage>
         <page-range>532-550</page-range>
         <permissions>
            <copyright-statement/>
         </permissions>
         <self-uri xlink:href="http://www.jstor.org/stable/551926"/>
         <custom-meta-group>
            <custom-meta>
               <meta-name>lang</meta-name>
               <meta-value>eng</meta-value>
            </custom-meta>
         </custom-meta-group>
      </article-meta>
   </front>
   <back>
      <fn-group>
         <title>[Footnotes]</title>
         <fn id="d1492e113a1310">
            <label>1</label>
            <p>
               <mixed-citation id="d1492e120" publication-type="book">
Creevey Papers, 249 (3rdrd ed.)<edition>3</edition>
                  <fpage>249</fpage>
                  <source>Creevey Papers</source>
               </mixed-citation>
            </p>
         </fn>
         <fn id="d1492e136a1310">
            <label>2</label>
            <p>
               <mixed-citation id="d1492e143" publication-type="book">
IbId. 248  <fpage>248</fpage>
               </mixed-citation>
            </p>
         </fn>
      </fn-group>
      <fn-group>
         <title>[Footnotes]</title>
         <fn id="d1492e164a1310">
            <label>1</label>
            <p>
               <mixed-citation id="d1492e171" publication-type="other">
Speeches, i. 613</mixed-citation>
            </p>
         </fn>
         <fn id="d1492e178a1310">
            <label>2</label>
            <p>
               <mixed-citation id="d1492e185" publication-type="book">
Brit. Mus. Add. MS. 37949, fo. 37<fpage>37</fpage>
                  <source>Brit. Mus. Add. MS. 37949</source>
               </mixed-citation>
            </p>
         </fn>
      </fn-group>
      <fn-group>
         <title>[Footnotes]</title>
         <fn id="d1492e207a1310">
            <label>1</label>
            <p>
               <mixed-citation id="d1492e214" publication-type="partial">
Ibid. fo. 38</mixed-citation>
            </p>
         </fn>
         <fn id="d1492e221a1310">
            <label>2</label>
            <p>
               <mixed-citation id="d1492e228" publication-type="other">
8'peeche.s i. 568</mixed-citation>
            </p>
         </fn>
         <fn id="d1492e235a1310">
            <label>3</label>
            <p>
               <mixed-citation id="d1492e242" publication-type="other">
Jllernoirs, ii. 340-1</mixed-citation>
            </p>
         </fn>
         <fn id="d1492e249a1310">
            <label>4</label>
            <p>
               <mixed-citation id="d1492e256" publication-type="other">
Broughton, Recollections3, ii. 113</mixed-citation>
            </p>
         </fn>
      </fn-group>
      <fn-group>
         <title>[Footnotes]</title>
         <fn id="d1492e272a1310">
            <label>1</label>
            <p>
               <mixed-citation id="d1492e279" publication-type="book">
Brit. Mus. Add. MS. 30123, fo. 80<fpage>80</fpage>
                  <source>Brit. Mus. Add. MS. 30123</source>
               </mixed-citation>
            </p>
         </fn>
         <fn id="d1492e292a1310">
            <label>2</label>
            <p>
               <mixed-citation id="d1492e299" publication-type="book">
Ibid. fo. 91  <fpage>91</fpage>
               </mixed-citation>
            </p>
         </fn>
         <fn id="d1492e311a1310">
            <label>3</label>
            <p>
               <mixed-citation id="d1492e318" publication-type="other">
Memoirs, ii. 346</mixed-citation>
            </p>
         </fn>
      </fn-group>
      <fn-group>
         <title>[Footnotes]</title>
         <fn id="d1492e334a1310">
            <label>1</label>
            <p>
               <mixed-citation id="d1492e341" publication-type="partial">
Ibid. ii. 350-1</mixed-citation>
            </p>
         </fn>
         <fn id="d1492e348a1310">
            <label>2</label>
            <p>
               <mixed-citation id="d1492e355" publication-type="other">
Reid, Lord Durham, i. 124-5</mixed-citation>
            </p>
         </fn>
         <fn id="d1492e362a1310">
            <label>3</label>
            <p>
               <mixed-citation id="d1492e369" publication-type="book">
Brit. Mus. Add. MS. 30123, fo. 155<fpage>155</fpage>
                  <source>Brit. Mus. Add. MS. 30123</source>
               </mixed-citation>
            </p>
         </fn>
         <fn id="d1492e382a1310">
            <label>4</label>
            <p>
               <mixed-citation id="d1492e389" publication-type="book">
Ibid. fo. 159  <fpage>159</fpage>
               </mixed-citation>
            </p>
         </fn>
      </fn-group>
      <fn-group>
         <title>[Footnotes]</title>
         <fn id="d1492e411a1310">
            <label>1</label>
            <p>
               <mixed-citation id="d1492e418" publication-type="other">
reevev, 365</mixed-citation>
            </p>
         </fn>
         <fn id="d1492e425a1310">
            <label>2</label>
            <p>
               <mixed-citation id="d1492e432" publication-type="other">
Stapleton. (Ceorqe Ca)iij?q and &lt;i,s Times, pp. 299-300</mixed-citation>
            </p>
         </fn>
         <fn id="d1492e439a1310">
            <label>3</label>
            <p>
               <mixed-citation id="d1492e446" publication-type="other">
1 ,lcwoi. r,#{s, ii. -10--</mixed-citation>
            </p>
         </fn>
      </fn-group>
      <fn-group>
         <title>[Footnotes]</title>
         <fn id="d1492e462a1310">
            <label>1</label>
            <p>
               <mixed-citation id="d1492e469" publication-type="book">
Brit. Mus. Add. MS. 30123, fo. 227<fpage>227</fpage>
                  <source>Brit. Mus. Add. MS. 30123</source>
               </mixed-citation>
            </p>
         </fn>
         <fn id="d1492e482a1310">
            <label>2</label>
            <p>
               <mixed-citation id="d1492e489" publication-type="other">
Hwskiseon's Speeches, i. 79 (introductory memoir)</mixed-citation>
            </p>
         </fn>
         <fn id="d1492e496a1310">
            <label>3</label>
            <p>
               <mixed-citation id="d1492e503" publication-type="other">
Groker Papers, i. 184</mixed-citation>
            </p>
            <p>
               <mixed-citation id="d1492e509" publication-type="other">
Memoirs, ii. 436.</mixed-citation>
            </p>
         </fn>
      </fn-group>
      <fn-group>
         <title>[Footnotes]</title>
         <fn id="d1492e525a1310">
            <label>1</label>
            <p>
               <mixed-citation id="d1492e532" publication-type="other">
Croker, i. 210</mixed-citation>
            </p>
         </fn>
         <fn id="d1492e539a1310">
            <label>2</label>
            <p>
               <mixed-citation id="d1492e546" publication-type="other">
Ibid. i. 228</mixed-citation>
            </p>
         </fn>
         <fn id="d1492e553a1310">
            <label>3</label>
            <p>
               <mixed-citation id="d1492e560" publication-type="other">
Mlemboir.s, ii. 440</mixed-citation>
            </p>
         </fn>
         <fn id="d1492e567a1310">
            <label>4</label>
            <p>
               <mixed-citation id="d1492e574" publication-type="other">
Familiar Letters, ii. 150</mixed-citation>
            </p>
         </fn>
         <fn id="d1492e582a1310">
            <label>5</label>
            <p>
               <mixed-citation id="d1492e589" publication-type="other">
Creevey, 392</mixed-citation>
            </p>
         </fn>
      </fn-group>
      <fn-group>
         <title>[Footnotes]</title>
         <fn id="d1492e605a1310">
            <label>1</label>
            <p>
               <mixed-citation id="d1492e612" publication-type="other">
Mlenboirs,&amp; ii. 444</mixed-citation>
            </p>
         </fn>
         <fn id="d1492e619a1310">
            <label>2</label>
            <p>
               <mixed-citation id="d1492e626" publication-type="other">
Creevey, 398-9</mixed-citation>
            </p>
         </fn>
      </fn-group>
      <fn-group>
         <title>[Footnotes]</title>
         <fn id="d1492e642a1310">
            <label>1</label>
            <p>
               <mixed-citation id="d1492e649" publication-type="other">
Twiss, Life of Eldon, ii. 484</mixed-citation>
            </p>
         </fn>
         <fn id="d1492e656a1310">
            <label>2</label>
            <p>
               <mixed-citation id="d1492e663" publication-type="other">
Creevey, 407</mixed-citation>
            </p>
         </fn>
      </fn-group>
      <fn-group>
         <title>[Footnotes]</title>
         <fn id="d1492e679a1310">
            <label>1</label>
            <p>
               <mixed-citation id="d1492e686" publication-type="other">
Parker, Pc1.d , i. 375</mixed-citation>
            </p>
         </fn>
         <fn id="d1492e693a1310">
            <label>2</label>
            <p>
               <mixed-citation id="d1492e700" publication-type="other">
BrouThaui, -lploui .i, ii. 469</mixed-citation>
            </p>
         </fn>
         <fn id="d1492e707a1310">
            <label>3</label>
            <p>
               <mixed-citation id="d1492e714" publication-type="other">
Ibid. ii. 473-5</mixed-citation>
            </p>
         </fn>
      </fn-group>
      <fn-group>
         <title>[Footnotes]</title>
         <fn id="d1492e731a1310">
            <label>1</label>
            <p>
               <mixed-citation id="d1492e738" publication-type="other">
Sir R. Wilson, Narrative of the Formation of Canning's Administration (1872), p. 19</mixed-citation>
            </p>
         </fn>
         <fn id="d1492e745a1310">
            <label>2</label>
            <p>
               <mixed-citation id="d1492e752" publication-type="book">
Brit. Mus. Add. MS. 30124, fo. 228<fpage>228</fpage>
                  <source>Brit. Mus. Add. MS. 30124</source>
               </mixed-citation>
            </p>
         </fn>
         <fn id="d1492e765a1310">
            <label>3</label>
            <p>
               <mixed-citation id="d1492e772" publication-type="other">
Greville, 31 July 1831</mixed-citation>
            </p>
         </fn>
         <fn id="d1492e779a1310">
            <label>4</label>
            <p>
               <mixed-citation id="d1492e786" publication-type="other">
Brit. Mus. Add. MS. 30115, fo. 36</mixed-citation>
            </p>
         </fn>
      </fn-group>
      <fn-group>
         <title>[Footnotes]</title>
         <fn id="d1492e802a1310">
            <label>1</label>
            <p>
               <mixed-citation id="d1492e809" publication-type="other">
Stapleton, Some Official Correspondence of George Canning, i. 300</mixed-citation>
            </p>
         </fn>
         <fn id="d1492e816a1310">
            <label>2</label>
            <p>
               <mixed-citation id="d1492e823" publication-type="other">
Brougham, Memoirs, ii. 489</mixed-citation>
            </p>
         </fn>
      </fn-group>
      <fn-group>
         <title>[Footnotes]</title>
         <fn id="d1492e839a1310">
            <label>1</label>
            <p>
               <mixed-citation id="d1492e846" publication-type="other">
Walpole, Life of Lord John Russell, i. 135</mixed-citation>
            </p>
         </fn>
         <fn id="d1492e853a1310">
            <label>2</label>
            <p>
               <mixed-citation id="d1492e860" publication-type="other">
Narrative, p. 26</mixed-citation>
            </p>
         </fn>
         <fn id="d1492e867a1310">
            <label>3</label>
            <p>
               <mixed-citation id="d1492e874" publication-type="other">
Memoirs, ii. 485</mixed-citation>
            </p>
         </fn>
      </fn-group>
      <fn-group>
         <title>[Footnotes]</title>
         <fn id="d1492e890a1310">
            <label>1</label>
            <p>
               <mixed-citation id="d1492e897" publication-type="book">
Brit. Mus. Add. MS. 30115, fo. 118<fpage>118</fpage>
                  <source>Brit. Mus. Add. MS. 30115</source>
               </mixed-citation>
            </p>
         </fn>
         <fn id="d1492e910a1310">
            <label>2</label>
            <p>
               <mixed-citation id="d1492e917" publication-type="book">
Ibid. fo. 120  <fpage>120</fpage>
               </mixed-citation>
            </p>
         </fn>
         <fn id="d1492e929a1310">
            <label>3</label>
            <p>
               <mixed-citation id="d1492e936" publication-type="other">
Memoirs ii. 486</mixed-citation>
            </p>
         </fn>
         <fn id="d1492e943a1310">
            <label>4</label>
            <p>
               <mixed-citation id="d1492e950" publication-type="other">
Ibid. 491.</mixed-citation>
            </p>
         </fn>
      </fn-group>
      <fn-group>
         <title>[Footnotes]</title>
         <fn id="d1492e966a1310">
            <label>1</label>
            <p>
               <mixed-citation id="d1492e973" publication-type="other">
-Ilenboirs, ii. 489</mixed-citation>
            </p>
         </fn>
         <fn id="d1492e980a1310">
            <label>2</label>
            <p>
               <mixed-citation id="d1492e987" publication-type="book">
Add. MS. 30115, fo. 82<fpage>82</fpage>
                  <source>Add. MS. 30115</source>
               </mixed-citation>
            </p>
         </fn>
         <fn id="d1492e1000a1310">
            <label>3</label>
            <p>
               <mixed-citation id="d1492e1007" publication-type="other">
Torrens, Mllelbourne, i. 235</mixed-citation>
            </p>
         </fn>
      </fn-group>
      <fn-group>
         <title>[Footnotes]</title>
         <fn id="d1492e1023a1310">
            <label>1</label>
            <p>
               <mixed-citation id="d1492e1030" publication-type="other">
Croker, i. 392, 397</mixed-citation>
            </p>
            <p>
               <mixed-citation id="d1492e1036" publication-type="journal">
Wellington Corresp. (2nd series), iv. 168<comment content-type="series title">2nd series</comment>
                  <fpage>168</fpage>
                  <volume>iv</volume>
                  <source>Wellington Corresp.</source>
               </mixed-citation>
            </p>
         </fn>
         <fn id="d1492e1055a1310">
            <label>2</label>
            <p>
               <mixed-citation id="d1492e1062" publication-type="other">
Creevey, 482</mixed-citation>
            </p>
         </fn>
         <fn id="d1492e1069a1310">
            <label>3</label>
            <p>
               <mixed-citation id="d1492e1076" publication-type="other">
Ibid. 496  </mixed-citation>
            </p>
         </fn>
      </fn-group>
      <fn-group>
         <title>[Footnotes]</title>
         <fn id="d1492e1095a1310">
            <label>1</label>
            <p>
               <mixed-citation id="d1492e1102" publication-type="book">
Brit. Mus. Add. MS. 30115, fo. 100<fpage>100</fpage>
                  <source>Brit. Mus. Add. MS. 30115</source>
               </mixed-citation>
            </p>
         </fn>
         <fn id="d1492e1115a1310">
            <label>2</label>
            <p>
               <mixed-citation id="d1492e1122" publication-type="other">
lemoirs, iii. 55</mixed-citation>
            </p>
         </fn>
         <fn id="d1492e1129a1310">
            <label>3</label>
            <p>
               <mixed-citation id="d1492e1136" publication-type="other">
Ibid. iii. 66</mixed-citation>
            </p>
         </fn>
         <fn id="d1492e1143a1310">
            <label>4</label>
            <p>
               <mixed-citation id="d1492e1150" publication-type="other">
Ashley, Palmerslon, i. 211</mixed-citation>
            </p>
         </fn>
      </fn-group>
   </back>
</article>
